date,day_of_week,month,meal_type,people_served,food_prepared_kg,food_consumed_kg,food_wasted_kg,temperature,rainfall,festival,special_event
2024-08-05,0,8,Breakfast,147,63.39,45.29,18.1,27.5,0.0,0,0
2024-08-05,0,8,Lunch,429,243.02,183.02,60.01,26.4,0.0,0,1
2024-08-05,0,8,Dinner,190,87.07,74.26,12.8,22.7,0.0,0,0
2024-08-06,1,8,Breakfast,138,60.71,50.3,10.41,22.9,0.0,0,0
2024-08-06,1,8,Lunch,303,178.7,168.23,10.47,22.3,0.0,0,0
2024-08-06,1,8,Dinner,218,92.52,76.22,16.3,22.0,0.0,0,0
2024-08-07,2,8,Breakfast,131,57.24,53.95,3.3,29.1,0.0,0,0
2024-08-07,2,8,Lunch,326,151.61,120.86,30.75,26.1,0.2,0,0
2024-08-07,2,8,Dinner,189,80.93,72.88,8.05,28.9,0.0,0,0
2024-08-08,3,8,Breakfast,159,86.78,77.48,9.3,21.6,0.0,0,0
2024-08-08,3,8,Lunch,281,131.0,93.78,37.22,24.0,0.0,0,0
2024-08-08,3,8,Dinner,176,87.02,63.52,23.5,19.5,0.0,0,0
2024-08-09,4,8,Breakfast,161,81.23,65.54,15.69,29.9,0.0,0,0
2024-08-09,4,8,Lunch,291,130.91,105.07,25.84,25.4,0.0,0,0
2024-08-09,4,8,Dinner,214,125.39,113.11,12.28,21.1,0.0,0,0
2024-08-10,5,8,Breakfast,92,51.66,47.73,3.92,29.6,0.4,0,0
2024-08-10,5,8,Lunch,174,99.55,69.86,29.69,21.5,0.0,0,0
2024-08-10,5,8,Dinner,124,72.98,56.99,16.0,11.7,0.0,0,0
2024-08-11,6,8,Breakfast,119,53.59,44.18,9.42,34.4,0.0,0,1
2024-08-11,6,8,Lunch,162,66.47,51.16,15.31,19.6,0.0,0,0
2024-08-11,6,8,Dinner,160,71.75,62.28,9.47,24.0,0.0,0,1
2024-08-12,0,8,Breakfast,161,84.8,70.72,14.08,21.1,0.0,0,0
2024-08-12,0,8,Lunch,283,114.14,94.51,19.63,20.0,0.0,0,0
2024-08-12,0,8,Dinner,175,102.79,75.48,27.3,28.2,0.0,0,0
2024-08-13,1,8,Breakfast,145,81.7,68.53,13.17,21.1,4.2,0,0
2024-08-13,1,8,Lunch,305,160.62,126.05,34.57,17.0,0.0,0,0
2024-08-13,1,8,Dinner,182,75.86,56.17,19.69,31.5,4.4,0,0
2024-08-14,2,8,Breakfast,162,64.96,48.09,16.88,26.1,0.0,0,0
2024-08-14,2,8,Lunch,314,140.5,109.78,30.72,34.3,0.0,0,0
2024-08-14,2,8,Dinner,225,106.55,81.65,24.9,28.8,2.1,0,0
2024-08-15,3,8,Breakfast,146,75.25,61.94,13.31,29.4,0.0,0,0
2024-08-15,3,8,Lunch,274,119.31,111.56,7.74,28.1,0.0,0,0
2024-08-15,3,8,Dinner,171,81.57,74.46,7.11,24.4,6.6,0,0
2024-08-16,4,8,Breakfast,142,72.99,52.87,20.12,20.4,0.0,0,0
2024-08-16,4,8,Lunch,265,125.05,96.72,28.34,25.3,2.7,0,0
2024-08-16,4,8,Dinner,210,117.53,101.37,16.16,27.6,4.9,0,0
2024-08-17,5,8,Breakfast,95,48.99,34.73,14.26,29.8,0.8,0,0
2024-08-17,5,8,Lunch,146,59.49,53.88,5.61,36.6,0.0,0,0
2024-08-17,5,8,Dinner,115,60.33,43.52,16.81,20.5,0.0,0,0
2024-08-18,6,8,Breakfast,84,49.99,41.45,8.55,25.2,0.0,0,0
2024-08-18,6,8,Lunch,168,68.05,64.01,4.04,30.2,0.0,0,0
2024-08-18,6,8,Dinner,130,58.51,48.99,9.52,27.5,0.0,0,0
2024-08-19,0,8,Breakfast,168,85.83,73.2,12.62,29.7,0.0,0,0
2024-08-19,0,8,Lunch,285,120.62,85.82,34.8,17.4,0.0,0,0
2024-08-19,0,8,Dinner,237,103.01,83.28,19.73,23.8,0.0,0,0
2024-08-20,1,8,Breakfast,128,67.22,55.51,11.71,33.2,0.0,0,0
2024-08-20,1,8,Lunch,327,132.53,112.18,20.35,27.0,0.0,0,0
2024-08-20,1,8,Dinner,213,108.44,101.43,7.01,25.6,0.0,0,0
2024-08-21,2,8,Breakfast,148,59.74,43.23,16.51,27.2,0.4,0,0
2024-08-21,2,8,Lunch,306,172.25,132.71,39.54,22.6,0.0,0,0
2024-08-21,2,8,Dinner,186,104.29,80.36,23.93,26.8,0.0,0,0
2024-08-22,3,8,Breakfast,111,61.64,48.4,13.24,27.8,9.3,0,0
2024-08-22,3,8,Lunch,286,143.3,129.92,13.38,32.8,0.0,0,0
2024-08-22,3,8,Dinner,193,80.72,62.95,17.77,28.4,0.0,0,0
2024-08-23,4,8,Breakfast,165,88.19,78.32,9.87,34.6,0.0,0,0
2024-08-23,4,8,Lunch,318,162.15,131.4,30.75,28.1,0.0,0,0
2024-08-23,4,8,Dinner,216,113.11,82.03,31.07,23.5,0.0,0,0
2024-08-24,5,8,Breakfast,85,35.38,25.52,9.86,26.2,0.0,0,0
2024-08-24,5,8,Lunch,137,57.09,51.05,6.03,30.8,8.5,0,0
2024-08-24,5,8,Dinner,138,68.14,48.65,19.48,14.8,0.2,0,0
2024-08-25,6,8,Breakfast,96,43.89,40.25,3.64,31.4,0.0,0,0
2024-08-25,6,8,Lunch,234,118.08,101.24,16.84,26.1,0.0,0,1
2024-08-25,6,8,Dinner,142,58.09,44.74,13.35,22.8,0.0,0,0
2024-08-26,0,8,Breakfast,137,64.48,54.55,9.94,35.9,0.0,0,0
2024-08-26,0,8,Lunch,310,175.0,164.05,10.95,15.4,2.3,0,0
2024-08-26,0,8,Dinner,229,93.67,66.19,27.48,28.7,0.0,0,0
2024-08-27,1,8,Breakfast,142,84.35,76.8,7.55,30.9,0.3,0,0
2024-08-27,1,8,Lunch,337,193.08,174.4,18.69,24.4,0.0,0,0
2024-08-27,1,8,Dinner,206,87.72,82.33,5.39,32.6,3.8,0,0
2024-08-28,2,8,Breakfast,158,66.79,57.97,8.82,18.2,0.0,0,0
2024-08-28,2,8,Lunch,303,155.19,142.65,12.55,32.8,0.0,0,0
2024-08-28,2,8,Dinner,194,104.92,79.03,25.89,19.9,0.0,0,0
2024-08-29,3,8,Breakfast,123,57.77,47.86,9.91,30.3,0.0,0,0
2024-08-29,3,8,Lunch,340,146.0,136.02,9.98,22.6,0.0,0,0
2024-08-29,3,8,Dinner,298,138.79,122.31,16.49,16.5,0.0,1,0
2024-08-30,4,8,Breakfast,135,66.8,57.91,8.89,26.8,0.0,0,0
2024-08-30,4,8,Lunch,285,124.09,89.61,34.48,22.8,0.0,0,0
2024-08-30,4,8,Dinner,179,96.32,68.37,27.95,24.5,0.0,0,0
2024-08-31,5,8,Breakfast,100,41.22,31.71,9.51,27.6,0.0,0,0
2024-08-31,5,8,Lunch,193,95.9,81.95,13.95,28.1,0.0,0,0
2024-08-31,5,8,Dinner,93,50.47,46.62,3.85,21.9,0.0,0,0
2024-09-01,6,9,Breakfast,100,44.85,34.41,10.44,40.4,0.0,0,0
2024-09-01,6,9,Lunch,179,75.89,70.02,5.87,24.1,0.0,0,0
2024-09-01,6,9,Dinner,130,65.96,55.85,10.11,33.4,0.0,0,0
2024-09-02,0,9,Breakfast,173,91.55,77.15,14.4,22.8,0.0,0,0
2024-09-02,0,9,Lunch,316,136.56,101.96,34.6,18.0,0.0,0,0
2024-09-02,0,9,Dinner,189,112.73,82.07,30.66,20.9,0.2,0,0
2024-09-03,1,9,Breakfast,148,78.99,73.65,5.34,27.0,3.4,0,0
2024-09-03,1,9,Lunch,348,161.73,130.41,31.32,35.2,0.0,0,0
2024-09-03,1,9,Dinner,200,103.25,76.26,26.99,16.9,0.0,0,0
2024-09-04,2,9,Breakfast,125,51.58,48.88,2.71,38.9,0.0,0,0
2024-09-04,2,9,Lunch,282,146.39,119.73,26.66,30.0,0.0,0,0
2024-09-04,2,9,Dinner,179,97.77,91.37,6.4,16.1,3.6,0,0
2024-09-05,3,9,Breakfast,173,74.86,55.48,19.38,27.4,0.3,0,0
2024-09-05,3,9,Lunch,331,158.38,143.2,15.18,27.7,0.0,0,0
2024-09-05,3,9,Dinner,179,89.6,67.92,21.68,14.8,0.0,0,0
2024-09-06,4,9,Breakfast,162,68.59,64.13,4.46,23.8,0.0,0,0
2024-09-06,4,9,Lunch,334,169.24,156.28,12.95,17.6,0.0,0,0
2024-09-06,4,9,Dinner,208,84.59,71.27,13.33,22.6,0.0,0,0
2024-09-07,5,9,Breakfast,93,52.94,38.75,14.2,27.4,0.0,0,0
2024-09-07,5,9,Lunch,171,93.03,80.03,13.0,31.4,0.0,0,0
2024-09-07,5,9,Dinner,142,82.6,69.87,12.73,27.1,0.0,0,0
2024-09-08,6,9,Breakfast,69,36.04,25.39,10.65,20.5,0.3,0,0
2024-09-08,6,9,Lunch,190,99.06,79.84,19.21,33.9,2.5,0,0
2024-09-08,6,9,Dinner,157,89.14,65.18,23.96,25.9,1.2,0,1
2024-09-09,0,9,Breakfast,157,88.01,61.71,26.3,37.7,0.0,0,0
2024-09-09,0,9,Lunch,250,117.35,103.78,13.57,19.9,0.0,0,0
2024-09-09,0,9,Dinner,194,96.94,78.01,18.93,17.5,0.0,0,0
2024-09-10,1,9,Breakfast,160,85.23,63.46,21.78,23.8,0.0,0,0
2024-09-10,1,9,Lunch,295,162.25,122.09,40.16,21.0,1.4,0,0
2024-09-10,1,9,Dinner,203,104.13,74.6,29.53,24.4,0.0,0,0
2024-09-11,2,9,Breakfast,172,88.05,65.05,23.0,23.7,0.0,0,0
2024-09-11,2,9,Lunch,292,140.67,99.36,41.31,26.4,0.9,0,0
2024-09-11,2,9,Dinner,184,82.1,71.26,10.84,27.4,0.0,0,0
2024-09-12,3,9,Breakfast,157,70.44,62.02,8.41,22.4,0.0,0,0
2024-09-12,3,9,Lunch,307,140.8,130.11,10.69,26.2,0.0,0,0
2024-09-12,3,9,Dinner,174,81.5,62.33,19.16,26.6,0.0,0,0
2024-09-13,4,9,Breakfast,123,62.78,50.79,11.99,31.6,0.0,0,0
2024-09-13,4,9,Lunch,297,147.75,136.47,11.28,26.1,0.0,0,0
2024-09-13,4,9,Dinner,226,119.03,91.0,28.04,23.3,0.0,0,0
2024-09-14,5,9,Breakfast,88,35.52,32.99,2.54,25.9,1.5,0,0
2024-09-14,5,9,Lunch,162,91.68,68.91,22.77,26.0,0.0,0,0
2024-09-14,5,9,Dinner,138,66.76,53.13,13.63,33.1,0.0,0,0
2024-09-15,6,9,Breakfast,90,46.86,35.67,11.18,21.9,0.0,0,0
2024-09-15,6,9,Lunch,165,84.69,69.36,15.33,17.4,0.0,0,0
2024-09-15,6,9,Dinner,122,55.2,46.85,8.35,27.5,0.0,0,0
2024-09-16,0,9,Breakfast,140,58.98,42.4,16.59,25.0,0.0,0,0
2024-09-16,0,9,Lunch,353,199.03,179.1,19.93,24.8,0.0,0,0
2024-09-16,0,9,Dinner,218,127.19,93.39,33.81,19.6,0.0,0,0
2024-09-17,1,9,Breakfast,159,86.88,78.34,8.55,24.6,0.0,0,0
2024-09-17,1,9,Lunch,331,197.78,185.13,12.66,31.4,0.6,0,0
2024-09-17,1,9,Dinner,202,118.15,111.38,6.76,29.1,0.0,0,0
2024-09-18,2,9,Breakfast,160,65.18,55.35,9.84,24.8,3.7,0,0
2024-09-18,2,9,Lunch,290,158.04,113.21,44.83,22.8,0.0,0,0
2024-09-18,2,9,Dinner,161,92.93,79.36,13.57,27.1,0.0,0,0
2024-09-19,3,9,Breakfast,248,137.25,125.23,12.03,25.4,3.2,1,0
2024-09-19,3,9,Lunch,309,169.18,128.53,40.66,29.6,2.9,0,0
2024-09-19,3,9,Dinner,183,74.74,52.65,22.09,23.5,0.0,0,0
2024-09-20,4,9,Breakfast,153,90.27,80.93,9.34,24.8,0.0,0,0
2024-09-20,4,9,Lunch,220,95.35,90.37,4.98,24.2,5.8,0,0
2024-09-20,4,9,Dinner,232,103.03,76.92,26.11,30.8,0.0,0,0
2024-09-21,5,9,Breakfast,100,58.56,55.55,3.0,21.8,0.0,0,0
2024-09-21,5,9,Lunch,158,88.98,67.28,21.7,23.1,0.0,0,0
2024-09-21,5,9,Dinner,101,58.12,44.55,13.58,26.0,0.0,0,0
2024-09-22,6,9,Breakfast,99,46.98,35.94,11.04,27.7,0.0,0,0
2024-09-22,6,9,Lunch,212,88.03,80.35,7.68,24.8,0.0,0,0
2024-09-22,6,9,Dinner,109,58.38,49.12,9.26,7.6,0.0,0,0
2024-09-23,0,9,Breakfast,144,82.58,72.43,10.15,27.9,0.0,0,0
2024-09-23,0,9,Lunch,325,140.31,129.12,11.19,27.5,0.0,0,0
2024-09-23,0,9,Dinner,202,113.85,103.38,10.47,24.2,0.0,0,0
2024-09-24,1,9,Breakfast,195,102.64,78.52,24.13,23.9,0.0,0,1
2024-09-24,1,9,Lunch,364,185.0,174.04,10.96,28.2,0.0,0,0
2024-09-24,1,9,Dinner,171,70.72,54.83,15.89,31.0,0.2,0,0
2024-09-25,2,9,Breakfast,152,62.19,57.08,5.11,23.2,0.0,0,0
2024-09-25,2,9,Lunch,311,144.53,118.83,25.7,22.2,0.0,0,0
2024-09-25,2,9,Dinner,288,139.75,113.59,26.15,28.7,0.0,0,1
2024-09-26,3,9,Breakfast,142,76.13,65.74,10.38,27.2,0.0,0,0
2024-09-26,3,9,Lunch,265,120.53,114.02,6.51,23.9,1.1,0,0
2024-09-26,3,9,Dinner,195,103.42,81.92,21.5,29.5,0.0,0,0
2024-09-27,4,9,Breakfast,166,91.99,83.83,8.17,24.6,0.4,0,0
2024-09-27,4,9,Lunch,339,177.41,159.51,17.89,28.2,0.0,0,0
2024-09-27,4,9,Dinner,199,87.58,72.07,15.51,19.8,0.0,0,0
2024-09-28,5,9,Breakfast,83,40.76,28.65,12.11,25.6,0.0,0,0
2024-09-28,5,9,Lunch,167,90.01,82.36,7.65,24.1,0.0,0,0
2024-09-28,5,9,Dinner,179,89.46,84.21,5.25,20.2,0.0,1,0
2024-09-29,6,9,Breakfast,90,42.31,29.97,12.34,23.9,0.0,0,0
2024-09-29,6,9,Lunch,166,92.98,69.74,23.24,24.1,0.0,0,0
2024-09-29,6,9,Dinner,131,66.58,58.41,8.17,32.0,0.0,0,0
2024-09-30,0,9,Breakfast,160,92.63,77.53,15.11,27.0,0.8,0,0
2024-09-30,0,9,Lunch,339,141.13,100.92,40.21,24.0,0.0,0,0
2024-09-30,0,9,Dinner,190,82.92,74.41,8.51,21.7,0.5,0,0
2024-10-01,1,10,Breakfast,182,109.07,102.93,6.14,24.9,0.0,0,0
2024-10-01,1,10,Lunch,316,142.69,116.38,26.3,19.4,0.0,0,0
2024-10-01,1,10,Dinner,212,100.53,95.2,5.34,27.0,0.0,0,0
2024-10-02,2,10,Breakfast,180,104.43,84.11,20.32,17.2,0.0,0,0
2024-10-02,2,10,Lunch,252,137.75,100.96,36.79,28.3,0.5,0,0
2024-10-02,2,10,Dinner,266,116.03,106.0,10.03,27.5,0.0,0,1
2024-10-03,3,10,Breakfast,149,77.27,57.25,20.02,16.7,1.2,0,0
2024-10-03,3,10,Lunch,297,164.74,120.71,44.03,26.9,0.0,0,0
2024-10-03,3,10,Dinner,209,105.33,82.6,22.72,24.8,0.0,0,0
2024-10-04,4,10,Breakfast,168,72.81,54.02,18.79,23.7,0.0,0,0
2024-10-04,4,10,Lunch,362,159.7,116.26,43.44,23.4,3.3,0,0
2024-10-04,4,10,Dinner,199,84.46,68.67,15.79,24.6,0.0,0,0
2024-10-05,5,10,Breakfast,94,56.15,52.85,3.3,24.1,0.0,0,0
2024-10-05,5,10,Lunch,186,99.21,72.91,26.3,29.6,0.0,0,0
2024-10-05,5,10,Dinner,127,67.88,55.05,12.83,20.3,0.0,0,0
2024-10-06,6,10,Breakfast,91,48.84,40.25,8.58,24.0,0.0,0,0
2024-10-06,6,10,Lunch,185,99.51,86.49,13.02,29.8,0.0,0,0
2024-10-06,6,10,Dinner,106,56.35,53.52,2.83,28.2,0.0,0,0
2024-10-07,0,10,Breakfast,146,84.05,67.33,16.72,30.0,0.0,0,0
2024-10-07,0,10,Lunch,263,148.22,108.21,40.01,30.9,2.9,0,0
2024-10-07,0,10,Dinner,200,107.82,85.95,21.87,24.1,0.0,0,0
2024-10-08,1,10,Breakfast,145,75.5,65.46,10.04,17.2,0.0,0,0
2024-10-08,1,10,Lunch,367,181.97,128.55,53.43,21.6,0.0,0,0
2024-10-08,1,10,Dinner,169,88.15,78.56,9.59,19.2,0.0,0,0
2024-10-09,2,10,Breakfast,162,85.78,79.3,6.48,28.0,0.0,0,0
2024-10-09,2,10,Lunch,298,125.24,102.88,22.36,25.5,0.0,0,0
2024-10-09,2,10,Dinner,180,83.21,70.94,12.27,20.6,0.0,0,0
2024-10-10,3,10,Breakfast,164,87.94,65.55,22.39,20.1,0.0,0,0
2024-10-10,3,10,Lunch,306,181.33,148.85,32.48,34.2,0.0,0,0
2024-10-10,3,10,Dinner,295,153.5,138.88,14.61,26.1,0.0,0,1
2024-10-11,4,10,Breakfast,156,88.6,81.96,6.64,23.6,0.0,0,0
2024-10-11,4,10,Lunch,279,135.24,117.24,18.0,18.8,0.0,0,0
2024-10-11,4,10,Dinner,184,100.72,92.23,8.49,26.2,0.0,0,0
2024-10-12,5,10,Breakfast,88,44.82,33.97,10.85,24.1,0.0,0,0
2024-10-12,5,10,Lunch,224,120.74,109.35,11.39,32.3,0.0,1,0
2024-10-12,5,10,Dinner,133,68.59,52.71,15.87,29.9,0.3,0,0
2024-10-13,6,10,Breakfast,83,34.32,30.89,3.43,19.5,0.0,0,0
2024-10-13,6,10,Lunch,151,70.46,61.11,9.34,26.2,2.1,0,0
2024-10-13,6,10,Dinner,125,73.94,55.0,18.94,33.4,0.0,0,0
2024-10-14,0,10,Breakfast,159,87.65,68.97,18.68,20.0,0.0,0,0
2024-10-14,0,10,Lunch,318,190.32,177.33,12.99,30.5,0.5,0,0
2024-10-14,0,10,Dinner,202,111.31,81.47,29.84,31.1,0.0,0,0
2024-10-15,1,10,Breakfast,158,71.51,56.5,15.02,27.5,0.0,0,0
2024-10-15,1,10,Lunch,315,158.49,147.37,11.12,15.8,0.0,0,0
2024-10-15,1,10,Dinner,199,112.13,89.16,22.97,26.3,0.5,0,0
2024-10-16,2,10,Breakfast,158,68.68,60.01,8.67,27.8,0.0,0,0
2024-10-16,2,10,Lunch,299,171.15,159.29,11.86,25.1,0.0,0,0
2024-10-16,2,10,Dinner,193,92.59,68.2,24.39,37.3,0.0,0,0
2024-10-17,3,10,Breakfast,191,97.39,91.69,5.7,22.0,0.0,0,1
2024-10-17,3,10,Lunch,280,147.89,111.51,36.38,16.0,0.0,0,0
2024-10-17,3,10,Dinner,224,110.2,78.74,31.46,32.7,0.0,0,0
2024-10-18,4,10,Breakfast,143,77.0,55.1,21.9,22.2,0.0,0,0
2024-10-18,4,10,Lunch,300,151.62,122.29,29.34,25.8,1.9,0,0
2024-10-18,4,10,Dinner,195,106.61,95.13,11.48,18.2,0.0,0,0
2024-10-19,5,10,Breakfast,88,48.58,35.67,12.91,24.9,0.0,0,0
2024-10-19,5,10,Lunch,238,133.35,125.34,8.02,17.6,0.0,0,1
2024-10-19,5,10,Dinner,119,49.93,41.05,8.89,20.0,0.0,0,0
2024-10-20,6,10,Breakfast,82,39.27,32.0,7.27,22.8,0.0,0,0
2024-10-20,6,10,Lunch,183,89.22,68.13,21.08,26.4,3.1,0,0
2024-10-20,6,10,Dinner,131,69.08,58.96,10.12,24.6,0.0,0,0
2024-10-21,0,10,Breakfast,138,73.97,52.55,21.42,25.2,0.0,0,0
2024-10-21,0,10,Lunch,286,169.11,149.56,19.55,26.2,0.0,0,0
2024-10-21,0,10,Dinner,180,78.67,58.49,20.18,18.3,0.0,0,0
2024-10-22,1,10,Breakfast,139,57.88,54.53,3.36,26.4,0.0,0,0
2024-10-22,1,10,Lunch,277,117.52,100.34,17.19,30.0,0.0,0,0
2024-10-22,1,10,Dinner,291,162.89,125.94,36.94,28.2,0.0,0,1
2024-10-23,2,10,Breakfast,154,81.82,59.89,21.93,25.3,0.0,0,0
2024-10-23,2,10,Lunch,293,142.95,121.97,20.98,27.8,0.0,0,0
2024-10-23,2,10,Dinner,194,111.02,101.21,9.81,23.9,2.1,0,0
2024-10-24,3,10,Breakfast,154,84.04,75.14,8.9,24.2,0.0,0,0
2024-10-24,3,10,Lunch,472,192.88,167.25,25.63,19.8,0.0,1,0
2024-10-24,3,10,Dinner,211,115.32,96.36,18.96,29.1,0.0,0,0
2024-10-25,4,10,Breakfast,189,108.61,93.31,15.31,26.2,0.0,0,0
2024-10-25,4,10,Lunch,314,171.22,162.31,8.91,21.9,0.0,0,0
2024-10-25,4,10,Dinner,182,95.22,71.13,24.09,24.0,0.5,0,0
2024-10-26,5,10,Breakfast,84,34.19,30.31,3.88,31.0,0.0,0,0
2024-10-26,5,10,Lunch,160,95.88,75.95,19.94,17.8,0.0,0,0
2024-10-26,5,10,Dinner,115,62.0,43.45,18.55,33.6,1.8,0,0
2024-10-27,6,10,Breakfast,101,50.12,43.13,6.99,17.4,0.0,0,0
2024-10-27,6,10,Lunch,167,89.39,80.57,8.83,25.6,0.0,0,0
2024-10-27,6,10,Dinner,113,52.75,47.28,5.47,28.9,0.0,0,0
2024-10-28,0,10,Breakfast,160,74.5,60.24,14.27,29.7,0.0,0,0
2024-10-28,0,10,Lunch,385,225.85,194.38,31.47,24.6,0.0,0,1
2024-10-28,0,10,Dinner,178,101.1,80.47,20.63,34.3,0.0,0,0
2024-10-29,1,10,Breakfast,173,70.11,49.5,20.61,34.4,0.0,0,0
2024-10-29,1,10,Lunch,323,145.95,117.84,28.11,22.4,0.0,0,0
2024-10-29,1,10,Dinner,189,78.65,69.37,9.28,27.6,0.0,0,0
2024-10-30,2,10,Breakfast,147,76.74,56.32,20.43,10.6,0.0,0,0
2024-10-30,2,10,Lunch,336,151.99,115.78,36.21,28.8,0.1,0,0
2024-10-30,2,10,Dinner,207,114.96,82.35,32.61,23.9,0.0,0,0
2024-10-31,3,10,Breakfast,149,75.47,60.58,14.88,22.4,0.0,0,0
2024-10-31,3,10,Lunch,379,194.06,181.29,12.77,28.7,0.0,0,1
2024-10-31,3,10,Dinner,244,110.12,95.09,15.03,24.5,0.0,0,1
2024-11-01,4,11,Breakfast,129,60.62,44.16,16.46,26.5,0.0,0,0
2024-11-01,4,11,Lunch,283,142.82,104.07,38.75,22.9,0.0,0,0
2024-11-01,4,11,Dinner,213,88.68,72.24,16.44,27.1,0.0,0,0
2024-11-02,5,11,Breakfast,89,42.93,37.04,5.89,18.7,3.8,0,0
2024-11-02,5,11,Lunch,181,74.28,66.6,7.68,21.4,0.0,0,0
2024-11-02,5,11,Dinner,110,55.43,41.64,13.79,21.8,0.0,0,0
2024-11-03,6,11,Breakfast,141,57.17,52.04,5.13,23.2,0.0,1,0
2024-11-03,6,11,Lunch,195,110.06,87.51,22.55,25.4,0.0,0,0
2024-11-03,6,11,Dinner,102,53.75,48.34,5.4,25.6,0.0,0,0
2024-11-04,0,11,Breakfast,147,82.12,63.99,18.13,28.8,0.0,0,0
2024-11-04,0,11,Lunch,287,123.53,100.07,23.46,23.3,0.0,0,0
2024-11-04,0,11,Dinner,265,128.14,121.23,6.92,21.3,3.3,0,1
2024-11-05,1,11,Breakfast,171,73.95,52.0,21.95,30.7,0.0,0,0
2024-11-05,1,11,Lunch,377,205.95,153.82,52.14,30.9,0.0,0,0
2024-11-05,1,11,Dinner,206,101.81,92.18,9.63,26.4,0.0,0,0
2024-11-06,2,11,Breakfast,140,60.87,53.44,7.43,14.4,0.0,0,0
2024-11-06,2,11,Lunch,287,152.18,130.15,22.03,22.2,0.0,0,0
2024-11-06,2,11,Dinner,191,81.22,70.59,10.64,30.0,0.0,0,0
2024-11-07,3,11,Breakfast,133,59.24,53.87,5.38,31.0,0.0,0,0
2024-11-07,3,11,Lunch,259,114.61,81.18,33.43,29.4,0.0,0,0
2024-11-07,3,11,Dinner,173,92.21,70.55,21.66,30.1,4.1,0,0
2024-11-08,4,11,Breakfast,159,78.24,71.68,6.56,26.4,0.0,0,0
2024-11-08,4,11,Lunch,325,178.09,165.54,12.55,14.1,0.2,0,0
2024-11-08,4,11,Dinner,191,107.15,75.49,31.66,28.5,0.0,0,0
2024-11-09,5,11,Breakfast,85,45.96,38.39,7.58,29.4,0.0,0,0
2024-11-09,5,11,Lunch,173,89.9,69.61,20.29,23.9,0.0,0,0
2024-11-09,5,11,Dinner,109,58.16,49.34,8.82,30.3,0.0,0,0
2024-11-10,6,11,Breakfast,88,52.72,48.18,4.54,24.5,0.0,0,0
2024-11-10,6,11,Lunch,180,104.75,90.85,13.9,21.3,1.8,0,0
2024-11-10,6,11,Dinner,152,84.33,71.72,12.61,28.3,0.0,0,0
2024-11-11,0,11,Breakfast,164,88.65,67.31,21.33,24.3,0.0,0,0
2024-11-11,0,11,Lunch,300,177.03,150.51,26.53,20.2,0.0,0,0
2024-11-11,0,11,Dinner,233,110.06,90.04,20.02,25.2,0.0,0,0
2024-11-12,1,11,Breakfast,118,52.09,43.19,8.9,23.9,0.0,0,0
2024-11-12,1,11,Lunch,277,162.42,129.81,32.61,23.5,1.7,0,0
2024-11-12,1,11,Dinner,184,105.77,87.09,18.68,26.1,0.0,0,0
2024-11-13,2,11,Breakfast,140,81.41,71.52,9.89,23.0,0.0,0,0
2024-11-13,2,11,Lunch,261,137.62,98.09,39.53,17.1,6.2,0,0
2024-11-13,2,11,Dinner,217,102.82,75.08,27.73,33.1,0.0,0,0
2024-11-14,3,11,Breakfast,142,83.55,72.45,11.1,32.6,0.0,0,0
2024-11-14,3,11,Lunch,342,199.27,170.0,29.26,19.5,0.0,0,0
2024-11-14,3,11,Dinner,212,107.44,79.03,28.41,26.9,0.0,0,0
2024-11-15,4,11,Breakfast,146,59.68,43.61,16.07,24.8,0.0,0,0
2024-11-15,4,11,Lunch,321,172.86,139.58,33.28,15.2,0.0,0,0
2024-11-15,4,11,Dinner,218,122.01,110.49,11.52,19.0,0.0,0,0
2024-11-16,5,11,Breakfast,83,44.91,39.17,5.74,15.9,0.0,0,0
2024-11-16,5,11,Lunch,172,80.7,59.6,21.09,19.5,0.0,0,0
2024-11-16,5,11,Dinner,118,56.87,44.23,12.64,25.2,0.0,0,0
2024-11-17,6,11,Breakfast,135,66.26,57.78,8.48,29.8,0.0,0,1
2024-11-17,6,11,Lunch,207,98.71,70.06,28.65,24.8,0.0,0,1
2024-11-17,6,11,Dinner,115,56.55,43.67,12.87,24.6,0.0,0,0
2024-11-18,0,11,Breakfast,199,91.08,85.64,5.44,24.5,1.8,0,1
2024-11-18,0,11,Lunch,255,130.24,108.81,21.43,17.3,0.0,0,0
2024-11-18,0,11,Dinner,210,92.17,65.85,26.32,28.2,0.0,0,0
2024-11-19,1,11,Breakfast,137,58.61,47.54,11.08,18.7,1.6,0,0
2024-11-19,1,11,Lunch,555,291.2,271.01,20.18,24.0,0.0,1,0
2024-11-19,1,11,Dinner,174,77.53,72.95,4.57,22.8,0.0,0,0
2024-11-20,2,11,Breakfast,157,87.62,64.07,23.55,26.3,0.0,0,0
2024-11-20,2,11,Lunch,260,155.01,127.24,27.77,21.7,5.8,0,0
2024-11-20,2,11,Dinner,220,121.52,96.81,24.71,26.3,0.0,0,0
2024-11-21,3,11,Breakfast,256,123.27,111.79,11.48,14.3,0.0,0,1
2024-11-21,3,11,Lunch,344,167.81,153.0,14.81,27.1,0.4,0,0
2024-11-21,3,11,Dinner,220,88.84,72.78,16.06,24.3,0.0,0,0
2024-11-22,4,11,Breakfast,164,77.37,69.72,7.65,30.6,0.0,0,0
2024-11-22,4,11,Lunch,419,237.03,201.91,35.11,20.5,0.0,1,0
2024-11-22,4,11,Dinner,210,116.29,100.55,15.74,28.6,0.0,0,0
2024-11-23,5,11,Breakfast,94,39.06,31.32,7.74,27.9,0.0,0,0
2024-11-23,5,11,Lunch,177,104.35,74.93,29.42,21.6,0.0,0,0
2024-11-23,5,11,Dinner,127,70.98,62.23,8.75,25.2,0.0,0,0
2024-11-24,6,11,Breakfast,83,48.63,38.96,9.66,17.0,0.0,0,0
2024-11-24,6,11,Lunch,191,113.8,96.83,16.97,23.6,0.0,0,0
2024-11-24,6,11,Dinner,104,50.95,43.12,7.82,31.8,0.0,0,0
2024-11-25,0,11,Breakfast,152,85.81,77.31,8.5,21.8,0.0,0,0
2024-11-25,0,11,Lunch,382,190.75,147.08,43.67,30.3,0.0,0,0
2024-11-25,0,11,Dinner,181,72.4,59.94,12.47,26.7,0.0,0,0
2024-11-26,1,11,Breakfast,152,70.41,51.08,19.33,23.4,0.0,0,0
2024-11-26,1,11,Lunch,275,133.86,124.15,9.71,18.3,0.8,0,0
2024-11-26,1,11,Dinner,197,94.07,80.73,13.34,27.0,0.0,0,0
2024-11-27,2,11,Breakfast,137,80.85,70.8,10.06,27.6,0.0,0,0
2024-11-27,2,11,Lunch,290,136.88,128.56,8.32,21.9,0.0,0,0
2024-11-27,2,11,Dinner,200,94.79,67.6,27.2,10.8,0.0,0,0
2024-11-28,3,11,Breakfast,171,84.55,77.79,6.76,22.7,3.8,0,0
2024-11-28,3,11,Lunch,267,141.6,125.26,16.33,28.4,0.0,0,0
2024-11-28,3,11,Dinner,172,99.42,76.74,22.68,30.4,0.0,0,0
2024-11-29,4,11,Breakfast,147,83.36,58.66,24.7,22.3,0.0,0,0
2024-11-29,4,11,Lunch,265,132.12,105.84,26.28,17.4,0.0,0,0
2024-11-29,4,11,Dinner,280,141.07,122.64,18.43,37.1,0.0,0,1
2024-11-30,5,11,Breakfast,108,45.91,32.33,13.58,30.3,0.0,0,1
2024-11-30,5,11,Lunch,190,87.15,77.85,9.3,28.4,0.0,0,0
2024-11-30,5,11,Dinner,123,65.1,61.43,3.68,14.2,0.0,0,0
2024-12-01,6,12,Breakfast,92,42.37,30.36,12.02,25.9,0.0,0,0
2024-12-01,6,12,Lunch,165,67.91,63.8,4.11,21.3,0.0,0,0
2024-12-01,6,12,Dinner,122,53.58,39.39,14.19,25.1,0.2,0,0
2024-12-02,0,12,Breakfast,158,83.3,66.39,16.91,31.4,0.0,0,0
2024-12-02,0,12,Lunch,325,160.55,148.11,12.44,19.1,0.0,0,0
2024-12-02,0,12,Dinner,203,99.38,72.9,26.48,23.4,0.0,0,0
2024-12-03,1,12,Breakfast,158,65.61,50.43,15.18,25.2,0.0,0,0
2024-12-03,1,12,Lunch,341,147.7,119.84,27.86,24.1,0.0,0,0
2024-12-03,1,12,Dinner,207,122.19,115.92,6.27,27.2,0.0,0,0
2024-12-04,2,12,Breakfast,156,81.82,77.34,4.48,17.0,0.0,0,0
2024-12-04,2,12,Lunch,226,134.57,119.68,14.89,27.7,5.8,0,0
2024-12-04,2,12,Dinner,175,93.33,69.13,24.2,24.6,0.0,0,0
2024-12-05,3,12,Breakfast,155,73.07,68.07,5.0,32.4,0.0,0,0
2024-12-05,3,12,Lunch,261,142.45,103.11,39.34,28.1,0.0,0,0
2024-12-05,3,12,Dinner,198,90.64,72.46,18.18,22.8,0.0,0,0
2024-12-06,4,12,Breakfast,163,84.01,66.31,17.7,18.3,0.0,0,1
2024-12-06,4,12,Lunch,323,144.73,108.24,36.49,21.6,0.0,0,0
2024-12-06,4,12,Dinner,200,114.67,88.37,26.3,17.4,0.0,0,0
2024-12-07,5,12,Breakfast,95,52.42,40.39,12.02,25.5,0.0,0,0
2024-12-07,5,12,Lunch,174,86.18,71.04,15.13,28.9,4.5,0,0
2024-12-07,5,12,Dinner,104,45.91,32.95,12.96,27.0,0.0,0,0
2024-12-08,6,12,Breakfast,91,50.43,43.56,6.88,12.0,3.6,0,0
2024-12-08,6,12,Lunch,185,102.33,71.63,30.7,16.1,0.0,0,0
2024-12-08,6,12,Dinner,89,41.01,31.83,9.19,28.5,0.0,0,0
2024-12-09,0,12,Breakfast,132,60.8,47.5,13.29,28.4,0.0,0,0
2024-12-09,0,12,Lunch,317,177.94,168.37,9.57,29.3,0.0,0,0
2024-12-09,0,12,Dinner,228,116.03,101.8,14.23,22.0,0.0,0,0
2024-12-10,1,12,Breakfast,141,63.88,54.32,9.56,27.4,0.0,0,0
2024-12-10,1,12,Lunch,270,135.48,107.34,28.14,30.3,0.0,0,0
2024-12-10,1,12,Dinner,219,119.53,109.42,10.11,30.4,0.0,0,0
2024-12-11,2,12,Breakfast,140,83.4,76.24,7.16,29.2,0.0,0,0
2024-12-11,2,12,Lunch,328,156.16,115.68,40.48,30.3,0.0,0,0
2024-12-11,2,12,Dinner,216,86.89,76.11,10.78,28.5,0.0,0,0
2024-12-12,3,12,Breakfast,156,79.45,74.82,4.63,24.7,0.0,0,0
2024-12-12,3,12,Lunch,280,156.8,131.43,25.37,25.0,0.0,0,0
2024-12-12,3,12,Dinner,194,111.41,96.72,14.69,20.0,0.3,0,0
2024-12-13,4,12,Breakfast,161,93.58,65.79,27.79,21.8,0.0,0,0
2024-12-13,4,12,Lunch,304,143.06,122.36,20.7,23.2,0.0,0,0
2024-12-13,4,12,Dinner,182,83.2,67.24,15.96,31.1,0.0,0,0
2024-12-14,5,12,Breakfast,101,53.36,46.31,7.05,19.4,0.0,0,0
2024-12-14,5,12,Lunch,189,86.1,66.22,19.88,19.1,0.0,0,0
2024-12-14,5,12,Dinner,119,70.7,51.49,19.21,26.7,0.0,0,0
2024-12-15,6,12,Breakfast,84,40.28,30.86,9.42,32.6,0.0,0,0
2024-12-15,6,12,Lunch,153,90.84,77.29,13.54,24.6,0.0,0,0
2024-12-15,6,12,Dinner,122,64.62,49.56,15.07,24.6,0.0,0,0
2024-12-16,0,12,Breakfast,132,59.96,50.93,9.03,29.1,0.0,0,0
2024-12-16,0,12,Lunch,308,148.34,104.41,43.93,23.9,0.0,0,0
2024-12-16,0,12,Dinner,210,119.27,89.11,30.16,17.3,0.0,0,0
2024-12-17,1,12,Breakfast,147,66.41,53.7,12.71,20.7,0.0,0,0
2024-12-17,1,12,Lunch,341,142.63,106.95,35.68,33.7,0.0,0,0
2024-12-17,1,12,Dinner,211,95.83,73.01,22.82,26.8,0.0,0,0
2024-12-18,2,12,Breakfast,139,57.86,54.26,3.59,24.7,0.0,0,0
2024-12-18,2,12,Lunch,250,130.84,115.89,14.95,27.0,5.4,0,0
2024-12-18,2,12,Dinner,234,120.95,100.94,20.01,25.8,0.0,0,0
2024-12-19,3,12,Breakfast,129,67.86,51.72,16.14,21.1,2.2,0,0
2024-12-19,3,12,Lunch,351,144.89,131.3,13.59,22.0,0.0,0,0
2024-12-19,3,12,Dinner,164,67.44,55.49,11.95,22.6,0.0,0,0
2024-12-20,4,12,Breakfast,171,73.89,53.02,20.86,22.5,0.0,0,0
2024-12-20,4,12,Lunch,268,122.7,95.39,27.31,27.7,3.4,0,0
2024-12-20,4,12,Dinner,166,93.91,84.27,9.64,25.5,0.0,0,0
2024-12-21,5,12,Breakfast,87,51.18,47.03,4.14,27.7,0.8,0,0
2024-12-21,5,12,Lunch,164,93.77,81.51,12.26,23.9,0.0,0,0
2024-12-21,5,12,Dinner,121,52.28,45.4,6.88,25.9,0.0,0,0
2024-12-22,6,12,Breakfast,81,32.43,28.53,3.9,27.8,0.0,0,0
2024-12-22,6,12,Lunch,211,91.39,84.33,7.06,25.6,0.0,0,0
2024-12-22,6,12,Dinner,104,54.24,41.3,12.95,21.5,0.0,0,0
2024-12-23,0,12,Breakfast,183,95.76,80.36,15.4,24.3,0.0,0,1
2024-12-23,0,12,Lunch,243,105.54,87.08,18.47,17.1,0.0,0,0
2024-12-23,0,12,Dinner,195,101.62,74.11,27.51,30.1,0.0,0,0
2024-12-24,1,12,Breakfast,143,82.82,62.2,20.61,20.5,0.0,0,0
2024-12-24,1,12,Lunch,307,151.92,127.64,24.28,11.6,0.0,0,0
2024-12-24,1,12,Dinner,219,111.06,100.96,10.1,32.3,0.0,0,0
2024-12-25,2,12,Breakfast,155,75.99,56.68,19.31,26.8,0.0,0,0
2024-12-25,2,12,Lunch,298,131.33,94.13,37.2,21.0,0.0,0,0
2024-12-25,2,12,Dinner,218,115.47,82.97,32.5,23.6,0.0,0,0
2024-12-26,3,12,Breakfast,213,98.88,88.56,10.33,31.0,0.0,1,0
2024-12-26,3,12,Lunch,294,156.22,137.03,19.18,21.9,0.0,0,0
2024-12-26,3,12,Dinner,242,123.34,88.39,34.95,24.0,0.0,0,0
2024-12-27,4,12,Breakfast,171,86.12,63.3,22.81,27.3,0.0,0,0
2024-12-27,4,12,Lunch,345,199.44,177.0,22.44,30.4,0.0,0,0
2024-12-27,4,12,Dinner,206,106.25,91.17,15.08,26.0,0.0,0,0
2024-12-28,5,12,Breakfast,79,36.56,27.8,8.76,24.5,0.0,0,0
2024-12-28,5,12,Lunch,154,83.04,66.08,16.97,23.1,1.4,0,0
2024-12-28,5,12,Dinner,132,59.77,55.87,3.9,27.6,0.0,0,0
2024-12-29,6,12,Breakfast,99,43.93,37.29,6.64,17.9,0.0,0,0
2024-12-29,6,12,Lunch,157,65.58,57.36,8.21,29.2,3.0,0,0
2024-12-29,6,12,Dinner,96,55.28,42.06,13.22,20.0,0.0,0,0
2024-12-30,0,12,Breakfast,151,87.22,68.15,19.07,22.3,0.0,0,0
2024-12-30,0,12,Lunch,309,129.47,122.96,6.51,26.7,0.0,0,0
2024-12-30,0,12,Dinner,275,112.22,97.28,14.94,30.8,3.9,1,0
2024-12-31,1,12,Breakfast,147,78.04,59.15,18.88,24.8,0.0,0,0
2024-12-31,1,12,Lunch,318,163.03,139.58,23.45,31.7,0.0,0,0
2024-12-31,1,12,Dinner,331,161.68,145.61,16.07,26.2,0.0,1,0
2025-01-01,2,1,Breakfast,103,45.56,43.23,2.33,27.5,5.3,0,0
2025-01-01,2,1,Lunch,326,174.4,151.62,22.78,28.1,0.0,0,0
2025-01-01,2,1,Dinner,196,105.73,91.15,14.57,27.8,0.0,0,0
2025-01-02,3,1,Breakfast,142,76.83,62.52,14.31,21.3,0.0,0,0
2025-01-02,3,1,Lunch,314,163.89,143.39,20.5,29.8,0.0,0,0
2025-01-02,3,1,Dinner,209,90.02,75.9,14.12,27.1,1.5,0,0
2025-01-03,4,1,Breakfast,146,59.92,42.42,17.5,26.9,0.0,0,0
2025-01-03,4,1,Lunch,295,156.88,118.1,38.78,21.0,0.0,0,0
2025-01-03,4,1,Dinner,239,97.04,89.69,7.34,28.1,0.0,0,1
2025-01-04,5,1,Breakfast,90,42.04,30.13,11.91,26.4,0.0,0,0
2025-01-04,5,1,Lunch,166,81.97,62.89,19.09,24.0,0.0,0,0
2025-01-04,5,1,Dinner,114,50.9,37.28,13.62,16.5,0.0,0,0
2025-01-05,6,1,Breakfast,78,43.82,32.28,11.54,21.2,0.0,0,0
2025-01-05,6,1,Lunch,173,79.66,66.99,12.68,29.4,0.0,0,0
2025-01-05,6,1,Dinner,123,64.55,49.6,14.95,23.2,0.0,0,0
2025-01-06,0,1,Breakfast,149,61.3,49.32,11.97,20.8,0.0,0,0
2025-01-06,0,1,Lunch,290,166.01,129.23,36.78,33.7,0.0,0,0
2025-01-06,0,1,Dinner,202,100.57,89.05,11.52,31.1,4.4,0,0
2025-01-07,1,1,Breakfast,127,59.14,48.11,11.03,8.4,0.9,0,0
2025-01-07,1,1,Lunch,310,159.2,134.5,24.7,22.5,0.0,0,0
2025-01-07,1,1,Dinner,196,104.34,76.72,27.62,36.1,0.0,0,0
2025-01-08,2,1,Breakfast,154,87.03,67.14,19.89,18.5,0.0,0,0
2025-01-08,2,1,Lunch,306,127.73,107.19,20.54,19.5,0.0,0,0
2025-01-08,2,1,Dinner,209,92.72,85.17,7.56,27.0,0.0,0,0
2025-01-09,3,1,Breakfast,136,71.46,63.43,8.03,20.8,0.0,0,0
2025-01-09,3,1,Lunch,264,154.22,109.49,44.72,24.3,0.0,0,0
2025-01-09,3,1,Dinner,186,91.75,81.67,10.08,20.3,0.0,0,0
2025-01-10,4,1,Breakfast,171,94.72,75.72,18.99,24.8,0.0,0,1
2025-01-10,4,1,Lunch,311,156.16,133.33,22.83,23.1,0.0,0,0
2025-01-10,4,1,Dinner,217,110.72,89.63,21.09,25.1,0.0,0,0
2025-01-11,5,1,Breakfast,92,37.71,33.23,4.48,23.6,0.0,0,0
2025-01-11,5,1,Lunch,163,91.33,72.88,18.45,26.2,0.0,0,0
2025-01-11,5,1,Dinner,124,63.63,59.32,4.31,22.3,0.0,0,0
2025-01-12,6,1,Breakfast,88,48.84,37.05,11.79,21.8,0.0,0,0
2025-01-12,6,1,Lunch,178,92.97,80.85,12.12,24.0,2.2,0,0
2025-01-12,6,1,Dinner,114,52.02,48.94,3.08,29.3,4.3,0,0
2025-01-13,0,1,Breakfast,172,84.03,64.31,19.73,29.4,0.7,0,0
2025-01-13,0,1,Lunch,286,117.94,85.28,32.66,30.0,0.4,0,0
2025-01-13,0,1,Dinner,177,88.55,67.45,21.11,26.6,0.0,0,0
2025-01-14,1,1,Breakfast,144,83.65,75.65,8.0,35.4,0.0,0,0
2025-01-14,1,1,Lunch,352,204.81,159.44,45.37,20.3,0.0,0,0
2025-01-14,1,1,Dinner,218,105.95,96.17,9.77,19.5,0.0,0,0
2025-01-15,2,1,Breakfast,141,64.86,55.07,9.79,26.8,0.0,0,0
2025-01-15,2,1,Lunch,292,136.89,120.91,15.98,19.0,0.0,0,0
2025-01-15,2,1,Dinner,203,97.42,76.15,21.27,27.7,1.7,0,0
2025-01-16,3,1,Breakfast,151,90.01,67.84,22.17,24.4,0.0,0,0
2025-01-16,3,1,Lunch,279,141.3,102.56,38.74,25.7,0.0,0,0
2025-01-16,3,1,Dinner,175,104.42,79.88,24.55,26.3,0.0,0,0
2025-01-17,4,1,Breakfast,156,83.99,68.41,15.58,24.7,0.0,0,0
2025-01-17,4,1,Lunch,259,146.26,132.39,13.87,27.8,0.0,0,0
2025-01-17,4,1,Dinner,193,85.27,61.49,23.78,14.2,0.0,0,0
2025-01-18,5,1,Breakfast,64,36.14,28.77,7.37,17.4,0.5,0,0
2025-01-18,5,1,Lunch,173,87.59,62.03,25.56,15.7,0.3,0,0
2025-01-18,5,1,Dinner,145,74.3,65.29,9.01,12.6,0.0,0,1
2025-01-19,6,1,Breakfast,83,44.19,31.78,12.41,24.3,0.0,0,0
2025-01-19,6,1,Lunch,143,74.7,59.26,15.44,28.6,0.0,0,0
2025-01-19,6,1,Dinner,116,61.67,44.25,17.42,22.7,0.0,0,0
2025-01-20,0,1,Breakfast,144,69.67,51.7,17.97,19.0,0.0,0,0
2025-01-20,0,1,Lunch,330,195.24,147.42,47.81,25.8,0.0,0,0
2025-01-20,0,1,Dinner,213,107.83,93.75,14.09,26.1,0.0,0,0
2025-01-21,1,1,Breakfast,142,80.79,65.26,15.53,33.1,0.3,0,0
2025-01-21,1,1,Lunch,293,147.33,114.49,32.84,28.7,0.0,0,0
2025-01-21,1,1,Dinner,215,128.07,120.57,7.5,15.9,0.0,0,0
2025-01-22,2,1,Breakfast,139,81.92,65.54,16.38,32.5,0.0,0,0
2025-01-22,2,1,Lunch,325,174.72,127.56,47.16,21.5,0.1,0,0
2025-01-22,2,1,Dinner,211,91.16,67.71,23.45,18.5,0.0,0,0
2025-01-23,3,1,Breakfast,142,57.27,49.56,7.71,32.5,0.2,0,0
2025-01-23,3,1,Lunch,310,184.43,135.35,49.08,19.3,0.0,0,0
2025-01-23,3,1,Dinner,192,98.84,78.9,19.94,27.5,1.1,0,0
2025-01-24,4,1,Breakfast,143,58.35,49.43,8.92,25.4,0.0,0,0
2025-01-24,4,1,Lunch,297,134.93,124.95,9.98,26.7,0.0,0,0
2025-01-24,4,1,Dinner,157,88.1,66.61,21.49,29.2,0.0,0,0
2025-01-25,5,1,Breakfast,85,48.8,35.18,13.62,28.2,0.2,0,0
2025-01-25,5,1,Lunch,166,77.5,61.9,15.61,28.4,0.0,0,0
2025-01-25,5,1,Dinner,121,52.12,38.43,13.69,18.8,0.0,0,0
2025-01-26,6,1,Breakfast,77,31.33,25.0,6.33,21.0,0.0,0,0
2025-01-26,6,1,Lunch,190,110.04,85.2,24.83,20.3,0.0,0,0
2025-01-26,6,1,Dinner,102,54.53,49.41,5.12,22.7,0.0,0,0
2025-01-27,0,1,Breakfast,145,65.85,47.43,18.42,19.5,0.0,0,0
2025-01-27,0,1,Lunch,333,164.35,140.49,23.86,28.0,0.0,0,0
2025-01-27,0,1,Dinner,162,71.33,66.59,4.74,17.3,0.0,0,0
2025-01-28,1,1,Breakfast,158,89.06,63.24,25.82,29.6,0.0,0,0
2025-01-28,1,1,Lunch,279,117.34,85.83,31.51,20.2,0.0,0,0
2025-01-28,1,1,Dinner,217,116.42,98.24,18.18,22.7,0.0,0,0
2025-01-29,2,1,Breakfast,142,63.43,54.31,9.11,16.7,0.0,0,0
2025-01-29,2,1,Lunch,321,182.93,130.11,52.82,21.0,0.0,0,0
2025-01-29,2,1,Dinner,224,110.45,77.69,32.76,20.8,0.0,0,0
2025-01-30,3,1,Breakfast,145,73.9,54.95,18.94,24.1,0.0,0,0
2025-01-30,3,1,Lunch,262,134.35,110.85,23.5,30.0,0.1,0,0
2025-01-30,3,1,Dinner,221,101.37,84.27,17.09,16.7,1.0,0,0
2025-01-31,4,1,Breakfast,154,90.73,70.22,20.51,28.0,0.0,0,0
2025-01-31,4,1,Lunch,265,144.63,112.94,31.69,28.3,0.0,0,0
2025-01-31,4,1,Dinner,238,134.78,125.29,9.49,28.3,0.0,0,0
2025-02-01,5,2,Breakfast,92,38.98,27.28,11.69,21.2,0.0,0,0
2025-02-01,5,2,Lunch,204,116.33,109.28,7.05,20.4,0.0,0,0
2025-02-01,5,2,Dinner,153,79.78,63.6,16.18,28.0,0.0,0,0
2025-02-02,6,2,Breakfast,88,52.58,42.64,9.94,23.3,0.0,0,0
2025-02-02,6,2,Lunch,181,83.47,66.83,16.64,30.3,1.7,0,0
2025-02-02,6,2,Dinner,133,56.61,47.82,8.8,31.0,0.0,0,0
2025-02-03,0,2,Breakfast,165,90.1,77.02,13.08,30.5,0.0,0,0
2025-02-03,0,2,Lunch,247,105.0,98.79,6.21,22.7,0.0,0,0
2025-02-03,0,2,Dinner,180,74.05,53.79,20.26,24.7,0.0,0,0
2025-02-04,1,2,Breakfast,184,75.13,61.95,13.18,30.9,0.0,0,0
2025-02-04,1,2,Lunch,325,182.65,154.48,28.17,19.5,0.0,0,0
2025-02-04,1,2,Dinner,227,122.66,102.93,19.73,21.0,0.0,0,0
2025-02-05,2,2,Breakfast,146,80.78,70.73,10.06,28.5,0.0,0,0
2025-02-05,2,2,Lunch,264,127.37,118.92,8.45,31.1,0.0,0,0
2025-02-05,2,2,Dinner,193,79.59,62.47,17.13,22.4,0.0,0,0
2025-02-06,3,2,Breakfast,225,105.96,91.65,14.31,18.7,0.0,1,0
2025-02-06,3,2,Lunch,328,173.72,124.28,49.45,23.9,0.0,0,0
2025-02-06,3,2,Dinner,202,104.3,83.48,20.82,27.0,0.0,0,0
2025-02-07,4,2,Breakfast,144,63.61,45.46,18.15,20.8,0.0,0,0
2025-02-07,4,2,Lunch,335,170.2,122.51,47.69,35.8,1.7,0,0
2025-02-07,4,2,Dinner,202,86.92,70.25,16.67,29.3,0.0,0,0
2025-02-08,5,2,Breakfast,91,37.86,31.01,6.84,21.2,2.8,0,0
2025-02-08,5,2,Lunch,187,79.45,73.0,6.45,30.5,0.0,0,0
2025-02-08,5,2,Dinner,89,44.17,39.86,4.31,27.2,0.0,0,0
2025-02-09,6,2,Breakfast,97,46.19,32.96,13.23,22.1,0.0,0,0
2025-02-09,6,2,Lunch,183,74.97,67.86,7.11,29.2,0.0,0,0
2025-02-09,6,2,Dinner,134,75.73,64.97,10.76,26.6,0.0,0,0
2025-02-10,0,2,Breakfast,170,88.57,66.88,21.69,27.3,0.0,0,0
2025-02-10,0,2,Lunch,358,197.88,164.41,33.47,30.5,0.0,0,0
2025-02-10,0,2,Dinner,177,77.33,58.04,19.29,28.5,0.0,0,0
2025-02-11,1,2,Breakfast,147,70.05,63.73,6.32,22.3,0.0,0,0
2025-02-11,1,2,Lunch,264,135.49,124.58,10.91,25.1,0.0,0,0
2025-02-11,1,2,Dinner,201,87.85,73.38,14.47,27.7,0.0,0,0
2025-02-12,2,2,Breakfast,151,65.53,47.95,17.58,22.9,3.7,0,0
2025-02-12,2,2,Lunch,348,186.83,175.1,11.72,25.3,0.0,0,1
2025-02-12,2,2,Dinner,179,95.6,82.26,13.34,23.3,0.0,0,0
2025-02-13,3,2,Breakfast,110,47.9,34.71,13.19,23.5,0.0,0,0
2025-02-13,3,2,Lunch,315,140.93,102.06,38.86,25.6,0.0,0,0
2025-02-13,3,2,Dinner,189,110.47,79.34,31.13,27.5,0.0,0,0
2025-02-14,4,2,Breakfast,195,112.1,98.56,13.54,20.5,0.0,1,0
2025-02-14,4,2,Lunch,248,135.45,109.04,26.41,17.4,0.4,0,0
2025-02-14,4,2,Dinner,205,87.74,70.54,17.2,31.0,4.0,0,0
2025-02-15,5,2,Breakfast,149,79.73,69.15,10.58,13.9,0.0,1,0
2025-02-15,5,2,Lunch,158,81.96,69.17,12.79,31.8,0.0,0,0
2025-02-15,5,2,Dinner,105,57.59,40.67,16.91,24.5,0.0,0,0
2025-02-16,6,2,Breakfast,84,43.13,38.78,4.35,31.0,0.0,0,0
2025-02-16,6,2,Lunch,206,99.67,84.7,14.97,28.4,0.0,0,0
2025-02-16,6,2,Dinner,121,66.18,46.72,19.46,15.8,0.0,0,0
2025-02-17,0,2,Breakfast,151,79.3,66.42,12.87,28.2,0.0,0,0
2025-02-17,0,2,Lunch,224,115.45,106.53,8.93,27.9,0.4,0,0
2025-02-17,0,2,Dinner,207,106.49,79.35,27.13,31.3,0.0,0,0
2025-02-18,1,2,Breakfast,140,72.46,58.45,14.01,20.8,0.0,0,0
2025-02-18,1,2,Lunch,306,135.5,104.44,31.05,21.4,0.0,0,0
2025-02-18,1,2,Dinner,192,107.47,100.29,7.18,31.2,0.0,0,0
2025-02-19,2,2,Breakfast,164,96.16,91.28,4.88,24.5,0.0,0,0
2025-02-19,2,2,Lunch,330,148.91,112.45,36.46,20.1,0.1,0,0
2025-02-19,2,2,Dinner,200,92.5,74.25,18.25,35.2,0.0,0,0
2025-02-20,3,2,Breakfast,152,81.83,77.03,4.79,27.8,0.0,0,0
2025-02-20,3,2,Lunch,291,128.44,106.1,22.33,20.1,0.0,0,0
2025-02-20,3,2,Dinner,164,78.89,60.54,18.36,21.6,0.0,0,0
2025-02-21,4,2,Breakfast,140,79.69,59.43,20.27,28.0,0.9,0,0
2025-02-21,4,2,Lunch,313,132.02,100.62,31.4,24.4,0.0,0,0
2025-02-21,4,2,Dinner,188,103.95,76.58,27.37,30.0,0.7,0,0
2025-02-22,5,2,Breakfast,91,48.15,39.85,8.3,26.7,0.0,0,0
2025-02-22,5,2,Lunch,216,100.61,87.08,13.52,23.2,4.0,0,1
2025-02-22,5,2,Dinner,127,68.71,60.84,7.87,28.7,0.8,0,0
2025-02-23,6,2,Breakfast,97,48.02,43.81,4.21,19.3,0.4,0,0
2025-02-23,6,2,Lunch,172,86.38,73.52,12.86,19.4,1.6,0,0
2025-02-23,6,2,Dinner,118,63.04,55.11,7.93,31.4,2.5,0,0
2025-02-24,0,2,Breakfast,145,83.71,59.58,24.12,29.4,0.0,0,0
2025-02-24,0,2,Lunch,305,179.47,139.01,40.46,25.4,0.0,0,0
2025-02-24,0,2,Dinner,227,135.1,107.04,28.06,22.4,0.0,0,0
2025-02-25,1,2,Breakfast,131,65.64,54.28,11.36,18.2,0.0,0,0
2025-02-25,1,2,Lunch,296,143.39,128.52,14.87,24.1,0.0,0,0
2025-02-25,1,2,Dinner,190,85.75,76.15,9.6,27.6,0.0,0,0
2025-02-26,2,2,Breakfast,228,133.18,114.15,19.03,14.9,0.0,1,0
2025-02-26,2,2,Lunch,259,147.31,130.46,16.86,23.1,0.0,0,0
2025-02-26,2,2,Dinner,194,91.13,72.33,18.8,25.7,1.1,0,0
2025-02-27,3,2,Breakfast,210,93.77,66.9,26.87,32.3,0.0,0,1
2025-02-27,3,2,Lunch,286,143.51,131.36,12.15,31.3,0.0,0,0
2025-02-27,3,2,Dinner,345,155.15,151.89,3.26,23.9,1.3,1,0
2025-02-28,4,2,Breakfast,169,95.28,74.73,20.55,20.1,0.0,0,0
2025-02-28,4,2,Lunch,276,141.07,109.02,32.04,19.7,0.0,0,0
2025-02-28,4,2,Dinner,175,73.74,69.19,4.55,15.8,4.7,0,0
2025-03-01,5,3,Breakfast,87,48.43,35.38,13.05,24.2,0.0,0,0
2025-03-01,5,3,Lunch,185,104.39,87.28,17.1,20.5,0.0,0,0
2025-03-01,5,3,Dinner,115,57.77,51.55,6.22,27.9,0.0,0,0
2025-03-02,6,3,Breakfast,81,41.22,30.5,10.72,21.8,0.0,0,0
2025-03-02,6,3,Lunch,189,103.55,89.2,14.35,20.5,0.0,0,0
2025-03-02,6,3,Dinner,105,42.84,32.92,9.92,25.8,0.0,0,0
2025-03-03,0,3,Breakfast,148,63.38,56.46,6.92,23.1,0.0,0,0
2025-03-03,0,3,Lunch,283,121.46,113.51,7.95,31.6,0.0,0,0
2025-03-03,0,3,Dinner,209,110.17,86.92,23.25,30.9,0.0,0,0
2025-03-04,1,3,Breakfast,133,59.52,46.12,13.39,26.5,1.0,0,0
2025-03-04,1,3,Lunch,350,154.29,126.09,28.19,30.9,0.0,0,0
2025-03-04,1,3,Dinner,209,112.19,79.24,32.94,22.4,0.0,0,0
2025-03-05,2,3,Breakfast,167,79.72,57.41,22.31,19.5,0.0,0,0
2025-03-05,2,3,Lunch,276,137.11,100.2,36.91,22.7,0.0,0,0
2025-03-05,2,3,Dinner,195,106.92,89.46,17.46,27.4,0.0,0,0
2025-03-06,3,3,Breakfast,164,95.66,74.8,20.86,25.7,0.0,0,0
2025-03-06,3,3,Lunch,280,145.46,133.85,11.6,31.6,0.0,0,0
2025-03-06,3,3,Dinner,196,91.81,86.34,5.47,17.3,0.0,0,0
2025-03-07,4,3,Breakfast,106,58.56,52.88,5.68,22.1,0.0,0,0
2025-03-07,4,3,Lunch,242,126.96,112.41,14.55,21.0,0.9,0,0
2025-03-07,4,3,Dinner,207,110.69,89.95,20.75,27.1,0.0,0,0
2025-03-08,5,3,Breakfast,101,51.42,38.62,12.8,21.3,0.0,0,0
2025-03-08,5,3,Lunch,214,116.21,109.15,7.06,30.0,0.0,0,1
2025-03-08,5,3,Dinner,88,43.06,31.47,11.59,20.6,1.5,0,0
2025-03-09,6,3,Breakfast,79,41.08,36.27,4.81,28.8,1.6,0,0
2025-03-09,6,3,Lunch,195,82.66,64.63,18.02,15.7,0.0,0,0
2025-03-09,6,3,Dinner,134,62.71,57.53,5.18,26.9,0.0,0,0
2025-03-10,0,3,Breakfast,147,79.57,66.35,13.22,25.5,0.4,0,0
2025-03-10,0,3,Lunch,315,161.26,147.47,13.79,19.2,0.0,0,0
2025-03-10,0,3,Dinner,237,107.07,76.36,30.71,21.3,2.5,0,0
2025-03-11,1,3,Breakfast,155,80.62,59.78,20.83,22.0,0.0,0,0
2025-03-11,1,3,Lunch,255,132.18,98.87,33.31,32.3,2.6,0,0
2025-03-11,1,3,Dinner,230,107.38,89.11,18.27,30.6,0.0,0,0
2025-03-12,2,3,Breakfast,141,74.96,60.68,14.29,27.8,0.0,0,0
2025-03-12,2,3,Lunch,248,124.12,97.06,27.06,27.2,0.0,0,0
2025-03-12,2,3,Dinner,193,95.92,69.19,26.73,14.6,0.0,0,0
2025-03-13,3,3,Breakfast,157,76.28,54.82,21.45,25.1,0.0,0,0
2025-03-13,3,3,Lunch,281,144.82,105.69,39.13,21.4,0.0,0,0
2025-03-13,3,3,Dinner,188,92.09,77.76,14.33,24.6,0.6,0,0
2025-03-14,4,3,Breakfast,161,67.6,60.28,7.32,15.7,0.0,0,0
2025-03-14,4,3,Lunch,330,162.07,132.98,29.09,26.4,0.0,0,0
2025-03-14,4,3,Dinner,219,108.87,101.05,7.82,21.0,0.0,0,0
2025-03-15,5,3,Breakfast,109,55.79,46.23,9.56,29.6,0.0,0,0
2025-03-15,5,3,Lunch,187,109.68,92.56,17.12,24.5,0.0,0,0
2025-03-15,5,3,Dinner,107,56.68,52.42,4.26,26.1,0.0,0,0
2025-03-16,6,3,Breakfast,92,50.79,44.14,6.65,20.2,0.0,0,0
2025-03-16,6,3,Lunch,169,88.44,62.8,25.64,20.4,0.0,0,0
2025-03-16,6,3,Dinner,143,60.93,57.88,3.05,23.2,0.0,1,0
2025-03-17,0,3,Breakfast,121,68.16,62.8,5.36,33.4,0.0,0,0
2025-03-17,0,3,Lunch,274,160.86,142.82,18.04,25.4,1.0,0,0
2025-03-17,0,3,Dinner,208,97.02,84.91,12.11,25.8,0.0,0,0
2025-03-18,1,3,Breakfast,141,64.37,49.96,14.41,28.0,0.0,0,0
2025-03-18,1,3,Lunch,285,168.02,126.8,41.22,31.1,0.0,0,0
2025-03-18,1,3,Dinner,184,100.92,76.4,24.52,30.7,0.0,0,0
2025-03-19,2,3,Breakfast,145,69.6,49.72,19.88,24.3,0.0,0,0
2025-03-19,2,3,Lunch,306,148.06,129.6,18.47,29.8,0.0,0,0
2025-03-19,2,3,Dinner,147,59.93,47.47,12.46,25.7,0.0,0,0
2025-03-20,3,3,Breakfast,155,80.04,72.0,8.05,24.7,0.0,0,0
2025-03-20,3,3,Lunch,433,233.57,168.36,65.21,24.3,0.0,0,1
2025-03-20,3,3,Dinner,222,127.77,95.96,31.82,24.7,0.0,0,0
2025-03-21,4,3,Breakfast,168,76.97,62.91,14.06,26.1,0.0,0,0
2025-03-21,4,3,Lunch,323,179.59,146.89,32.7,22.8,0.0,0,0
2025-03-21,4,3,Dinner,190,113.55,93.26,20.29,22.0,0.0,0,0
2025-03-22,5,3,Breakfast,86,39.25,29.28,9.97,34.1,0.1,0,0
2025-03-22,5,3,Lunch,186,75.41,67.56,7.85,22.6,0.0,0,0
2025-03-22,5,3,Dinner,131,75.65,69.86,5.79,24.2,0.0,0,0
2025-03-23,6,3,Breakfast,60,27.34,25.7,1.65,30.5,6.5,0,0
2025-03-23,6,3,Lunch,160,95.96,68.49,27.47,26.2,0.0,0,0
2025-03-23,6,3,Dinner,121,54.66,42.59,12.07,21.0,0.0,0,0
2025-03-24,0,3,Breakfast,113,65.76,46.13,19.63,23.7,5.8,0,0
2025-03-24,0,3,Lunch,316,170.19,150.33,19.86,25.2,0.0,0,0
2025-03-24,0,3,Dinner,319,182.04,150.11,31.93,34.9,0.0,0,1
2025-03-25,1,3,Breakfast,157,93.89,80.08,13.82,18.1,0.0,0,0
2025-03-25,1,3,Lunch,281,136.67,122.38,14.29,31.4,0.0,0,0
2025-03-25,1,3,Dinner,198,88.64,67.02,21.62,32.3,0.0,0,0
2025-03-26,2,3,Breakfast,150,73.37,69.09,4.27,16.4,0.0,0,0
2025-03-26,2,3,Lunch,306,158.09,139.04,19.05,30.4,0.0,0,0
2025-03-26,2,3,Dinner,195,87.52,82.41,5.1,21.2,0.0,0,0
2025-03-27,3,3,Breakfast,145,77.95,59.89,18.05,28.8,1.2,0,0
2025-03-27,3,3,Lunch,284,131.82,98.61,33.21,24.3,0.0,0,0
2025-03-27,3,3,Dinner,236,126.56,117.56,8.99,18.4,0.0,1,0
2025-03-28,4,3,Breakfast,140,61.91,56.36,5.55,26.3,0.0,0,0
2025-03-28,4,3,Lunch,293,128.87,101.41,27.45,17.6,0.0,0,0
2025-03-28,4,3,Dinner,243,107.58,86.36,21.22,29.1,0.0,0,0
2025-03-29,5,3,Breakfast,125,73.87,66.48,7.38,20.1,0.0,0,1
2025-03-29,5,3,Lunch,163,92.74,73.26,19.48,19.3,0.0,0,0
2025-03-29,5,3,Dinner,133,64.08,50.14,13.95,19.4,0.0,0,0
2025-03-30,6,3,Breakfast,96,46.97,41.42,5.55,30.2,0.0,0,0
2025-03-30,6,3,Lunch,159,87.51,73.69,13.82,28.4,0.0,0,0
2025-03-30,6,3,Dinner,98,50.36,43.2,7.15,24.0,0.0,0,0
2025-03-31,0,3,Breakfast,150,65.45,54.07,11.39,21.7,0.0,0,0
2025-03-31,0,3,Lunch,274,157.15,137.81,19.34,19.2,0.0,0,0
2025-03-31,0,3,Dinner,193,109.4,92.37,17.03,26.1,2.9,0,0
2025-04-01,1,4,Breakfast,181,75.35,60.94,14.41,22.0,0.0,0,0
2025-04-01,1,4,Lunch,245,106.0,76.97,29.04,27.0,0.0,0,0
2025-04-01,1,4,Dinner,240,135.75,116.27,19.48,13.1,0.0,0,0
2025-04-02,2,4,Breakfast,140,79.38,69.66,9.72,23.0,0.0,0,0
2025-04-02,2,4,Lunch,284,170.27,130.41,39.86,26.6,0.0,0,0
2025-04-02,2,4,Dinner,196,111.19,104.92,6.27,26.6,0.0,0,0
2025-04-03,3,4,Breakfast,166,99.02,91.88,7.13,27.4,0.0,0,0
2025-04-03,3,4,Lunch,297,146.09,104.27,41.81,22.3,0.0,0,0
2025-04-03,3,4,Dinner,150,61.98,58.46,3.52,19.7,2.0,0,0
2025-04-04,4,4,Breakfast,116,63.0,48.32,14.68,23.2,0.0,0,0
2025-04-04,4,4,Lunch,288,165.29,152.52,12.78,21.2,0.0,0,0
2025-04-04,4,4,Dinner,155,69.58,56.04,13.55,16.1,0.0,0,0
2025-04-05,5,4,Breakfast,75,42.31,37.65,4.65,26.6,0.0,0,0
2025-04-05,5,4,Lunch,166,85.74,64.02,21.72,15.3,0.0,0,0
2025-04-05,5,4,Dinner,114,46.0,32.76,13.24,22.5,0.0,0,0
2025-04-06,6,4,Breakfast,92,41.85,29.57,12.28,31.3,0.0,0,0
2025-04-06,6,4,Lunch,205,90.44,71.28,19.16,28.7,0.0,0,0
2025-04-06,6,4,Dinner,125,70.32,59.4,10.92,29.3,2.0,0,0
2025-04-07,0,4,Breakfast,158,86.82,79.24,7.58,31.5,0.0,0,0
2025-04-07,0,4,Lunch,258,133.12,98.72,34.39,29.5,0.0,0,0
2025-04-07,0,4,Dinner,211,93.33,68.7,24.63,20.8,0.0,0,0
2025-04-08,1,4,Breakfast,174,75.06,65.36,9.69,25.0,0.3,0,0
2025-04-08,1,4,Lunch,316,188.59,145.8,42.8,32.3,0.0,0,0
2025-04-08,1,4,Dinner,172,77.94,72.01,5.93,20.2,0.0,0,0
2025-04-09,2,4,Breakfast,138,81.3,70.67,10.63,26.5,0.4,0,0
2025-04-09,2,4,Lunch,282,118.7,95.64,23.06,20.4,0.0,0,0
2025-04-09,2,4,Dinner,206,86.42,64.1,22.32,22.9,0.0,0,0
2025-04-10,3,4,Breakfast,131,68.87,52.79,16.08,31.7,0.0,0,0
2025-04-10,3,4,Lunch,368,159.24,139.01,20.23,24.7,1.7,0,1
2025-04-10,3,4,Dinner,187,89.12,76.43,12.69,28.7,0.0,0,0
2025-04-11,4,4,Breakfast,121,71.17,52.93,18.24,16.4,0.0,0,0
2025-04-11,4,4,Lunch,317,184.63,158.47,26.16,26.9,0.0,0,0
2025-04-11,4,4,Dinner,217,114.0,83.96,30.04,20.2,0.0,0,0
2025-04-12,5,4,Breakfast,95,40.04,28.2,11.84,22.3,0.0,0,0
2025-04-12,5,4,Lunch,150,79.89,75.2,4.68,23.8,14.7,0,0
2025-04-12,5,4,Dinner,169,100.2,74.24,25.96,25.0,0.0,0,1
2025-04-13,6,4,Breakfast,87,36.34,28.55,7.79,22.0,0.0,0,0
2025-04-13,6,4,Lunch,236,133.14,102.57,30.57,25.1,0.0,0,1
2025-04-13,6,4,Dinner,108,58.51,51.66,6.85,26.0,1.4,0,0
2025-04-14,0,4,Breakfast,133,67.43,63.99,3.43,22.7,0.0,0,0
2025-04-14,0,4,Lunch,296,170.89,137.18,33.71,31.7,0.0,0,0
2025-04-14,0,4,Dinner,226,91.15,83.71,7.44,33.2,0.0,0,0
2025-04-15,1,4,Breakfast,139,60.12,56.51,3.61,21.3,0.0,0,0
2025-04-15,1,4,Lunch,284,146.92,119.57,27.35,32.2,0.0,0,0
2025-04-15,1,4,Dinner,200,109.29,82.87,26.42,23.8,0.0,0,0
2025-04-16,2,4,Breakfast,168,95.09,76.44,18.65,26.8,0.0,0,0
2025-04-16,2,4,Lunch,288,126.97,108.77,18.19,28.0,0.0,0,0
2025-04-16,2,4,Dinner,143,70.1,61.67,8.44,14.9,0.0,0,0
2025-04-17,3,4,Breakfast,189,110.18,86.37,23.82,23.8,0.0,0,0
2025-04-17,3,4,Lunch,318,151.1,109.52,41.59,25.2,0.0,0,0
2025-04-17,3,4,Dinner,242,116.47,108.51,7.96,20.4,0.0,0,0
2025-04-18,4,4,Breakfast,227,121.05,93.38,27.68,21.8,0.0,0,1
2025-04-18,4,4,Lunch,306,166.31,148.72,17.6,20.4,0.4,0,0
2025-04-18,4,4,Dinner,231,138.05,110.07,27.98,30.2,0.2,0,0
2025-04-19,5,4,Breakfast,100,48.22,36.58,11.64,29.5,0.0,0,0
2025-04-19,5,4,Lunch,184,103.98,76.59,27.38,24.6,0.0,0,0
2025-04-19,5,4,Dinner,113,52.18,41.34,10.84,27.2,0.0,0,0
2025-04-20,6,4,Breakfast,95,52.66,43.24,9.43,28.3,0.0,0,0
2025-04-20,6,4,Lunch,189,86.53,81.17,5.36,27.5,0.0,0,0
2025-04-20,6,4,Dinner,174,71.15,52.35,18.8,36.9,0.0,0,1
2025-04-21,0,4,Breakfast,145,73.72,60.07,13.65,25.2,2.2,0,0
2025-04-21,0,4,Lunch,299,148.62,109.58,39.04,21.1,0.0,0,0
2025-04-21,0,4,Dinner,272,137.0,98.4,38.6,19.8,1.9,0,1
2025-04-22,1,4,Breakfast,160,78.56,69.79,8.77,18.2,3.4,0,0
2025-04-22,1,4,Lunch,267,152.37,139.27,13.1,25.7,0.0,0,0
2025-04-22,1,4,Dinner,192,100.73,79.48,21.25,27.9,0.0,0,0
2025-04-23,2,4,Breakfast,160,91.96,67.29,24.67,21.7,0.0,0,0
2025-04-23,2,4,Lunch,330,178.22,158.57,19.65,26.3,0.0,0,0
2025-04-23,2,4,Dinner,187,94.83,75.73,19.1,25.1,5.5,0,1
2025-04-24,3,4,Breakfast,168,95.15,76.21,18.95,24.9,0.0,0,0
2025-04-24,3,4,Lunch,237,117.86,92.34,25.52,24.5,0.0,0,0
2025-04-24,3,4,Dinner,192,88.59,62.79,25.8,23.7,0.7,0,0
2025-04-25,4,4,Breakfast,120,71.17,56.53,14.64,27.4,0.0,0,0
2025-04-25,4,4,Lunch,275,149.01,105.1,43.92,20.7,0.0,0,0
2025-04-25,4,4,Dinner,191,104.74,74.69,30.05,32.1,0.0,0,0
2025-04-26,5,4,Breakfast,93,54.05,39.55,14.5,23.2,0.9,0,0
2025-04-26,5,4,Lunch,156,92.87,73.74,19.12,24.9,0.0,0,0
2025-04-26,5,4,Dinner,129,77.12,59.09,18.03,25.4,0.0,0,0
2025-04-27,6,4,Breakfast,118,66.13,59.3,6.83,23.1,0.0,0,1
2025-04-27,6,4,Lunch,181,99.78,83.31,16.47,15.4,0.0,0,0
2025-04-27,6,4,Dinner,109,51.48,37.43,14.05,24.0,2.0,0,0
2025-04-28,0,4,Breakfast,155,81.38,76.21,5.16,26.5,0.0,0,0
2025-04-28,0,4,Lunch,370,150.4,133.23,17.17,30.9,0.0,0,0
2025-04-28,0,4,Dinner,208,98.69,75.36,23.32,21.6,0.3,0,0
2025-04-29,1,4,Breakfast,145,76.15,54.34,21.81,12.1,0.1,0,0
2025-04-29,1,4,Lunch,337,148.12,115.49,32.63,25.2,0.0,0,0
2025-04-29,1,4,Dinner,208,116.59,104.58,12.01,18.3,0.0,0,0
2025-04-30,2,4,Breakfast,143,79.59,74.36,5.22,21.3,0.0,0,0
2025-04-30,2,4,Lunch,314,130.15,113.99,16.16,20.7,0.0,0,0
2025-04-30,2,4,Dinner,196,88.54,69.44,19.1,28.7,0.0,0,0
2025-05-01,3,5,Breakfast,148,69.58,62.15,7.43,22.2,0.0,0,0
2025-05-01,3,5,Lunch,311,174.06,152.62,21.44,22.8,0.0,0,0
2025-05-01,3,5,Dinner,176,105.1,94.09,11.02,22.5,0.0,0,0
2025-05-02,4,5,Breakfast,122,69.37,59.73,9.64,31.7,1.6,0,0
2025-05-02,4,5,Lunch,248,135.93,120.87,15.06,29.5,5.0,0,0
2025-05-02,4,5,Dinner,207,102.0,75.84,26.16,19.3,0.0,0,0
2025-05-03,5,5,Breakfast,70,31.02,22.65,8.37,30.5,0.0,0,0
2025-05-03,5,5,Lunch,238,99.84,77.45,22.39,24.1,3.7,0,1
2025-05-03,5,5,Dinner,135,71.62,54.71,16.91,18.0,0.1,0,0
2025-05-04,6,5,Breakfast,86,47.51,41.73,5.78,30.1,0.0,0,0
2025-05-04,6,5,Lunch,154,66.0,52.62,13.37,26.6,1.1,0,0
2025-05-04,6,5,Dinner,123,67.02,52.14,14.89,24.4,4.3,0,0
2025-05-05,0,5,Breakfast,171,83.55,66.35,17.21,23.5,0.0,0,0
2025-05-05,0,5,Lunch,232,105.3,81.02,24.28,27.2,0.9,0,0
2025-05-05,0,5,Dinner,205,107.34,88.81,18.53,25.7,0.0,0,0
2025-05-06,1,5,Breakfast,208,100.2,81.83,18.37,14.5,0.0,0,1
2025-05-06,1,5,Lunch,353,153.08,114.42,38.65,26.6,0.0,0,0
2025-05-06,1,5,Dinner,193,109.03,87.7,21.32,16.0,0.0,0,0
2025-05-07,2,5,Breakfast,145,73.03,51.8,21.22,24.1,1.8,0,0
2025-05-07,2,5,Lunch,303,162.02,116.04,45.98,28.9,1.6,0,0
2025-05-07,2,5,Dinner,195,91.91,68.11,23.8,17.0,0.0,0,0
2025-05-08,3,5,Breakfast,150,87.37,65.73,21.64,31.4,0.0,0,0
2025-05-08,3,5,Lunch,327,160.86,137.88,22.98,26.2,0.0,0,0
2025-05-08,3,5,Dinner,207,99.93,88.69,11.24,33.1,0.0,0,0
2025-05-09,4,5,Breakfast,122,65.49,60.3,5.2,24.9,0.0,0,0
2025-05-09,4,5,Lunch,291,134.71,111.54,23.17,26.7,0.0,0,0
2025-05-09,4,5,Dinner,192,91.61,85.09,6.52,29.7,0.0,0,0
2025-05-10,5,5,Breakfast,104,50.67,37.46,13.21,25.2,1.3,0,0
2025-05-10,5,5,Lunch,152,76.46,68.33,8.13,28.0,0.0,0,0
2025-05-10,5,5,Dinner,144,65.34,46.08,19.26,33.7,0.0,0,0
2025-05-11,6,5,Breakfast,110,62.5,59.33,3.17,29.8,1.3,0,0
2025-05-11,6,5,Lunch,167,68.17,53.64,14.53,15.9,0.4,0,0
2025-05-11,6,5,Dinner,106,53.81,38.61,15.19,29.4,0.6,0,0
2025-05-12,0,5,Breakfast,157,91.83,76.16,15.68,30.1,0.0,0,0
2025-05-12,0,5,Lunch,269,141.09,99.12,41.97,25.4,0.0,0,0
2025-05-12,0,5,Dinner,171,89.05,68.99,20.06,24.8,1.0,0,0
2025-05-13,1,5,Breakfast,143,63.54,56.88,6.66,18.1,0.3,0,0
2025-05-13,1,5,Lunch,299,174.33,159.27,15.06,23.6,0.0,0,0
2025-05-13,1,5,Dinner,202,101.34,76.84,24.5,23.3,0.0,0,0
2025-05-14,2,5,Breakfast,160,89.36,66.73,22.63,27.4,0.3,0,0
2025-05-14,2,5,Lunch,287,115.32,82.9,32.42,30.2,0.0,0,0
2025-05-14,2,5,Dinner,176,98.73,92.99,5.74,29.0,1.2,0,0
2025-05-15,3,5,Breakfast,123,52.75,42.76,10.0,24.8,0.0,0,0
2025-05-15,3,5,Lunch,237,128.6,101.79,26.8,26.4,0.0,0,0
2025-05-15,3,5,Dinner,188,101.41,85.19,16.22,20.0,0.0,0,0
2025-05-16,4,5,Breakfast,122,70.3,50.58,19.72,18.5,0.0,0,0
2025-05-16,4,5,Lunch,306,176.36,164.98,11.38,27.3,0.0,0,0
2025-05-16,4,5,Dinner,204,83.61,62.52,21.09,23.2,0.0,0,0
2025-05-17,5,5,Breakfast,102,56.08,43.07,13.01,23.9,0.0,0,0
2025-05-17,5,5,Lunch,170,80.44,72.54,7.9,23.3,1.7,0,0
2025-05-17,5,5,Dinner,120,55.4,50.82,4.58,19.9,0.0,0,0
2025-05-18,6,5,Breakfast,97,42.67,33.83,8.84,21.1,0.0,0,0
2025-05-18,6,5,Lunch,180,91.47,82.74,8.73,33.9,0.0,0,0
2025-05-18,6,5,Dinner,114,54.99,40.4,14.6,27.2,0.0,0,0
2025-05-19,0,5,Breakfast,181,93.66,67.56,26.1,26.5,0.0,0,0
2025-05-19,0,5,Lunch,290,131.52,105.57,25.96,32.9,0.0,0,0
2025-05-19,0,5,Dinner,208,90.62,68.86,21.76,29.1,0.0,0,0
2025-05-20,1,5,Breakfast,142,73.05,59.21,13.85,17.4,0.0,0,0
2025-05-20,1,5,Lunch,276,118.79,87.02,31.77,31.3,2.8,0,0
2025-05-20,1,5,Dinner,189,108.06,92.76,15.3,30.5,0.0,0,0
2025-05-21,2,5,Breakfast,125,71.61,55.67,15.94,26.8,0.0,0,0
2025-05-21,2,5,Lunch,262,116.21,101.02,15.19,17.6,0.0,0,0
2025-05-21,2,5,Dinner,227,127.52,98.66,28.86,26.4,0.0,0,0
2025-05-22,3,5,Breakfast,156,87.92,81.98,5.94,32.9,0.0,0,0
2025-05-22,3,5,Lunch,316,178.46,163.16,15.3,35.1,0.2,0,0
2025-05-22,3,5,Dinner,196,108.67,78.12,30.55,20.9,0.0,0,0
2025-05-23,4,5,Breakfast,168,70.21,66.03,4.19,23.6,0.0,0,0
2025-05-23,4,5,Lunch,341,147.38,123.92,23.46,24.1,0.0,0,0
2025-05-23,4,5,Dinner,306,126.93,114.62,12.31,30.4,0.0,1,0
2025-05-24,5,5,Breakfast,74,36.25,32.96,3.29,27.4,0.0,0,0
2025-05-24,5,5,Lunch,162,90.49,83.83,6.66,20.0,0.0,0,0
2025-05-24,5,5,Dinner,129,55.85,45.1,10.75,23.3,0.0,0,0
2025-05-25,6,5,Breakfast,122,57.46,52.6,4.86,30.0,0.0,1,0
2025-05-25,6,5,Lunch,130,66.31,60.11,6.2,30.7,5.6,0,0
2025-05-25,6,5,Dinner,100,59.23,46.1,13.14,20.9,0.0,0,0
2025-05-26,0,5,Breakfast,136,67.03,54.18,12.85,25.3,0.0,0,0
2025-05-26,0,5,Lunch,324,179.75,128.17,51.59,28.2,0.0,0,0
2025-05-26,0,5,Dinner,198,107.31,88.05,19.26,19.5,0.0,0,0
2025-05-27,1,5,Breakfast,150,66.41,57.71,8.7,27.2,0.5,0,0
2025-05-27,1,5,Lunch,295,171.34,126.64,44.7,28.4,0.0,0,0
2025-05-27,1,5,Dinner,169,73.24,53.49,19.75,31.8,0.0,0,0
2025-05-28,2,5,Breakfast,130,57.9,54.01,3.89,23.2,0.0,0,0
2025-05-28,2,5,Lunch,304,138.33,128.29,10.04,25.5,0.0,0,0
2025-05-28,2,5,Dinner,163,75.09,59.94,15.15,21.9,6.3,0,0
2025-05-29,3,5,Breakfast,131,61.31,56.04,5.27,26.5,1.4,0,0
2025-05-29,3,5,Lunch,291,161.05,121.03,40.03,18.3,0.0,0,0
2025-05-29,3,5,Dinner,128,55.02,45.53,9.49,23.1,5.4,0,0
2025-05-30,4,5,Breakfast,148,83.08,58.23,24.85,29.6,1.0,0,0
2025-05-30,4,5,Lunch,246,130.05,99.57,30.48,21.1,0.0,0,0
2025-05-30,4,5,Dinner,269,118.39,89.25,29.14,27.1,0.0,0,1
2025-05-31,5,5,Breakfast,85,41.0,38.28,2.72,20.7,0.0,0,0
2025-05-31,5,5,Lunch,200,107.92,92.76,15.16,35.0,0.0,0,0
2025-05-31,5,5,Dinner,116,57.42,44.75,12.67,21.9,0.0,0,0
2025-06-01,6,6,Breakfast,104,55.6,39.57,16.03,24.9,0.0,0,0
2025-06-01,6,6,Lunch,186,75.15,66.75,8.4,32.6,0.0,0,0
2025-06-01,6,6,Dinner,104,52.85,45.94,6.91,11.9,0.0,0,0
2025-06-02,0,6,Breakfast,195,103.04,79.81,23.23,25.4,0.0,0,1
2025-06-02,0,6,Lunch,263,108.39,87.08,21.32,32.0,0.0,0,0
2025-06-02,0,6,Dinner,231,94.19,70.51,23.69,14.0,0.0,0,0
2025-06-03,1,6,Breakfast,150,74.12,54.8,19.32,28.7,3.7,0,0
2025-06-03,1,6,Lunch,276,147.22,136.6,10.62,21.1,0.0,0,0
2025-06-03,1,6,Dinner,169,93.52,73.66,19.86,31.0,0.0,0,0
2025-06-04,2,6,Breakfast,116,52.21,47.07,5.14,28.1,0.0,0,0
2025-06-04,2,6,Lunch,281,116.81,92.18,24.64,20.7,0.0,0,0
2025-06-04,2,6,Dinner,185,92.25,65.5,26.75,26.7,6.4,0,0
2025-06-05,3,6,Breakfast,151,78.09,66.12,11.97,24.9,0.0,0,0
2025-06-05,3,6,Lunch,294,156.62,140.33,16.29,31.1,0.0,0,0
2025-06-05,3,6,Dinner,176,96.08,67.74,28.34,33.2,0.0,0,0
2025-06-06,4,6,Breakfast,128,63.76,46.54,17.22,24.7,1.5,0,0
2025-06-06,4,6,Lunch,322,172.4,154.24,18.17,21.9,4.8,0,0
2025-06-06,4,6,Dinner,180,78.59,62.18,16.4,26.4,0.0,0,0
2025-06-07,5,6,Breakfast,80,41.18,35.39,5.79,34.9,0.0,0,0
2025-06-07,5,6,Lunch,187,92.91,80.09,12.82,33.2,0.0,0,0
2025-06-07,5,6,Dinner,131,70.46,51.56,18.9,17.4,0.0,0,0
2025-06-08,6,6,Breakfast,74,29.74,22.31,7.42,30.6,0.1,0,0
2025-06-08,6,6,Lunch,188,84.4,77.68,6.72,25.6,0.0,0,0
2025-06-08,6,6,Dinner,112,65.14,58.7,6.44,33.1,1.0,0,0
2025-06-09,0,6,Breakfast,143,72.47,66.67,5.81,25.9,0.0,0,0
2025-06-09,0,6,Lunch,223,131.35,101.23,30.12,22.4,0.0,0,0
2025-06-09,0,6,Dinner,190,108.94,93.31,15.63,35.0,0.0,0,0
2025-06-10,1,6,Breakfast,155,90.94,80.03,10.91,20.9,0.3,0,0
2025-06-10,1,6,Lunch,321,135.07,127.05,8.02,21.1,0.0,0,0
2025-06-10,1,6,Dinner,210,108.4,95.66,12.74,23.4,1.5,0,0
2025-06-11,2,6,Breakfast,131,74.93,61.03,13.89,33.9,0.0,0,0
2025-06-11,2,6,Lunch,275,151.23,109.53,41.71,20.6,0.0,0,0
2025-06-11,2,6,Dinner,199,88.9,71.33,17.57,26.2,0.0,0,0
2025-06-12,3,6,Breakfast,160,76.16,62.87,13.29,28.5,0.0,0,0
2025-06-12,3,6,Lunch,362,203.64,170.13,33.51,30.9,0.0,0,0
2025-06-12,3,6,Dinner,152,76.56,55.75,20.81,26.8,5.9,0,0
2025-06-13,4,6,Breakfast,127,55.14,42.28,12.86,22.2,0.0,0,0
2025-06-13,4,6,Lunch,300,176.26,163.58,12.68,19.1,0.0,0,0
2025-06-13,4,6,Dinner,148,87.24,70.3,16.94,23.0,7.2,0,0
2025-06-14,5,6,Breakfast,88,43.53,37.15,6.39,24.9,0.0,0,0
2025-06-14,5,6,Lunch,195,82.67,68.86,13.81,26.9,0.0,0,0
2025-06-14,5,6,Dinner,124,72.28,55.39,16.89,29.3,0.0,0,0
2025-06-15,6,6,Breakfast,95,51.69,41.92,9.76,23.6,0.0,0,0
2025-06-15,6,6,Lunch,169,70.28,52.56,17.72,21.2,0.0,0,0
2025-06-15,6,6,Dinner,118,62.34,44.0,18.34,23.4,0.0,0,1
2025-06-16,0,6,Breakfast,147,76.62,64.56,12.06,30.1,0.0,0,0
2025-06-16,0,6,Lunch,315,185.75,169.15,16.6,18.8,0.0,0,0
2025-06-16,0,6,Dinner,204,121.51,89.87,31.64,23.1,0.0,0,0
2025-06-17,1,6,Breakfast,146,66.42,61.24,5.18,13.7,0.0,0,0
2025-06-17,1,6,Lunch,423,213.75,165.83,47.92,22.4,0.0,0,1
2025-06-17,1,6,Dinner,196,115.6,88.03,27.57,22.1,0.1,0,0
2025-06-18,2,6,Breakfast,192,85.04,75.22,9.82,17.2,0.0,0,0
2025-06-18,2,6,Lunch,260,130.96,103.21,27.75,26.5,0.0,0,0
2025-06-18,2,6,Dinner,174,93.75,77.09,16.66,29.2,0.0,0,0
2025-06-19,3,6,Breakfast,151,88.81,69.48,19.33,16.3,0.0,0,0
2025-06-19,3,6,Lunch,282,168.35,157.65,10.7,25.0,0.0,0,0
2025-06-19,3,6,Dinner,195,111.13,91.13,20.0,26.5,0.0,0,0
2025-06-20,4,6,Breakfast,114,60.97,52.33,8.64,24.4,0.0,0,0
2025-06-20,4,6,Lunch,274,131.67,111.55,20.12,26.1,0.0,0,0
2025-06-20,4,6,Dinner,274,147.27,126.99,20.28,24.3,0.0,1,0
2025-06-21,5,6,Breakfast,81,36.91,26.4,10.5,34.3,0.0,0,0
2025-06-21,5,6,Lunch,194,93.3,73.79,19.51,19.5,0.0,0,0
2025-06-21,5,6,Dinner,106,51.87,39.6,12.27,28.3,0.4,0,0
2025-06-22,6,6,Breakfast,101,42.14,37.02,5.12,24.7,0.0,0,0
2025-06-22,6,6,Lunch,162,76.71,55.63,21.08,28.1,0.0,0,0
2025-06-22,6,6,Dinner,104,45.62,34.34,11.29,30.4,0.0,0,0
2025-06-23,0,6,Breakfast,139,57.69,42.32,15.37,21.7,0.0,0,0
2025-06-23,0,6,Lunch,336,178.14,129.87,48.26,18.2,0.0,0,0
2025-06-23,0,6,Dinner,227,136.15,115.99,20.16,13.0,0.0,0,0
2025-06-24,1,6,Breakfast,142,82.75,65.55,17.21,18.0,0.0,0,0
2025-06-24,1,6,Lunch,254,143.15,101.58,41.57,18.0,2.1,0,0
2025-06-24,1,6,Dinner,221,88.96,81.66,7.31,25.2,0.0,0,0
2025-06-25,2,6,Breakfast,139,66.82,58.11,8.71,15.1,0.0,0,0
2025-06-25,2,6,Lunch,297,142.4,111.67,30.73,27.5,0.0,0,0
2025-06-25,2,6,Dinner,204,90.28,78.29,11.99,30.4,0.0,0,0
2025-06-26,3,6,Breakfast,152,89.57,71.99,17.58,31.3,0.0,0,0
2025-06-26,3,6,Lunch,377,159.31,152.41,6.9,30.0,3.6,1,0
2025-06-26,3,6,Dinner,184,92.21,77.47,14.75,20.2,0.0,0,0
2025-06-27,4,6,Breakfast,169,89.25,68.26,20.99,20.8,0.0,0,0
2025-06-27,4,6,Lunch,253,121.68,97.15,24.53,25.0,2.4,0,0
2025-06-27,4,6,Dinner,200,90.1,81.76,8.34,25.7,0.0,0,0
2025-06-28,5,6,Breakfast,91,47.88,38.9,8.98,26.3,0.0,0,0
2025-06-28,5,6,Lunch,155,82.58,60.15,22.43,25.2,0.0,0,0
2025-06-28,5,6,Dinner,113,46.05,36.46,9.59,25.0,5.0,0,0
2025-06-29,6,6,Breakfast,91,46.97,41.27,5.7,19.2,0.0,0,0
2025-06-29,6,6,Lunch,188,79.72,66.46,13.26,26.2,0.0,0,0
2025-06-29,6,6,Dinner,141,61.81,56.25,5.56,20.8,0.0,0,0
2025-06-30,0,6,Breakfast,231,92.94,82.4,10.55,27.7,0.0,1,0
2025-06-30,0,6,Lunch,315,168.23,125.66,42.57,20.0,0.0,0,0
2025-06-30,0,6,Dinner,222,128.85,102.99,25.86,17.5,0.0,0,0
2025-07-01,1,7,Breakfast,164,79.97,73.19,6.78,23.4,0.0,0,1
2025-07-01,1,7,Lunch,306,176.85,143.27,33.58,19.1,0.0,0,0
2025-07-01,1,7,Dinner,207,123.52,107.07,16.45,26.2,0.0,0,0
2025-07-02,2,7,Breakfast,145,71.05,55.64,15.41,24.4,0.0,0,0
2025-07-02,2,7,Lunch,287,126.29,98.49,27.8,16.8,0.0,0,0
2025-07-02,2,7,Dinner,203,111.75,99.27,12.48,21.4,0.0,0,0
2025-07-03,3,7,Breakfast,168,88.08,78.79,9.3,29.8,0.0,0,0
2025-07-03,3,7,Lunch,300,172.26,135.32,36.93,13.8,0.0,0,0
2025-07-03,3,7,Dinner,230,126.47,119.03,7.44,26.7,1.5,0,0
2025-07-04,4,7,Breakfast,160,88.58,78.55,10.03,25.2,0.0,0,0
2025-07-04,4,7,Lunch,267,138.47,129.33,9.14,19.4,0.2,0,0
2025-07-04,4,7,Dinner,234,140.24,124.49,15.75,20.8,0.0,0,0
2025-07-05,5,7,Breakfast,102,56.35,47.01,9.33,18.3,0.0,0,0
2025-07-05,5,7,Lunch,218,96.93,90.2,6.73,18.5,0.0,0,1
2025-07-05,5,7,Dinner,119,65.41,60.55,4.86,26.3,0.0,0,0
2025-07-06,6,7,Breakfast,88,35.21,31.78,3.43,28.5,0.0,0,0
2025-07-06,6,7,Lunch,167,86.97,64.44,22.53,26.2,0.5,0,0
2025-07-06,6,7,Dinner,132,72.38,56.14,16.24,20.5,0.0,0,0
2025-07-07,0,7,Breakfast,156,70.11,62.2,7.92,20.2,0.0,0,0
2025-07-07,0,7,Lunch,289,138.23,121.41,16.82,27.8,0.4,0,0
2025-07-07,0,7,Dinner,229,124.53,102.86,21.67,30.9,0.0,0,0
2025-07-08,1,7,Breakfast,162,75.85,68.33,7.52,20.0,0.0,0,0
2025-07-08,1,7,Lunch,328,132.05,123.63,8.43,25.2,0.0,0,0
2025-07-08,1,7,Dinner,197,87.44,70.58,16.86,14.3,0.0,0,0
2025-07-09,2,7,Breakfast,162,72.37,55.42,16.94,31.5,0.0,0,0
2025-07-09,2,7,Lunch,313,128.74,93.44,35.29,28.6,0.0,0,0
2025-07-09,2,7,Dinner,192,111.59,93.92,17.66,17.6,0.0,0,0
2025-07-10,3,7,Breakfast,127,72.56,67.92,4.64,18.7,0.0,0,0
2025-07-10,3,7,Lunch,242,106.78,98.15,8.63,28.6,0.0,0,0
2025-07-10,3,7,Dinner,175,100.42,84.56,15.86,24.2,0.0,0,0
2025-07-11,4,7,Breakfast,148,83.83,69.04,14.8,21.4,0.0,0,0
2025-07-11,4,7,Lunch,267,129.29,103.77,25.52,30.4,0.0,0,0
2025-07-11,4,7,Dinner,192,77.15,66.11,11.05,22.4,0.0,0,0
2025-07-12,5,7,Breakfast,80,32.51,30.4,2.11,22.2,0.0,0,0
2025-07-12,5,7,Lunch,197,104.3,74.18,30.12,25.4,0.0,0,0
2025-07-12,5,7,Dinner,112,63.23,47.58,15.65,24.7,0.0,0,0
2025-07-13,6,7,Breakfast,81,45.39,36.78,8.61,17.0,0.0,0,0
2025-07-13,6,7,Lunch,179,103.28,87.19,16.09,31.0,0.0,0,0
2025-07-13,6,7,Dinner,164,91.71,83.82,7.89,21.4,0.1,1,0
2025-07-14,0,7,Breakfast,164,73.63,64.07,9.56,23.9,0.0,0,0
2025-07-14,0,7,Lunch,268,157.61,120.59,37.01,33.8,0.0,0,0
2025-07-14,0,7,Dinner,209,94.57,69.08,25.49,22.0,2.9,0,0
2025-07-15,1,7,Breakfast,154,81.34,75.27,6.08,38.2,0.0,0,0
2025-07-15,1,7,Lunch,267,156.56,120.51,36.05,23.1,0.0,0,0
2025-07-15,1,7,Dinner,202,86.87,61.65,25.22,22.0,1.5,0,0
2025-07-16,2,7,Breakfast,161,65.4,50.27,15.12,23.2,0.0,0,0
2025-07-16,2,7,Lunch,229,133.09,110.34,22.75,24.6,8.1,0,0
2025-07-16,2,7,Dinner,218,117.21,88.49,28.72,29.1,0.0,0,0
2025-07-17,3,7,Breakfast,145,82.32,71.1,11.22,32.2,0.0,0,0
2025-07-17,3,7,Lunch,272,120.2,97.82,22.38,21.2,0.0,0,0
2025-07-17,3,7,Dinner,222,104.95,93.31,11.64,29.8,0.0,0,0
2025-07-18,4,7,Breakfast,133,70.14,52.97,17.16,29.3,0.0,0,0
2025-07-18,4,7,Lunch,321,185.8,153.19,32.61,30.5,0.0,0,0
2025-07-18,4,7,Dinner,209,118.14,89.42,28.72,27.0,0.0,0,0
2025-07-19,5,7,Breakfast,91,38.39,34.5,3.89,32.0,0.0,0,0
2025-07-19,5,7,Lunch,222,100.71,71.53,29.18,23.6,0.9,0,1
2025-07-19,5,7,Dinner,141,80.94,59.46,21.48,22.8,0.0,0,0
2025-07-20,6,7,Breakfast,88,41.12,31.19,9.93,24.3,2.4,0,0
2025-07-20,6,7,Lunch,161,69.87,65.77,4.09,38.9,0.0,0,0
2025-07-20,6,7,Dinner,115,56.02,45.02,11.0,24.9,0.0,0,0
2025-07-21,0,7,Breakfast,166,78.68,64.63,14.04,29.5,0.6,0,0
2025-07-21,0,7,Lunch,287,152.73,143.2,9.52,20.9,0.0,0,0
2025-07-21,0,7,Dinner,172,75.37,61.07,14.31,35.5,1.5,0,0
2025-07-22,1,7,Breakfast,155,80.74,60.52,20.21,31.3,1.0,0,0
2025-07-22,1,7,Lunch,298,177.24,153.46,23.78,33.5,0.0,0,0
2025-07-22,1,7,Dinner,186,94.11,72.7,21.41,17.0,0.0,0,0
2025-07-23,2,7,Breakfast,154,65.51,61.15,4.36,20.6,0.0,0,0
2025-07-23,2,7,Lunch,409,194.16,168.99,25.17,23.2,0.0,0,1
2025-07-23,2,7,Dinner,187,101.11,87.08,14.03,24.2,1.5,0,0
2025-07-24,3,7,Breakfast,147,68.24,52.07,16.17,27.5,0.0,0,0
2025-07-24,3,7,Lunch,304,132.62,116.44,16.18,31.5,0.0,0,0
2025-07-24,3,7,Dinner,166,80.36,65.92,14.45,17.9,0.0,0,0
2025-07-25,4,7,Breakfast,129,56.63,51.19,5.44,17.6,0.0,0,0
2025-07-25,4,7,Lunch,342,152.94,134.99,17.95,24.7,0.0,0,0
2025-07-25,4,7,Dinner,190,89.86,82.53,7.34,21.2,0.0,0,0
2025-07-26,5,7,Breakfast,80,42.84,33.09,9.75,16.8,0.0,0,0
2025-07-26,5,7,Lunch,182,86.53,74.94,11.59,21.5,0.0,0,0
2025-07-26,5,7,Dinner,115,50.0,44.51,5.49,22.2,0.0,0,0
2025-07-27,6,7,Breakfast,87,40.25,31.15,9.11,25.2,0.0,0,0
2025-07-27,6,7,Lunch,186,87.42,73.24,14.18,28.1,0.0,0,0
2025-07-27,6,7,Dinner,116,56.88,51.15,5.73,20.6,0.0,0,0
2025-07-28,0,7,Breakfast,152,79.93,59.0,20.93,20.7,0.0,0,0
2025-07-28,0,7,Lunch,335,178.85,134.86,43.99,30.0,0.0,0,0
2025-07-28,0,7,Dinner,264,106.16,90.84,15.32,29.0,0.0,0,1
2025-07-29,1,7,Breakfast,219,122.36,106.92,15.44,30.3,0.0,1,0
2025-07-29,1,7,Lunch,342,144.18,103.44,40.74,18.9,0.0,0,0
2025-07-29,1,7,Dinner,250,119.9,84.73,35.18,28.0,0.0,0,0
2025-07-30,2,7,Breakfast,162,65.38,46.99,18.4,23.2,0.0,0,0
2025-07-30,2,7,Lunch,300,166.28,151.37,14.91,27.5,0.0,0,0
2025-07-30,2,7,Dinner,225,101.66,89.17,12.49,32.7,0.0,0,0
2025-07-31,3,7,Breakfast,142,70.34,54.0,16.34,22.4,0.0,0,0
2025-07-31,3,7,Lunch,288,158.21,144.68,13.54,25.4,0.0,0,0
2025-07-31,3,7,Dinner,199,82.19,74.49,7.7,19.5,0.0,0,0
2025-08-01,4,8,Breakfast,166,80.74,72.38,8.36,24.5,0.0,0,0
2025-08-01,4,8,Lunch,298,168.17,141.03,27.14,28.5,0.0,0,0
2025-08-01,4,8,Dinner,173,85.39,73.57,11.81,24.3,2.8,0,0
2025-08-02,5,8,Breakfast,100,50.62,36.09,14.53,25.8,0.0,0,0
2025-08-02,5,8,Lunch,172,86.59,77.14,9.45,26.9,0.0,0,0
2025-08-02,5,8,Dinner,116,56.54,45.19,11.35,32.2,0.0,0,0
2025-08-03,6,8,Breakfast,103,53.06,42.76,10.3,27.6,0.0,0,0
2025-08-03,6,8,Lunch,181,90.19,85.13,5.06,18.6,0.0,0,0
2025-08-03,6,8,Dinner,99,58.59,51.5,7.09,29.8,0.0,0,0
2025-08-04,0,8,Breakfast,164,96.98,79.99,17.0,28.4,0.0,0,0
2025-08-04,0,8,Lunch,321,128.64,97.81,30.82,25.7,0.0,0,0
2025-08-04,0,8,Dinner,305,149.58,128.08,21.5,13.1,0.0,1,0
2025-08-05,1,8,Breakfast,171,77.07,58.35,18.73,26.9,0.0,0,0
2025-08-05,1,8,Lunch,289,149.57,107.09,42.48,21.5,0.7,0,0
2025-08-05,1,8,Dinner,168,76.27,57.34,18.94,23.4,0.0,0,0
2025-08-06,2,8,Breakfast,176,100.63,73.39,27.23,20.1,0.0,0,0
2025-08-06,2,8,Lunch,332,195.55,143.81,51.74,28.3,0.0,0,0
2025-08-06,2,8,Dinner,230,104.44,94.09,10.35,18.7,0.8,0,0
2025-08-07,3,8,Breakfast,109,49.75,40.34,9.41,29.3,0.0,0,0
2025-08-07,3,8,Lunch,297,157.63,148.02,9.61,25.5,0.0,0,0
2025-08-07,3,8,Dinner,215,93.79,84.65,9.14,29.7,0.0,0,0
2025-08-08,4,8,Breakfast,173,88.42,65.66,22.77,24.5,0.4,0,1
2025-08-08,4,8,Lunch,320,137.82,121.74,16.08,21.4,0.0,0,1
2025-08-08,4,8,Dinner,209,112.36,87.62,24.74,23.8,0.0,0,0
2025-08-09,5,8,Breakfast,97,47.07,39.27,7.8,24.6,1.2,0,0
2025-08-09,5,8,Lunch,172,100.09,70.51,29.58,24.8,0.0,0,0
2025-08-09,5,8,Dinner,123,71.03,58.08,12.95,32.2,0.0,0,0
2025-08-10,6,8,Breakfast,98,47.0,38.94,8.07,26.1,0.0,0,0
2025-08-10,6,8,Lunch,201,84.06,72.46,11.6,22.5,0.0,0,0
2025-08-10,6,8,Dinner,101,56.0,50.79,5.2,16.4,0.0,0,0
2025-08-11,0,8,Breakfast,154,89.32,72.53,16.79,29.1,0.0,0,0
2025-08-11,0,8,Lunch,254,145.34,104.28,41.06,21.4,0.0,0,0
2025-08-11,0,8,Dinner,210,116.27,107.12,9.16,20.2,0.0,0,0
2025-08-12,1,8,Breakfast,127,63.83,55.39,8.45,24.0,0.0,0,0
2025-08-12,1,8,Lunch,294,138.05,114.6,23.45,29.1,0.0,0,0
2025-08-12,1,8,Dinner,236,115.71,92.8,22.91,20.2,0.0,0,0
2025-08-13,2,8,Breakfast,162,94.32,89.44,4.88,19.5,0.0,0,0
2025-08-13,2,8,Lunch,231,99.84,94.75,5.09,23.8,6.4,0,0
2025-08-13,2,8,Dinner,173,99.04,76.34,22.69,25.1,0.0,0,0
2025-08-14,3,8,Breakfast,167,76.46,68.98,7.47,30.6,0.0,0,0
2025-08-14,3,8,Lunch,341,165.39,127.16,38.23,24.0,0.0,0,0
2025-08-14,3,8,Dinner,165,89.71,67.59,22.12,26.3,0.0,0,0
2025-08-15,4,8,Breakfast,130,63.67,53.12,10.55,23.1,0.0,0,0
2025-08-15,4,8,Lunch,287,143.38,120.23,23.15,22.7,1.1,0,0
2025-08-15,4,8,Dinner,210,123.78,90.85,32.93,33.8,0.0,0,0
2025-08-16,5,8,Breakfast,89,48.24,40.2,8.03,17.5,0.0,0,0
2025-08-16,5,8,Lunch,188,87.07,62.84,24.23,22.6,0.0,0,0
2025-08-16,5,8,Dinner,113,45.47,37.73,7.74,21.8,0.0,0,0
2025-08-17,6,8,Breakfast,90,52.7,47.81,4.9,27.2,0.0,0,0
2025-08-17,6,8,Lunch,166,83.11,59.58,23.52,19.4,0.0,0,0
2025-08-17,6,8,Dinner,127,73.38,66.87,6.51,29.3,0.0,0,0
2025-08-18,0,8,Breakfast,153,67.93,54.15,13.78,34.7,1.4,0,0
2025-08-18,0,8,Lunch,319,145.73,108.42,37.3,27.0,0.0,0,0
2025-08-18,0,8,Dinner,281,134.38,96.75,37.63,20.7,0.0,0,1
2025-08-19,1,8,Breakfast,137,56.28,46.66,9.62,25.9,0.0,0,0
2025-08-19,1,8,Lunch,300,156.58,117.3,39.28,19.0,0.0,0,0
2025-08-19,1,8,Dinner,189,83.53,68.75,14.79,21.5,3.9,0,0
2025-08-20,2,8,Breakfast,150,63.82,51.03,12.79,29.7,0.0,0,0
2025-08-20,2,8,Lunch,278,163.89,119.9,43.99,22.4,0.0,0,0
2025-08-20,2,8,Dinner,223,118.58,99.8,18.78,21.6,0.0,0,0
2025-08-21,3,8,Breakfast,99,57.34,40.96,16.37,22.5,0.0,0,0
2025-08-21,3,8,Lunch,278,139.38,101.97,37.4,27.2,0.0,0,0
2025-08-21,3,8,Dinner,256,137.56,125.22,12.33,32.9,0.0,0,1
2025-08-22,4,8,Breakfast,143,68.7,62.61,6.08,32.2,0.0,0,0
2025-08-22,4,8,Lunch,261,134.52,105.68,28.85,31.5,0.0,0,0
2025-08-22,4,8,Dinner,214,96.82,76.08,20.74,23.2,0.0,0,0
2025-08-23,5,8,Breakfast,84,42.05,35.58,6.47,33.0,0.0,0,0
2025-08-23,5,8,Lunch,184,100.55,93.85,6.71,30.6,0.0,0,0
2025-08-23,5,8,Dinner,143,58.03,50.63,7.4,21.2,0.0,0,0
2025-08-24,6,8,Breakfast,89,46.67,38.57,8.1,19.7,0.0,0,0
2025-08-24,6,8,Lunch,184,88.98,74.87,14.11,26.5,0.0,0,0
2025-08-24,6,8,Dinner,135,78.97,57.5,21.47,18.4,0.3,0,0
2025-08-25,0,8,Breakfast,139,67.91,48.12,19.79,23.6,0.0,0,0
2025-08-25,0,8,Lunch,282,130.34,94.48,35.85,30.0,0.0,0,0
2025-08-25,0,8,Dinner,189,87.77,74.14,13.64,28.8,1.4,0,0
2025-08-26,1,8,Breakfast,146,76.7,65.93,10.78,28.6,0.0,0,0
2025-08-26,1,8,Lunch,362,160.41,115.65,44.76,29.4,2.6,0,0
2025-08-26,1,8,Dinner,145,59.11,50.47,8.64,36.2,1.2,0,0
2025-08-27,2,8,Breakfast,154,65.4,61.81,3.6,23.3,0.0,0,0
2025-08-27,2,8,Lunch,284,150.15,108.41,41.74,18.2,0.0,0,0
2025-08-27,2,8,Dinner,217,124.28,115.87,8.41,23.8,0.0,0,0
2025-08-28,3,8,Breakfast,143,73.7,56.65,17.05,28.8,0.0,0,0
2025-08-28,3,8,Lunch,323,168.55,153.94,14.61,15.5,0.0,0,0
2025-08-28,3,8,Dinner,165,87.83,74.48,13.35,25.7,0.0,0,0
2025-08-29,4,8,Breakfast,174,79.17,56.99,22.17,27.4,0.0,0,0
2025-08-29,4,8,Lunch,237,110.58,98.27,12.31,33.0,0.0,0,0
2025-08-29,4,8,Dinner,227,107.87,100.93,6.94,31.5,0.0,0,0
2025-08-30,5,8,Breakfast,101,50.03,38.72,11.31,26.7,0.0,0,0
2025-08-30,5,8,Lunch,181,91.42,80.56,10.86,18.7,0.2,0,0
2025-08-30,5,8,Dinner,108,53.96,45.59,8.37,35.0,0.0,0,0
2025-08-31,6,8,Breakfast,77,31.94,23.19,8.75,20.6,0.0,0,0
2025-08-31,6,8,Lunch,195,92.9,78.13,14.76,18.7,1.3,0,0
2025-08-31,6,8,Dinner,108,53.01,46.64,6.37,15.7,0.0,0,0
2025-09-01,0,9,Breakfast,208,93.88,76.42,17.46,20.8,0.0,0,1
2025-09-01,0,9,Lunch,288,162.38,135.88,26.5,24.6,0.0,0,0
2025-09-01,0,9,Dinner,196,87.35,65.95,21.4,24.6,0.0,0,0
2025-09-02,1,9,Breakfast,157,70.76,58.46,12.29,27.1,0.0,0,0
2025-09-02,1,9,Lunch,314,172.12,154.23,17.89,26.5,0.0,0,0
2025-09-02,1,9,Dinner,218,101.62,90.32,11.31,28.9,0.0,0,0
2025-09-03,2,9,Breakfast,143,74.71,60.38,14.33,20.7,0.0,0,0
2025-09-03,2,9,Lunch,276,126.35,91.17,35.18,24.9,0.0,0,0
2025-09-03,2,9,Dinner,212,115.17,84.51,30.65,24.2,0.0,0,0
2025-09-04,3,9,Breakfast,143,72.29,60.37,11.93,21.2,0.5,0,0
2025-09-04,3,9,Lunch,372,218.57,200.11,18.46,15.1,0.0,0,1
2025-09-04,3,9,Dinner,219,129.73,104.29,25.43,24.6,0.0,0,0
2025-09-05,4,9,Breakfast,161,73.05,65.32,7.73,32.9,0.6,0,0
2025-09-05,4,9,Lunch,319,153.43,115.01,38.42,34.9,0.0,0,0
2025-09-05,4,9,Dinner,211,101.58,81.5,20.08,25.1,0.0,0,0
2025-09-06,5,9,Breakfast,108,46.85,34.27,12.58,35.1,0.0,0,0
2025-09-06,5,9,Lunch,191,100.77,89.92,10.85,25.8,0.0,0,0
2025-09-06,5,9,Dinner,118,53.94,41.41,12.53,27.0,3.8,0,0
2025-09-07,6,9,Breakfast,86,44.09,30.92,13.16,24.1,0.0,0,0
2025-09-07,6,9,Lunch,153,83.26,73.44,9.81,15.4,0.0,0,0
2025-09-07,6,9,Dinner,162,86.78,73.13,13.66,27.2,0.0,0,1
2025-09-08,0,9,Breakfast,159,66.02,54.48,11.53,24.6,0.0,0,0
2025-09-08,0,9,Lunch,319,131.7,105.44,26.26,30.1,0.0,0,0
2025-09-08,0,9,Dinner,201,101.79,78.03,23.76,29.4,0.3,0,0
2025-09-09,1,9,Breakfast,146,61.98,57.76,4.22,29.5,0.0,0,0
2025-09-09,1,9,Lunch,290,144.78,126.32,18.46,33.4,0.0,0,0
2025-09-09,1,9,Dinner,178,103.77,85.33,18.44,31.2,0.0,0,0
2025-09-10,2,9,Breakfast,146,65.66,50.95,14.7,18.1,0.0,0,0
2025-09-10,2,9,Lunch,333,141.84,115.38,26.46,21.4,0.0,0,0
2025-09-10,2,9,Dinner,201,92.32,71.09,21.23,34.9,0.0,0,0
2025-09-11,3,9,Breakfast,138,65.72,57.82,7.89,22.7,0.0,0,0
2025-09-11,3,9,Lunch,270,130.57,122.18,8.39,18.7,0.0,0,0
2025-09-11,3,9,Dinner,204,98.09,74.09,23.99,22.7,2.6,0,0
2025-09-12,4,9,Breakfast,160,92.87,85.34,7.53,39.7,0.0,0,0
2025-09-12,4,9,Lunch,286,157.19,115.49,41.7,23.6,0.0,0,0
2025-09-12,4,9,Dinner,181,85.06,74.61,10.46,29.3,0.0,0,0
2025-09-13,5,9,Breakfast,71,37.61,33.15,4.46,29.3,0.0,0,0
2025-09-13,5,9,Lunch,175,102.98,91.53,11.45,26.5,0.0,0,0
2025-09-13,5,9,Dinner,106,57.59,45.88,11.71,21.9,2.4,0,0
2025-09-14,6,9,Breakfast,78,39.65,36.11,3.53,27.8,0.7,0,0
2025-09-14,6,9,Lunch,196,86.3,62.1,24.2,26.9,0.2,0,0
2025-09-14,6,9,Dinner,125,63.0,57.18,5.82,27.7,0.0,0,0
2025-09-15,0,9,Breakfast,144,80.8,72.55,8.25,18.5,0.0,0,0
2025-09-15,0,9,Lunch,312,129.51,98.65,30.87,32.0,0.0,0,0
2025-09-15,0,9,Dinner,233,120.14,95.39,24.75,21.1,0.7,0,0
2025-09-16,1,9,Breakfast,151,89.06,84.58,4.48,30.3,0.6,0,0
2025-09-16,1,9,Lunch,272,133.85,110.04,23.81,28.9,0.0,0,0
2025-09-16,1,9,Dinner,164,73.22,61.04,12.18,27.6,0.0,0,0
2025-09-17,2,9,Breakfast,128,54.03,44.14,9.89,25.2,0.0,0,0
2025-09-17,2,9,Lunch,279,163.18,136.62,26.55,25.8,0.0,0,0
2025-09-17,2,9,Dinner,230,111.89,101.5,10.39,16.1,3.0,0,0
2025-09-18,3,9,Breakfast,157,72.11,63.55,8.55,22.7,0.0,0,0
2025-09-18,3,9,Lunch,316,156.48,111.28,45.2,20.9,0.0,0,0
2025-09-18,3,9,Dinner,176,77.05,70.49,6.56,19.1,0.0,0,0
2025-09-19,4,9,Breakfast,128,51.7,45.7,6.0,21.6,2.2,0,0
2025-09-19,4,9,Lunch,238,112.34,91.7,20.64,31.8,5.2,0,0
2025-09-19,4,9,Dinner,206,122.73,112.92,9.81,28.5,0.0,0,0
2025-09-20,5,9,Breakfast,87,48.8,45.13,3.67,22.2,0.0,0,0
2025-09-20,5,9,Lunch,139,73.59,60.05,13.54,25.1,0.0,0,0
2025-09-20,5,9,Dinner,117,59.83,55.78,4.05,11.1,0.5,0,0
2025-09-21,6,9,Breakfast,69,29.81,24.93,4.89,21.7,0.0,0,0
2025-09-21,6,9,Lunch,181,89.39,78.67,10.72,21.0,0.0,0,0
2025-09-21,6,9,Dinner,128,68.4,49.16,19.24,13.1,0.0,0,0
2025-09-22,0,9,Breakfast,222,92.28,82.79,9.49,29.9,0.0,1,0
2025-09-22,0,9,Lunch,334,135.86,115.25,20.61,23.6,0.0,0,0
2025-09-22,0,9,Dinner,178,75.02,55.25,19.78,22.4,0.0,0,0
2025-09-23,1,9,Breakfast,142,74.9,64.52,10.39,24.8,0.2,0,0
2025-09-23,1,9,Lunch,301,161.98,135.01,26.97,34.6,0.0,0,0
2025-09-23,1,9,Dinner,176,99.43,79.6,19.83,17.4,0.0,0,0
2025-09-24,2,9,Breakfast,142,58.24,43.99,14.25,24.3,0.0,0,0
2025-09-24,2,9,Lunch,248,139.09,103.64,35.44,26.8,0.0,0,0
2025-09-24,2,9,Dinner,177,96.96,77.49,19.47,16.3,0.0,0,0
2025-09-25,3,9,Breakfast,129,61.88,43.61,18.27,21.3,0.0,0,0
2025-09-25,3,9,Lunch,315,177.27,145.96,31.31,21.9,0.0,0,0
2025-09-25,3,9,Dinner,183,77.02,72.84,4.18,28.3,0.0,0,0
2025-09-26,4,9,Breakfast,162,67.12,53.52,13.6,27.1,2.6,0,0
2025-09-26,4,9,Lunch,343,140.46,111.86,28.6,21.6,0.0,0,0
2025-09-26,4,9,Dinner,183,80.48,75.18,5.3,27.4,0.0,0,0
2025-09-27,5,9,Breakfast,86,39.93,29.27,10.66,24.8,0.0,0,0
2025-09-27,5,9,Lunch,160,70.42,54.35,16.07,32.5,0.0,0,0
2025-09-27,5,9,Dinner,112,65.97,49.4,16.56,22.5,0.0,0,0
2025-09-28,6,9,Breakfast,94,38.34,29.76,8.57,30.5,0.0,0,0
2025-09-28,6,9,Lunch,162,77.37,57.25,20.12,28.6,0.0,0,0
2025-09-28,6,9,Dinner,98,49.16,34.71,14.45,32.2,0.1,0,0
2025-09-29,0,9,Breakfast,141,64.8,51.57,13.23,29.7,0.0,0,0
2025-09-29,0,9,Lunch,264,144.86,120.67,24.19,14.7,1.1,0,0
2025-09-29,0,9,Dinner,212,99.47,73.93,25.55,27.9,0.0,0,0
2025-09-30,1,9,Breakfast,149,85.22,65.14,20.07,25.0,0.0,0,0
2025-09-30,1,9,Lunch,253,109.79,96.57,13.22,24.5,0.0,0,0
2025-09-30,1,9,Dinner,230,136.44,123.52,12.93,23.9,0.0,0,0
2025-10-01,2,10,Breakfast,142,70.14,62.83,7.31,22.2,0.0,0,0
2025-10-01,2,10,Lunch,343,180.95,127.09,53.86,28.1,0.0,0,0
2025-10-01,2,10,Dinner,217,88.36,82.46,5.9,19.3,0.0,0,0
2025-10-02,3,10,Breakfast,145,65.82,50.06,15.75,21.2,0.0,0,0
2025-10-02,3,10,Lunch,304,175.38,132.17,43.21,28.8,0.0,0,0
2025-10-02,3,10,Dinner,213,92.68,74.64,18.04,31.5,0.4,0,0
2025-10-03,4,10,Breakfast,257,134.43,121.13,13.3,24.1,0.0,1,0
2025-10-03,4,10,Lunch,304,134.44,110.98,23.46,26.9,0.0,0,0
2025-10-03,4,10,Dinner,200,117.03,100.8,16.23,23.3,0.0,0,0
2025-10-04,5,10,Breakfast,88,47.09,39.56,7.54,28.5,0.0,0,0
2025-10-04,5,10,Lunch,292,123.41,108.93,14.47,28.4,0.0,1,0
2025-10-04,5,10,Dinner,139,73.29,65.07,8.22,29.0,0.0,0,0
2025-10-05,6,10,Breakfast,95,48.2,43.03,5.17,19.9,0.0,0,0
2025-10-05,6,10,Lunch,316,127.34,112.3,15.05,20.1,0.4,1,0
2025-10-05,6,10,Dinner,101,42.73,34.26,8.47,29.1,9.6,0,0
2025-10-06,0,10,Breakfast,165,98.11,70.04,28.06,23.1,0.0,0,0
2025-10-06,0,10,Lunch,306,142.72,105.43,37.29,30.4,0.0,0,0
2025-10-06,0,10,Dinner,223,108.28,81.14,27.14,25.4,3.3,0,0
2025-10-07,1,10,Breakfast,122,50.97,36.42,14.55,25.7,0.0,0,0
2025-10-07,1,10,Lunch,275,130.1,121.52,8.58,32.1,0.0,0,0
2025-10-07,1,10,Dinner,192,104.33,75.23,29.1,25.8,3.3,0,0
2025-10-08,2,10,Breakfast,162,86.83,78.81,8.01,28.0,0.0,0,0
2025-10-08,2,10,Lunch,288,163.87,114.72,49.15,19.9,0.0,0,0
2025-10-08,2,10,Dinner,194,114.01,83.3,30.71,28.2,0.0,0,0
2025-10-09,3,10,Breakfast,142,59.41,48.2,11.21,16.6,1.9,0,0
2025-10-09,3,10,Lunch,290,143.42,124.67,18.75,23.9,0.0,0,0
2025-10-09,3,10,Dinner,210,96.15,73.4,22.75,26.8,0.1,0,0
2025-10-10,4,10,Breakfast,136,72.7,57.92,14.77,19.0,0.0,0,0
2025-10-10,4,10,Lunch,284,151.48,114.9,36.58,21.6,0.0,0,0
2025-10-10,4,10,Dinner,238,122.12,107.32,14.79,32.6,0.0,0,0
2025-10-11,5,10,Breakfast,111,65.65,46.94,18.7,26.5,0.0,0,1
2025-10-11,5,10,Lunch,228,120.12,94.71,25.41,18.4,0.0,0,1
2025-10-11,5,10,Dinner,130,59.63,42.24,17.39,16.9,4.1,0,0
2025-10-12,6,10,Breakfast,101,42.92,39.24,3.67,24.0,0.0,0,0
2025-10-12,6,10,Lunch,171,89.17,73.04,16.13,18.3,0.0,0,0
2025-10-12,6,10,Dinner,128,74.95,58.7,16.25,31.3,0.0,0,0
2025-10-13,0,10,Breakfast,150,67.81,50.47,17.34,23.3,0.0,0,0
2025-10-13,0,10,Lunch,419,241.16,222.78,18.38,26.5,0.0,0,1
2025-10-13,0,10,Dinner,225,131.49,96.67,34.82,18.7,0.7,0,0
2025-10-14,1,10,Breakfast,127,50.82,45.2,5.63,26.6,0.0,0,0
2025-10-14,1,10,Lunch,297,145.39,129.95,15.44,29.5,0.0,0,0
2025-10-14,1,10,Dinner,205,91.43,67.39,24.04,15.1,0.0,0,0
2025-10-15,2,10,Breakfast,166,97.49,87.92,9.57,31.6,0.0,0,0
2025-10-15,2,10,Lunch,329,135.34,127.85,7.49,17.9,0.6,0,0
2025-10-15,2,10,Dinner,241,125.91,110.68,15.23,31.8,0.0,0,0
2025-10-16,3,10,Breakfast,142,67.36,61.42,5.94,32.5,0.0,0,0
2025-10-16,3,10,Lunch,333,144.4,136.17,8.23,23.0,0.0,0,0
2025-10-16,3,10,Dinner,200,90.45,74.89,15.56,25.9,0.0,0,0
2025-10-17,4,10,Breakfast,142,70.78,51.21,19.57,20.4,0.0,0,0
2025-10-17,4,10,Lunch,306,176.91,155.61,21.29,21.0,0.0,0,0
2025-10-17,4,10,Dinner,259,115.63,98.98,16.65,31.0,0.0,0,1
2025-10-18,5,10,Breakfast,89,45.7,38.31,7.39,22.2,0.0,0,0
2025-10-18,5,10,Lunch,170,94.65,78.55,16.11,24.8,1.0,0,0
2025-10-18,5,10,Dinner,132,73.8,59.36,14.45,23.4,0.5,0,0
2025-10-19,6,10,Breakfast,83,41.07,32.77,8.3,21.3,3.6,0,0
2025-10-19,6,10,Lunch,162,69.33,57.43,11.91,15.9,0.0,0,0
2025-10-19,6,10,Dinner,113,59.36,52.35,7.01,21.5,0.0,0,0
2025-10-20,0,10,Breakfast,179,89.31,81.48,7.83,23.4,0.0,0,0
2025-10-20,0,10,Lunch,302,121.92,112.43,9.49,24.7,0.0,0,0
2025-10-20,0,10,Dinner,215,93.4,72.51,20.89,29.8,0.0,0,0
2025-10-21,1,10,Breakfast,142,57.61,49.39,8.22,20.5,0.0,0,0
2025-10-21,1,10,Lunch,270,137.26,99.21,38.05,25.9,3.1,0,0
2025-10-21,1,10,Dinner,218,118.02,105.93,12.08,30.8,0.6,0,0
2025-10-22,2,10,Breakfast,138,68.28,61.44,6.83,21.9,0.0,0,0
2025-10-22,2,10,Lunch,312,158.88,119.71,39.16,32.2,0.0,0,0
2025-10-22,2,10,Dinner,194,108.15,102.31,5.84,15.1,0.0,0,0
2025-10-23,3,10,Breakfast,147,84.48,60.91,23.57,28.3,0.0,0,0
2025-10-23,3,10,Lunch,334,136.4,111.55,24.86,30.8,0.0,0,0
2025-10-23,3,10,Dinner,182,108.45,78.31,30.13,16.9,0.0,0,0
2025-10-24,4,10,Breakfast,162,78.75,63.18,15.56,24.8,0.0,0,0
2025-10-24,4,10,Lunch,294,123.4,105.48,17.92,28.3,0.2,0,0
2025-10-24,4,10,Dinner,176,87.44,82.59,4.85,25.4,0.0,0,0
2025-10-25,5,10,Breakfast,97,54.72,40.05,14.67,23.3,0.0,0,0
2025-10-25,5,10,Lunch,184,109.53,84.37,25.16,27.3,0.0,0,0
2025-10-25,5,10,Dinner,141,61.78,51.79,10.0,26.4,0.0,0,0
2025-10-26,6,10,Breakfast,76,41.22,34.83,6.39,22.5,0.0,0,0
2025-10-26,6,10,Lunch,169,81.7,64.35,17.35,26.3,0.0,0,0
2025-10-26,6,10,Dinner,122,60.71,56.57,4.14,19.5,0.0,0,0
2025-10-27,0,10,Breakfast,194,109.46,88.54,20.92,16.2,0.0,0,0
2025-10-27,0,10,Lunch,292,172.73,158.38,14.35,21.0,0.0,0,0
2025-10-27,0,10,Dinner,222,128.96,106.49,22.46,22.6,0.0,0,0
2025-10-28,1,10,Breakfast,149,83.86,74.99,8.87,25.5,0.0,0,0
2025-10-28,1,10,Lunch,328,143.94,105.45,38.49,28.4,0.0,0,0
2025-10-28,1,10,Dinner,211,105.73,91.13,14.6,35.5,0.0,0,0
2025-10-29,2,10,Breakfast,168,73.77,69.59,4.19,5.8,0.0,0,0
2025-10-29,2,10,Lunch,278,155.33,139.22,16.11,22.6,0.0,0,0
2025-10-29,2,10,Dinner,180,87.06,73.11,13.94,21.1,3.5,0,0
2025-10-30,3,10,Breakfast,130,73.85,57.67,16.18,23.9,0.0,0,0
2025-10-30,3,10,Lunch,307,178.54,141.19,37.35,23.7,0.0,0,0
2025-10-30,3,10,Dinner,163,89.96,82.16,7.8,25.0,0.0,0,0
2025-10-31,4,10,Breakfast,224,122.25,114.69,7.56,21.2,0.0,0,1
2025-10-31,4,10,Lunch,340,171.63,141.81,29.82,24.1,0.0,0,0
2025-10-31,4,10,Dinner,200,94.42,84.94,9.48,27.3,0.4,0,0
2025-11-01,5,11,Breakfast,97,47.25,36.55,10.69,38.0,3.3,0,0
2025-11-01,5,11,Lunch,168,93.05,70.83,22.22,24.9,0.0,0,0
2025-11-01,5,11,Dinner,132,56.44,48.14,8.29,17.6,0.0,0,0
2025-11-02,6,11,Breakfast,78,31.78,22.46,9.33,25.5,0.0,0,0
2025-11-02,6,11,Lunch,200,100.52,88.28,12.24,20.7,0.0,0,0
2025-11-02,6,11,Dinner,115,60.88,50.14,10.74,22.0,0.0,0,0
2025-11-03,0,11,Breakfast,182,97.51,89.55,7.96,29.0,0.0,0,0
2025-11-03,0,11,Lunch,254,146.92,103.97,42.95,15.3,0.0,0,0
2025-11-03,0,11,Dinner,215,100.22,72.41,27.8,29.2,0.1,0,0
2025-11-04,1,11,Breakfast,190,105.16,97.41,7.75,20.5,0.0,0,0
2025-11-04,1,11,Lunch,296,142.19,120.0,22.19,27.8,0.7,0,0
2025-11-04,1,11,Dinner,210,97.01,91.46,5.55,32.6,0.0,0,0
2025-11-05,2,11,Breakfast,146,71.07,66.25,4.82,24.2,0.0,0,0
2025-11-05,2,11,Lunch,336,194.94,184.05,10.89,33.8,0.7,0,0
2025-11-05,2,11,Dinner,224,104.01,74.76,29.25,23.3,1.3,0,0
2025-11-06,3,11,Breakfast,151,72.76,55.55,17.21,25.4,0.0,0,0
2025-11-06,3,11,Lunch,323,159.82,119.61,40.21,27.1,0.0,0,0
2025-11-06,3,11,Dinner,177,101.64,90.16,11.48,28.1,1.0,0,0
2025-11-07,4,11,Breakfast,166,79.33,65.67,13.66,25.5,0.0,0,0
2025-11-07,4,11,Lunch,293,170.1,159.99,10.11,24.1,0.0,0,0
2025-11-07,4,11,Dinner,209,106.8,94.59,12.22,30.0,0.0,0,0
2025-11-08,5,11,Breakfast,78,42.98,38.15,4.83,22.1,0.0,0,0
2025-11-08,5,11,Lunch,150,62.22,57.42,4.8,27.5,1.3,0,0
2025-11-08,5,11,Dinner,122,71.6,57.86,13.75,27.2,3.7,0,0
2025-11-09,6,11,Breakfast,104,59.95,48.62,11.32,13.5,0.0,0,0
2025-11-09,6,11,Lunch,184,77.25,71.63,5.62,19.7,0.0,0,0
2025-11-09,6,11,Dinner,112,64.4,54.97,9.43,21.8,0.0,0,0
2025-11-10,0,11,Breakfast,136,74.3,60.17,14.13,22.0,0.0,0,0
2025-11-10,0,11,Lunch,244,133.0,95.37,37.63,23.0,0.0,0,0
2025-11-10,0,11,Dinner,203,88.69,71.9,16.78,25.8,1.3,0,0
2025-11-11,1,11,Breakfast,137,57.98,48.63,9.35,25.9,0.0,0,0
2025-11-11,1,11,Lunch,296,135.28,101.31,33.97,26.3,0.0,0,0
2025-11-11,1,11,Dinner,214,102.49,81.29,21.2,19.5,0.0,0,0
2025-11-12,2,11,Breakfast,147,81.04,69.1,11.94,18.5,0.0,0,0
2025-11-12,2,11,Lunch,283,124.25,92.11,32.14,19.0,0.0,0,0
2025-11-12,2,11,Dinner,214,123.14,112.91,10.23,21.5,0.0,0,0
2025-11-13,3,11,Breakfast,149,79.01,58.35,20.66,23.4,0.0,0,0
2025-11-13,3,11,Lunch,315,129.02,103.47,25.55,19.6,0.0,0,0
2025-11-13,3,11,Dinner,214,100.73,82.66,18.07,20.1,0.0,0,0
2025-11-14,4,11,Breakfast,186,82.36,57.77,24.59,21.6,0.0,0,0
2025-11-14,4,11,Lunch,357,178.67,166.03,12.64,30.2,0.0,0,1
2025-11-14,4,11,Dinner,219,118.97,93.52,25.45,30.2,0.0,0,0
2025-11-15,5,11,Breakfast,100,48.17,37.92,10.25,21.8,0.3,0,0
2025-11-15,5,11,Lunch,183,107.69,101.94,5.75,23.4,0.0,0,0
2025-11-15,5,11,Dinner,113,59.76,53.15,6.61,23.7,0.0,0,0
2025-11-16,6,11,Breakfast,105,52.37,37.39,14.99,28.2,2.4,0,0
2025-11-16,6,11,Lunch,214,108.04,81.81,26.23,25.3,0.0,0,0
2025-11-16,6,11,Dinner,142,73.13,67.46,5.67,23.4,0.0,0,1
2025-11-17,0,11,Breakfast,182,77.49,70.81,6.68,23.2,1.3,0,0
2025-11-17,0,11,Lunch,306,160.7,144.37,16.33,29.6,0.1,0,0
2025-11-17,0,11,Dinner,165,86.0,80.62,5.39,27.2,0.0,0,0
2025-11-18,1,11,Breakfast,188,76.65,68.1,8.56,21.2,0.0,0,1
2025-11-18,1,11,Lunch,312,142.33,132.02,10.31,13.7,0.0,0,0
2025-11-18,1,11,Dinner,163,77.41,55.75,21.66,22.6,0.0,0,0
2025-11-19,2,11,Breakfast,125,57.11,51.68,5.44,32.3,0.0,0,0
2025-11-19,2,11,Lunch,252,107.24,83.45,23.8,31.4,0.0,0,0
2025-11-19,2,11,Dinner,208,100.33,82.12,18.21,37.9,0.0,0,0
2025-11-20,3,11,Breakfast,145,63.87,58.92,4.95,30.7,0.0,0,0
2025-11-20,3,11,Lunch,270,140.13,109.47,30.66,24.9,0.0,0,0
2025-11-20,3,11,Dinner,190,108.82,86.28,22.54,27.7,0.0,0,0
2025-11-21,4,11,Breakfast,139,61.11,43.17,17.94,28.2,0.0,0,0
2025-11-21,4,11,Lunch,294,137.56,119.68,17.88,25.2,0.0,0,0
2025-11-21,4,11,Dinner,187,106.92,85.63,21.29,27.5,0.0,0,0
2025-11-22,5,11,Breakfast,106,49.9,46.05,3.85,27.5,0.8,0,0
2025-11-22,5,11,Lunch,175,83.68,78.37,5.3,23.7,0.0,0,0
2025-11-22,5,11,Dinner,105,57.47,46.81,10.66,28.9,0.0,0,0
2025-11-23,6,11,Breakfast,95,43.7,32.92,10.77,33.9,0.0,0,0
2025-11-23,6,11,Lunch,194,96.23,88.3,7.93,26.9,0.0,0,0
2025-11-23,6,11,Dinner,117,59.27,43.53,15.74,28.1,0.0,0,0
2025-11-24,0,11,Breakfast,162,93.21,81.0,12.21,16.6,0.0,0,0
2025-11-24,0,11,Lunch,233,133.97,124.73,9.24,26.0,0.0,0,0
2025-11-24,0,11,Dinner,204,83.31,77.21,6.11,27.6,0.0,0,0
2025-11-25,1,11,Breakfast,132,74.74,52.61,22.13,10.4,0.0,0,0
2025-11-25,1,11,Lunch,282,127.16,118.39,8.77,33.0,0.0,0,0
2025-11-25,1,11,Dinner,228,108.0,94.85,13.15,27.0,0.0,0,0
2025-11-26,2,11,Breakfast,143,61.01,52.7,8.32,24.4,0.0,0,0
2025-11-26,2,11,Lunch,249,104.03,95.22,8.81,30.4,0.4,0,0
2025-11-26,2,11,Dinner,158,74.84,53.24,21.6,25.6,0.0,0,0
2025-11-27,3,11,Breakfast,121,68.22,64.75,3.48,26.5,0.0,0,0
2025-11-27,3,11,Lunch,253,146.99,123.47,23.52,19.7,0.0,0,0
2025-11-27,3,11,Dinner,186,91.9,71.56,20.34,35.3,3.2,0,0
2025-11-28,4,11,Breakfast,237,136.27,122.25,14.02,29.4,0.0,1,0
2025-11-28,4,11,Lunch,308,163.6,140.76,22.84,22.5,0.0,0,0
2025-11-28,4,11,Dinner,131,63.91,56.66,7.25,34.3,5.3,0,0
2025-11-29,5,11,Breakfast,79,44.8,35.83,8.97,22.3,0.0,0,0
2025-11-29,5,11,Lunch,176,94.3,79.28,15.01,30.8,0.0,0,0
2025-11-29,5,11,Dinner,164,96.5,91.7,4.8,22.5,2.3,1,0
2025-11-30,6,11,Breakfast,86,40.73,32.74,7.99,14.4,3.9,0,0
2025-11-30,6,11,Lunch,196,88.29,68.97,19.32,22.4,0.4,0,0
2025-11-30,6,11,Dinner,127,56.1,46.09,10.02,27.5,0.0,0,0
2025-12-01,0,12,Breakfast,151,78.53,74.15,4.38,26.0,0.0,0,0
2025-12-01,0,12,Lunch,302,156.06,135.44,20.63,23.7,0.0,0,0
2025-12-01,0,12,Dinner,218,96.21,82.3,13.91,18.9,0.0,0,0
2025-12-02,1,12,Breakfast,140,62.36,49.73,12.63,23.1,0.8,0,0
2025-12-02,1,12,Lunch,317,128.37,102.18,26.2,32.1,4.9,0,0
2025-12-02,1,12,Dinner,185,83.2,67.23,15.97,27.2,0.0,0,0
2025-12-03,2,12,Breakfast,177,97.88,90.91,6.97,21.1,0.0,0,0
2025-12-03,2,12,Lunch,245,119.57,107.49,12.08,17.0,0.0,0,0
2025-12-03,2,12,Dinner,204,103.19,94.83,8.35,20.6,0.0,0,0
2025-12-04,3,12,Breakfast,145,70.35,52.54,17.81,16.2,0.0,0,0
2025-12-04,3,12,Lunch,346,176.72,155.42,21.3,24.3,0.0,0,0
2025-12-04,3,12,Dinner,197,89.62,68.85,20.77,26.7,0.0,0,0
2025-12-05,4,12,Breakfast,126,67.39,50.62,16.77,29.4,0.0,0,0
2025-12-05,4,12,Lunch,306,129.36,95.04,34.32,24.4,0.0,0,0
2025-12-05,4,12,Dinner,180,81.45,62.01,19.44,19.7,0.0,0,0
2025-12-06,5,12,Breakfast,92,47.61,37.11,10.5,23.9,0.8,0,0
2025-12-06,5,12,Lunch,187,79.73,69.05,10.68,33.4,0.0,0,0
2025-12-06,5,12,Dinner,102,41.27,29.42,11.85,23.3,0.0,0,0
2025-12-07,6,12,Breakfast,91,53.72,50.29,3.43,23.2,0.0,0,0
2025-12-07,6,12,Lunch,204,106.2,89.71,16.49,27.5,0.0,0,0
2025-12-07,6,12,Dinner,124,50.29,45.68,4.6,24.3,0.0,0,0
2025-12-08,0,12,Breakfast,157,89.78,71.9,17.88,21.2,0.0,0,0
2025-12-08,0,12,Lunch,289,170.6,159.78,10.82,19.2,0.0,0,0
2025-12-08,0,12,Dinner,193,100.27,90.22,10.05,23.6,1.0,0,0
2025-12-09,1,12,Breakfast,153,84.41,66.93,17.48,25.7,0.0,0,0
2025-12-09,1,12,Lunch,408,238.41,210.15,28.27,29.1,0.0,1,0
2025-12-09,1,12,Dinner,227,101.14,75.84,25.3,23.5,1.2,0,0
2025-12-10,2,12,Breakfast,143,70.97,50.47,20.5,32.6,0.0,0,0
2025-12-10,2,12,Lunch,299,166.71,127.28,39.43,24.4,0.0,0,0
2025-12-10,2,12,Dinner,221,108.4,99.76,8.64,28.8,0.0,0,0
2025-12-11,3,12,Breakfast,145,72.67,58.11,14.56,30.9,0.0,0,0
2025-12-11,3,12,Lunch,270,124.49,115.95,8.54,23.9,0.0,0,0
2025-12-11,3,12,Dinner,187,110.03,91.6,18.43,31.7,0.0,0,0
2025-12-12,4,12,Breakfast,166,82.18,61.49,20.69,22.8,0.0,0,0
2025-12-12,4,12,Lunch,301,150.25,140.12,10.13,25.9,0.0,0,0
2025-12-12,4,12,Dinner,205,100.2,82.27,17.93,26.1,0.0,0,0
2025-12-13,5,12,Breakfast,89,42.71,40.43,2.29,23.6,0.4,0,0
2025-12-13,5,12,Lunch,163,72.95,52.54,20.4,24.1,0.0,0,0
2025-12-13,5,12,Dinner,133,71.46,53.81,17.64,17.6,0.0,0,0
2025-12-14,6,12,Breakfast,84,38.88,35.28,3.61,33.8,0.0,0,0
2025-12-14,6,12,Lunch,206,98.99,77.79,21.2,17.0,0.0,0,0
2025-12-14,6,12,Dinner,113,54.59,48.96,5.64,32.1,0.0,0,0
2025-12-15,0,12,Breakfast,179,107.38,83.44,23.94,35.2,0.0,0,0
2025-12-15,0,12,Lunch,322,185.69,137.43,48.26,26.7,0.0,0,0
2025-12-15,0,12,Dinner,175,83.36,73.77,9.59,18.7,0.0,0,0
2025-12-16,1,12,Breakfast,171,91.86,64.71,27.15,17.9,0.0,0,0
2025-12-16,1,12,Lunch,312,167.85,158.26,9.59,32.7,0.0,0,0
2025-12-16,1,12,Dinner,180,97.49,88.54,8.95,23.6,4.7,0,0
2025-12-17,2,12,Breakfast,146,73.27,68.6,4.67,25.9,0.0,0,0
2025-12-17,2,12,Lunch,301,161.28,137.37,23.91,28.0,0.0,0,0
2025-12-17,2,12,Dinner,203,91.5,83.95,7.55,30.5,0.3,0,0
2025-12-18,3,12,Breakfast,145,60.91,54.12,6.79,31.6,0.0,0,0
2025-12-18,3,12,Lunch,248,106.72,91.97,14.75,22.9,0.0,0,0
2025-12-18,3,12,Dinner,211,114.58,98.52,16.05,26.2,0.2,0,0
2025-12-19,4,12,Breakfast,176,87.04,80.51,6.53,20.4,0.0,0,0
2025-12-19,4,12,Lunch,270,119.61,103.35,16.26,18.7,3.2,0,0
2025-12-19,4,12,Dinner,192,90.3,66.98,23.32,30.5,3.3,0,0
2025-12-20,5,12,Breakfast,112,45.36,40.66,4.7,24.5,0.5,0,1
2025-12-20,5,12,Lunch,178,73.52,52.38,21.14,24.1,0.3,0,0
2025-12-20,5,12,Dinner,139,80.92,71.12,9.8,24.6,0.0,0,0
2025-12-21,6,12,Breakfast,96,47.65,38.13,9.52,23.3,0.0,0,0
2025-12-21,6,12,Lunch,171,82.18,57.87,24.31,33.3,0.0,0,0
2025-12-21,6,12,Dinner,133,76.87,65.5,11.36,22.5,0.0,0,0
2025-12-22,0,12,Breakfast,108,60.09,47.4,12.69,17.7,13.2,0,0
2025-12-22,0,12,Lunch,308,132.1,100.16,31.94,31.0,0.0,0,0
2025-12-22,0,12,Dinner,179,77.48,58.82,18.66,21.5,0.0,0,0
2025-12-23,1,12,Breakfast,150,69.87,60.32,9.55,16.2,1.2,0,0
2025-12-23,1,12,Lunch,249,116.28,94.89,21.39,27.7,0.0,0,0
2025-12-23,1,12,Dinner,199,117.39,111.42,5.97,20.1,0.0,0,0
2025-12-24,2,12,Breakfast,124,54.71,43.81,10.9,31.6,0.2,0,0
2025-12-24,2,12,Lunch,285,163.29,134.44,28.84,26.1,0.0,0,0
2025-12-24,2,12,Dinner,236,100.4,72.89,27.51,33.8,0.0,0,0
2025-12-25,3,12,Breakfast,160,86.67,74.18,12.49,20.3,0.0,0,0
2025-12-25,3,12,Lunch,327,150.91,142.79,8.11,31.7,0.0,0,0
2025-12-25,3,12,Dinner,207,87.53,72.94,14.59,22.9,0.0,0,0
2025-12-26,4,12,Breakfast,159,89.36,81.3,8.06,27.2,0.0,0,0
2025-12-26,4,12,Lunch,326,146.61,118.45,28.16,25.1,0.0,0,0
2025-12-26,4,12,Dinner,214,85.96,62.54,23.42,18.3,0.0,0,0
2025-12-27,5,12,Breakfast,83,47.44,41.25,6.19,21.2,0.7,0,0
2025-12-27,5,12,Lunch,148,84.98,77.97,7.01,27.7,0.0,0,0
2025-12-27,5,12,Dinner,142,84.97,63.37,21.61,16.7,0.0,0,0
2025-12-28,6,12,Breakfast,89,42.63,31.73,10.9,30.4,0.0,0,0
2025-12-28,6,12,Lunch,123,50.47,35.71,14.76,18.2,10.5,0,0
2025-12-28,6,12,Dinner,112,61.75,48.0,13.75,22.6,0.0,0,0
2025-12-29,0,12,Breakfast,159,72.84,57.17,15.67,26.1,0.0,0,0
2025-12-29,0,12,Lunch,282,118.44,100.34,18.1,24.7,3.0,0,0
2025-12-29,0,12,Dinner,202,116.62,101.19,15.43,24.0,0.0,0,0
2025-12-30,1,12,Breakfast,145,73.43,57.95,15.48,28.0,2.8,0,0
2025-12-30,1,12,Lunch,322,179.63,131.59,48.04,28.3,0.0,0,0
2025-12-30,1,12,Dinner,228,128.85,120.37,8.48,32.1,1.0,0,0
2025-12-31,2,12,Breakfast,170,75.37,55.96,19.41,23.4,0.0,0,0
2025-12-31,2,12,Lunch,286,152.99,109.22,43.77,23.5,0.0,0,0
2025-12-31,2,12,Dinner,178,103.09,89.99,13.1,25.0,0.0,0,0
2026-01-01,3,1,Breakfast,139,67.55,47.47,20.08,33.4,0.0,0,0
2026-01-01,3,1,Lunch,321,191.91,176.27,15.64,25.8,0.0,0,0
2026-01-01,3,1,Dinner,269,123.53,113.36,10.16,26.7,0.0,0,1
2026-01-02,4,1,Breakfast,146,63.15,50.33,12.82,17.1,0.0,0,0
2026-01-02,4,1,Lunch,282,117.92,86.35,31.58,27.7,0.0,0,0
2026-01-02,4,1,Dinner,191,97.38,85.74,11.64,27.8,3.5,0,0
2026-01-03,5,1,Breakfast,114,57.25,53.15,4.1,25.5,3.7,0,1
2026-01-03,5,1,Lunch,168,70.56,53.94,16.62,20.1,0.0,0,0
2026-01-03,5,1,Dinner,122,52.66,48.19,4.47,23.2,0.0,0,0
2026-01-04,6,1,Breakfast,89,35.67,29.71,5.95,29.1,0.0,0,0
2026-01-04,6,1,Lunch,164,91.01,85.25,5.76,23.8,0.0,0,0
2026-01-04,6,1,Dinner,128,57.4,51.29,6.12,23.1,0.8,0,0
2026-01-05,0,1,Breakfast,150,89.38,84.01,5.37,28.9,0.0,0,0
2026-01-05,0,1,Lunch,290,164.53,122.35,42.18,28.8,0.5,0,0
2026-01-05,0,1,Dinner,241,117.58,84.09,33.5,24.2,0.0,0,1
2026-01-06,1,1,Breakfast,173,80.92,71.96,8.96,27.1,0.0,0,0
2026-01-06,1,1,Lunch,303,154.97,116.49,38.48,30.2,0.0,0,0
2026-01-06,1,1,Dinner,225,107.82,101.98,5.84,17.5,1.2,0,0
2026-01-07,2,1,Breakfast,155,85.47,75.84,9.63,22.8,0.0,0,0
2026-01-07,2,1,Lunch,301,177.73,159.64,18.08,31.9,0.0,0,0
2026-01-07,2,1,Dinner,285,163.22,127.43,35.78,34.2,1.1,0,1
2026-01-08,3,1,Breakfast,134,77.06,57.59,19.47,13.0,0.0,0,0
2026-01-08,3,1,Lunch,301,123.51,92.98,30.54,22.9,0.0,0,0
2026-01-08,3,1,Dinner,191,97.38,74.81,22.57,24.0,0.0,0,0
2026-01-09,4,1,Breakfast,144,82.74,73.28,9.46,22.2,1.9,0,0
2026-01-09,4,1,Lunch,351,161.58,147.35,14.24,20.0,0.0,0,0
2026-01-09,4,1,Dinner,220,119.8,91.87,27.93,21.0,0.0,0,0
2026-01-10,5,1,Breakfast,82,40.24,34.16,6.09,24.7,3.1,0,0
2026-01-10,5,1,Lunch,186,84.54,64.97,19.57,24.1,2.2,0,0
2026-01-10,5,1,Dinner,111,57.75,54.3,3.45,31.1,0.0,0,0
2026-01-11,6,1,Breakfast,94,37.88,27.74,10.14,20.1,0.0,0,0
2026-01-11,6,1,Lunch,151,78.4,60.65,17.75,22.8,0.0,0,0
2026-01-11,6,1,Dinner,115,51.32,40.33,10.98,19.6,0.0,0,0
2026-01-12,0,1,Breakfast,154,72.84,67.01,5.84,30.0,0.0,0,0
2026-01-12,0,1,Lunch,334,140.67,108.24,32.43,31.3,0.0,0,0
2026-01-12,0,1,Dinner,219,118.38,101.04,17.34,25.6,0.0,0,0
2026-01-13,1,1,Breakfast,156,80.77,62.82,17.95,11.0,0.0,0,0
2026-01-13,1,1,Lunch,293,135.69,121.86,13.82,31.8,0.0,0,0
2026-01-13,1,1,Dinner,189,97.57,76.88,20.69,26.8,0.0,0,0
2026-01-14,2,1,Breakfast,194,102.24,93.43,8.81,27.9,0.0,1,1
2026-01-14,2,1,Lunch,309,135.7,111.45,24.25,21.7,0.0,0,0
2026-01-14,2,1,Dinner,229,104.02,88.81,15.22,24.6,0.0,0,0
2026-01-15,3,1,Breakfast,127,76.0,55.15,20.85,24.3,3.0,0,0
2026-01-15,3,1,Lunch,293,148.56,133.61,14.95,24.2,2.2,0,0
2026-01-15,3,1,Dinner,217,129.41,103.88,25.52,16.7,0.0,0,0
2026-01-16,4,1,Breakfast,153,72.32,61.66,10.65,23.3,0.0,0,0
2026-01-16,4,1,Lunch,336,179.53,143.14,36.39,20.0,0.0,0,0
2026-01-16,4,1,Dinner,199,110.05,98.06,12.0,26.4,0.0,0,0
2026-01-17,5,1,Breakfast,87,52.0,42.51,9.49,22.7,0.0,0,0
2026-01-17,5,1,Lunch,174,82.93,77.62,5.3,27.4,0.0,0,0
2026-01-17,5,1,Dinner,132,66.14,62.15,3.99,16.2,0.0,0,0
2026-01-18,6,1,Breakfast,82,37.95,33.05,4.89,27.7,0.0,0,0
2026-01-18,6,1,Lunch,201,97.75,92.12,5.64,23.0,0.0,0,1
2026-01-18,6,1,Dinner,107,45.21,41.96,3.25,26.3,0.0,0,0
2026-01-19,0,1,Breakfast,131,55.17,41.21,13.95,27.3,4.3,0,0
2026-01-19,0,1,Lunch,300,140.47,121.58,18.9,32.3,0.0,0,0
2026-01-19,0,1,Dinner,197,86.45,74.69,11.75,31.8,0.0,0,0
2026-01-20,1,1,Breakfast,159,89.39,79.87,9.53,22.8,0.0,0,0
2026-01-20,1,1,Lunch,265,108.66,92.6,16.06,24.4,0.0,0,0
2026-01-20,1,1,Dinner,194,79.55,63.57,15.98,26.4,0.0,0,0
2026-01-21,2,1,Breakfast,137,69.25,64.07,5.18,17.9,2.8,0,0
2026-01-21,2,1,Lunch,246,108.52,96.46,12.05,28.5,0.0,0,0
2026-01-21,2,1,Dinner,198,105.47,96.8,8.67,27.8,0.0,0,0
2026-01-22,3,1,Breakfast,166,74.05,65.6,8.45,22.7,0.0,0,0
2026-01-22,3,1,Lunch,485,198.23,193.52,4.71,12.6,0.0,1,0
2026-01-22,3,1,Dinner,207,106.53,95.37,11.16,23.7,0.3,0,0
2026-01-23,4,1,Breakfast,149,79.84,72.49,7.34,25.8,0.0,0,0
2026-01-23,4,1,Lunch,350,143.43,132.19,11.24,36.5,0.0,0,1
2026-01-23,4,1,Dinner,207,92.92,84.39,8.53,17.1,1.3,0,0
2026-01-24,5,1,Breakfast,91,45.64,43.34,2.3,28.8,0.0,0,0
2026-01-24,5,1,Lunch,199,91.56,67.52,24.04,19.6,3.0,0,0
2026-01-24,5,1,Dinner,101,55.8,52.87,2.93,24.1,0.0,0,0
2026-01-25,6,1,Breakfast,98,50.01,42.57,7.43,21.4,0.0,0,0
2026-01-25,6,1,Lunch,201,94.45,71.13,23.31,30.1,0.0,0,0
2026-01-25,6,1,Dinner,110,48.83,34.97,13.86,17.9,0.0,0,0
2026-01-26,0,1,Breakfast,160,89.37,80.53,8.84,20.9,0.0,0,0
2026-01-26,0,1,Lunch,347,184.3,153.99,30.31,21.9,0.0,0,1
2026-01-26,0,1,Dinner,209,99.31,93.91,5.4,28.0,0.0,0,0
2026-01-27,1,1,Breakfast,151,90.28,66.76,23.53,26.6,0.0,0,0
2026-01-27,1,1,Lunch,393,190.63,162.23,28.4,32.3,0.0,0,1
2026-01-27,1,1,Dinner,234,93.66,79.98,13.67,19.5,0.0,0,0
2026-01-28,2,1,Breakfast,142,61.04,51.58,9.46,22.4,0.0,0,0
2026-01-28,2,1,Lunch,327,158.67,148.59,10.08,31.3,0.0,0,0
2026-01-28,2,1,Dinner,183,96.73,88.54,8.19,21.5,0.0,0,0
2026-01-29,3,1,Breakfast,149,75.42,65.67,9.75,19.4,0.0,0,0
2026-01-29,3,1,Lunch,309,165.51,153.19,12.32,29.3,0.0,0,0
2026-01-29,3,1,Dinner,189,80.52,75.84,4.68,31.6,0.0,0,0
2026-01-30,4,1,Breakfast,150,61.05,51.0,10.05,24.7,0.0,0,0
2026-01-30,4,1,Lunch,292,129.44,99.14,30.3,20.8,4.9,0,0
2026-01-30,4,1,Dinner,185,88.34,71.24,17.1,28.3,2.5,0,0
2026-01-31,5,1,Breakfast,106,52.49,42.92,9.57,22.2,0.0,0,0
2026-01-31,5,1,Lunch,172,98.6,90.97,7.63,30.9,0.0,0,0
2026-01-31,5,1,Dinner,108,46.56,39.93,6.63,20.6,2.1,0,0
2026-02-01,6,2,Breakfast,93,43.87,40.74,3.13,28.3,0.5,0,0
2026-02-01,6,2,Lunch,189,95.93,84.39,11.54,32.9,0.0,0,0
2026-02-01,6,2,Dinner,109,58.39,52.02,6.36,28.5,1.1,0,0
2026-02-02,0,2,Breakfast,145,69.44,51.73,17.71,19.1,0.0,0,0
2026-02-02,0,2,Lunch,246,98.79,82.47,16.32,23.1,0.0,0,0
2026-02-02,0,2,Dinner,216,105.66,83.12,22.54,21.7,0.0,0,0
2026-02-03,1,2,Breakfast,159,66.6,56.32,10.27,27.5,0.0,0,0
2026-02-03,1,2,Lunch,287,157.59,120.0,37.59,24.3,0.0,0,0
2026-02-03,1,2,Dinner,217,126.79,109.03,17.76,29.6,0.0,0,0
2026-02-04,2,2,Breakfast,135,67.9,61.35,6.55,27.6,0.0,0,0
2026-02-04,2,2,Lunch,344,147.02,120.86,26.16,28.8,0.0,0,0
2026-02-04,2,2,Dinner,183,79.82,71.79,8.04,29.3,0.0,0,0
2026-02-05,3,2,Breakfast,142,72.43,52.91,19.52,15.1,0.0,0,0
2026-02-05,3,2,Lunch,329,191.07,177.08,13.99,29.3,0.0,0,0
2026-02-05,3,2,Dinner,204,90.49,70.74,19.74,27.3,3.5,0,0
2026-02-06,4,2,Breakfast,156,80.77,75.18,5.59,19.5,0.0,0,0
2026-02-06,4,2,Lunch,335,193.95,147.81,46.13,29.0,0.0,0,0
2026-02-06,4,2,Dinner,192,82.06,61.0,21.07,26.1,0.0,0,0
2026-02-07,5,2,Breakfast,85,39.53,29.16,10.37,25.8,0.9,0,0
2026-02-07,5,2,Lunch,213,111.94,104.53,7.41,18.8,0.0,0,0
2026-02-07,5,2,Dinner,103,48.95,39.99,8.96,20.2,0.0,0,0
2026-02-08,6,2,Breakfast,87,50.41,37.01,13.41,18.8,2.9,0,0
2026-02-08,6,2,Lunch,195,95.74,75.62,20.12,26.4,0.0,0,1
2026-02-08,6,2,Dinner,113,66.72,60.45,6.28,20.7,0.0,0,0
2026-02-09,0,2,Breakfast,146,78.73,56.15,22.58,35.2,0.0,0,0
2026-02-09,0,2,Lunch,313,162.55,125.46,37.09,27.2,0.0,0,0
2026-02-09,0,2,Dinner,214,119.51,112.38,7.13,16.8,0.0,0,0
2026-02-10,1,2,Breakfast,109,56.92,53.13,3.8,27.4,0.0,0,0
2026-02-10,1,2,Lunch,278,130.8,97.23,33.56,28.0,0.0,0,0
2026-02-10,1,2,Dinner,163,78.26,58.54,19.71,19.0,0.0,0,0
2026-02-11,2,2,Breakfast,143,70.06,53.92,16.14,28.5,0.0,0,0
2026-02-11,2,2,Lunch,274,138.51,108.53,29.98,25.2,0.0,0,0
2026-02-11,2,2,Dinner,188,87.77,82.5,5.27,28.0,0.0,0,0
2026-02-12,3,2,Breakfast,157,68.41,57.89,10.52,12.6,0.0,0,0
2026-02-12,3,2,Lunch,427,207.95,177.97,29.98,31.2,0.9,0,1
2026-02-12,3,2,Dinner,239,122.03,100.33,21.7,27.8,0.0,0,0
2026-02-13,4,2,Breakfast,133,57.65,54.46,3.19,18.6,3.1,0,0
2026-02-13,4,2,Lunch,292,117.44,108.23,9.21,20.8,0.0,0,0
2026-02-13,4,2,Dinner,237,140.67,133.5,7.17,32.3,3.1,0,0
2026-02-14,5,2,Breakfast,89,51.1,38.5,12.6,12.8,0.0,0,0
2026-02-14,5,2,Lunch,177,89.19,76.52,12.66,28.3,0.0,0,0
2026-02-14,5,2,Dinner,136,73.92,62.06,11.86,23.9,1.5,0,0
2026-02-15,6,2,Breakfast,81,36.7,28.53,8.17,20.0,0.0,0,0
2026-02-15,6,2,Lunch,182,95.22,73.61,21.61,17.5,0.2,0,0
2026-02-15,6,2,Dinner,145,58.1,41.07,17.03,33.4,4.5,0,1
2026-02-16,0,2,Breakfast,157,85.74,73.4,12.34,22.6,0.0,0,0
2026-02-16,0,2,Lunch,327,177.14,126.77,50.38,25.1,3.4,0,1
2026-02-16,0,2,Dinner,211,98.92,91.7,7.22,21.0,0.0,0,0
2026-02-17,1,2,Breakfast,149,71.03,66.42,4.61,22.8,1.5,0,0
2026-02-17,1,2,Lunch,405,163.39,153.08,10.31,28.8,0.0,0,1
2026-02-17,1,2,Dinner,174,102.97,88.52,14.45,26.3,0.0,0,0
2026-02-18,2,2,Breakfast,167,95.75,89.85,5.91,25.7,0.0,0,0
2026-02-18,2,2,Lunch,358,156.52,119.53,36.99,27.7,0.0,0,0
2026-02-18,2,2,Dinner,172,91.98,76.75,15.24,20.0,0.0,0,0
2026-02-19,3,2,Breakfast,178,101.09,81.53,19.56,35.3,1.1,0,1
2026-02-19,3,2,Lunch,471,275.78,270.23,5.56,19.6,0.0,1,0
2026-02-19,3,2,Dinner,201,113.4,87.2,26.2,22.3,0.0,0,0
2026-02-20,4,2,Breakfast,163,84.8,72.3,12.51,21.7,0.0,0,0
2026-02-20,4,2,Lunch,303,132.17,110.5,21.67,29.2,0.0,0,0
2026-02-20,4,2,Dinner,209,95.01,70.54,24.47,25.7,2.1,0,0
2026-02-21,5,2,Breakfast,88,52.25,45.65,6.6,34.5,0.0,0,0
2026-02-21,5,2,Lunch,172,99.99,94.93,5.06,18.7,0.0,0,0
2026-02-21,5,2,Dinner,95,52.71,46.29,6.42,22.7,0.0,0,0
2026-02-22,6,2,Breakfast,83,41.93,30.3,11.62,18.4,7.0,0,0
2026-02-22,6,2,Lunch,152,89.95,67.6,22.35,34.9,0.0,0,0
2026-02-22,6,2,Dinner,121,48.94,36.36,12.58,23.2,0.0,0,0
2026-02-23,0,2,Breakfast,158,82.59,66.32,16.27,33.8,0.0,0,0
2026-02-23,0,2,Lunch,293,152.99,134.47,18.52,21.1,0.0,0,0
2026-02-23,0,2,Dinner,217,97.28,69.61,27.67,21.0,0.0,0,0
2026-02-24,1,2,Breakfast,147,74.78,54.2,20.58,24.1,0.3,0,0
2026-02-24,1,2,Lunch,295,158.88,132.35,26.53,23.3,0.0,0,0
2026-02-24,1,2,Dinner,176,85.16,65.94,19.22,15.0,0.5,0,0
2026-02-25,2,2,Breakfast,149,74.62,68.08,6.55,20.5,0.0,0,0
2026-02-25,2,2,Lunch,331,188.67,179.05,9.62,22.9,0.0,0,0
2026-02-25,2,2,Dinner,202,103.24,93.56,9.68,14.2,0.0,0,0
2026-02-26,3,2,Breakfast,150,85.66,74.42,11.24,29.3,0.0,0,0
2026-02-26,3,2,Lunch,286,152.44,138.71,13.73,22.8,0.1,0,0
2026-02-26,3,2,Dinner,161,71.94,57.76,14.17,20.0,3.1,0,0
2026-02-27,4,2,Breakfast,154,87.09,61.5,25.59,22.1,0.0,0,0
2026-02-27,4,2,Lunch,397,235.2,178.46,56.75,27.4,0.0,0,1
2026-02-27,4,2,Dinner,218,112.52,92.37,20.15,30.3,0.0,0,0
2026-02-28,5,2,Breakfast,105,47.58,34.43,13.15,22.9,0.0,0,0
2026-02-28,5,2,Lunch,178,94.99,83.52,11.47,23.5,0.0,0,0
2026-02-28,5,2,Dinner,157,89.88,66.69,23.19,27.6,0.0,0,1
2026-03-01,6,3,Breakfast,85,43.17,37.68,5.49,20.2,0.0,0,0
2026-03-01,6,3,Lunch,175,78.24,65.67,12.57,30.5,0.0,0,0
2026-03-01,6,3,Dinner,111,56.59,39.63,16.96,17.0,0.0,0,0
2026-03-02,0,3,Breakfast,139,69.97,52.71,17.26,19.6,2.6,0,0
2026-03-02,0,3,Lunch,304,177.98,166.05,11.93,31.2,0.0,0,0
2026-03-02,0,3,Dinner,202,101.0,73.31,27.69,15.3,0.0,0,0
2026-03-03,1,3,Breakfast,128,65.83,53.44,12.39,24.5,1.7,0,0
2026-03-03,1,3,Lunch,304,180.02,134.24,45.78,22.9,0.0,0,0
2026-03-03,1,3,Dinner,160,73.92,59.0,14.92,25.5,1.1,0,0
2026-03-04,2,3,Breakfast,143,73.37,59.36,14.01,30.2,0.0,0,0
2026-03-04,2,3,Lunch,305,137.91,126.46,11.45,18.0,0.0,0,0
2026-03-04,2,3,Dinner,182,84.39,72.17,12.21,19.8,0.0,0,0
2026-03-05,3,3,Breakfast,146,58.91,50.36,8.55,26.4,1.3,0,0
2026-03-05,3,3,Lunch,205,85.44,63.24,22.2,36.5,7.0,0,0
2026-03-05,3,3,Dinner,232,101.39,86.87,14.53,22.6,0.0,0,0
2026-03-06,4,3,Breakfast,139,68.97,49.07,19.9,19.3,0.1,0,0
2026-03-06,4,3,Lunch,342,181.19,166.83,14.37,18.9,0.0,0,0
2026-03-06,4,3,Dinner,192,82.21,76.4,5.81,27.0,0.0,0,0
2026-03-07,5,3,Breakfast,89,39.52,35.93,3.59,21.0,4.2,0,0
2026-03-07,5,3,Lunch,187,84.62,66.18,18.43,28.8,0.0,0,0
2026-03-07,5,3,Dinner,97,53.9,49.26,4.64,25.9,0.0,0,0
2026-03-08,6,3,Breakfast,80,35.63,32.86,2.78,15.0,0.0,0,0
2026-03-08,6,3,Lunch,145,83.91,62.34,21.56,31.4,0.4,0,0
2026-03-08,6,3,Dinner,151,68.87,65.0,3.86,31.0,0.0,0,1
2026-03-09,0,3,Breakfast,133,67.3,61.3,6.0,22.6,0.0,0,0
2026-03-09,0,3,Lunch,254,118.56,96.96,21.6,23.3,0.0,0,0
2026-03-09,0,3,Dinner,235,98.41,88.1,10.31,21.6,2.4,0,0
2026-03-10,1,3,Breakfast,153,87.4,64.84,22.56,25.1,0.0,0,0
2026-03-10,1,3,Lunch,250,104.72,83.01,21.71,23.1,0.0,0,0
2026-03-10,1,3,Dinner,214,90.78,84.65,6.13,20.1,0.0,0,0
2026-03-11,2,3,Breakfast,153,90.14,79.94,10.2,32.0,0.0,0,0
2026-03-11,2,3,Lunch,372,166.91,122.23,44.68,16.9,0.6,0,0
2026-03-11,2,3,Dinner,222,92.49,85.91,6.58,25.9,3.6,0,0
2026-03-12,3,3,Breakfast,127,60.32,54.29,6.03,16.7,0.0,0,0
2026-03-12,3,3,Lunch,326,188.37,142.18,46.19,22.4,0.0,0,0
2026-03-12,3,3,Dinner,235,110.31,92.06,18.25,29.1,0.0,0,0
2026-03-13,4,3,Breakfast,159,66.49,55.1,11.39,22.2,1.0,0,0
2026-03-13,4,3,Lunch,283,137.48,104.03,33.45,24.1,0.0,0,0
2026-03-13,4,3,Dinner,198,100.06,83.5,16.56,28.0,0.3,0,0
2026-03-14,5,3,Breakfast,99,42.64,31.27,11.37,21.5,0.0,0,0
2026-03-14,5,3,Lunch,167,72.47,50.9,21.57,28.2,0.0,0,0
2026-03-14,5,3,Dinner,110,54.05,43.39,10.66,21.2,0.0,0,0
2026-03-15,6,3,Breakfast,93,40.89,33.45,7.44,17.1,0.0,0,0
2026-03-15,6,3,Lunch,179,79.78,64.28,15.5,23.1,0.0,0,0
2026-03-15,6,3,Dinner,121,66.47,48.36,18.12,29.9,0.0,0,0
2026-03-16,0,3,Breakfast,149,84.78,72.11,12.67,23.5,0.0,0,0
2026-03-16,0,3,Lunch,266,159.51,118.89,40.62,13.8,0.0,0,0
2026-03-16,0,3,Dinner,225,120.97,100.19,20.79,31.3,2.8,0,0
2026-03-17,1,3,Breakfast,144,78.31,67.4,10.91,35.9,0.0,0,0
2026-03-17,1,3,Lunch,306,156.67,132.8,23.87,35.0,0.0,0,0
2026-03-17,1,3,Dinner,204,113.13,86.25,26.88,24.6,0.0,0,0
2026-03-18,2,3,Breakfast,163,74.49,68.83,5.66,32.9,0.0,0,0
2026-03-18,2,3,Lunch,305,181.31,152.23,29.08,24.2,0.0,0,0
2026-03-18,2,3,Dinner,194,110.56,100.71,9.85,29.3,0.0,0,0
2026-03-19,3,3,Breakfast,196,89.81,80.7,9.11,32.4,0.0,0,1
2026-03-19,3,3,Lunch,299,124.72,116.83,7.89,22.1,0.0,0,0
2026-03-19,3,3,Dinner,185,101.44,83.67,17.77,20.1,0.0,0,0
2026-03-20,4,3,Breakfast,193,107.95,86.71,21.24,20.0,0.0,0,1
2026-03-20,4,3,Lunch,285,145.74,130.7,15.05,27.0,0.0,0,0
2026-03-20,4,3,Dinner,194,86.13,80.69,5.44,22.2,0.0,0,0
2026-03-21,5,3,Breakfast,94,55.58,49.87,5.71,22.4,0.0,0,0
2026-03-21,5,3,Lunch,190,86.35,62.19,24.16,20.9,3.5,0,0
2026-03-21,5,3,Dinner,176,94.28,83.2,11.08,31.4,0.0,0,1
2026-03-22,6,3,Breakfast,82,38.18,34.56,3.62,20.3,0.0,0,0
2026-03-22,6,3,Lunch,155,92.31,82.86,9.45,24.3,0.0,0,0
2026-03-22,6,3,Dinner,119,61.12,55.23,5.9,20.6,0.0,0,0
2026-03-23,0,3,Breakfast,127,70.88,61.97,8.91,28.4,5.6,0,0
2026-03-23,0,3,Lunch,273,113.83,100.78,13.04,18.3,0.0,0,0
2026-03-23,0,3,Dinner,216,124.26,113.46,10.81,19.6,0.0,0,0
2026-03-24,1,3,Breakfast,157,93.13,76.22,16.91,25.4,3.3,0,0
2026-03-24,1,3,Lunch,308,130.79,117.9,12.89,23.3,0.0,0,0
2026-03-24,1,3,Dinner,175,92.84,67.81,25.04,26.7,0.0,0,0
2026-03-25,2,3,Breakfast,139,69.23,49.75,19.49,22.3,1.0,0,0
2026-03-25,2,3,Lunch,284,170.0,135.81,34.18,24.8,0.0,0,0
2026-03-25,2,3,Dinner,202,101.49,78.12,23.37,27.0,1.2,0,0
2026-03-26,3,3,Breakfast,132,66.82,49.22,17.6,23.7,0.0,0,0
2026-03-26,3,3,Lunch,267,110.66,101.69,8.97,26.2,0.2,0,0
2026-03-26,3,3,Dinner,213,122.89,108.26,14.63,12.5,0.0,0,0
2026-03-27,4,3,Breakfast,159,88.48,68.78,19.7,30.3,0.0,0,0
2026-03-27,4,3,Lunch,309,144.98,125.85,19.13,29.2,0.0,0,0
2026-03-27,4,3,Dinner,212,95.55,88.84,6.71,24.9,0.0,0,0
2026-03-28,5,3,Breakfast,80,46.9,39.31,7.59,28.2,0.0,0,0
2026-03-28,5,3,Lunch,209,94.25,85.15,9.1,29.0,0.0,0,0
2026-03-28,5,3,Dinner,124,50.5,46.16,4.34,30.4,0.0,0,0
2026-03-29,6,3,Breakfast,86,42.54,37.72,4.82,27.8,0.0,0,0
2026-03-29,6,3,Lunch,194,87.16,64.13,23.03,28.1,1.2,0,0
2026-03-29,6,3,Dinner,122,63.23,49.92,13.31,18.4,0.0,0,0
2026-03-30,0,3,Breakfast,153,74.34,68.05,6.29,25.3,0.0,0,0
2026-03-30,0,3,Lunch,277,161.64,116.3,45.33,22.7,0.0,0,0
2026-03-30,0,3,Dinner,156,86.96,81.81,5.15,30.5,12.1,0,1
2026-03-31,1,3,Breakfast,153,69.57,58.74,10.83,22.7,0.0,0,0
2026-03-31,1,3,Lunch,262,115.5,96.6,18.91,28.8,5.3,0,0
2026-03-31,1,3,Dinner,204,95.15,66.83,28.33,26.8,0.0,0,0
2026-04-01,2,4,Breakfast,191,90.88,63.83,27.05,23.8,0.6,0,1
2026-04-01,2,4,Lunch,289,126.54,100.01,26.53,21.8,0.0,0,0
2026-04-01,2,4,Dinner,221,91.63,66.19,25.44,23.9,1.4,0,0
2026-04-02,3,4,Breakfast,182,94.51,77.99,16.52,24.1,0.0,0,0
2026-04-02,3,4,Lunch,310,182.54,128.66,53.88,24.0,0.0,0,0
2026-04-02,3,4,Dinner,216,101.44,87.68,13.76,22.1,0.0,0,0
2026-04-03,4,4,Breakfast,136,75.3,58.15,17.15,24.1,4.4,0,0
2026-04-03,4,4,Lunch,225,118.21,84.92,33.29,28.3,0.0,0,0
2026-04-03,4,4,Dinner,178,71.89,62.06,9.82,22.2,0.0,0,0
2026-04-04,5,4,Breakfast,80,39.87,36.11,3.76,32.8,0.0,0,0
2026-04-04,5,4,Lunch,179,88.56,78.72,9.84,26.1,0.0,0,0
2026-04-04,5,4,Dinner,112,52.58,49.05,3.53,30.2,0.0,0,0
2026-04-05,6,4,Breakfast,81,41.52,31.01,10.51,26.9,0.0,0,0
2026-04-05,6,4,Lunch,170,68.68,57.37,11.31,22.0,0.0,0,0
2026-04-05,6,4,Dinner,125,67.98,57.15,10.83,24.4,0.0,0,0
2026-04-06,0,4,Breakfast,159,88.5,68.51,19.99,26.6,0.0,0,0
2026-04-06,0,4,Lunch,311,136.03,113.65,22.38,17.1,0.2,0,0
2026-04-06,0,4,Dinner,229,93.04,80.54,12.5,20.2,0.0,0,1
2026-04-07,1,4,Breakfast,130,69.95,50.96,18.99,32.3,0.0,0,0
2026-04-07,1,4,Lunch,327,161.35,141.38,19.97,18.6,0.0,0,0
2026-04-07,1,4,Dinner,177,83.17,72.88,10.29,19.5,0.0,0,0
2026-04-08,2,4,Breakfast,185,84.69,62.26,22.43,15.3,0.0,0,0
2026-04-08,2,4,Lunch,269,152.39,140.22,12.17,27.1,1.1,0,0
2026-04-08,2,4,Dinner,206,111.76,80.18,31.58,30.1,0.0,0,0
2026-04-09,3,4,Breakfast,143,67.28,60.12,7.16,8.1,0.0,0,0
2026-04-09,3,4,Lunch,322,134.87,105.03,29.83,23.2,0.0,0,0
2026-04-09,3,4,Dinner,216,128.29,99.3,28.99,23.3,0.0,0,0
2026-04-10,4,4,Breakfast,177,74.3,53.3,21.0,19.2,0.0,0,0
2026-04-10,4,4,Lunch,282,162.9,145.26,17.65,27.3,0.0,0,0
2026-04-10,4,4,Dinner,209,122.31,86.34,35.96,27.5,0.0,0,0
2026-04-11,5,4,Breakfast,86,37.09,28.28,8.81,28.2,0.0,0,0
2026-04-11,5,4,Lunch,178,90.4,74.98,15.42,34.5,1.2,0,0
2026-04-11,5,4,Dinner,102,46.35,38.35,8.0,20.3,5.3,0,0
2026-04-12,6,4,Breakfast,85,35.66,25.32,10.34,27.3,3.8,0,0
2026-04-12,6,4,Lunch,207,117.04,105.84,11.2,22.7,0.2,0,0
2026-04-12,6,4,Dinner,126,71.27,58.33,12.95,23.8,0.3,0,0
2026-04-13,0,4,Breakfast,161,93.32,72.43,20.89,27.7,0.0,0,0
2026-04-13,0,4,Lunch,300,132.23,98.75,33.49,11.4,0.0,0,0
2026-04-13,0,4,Dinner,198,106.5,92.32,14.17,32.2,0.0,0,0
2026-04-14,1,4,Breakfast,142,63.76,56.88,6.89,34.4,0.0,0,0
2026-04-14,1,4,Lunch,317,136.65,117.86,18.8,28.6,0.0,0,0
2026-04-14,1,4,Dinner,193,86.41,65.38,21.03,35.7,0.0,0,0
2026-04-15,2,4,Breakfast,133,56.57,40.29,16.28,33.2,0.0,0,0
2026-04-15,2,4,Lunch,355,163.08,120.37,42.71,30.9,4.4,0,0
2026-04-15,2,4,Dinner,191,114.13,90.52,23.61,23.5,0.0,0,0
2026-04-16,3,4,Breakfast,142,84.83,60.33,24.5,15.2,0.0,0,0
2026-04-16,3,4,Lunch,266,130.69,100.36,30.33,23.8,0.0,0,0
2026-04-16,3,4,Dinner,292,167.98,163.58,4.41,21.4,0.0,1,0
2026-04-17,4,4,Breakfast,216,119.65,112.53,7.12,28.1,0.2,0,1
2026-04-17,4,4,Lunch,309,180.72,163.78,16.94,27.1,0.0,0,0
2026-04-17,4,4,Dinner,218,112.75,87.33,25.42,27.3,0.0,0,0
2026-04-18,5,4,Breakfast,87,40.09,28.15,11.94,26.3,3.4,0,0
2026-04-18,5,4,Lunch,221,122.58,87.4,35.18,25.4,0.0,0,0
2026-04-18,5,4,Dinner,113,45.86,32.56,13.29,24.6,0.0,0,0
2026-04-19,6,4,Breakfast,94,49.08,37.11,11.97,31.1,0.0,0,0
2026-04-19,6,4,Lunch,266,116.9,109.62,7.27,32.8,0.0,0,1
2026-04-19,6,4,Dinner,125,67.67,48.05,19.62,35.0,0.0,0,0
2026-04-20,0,4,Breakfast,151,88.17,69.51,18.66,20.7,4.6,0,0
2026-04-20,0,4,Lunch,351,170.2,125.33,44.86,22.7,0.0,0,0
2026-04-20,0,4,Dinner,220,111.95,105.13,6.81,22.7,0.0,0,0
2026-04-21,1,4,Breakfast,149,63.01,55.77,7.24,27.4,0.0,0,0
2026-04-21,1,4,Lunch,485,224.26,207.68,16.58,21.3,0.0,1,0
2026-04-21,1,4,Dinner,195,98.44,91.42,7.02,26.5,0.2,0,0
2026-04-22,2,4,Breakfast,150,61.2,55.62,5.58,23.6,0.0,0,0
2026-04-22,2,4,Lunch,267,145.02,115.68,29.34,21.8,2.7,0,0
2026-04-22,2,4,Dinner,230,133.5,95.11,38.39,23.4,0.0,0,0
2026-04-23,3,4,Breakfast,150,87.97,75.45,12.52,22.4,0.0,0,0
2026-04-23,3,4,Lunch,289,142.85,134.14,8.7,23.8,0.0,0,0
2026-04-23,3,4,Dinner,193,90.62,72.5,18.13,32.1,4.2,0,0
2026-04-24,4,4,Breakfast,186,76.63,62.99,13.64,30.4,0.0,0,1
2026-04-24,4,4,Lunch,312,145.21,113.59,31.62,22.3,0.0,0,0
2026-04-24,4,4,Dinner,207,104.53,88.84,15.69,18.9,0.0,0,0
2026-04-25,5,4,Breakfast,97,55.31,42.27,13.04,34.6,0.0,0,0
2026-04-25,5,4,Lunch,133,72.39,51.8,20.6,24.8,0.0,0,0
2026-04-25,5,4,Dinner,154,88.99,79.45,9.54,31.4,0.0,0,1
2026-04-26,6,4,Breakfast,86,40.17,38.01,2.15,18.8,1.5,0,0
2026-04-26,6,4,Lunch,181,89.14,71.74,17.41,19.3,0.0,0,0
2026-04-26,6,4,Dinner,134,73.27,69.51,3.76,21.9,0.4,0,0
2026-04-27,0,4,Breakfast,169,101.04,80.74,20.29,26.1,0.0,0,0
2026-04-27,0,4,Lunch,293,162.84,139.68,23.16,23.2,0.0,0,0
2026-04-27,0,4,Dinner,202,108.99,90.9,18.09,34.3,0.0,0,0
2026-04-28,1,4,Breakfast,157,90.72,71.36,19.36,23.4,0.0,0,0
2026-04-28,1,4,Lunch,291,132.5,114.48,18.02,29.2,0.0,0,0
2026-04-28,1,4,Dinner,211,95.93,76.96,18.97,21.8,0.0,0,0
2026-04-29,2,4,Breakfast,170,89.01,79.82,9.19,29.9,0.0,0,0
2026-04-29,2,4,Lunch,289,128.23,107.15,21.08,28.9,0.0,0,0
2026-04-29,2,4,Dinner,181,97.18,73.3,23.88,32.3,0.0,0,0
2026-04-30,3,4,Breakfast,166,71.24,59.72,11.52,21.8,0.0,0,0
2026-04-30,3,4,Lunch,348,194.3,144.31,50.0,19.1,0.0,0,0
2026-04-30,3,4,Dinner,228,96.23,86.35,9.88,22.4,1.5,0,0
2026-05-01,4,5,Breakfast,134,75.83,56.7,19.13,22.6,0.0,0,0
2026-05-01,4,5,Lunch,332,158.23,118.82,39.41,27.8,0.0,0,0
2026-05-01,4,5,Dinner,194,98.7,80.72,17.97,25.1,0.0,0,0
2026-05-02,5,5,Breakfast,88,37.56,35.05,2.51,22.0,0.0,0,0
2026-05-02,5,5,Lunch,151,88.05,80.4,7.65,30.7,0.0,0,0
2026-05-02,5,5,Dinner,120,51.85,45.07,6.78,28.3,5.4,0,0
2026-05-03,6,5,Breakfast,90,42.43,39.15,3.28,23.2,0.0,0,0
2026-05-03,6,5,Lunch,187,91.9,76.99,14.91,31.4,0.0,0,0
2026-05-03,6,5,Dinner,112,62.09,51.48,10.61,21.3,0.0,0,0
2026-05-04,0,5,Breakfast,161,64.96,52.05,12.91,32.5,0.0,0,0
2026-05-04,0,5,Lunch,477,197.03,189.72,7.31,24.0,0.0,1,0
2026-05-04,0,5,Dinner,140,69.43,63.51,5.92,32.5,2.7,0,0
2026-05-05,1,5,Breakfast,164,83.25,60.09,23.16,26.0,0.0,0,0
2026-05-05,1,5,Lunch,323,142.81,129.85,12.96,24.6,0.0,0,0
2026-05-05,1,5,Dinner,244,137.09,128.19,8.9,20.6,0.0,0,1
2026-05-06,2,5,Breakfast,157,78.05,64.42,13.64,16.2,2.2,0,0
2026-05-06,2,5,Lunch,256,103.27,85.77,17.5,27.5,0.0,0,0
2026-05-06,2,5,Dinner,180,96.93,83.12,13.81,19.5,0.0,0,0
2026-05-07,3,5,Breakfast,170,91.85,74.28,17.58,23.9,0.0,0,0
2026-05-07,3,5,Lunch,285,134.47,101.87,32.6,32.4,0.0,0,0
2026-05-07,3,5,Dinner,269,139.55,111.62,27.93,31.7,0.0,0,1
2026-05-08,4,5,Breakfast,161,92.15,76.12,16.03,27.6,0.0,0,0
2026-05-08,4,5,Lunch,351,188.85,166.76,22.1,29.1,0.7,0,0
2026-05-08,4,5,Dinner,194,85.14,68.44,16.7,25.5,0.0,0,0
2026-05-09,5,5,Breakfast,83,48.65,42.41,6.25,32.2,0.0,0,0
2026-05-09,5,5,Lunch,155,75.56,54.31,21.24,26.8,0.0,0,0
2026-05-09,5,5,Dinner,143,59.16,49.36,9.8,23.3,0.0,0,0
2026-05-10,6,5,Breakfast,87,47.25,42.63,4.62,19.7,0.0,0,0
2026-05-10,6,5,Lunch,125,63.6,56.28,7.32,27.1,0.0,0,0
2026-05-10,6,5,Dinner,138,75.52,62.54,12.97,17.1,0.0,0,0
2026-05-11,0,5,Breakfast,153,89.84,73.17,16.67,27.1,1.5,0,0
2026-05-11,0,5,Lunch,268,125.3,89.96,35.35,24.1,0.0,0,0
2026-05-11,0,5,Dinner,220,93.47,73.5,19.98,22.9,0.0,0,0
2026-05-12,1,5,Breakfast,140,60.2,53.94,6.26,24.6,0.0,0,0
2026-05-12,1,5,Lunch,248,129.37,103.12,26.25,29.7,0.0,0,0
2026-05-12,1,5,Dinner,200,97.27,76.16,21.1,32.9,0.2,0,0
2026-05-13,2,5,Breakfast,127,51.88,43.56,8.32,33.6,1.4,0,0
2026-05-13,2,5,Lunch,306,143.46,135.94,7.51,17.9,0.0,0,0
2026-05-13,2,5,Dinner,187,99.77,91.16,8.61,31.7,0.0,0,0
2026-05-14,3,5,Breakfast,159,84.3,62.76,21.54,25.6,0.0,0,0
2026-05-14,3,5,Lunch,290,148.63,107.14,41.49,25.7,0.0,0,0
2026-05-14,3,5,Dinner,187,82.4,59.07,23.33,22.2,0.0,0,0
2026-05-15,4,5,Breakfast,148,79.58,61.12,18.45,30.5,1.4,0,0
2026-05-15,4,5,Lunch,306,144.82,124.74,20.08,23.5,0.7,0,0
2026-05-15,4,5,Dinner,214,103.36,86.16,17.19,26.0,1.0,0,0
2026-05-16,5,5,Breakfast,97,45.69,37.64,8.05,31.8,0.0,0,0
2026-05-16,5,5,Lunch,188,103.17,75.83,27.34,26.7,0.0,0,0
2026-05-16,5,5,Dinner,128,53.56,40.7,12.86,19.3,0.0,0,0
2026-05-17,6,5,Breakfast,84,49.48,46.18,3.3,26.5,0.0,0,0
2026-05-17,6,5,Lunch,156,63.75,50.08,13.67,27.8,0.0,0,0
2026-05-17,6,5,Dinner,111,47.05,35.81,11.23,24.1,0.0,0,0
2026-05-18,0,5,Breakfast,134,65.85,52.68,13.17,26.3,0.0,0,0
2026-05-18,0,5,Lunch,377,152.81,124.77,28.05,23.8,0.0,0,0
2026-05-18,0,5,Dinner,203,87.17,77.7,9.47,30.4,0.1,0,0
2026-05-19,1,5,Breakfast,153,81.72,75.48,6.24,27.1,0.0,0,0
2026-05-19,1,5,Lunch,281,146.66,109.67,36.98,25.7,0.0,0,0
2026-05-19,1,5,Dinner,173,78.43,74.21,4.22,29.2,0.0,0,0
2026-05-20,2,5,Breakfast,153,86.27,75.72,10.55,23.1,0.0,0,0
2026-05-20,2,5,Lunch,279,117.94,103.34,14.6,33.5,2.5,0,0
2026-05-20,2,5,Dinner,170,76.76,60.13,16.63,25.1,0.0,0,0
2026-05-21,3,5,Breakfast,111,47.93,34.12,13.81,31.4,0.0,0,0
2026-05-21,3,5,Lunch,260,142.96,110.98,31.98,26.8,0.0,0,0
2026-05-21,3,5,Dinner,200,83.17,60.66,22.5,25.1,0.0,0,0
2026-05-22,4,5,Breakfast,140,67.86,56.17,11.69,27.6,0.0,0,0
2026-05-22,4,5,Lunch,256,115.13,91.49,23.64,26.3,0.2,0,0
2026-05-22,4,5,Dinner,171,74.97,61.63,13.34,26.0,0.0,0,0
2026-05-23,5,5,Breakfast,86,50.02,41.71,8.31,31.5,0.0,0,0
2026-05-23,5,5,Lunch,210,120.37,112.51,7.86,37.7,0.2,0,0
2026-05-23,5,5,Dinner,108,63.02,51.42,11.6,23.0,4.5,0,0
2026-05-24,6,5,Breakfast,81,32.68,31.0,1.68,24.5,0.0,0,0
2026-05-24,6,5,Lunch,226,102.19,91.95,10.24,17.2,0.3,0,0
2026-05-24,6,5,Dinner,120,66.79,49.77,17.02,18.0,0.0,0,0
2026-05-25,0,5,Breakfast,167,82.36,70.76,11.6,27.7,0.0,0,0
2026-05-25,0,5,Lunch,282,112.83,96.14,16.69,20.5,0.0,0,0
2026-05-25,0,5,Dinner,185,98.07,77.38,20.69,31.5,0.0,0,0
2026-05-26,1,5,Breakfast,114,61.93,58.8,3.13,33.4,0.0,0,0
2026-05-26,1,5,Lunch,286,159.34,147.4,11.94,30.1,0.0,0,0
2026-05-26,1,5,Dinner,261,116.32,108.76,7.56,27.8,0.0,1,0
2026-05-27,2,5,Breakfast,181,97.69,72.35,25.34,25.9,3.8,0,1
2026-05-27,2,5,Lunch,276,113.19,104.49,8.7,28.8,0.0,0,0
2026-05-27,2,5,Dinner,220,109.48,78.21,31.27,26.5,0.0,0,1
2026-05-28,3,5,Breakfast,159,64.65,49.6,15.06,25.7,0.0,0,0
2026-05-28,3,5,Lunch,298,119.4,105.07,14.33,21.0,0.0,0,0
2026-05-28,3,5,Dinner,222,89.34,73.45,15.89,23.2,0.0,0,0
2026-05-29,4,5,Breakfast,153,89.57,71.62,17.95,28.3,0.0,0,0
2026-05-29,4,5,Lunch,289,164.33,115.47,48.86,28.6,0.0,0,0
2026-05-29,4,5,Dinner,222,116.52,101.36,15.17,24.3,0.0,0,0
2026-05-30,5,5,Breakfast,89,50.37,37.79,12.59,22.1,0.0,0,0
2026-05-30,5,5,Lunch,192,101.97,77.28,24.69,23.4,0.0,0,0
2026-05-30,5,5,Dinner,100,56.17,52.24,3.93,23.9,0.3,0,0
2026-05-31,6,5,Breakfast,80,34.45,31.39,3.06,15.4,1.5,0,0
2026-05-31,6,5,Lunch,163,89.58,75.18,14.4,29.2,0.0,0,0
2026-05-31,6,5,Dinner,128,61.46,50.44,11.02,23.2,0.0,0,0
2026-06-01,0,6,Breakfast,133,78.07,65.68,12.39,18.1,0.0,0,0
2026-06-01,0,6,Lunch,396,205.56,181.14,24.43,21.7,0.7,0,1
2026-06-01,0,6,Dinner,198,80.11,73.34,6.76,21.5,0.0,0,0
2026-06-02,1,6,Breakfast,131,64.66,50.29,14.36,25.3,0.0,0,0
2026-06-02,1,6,Lunch,356,178.06,133.29,44.78,15.1,0.0,0,1
2026-06-02,1,6,Dinner,198,85.91,77.7,8.22,30.5,0.0,0,0
2026-06-03,2,6,Breakfast,136,74.55,67.77,6.78,17.9,2.0,0,0
2026-06-03,2,6,Lunch,305,155.34,145.77,9.57,21.7,0.0,0,0
2026-06-03,2,6,Dinner,175,95.28,86.11,9.17,27.0,0.0,0,0
2026-06-04,3,6,Breakfast,133,64.04,51.07,12.97,31.5,0.0,0,0
2026-06-04,3,6,Lunch,337,199.54,174.02,25.52,23.1,0.0,0,0
2026-06-04,3,6,Dinner,196,93.26,76.44,16.82,27.8,0.0,0,0
2026-06-05,4,6,Breakfast,136,67.05,48.39,18.67,22.1,0.0,0,0
2026-06-05,4,6,Lunch,283,169.22,133.85,35.37,24.2,0.0,0,0
2026-06-05,4,6,Dinner,223,112.72,93.41,19.32,25.6,0.0,0,0
2026-06-06,5,6,Breakfast,84,38.38,33.14,5.24,26.3,0.2,0,0
2026-06-06,5,6,Lunch,195,107.03,94.88,12.15,36.8,0.0,0,0
2026-06-06,5,6,Dinner,136,67.76,52.63,15.13,30.8,0.0,0,0
2026-06-07,6,6,Breakfast,85,42.96,32.43,10.53,30.6,4.5,0,0
2026-06-07,6,6,Lunch,191,88.69,65.5,23.19,22.0,0.0,0,0
2026-06-07,6,6,Dinner,118,51.14,43.16,7.98,30.3,0.0,0,0
2026-06-08,0,6,Breakfast,142,68.11,51.19,16.92,35.3,0.0,0,0
2026-06-08,0,6,Lunch,303,127.94,90.58,37.36,20.1,0.0,0,0
2026-06-08,0,6,Dinner,232,106.31,77.86,28.45,30.6,0.0,0,0
2026-06-09,1,6,Breakfast,207,107.4,96.69,10.71,27.4,0.0,0,1
2026-06-09,1,6,Lunch,279,142.44,119.77,22.66,20.8,0.0,0,0
2026-06-09,1,6,Dinner,218,111.02,97.21,13.8,20.5,0.0,0,0
2026-06-10,2,6,Breakfast,146,76.17,70.01,6.17,30.8,2.6,0,0
2026-06-10,2,6,Lunch,227,116.47,84.33,32.14,19.0,2.3,0,0
2026-06-10,2,6,Dinner,213,97.49,74.31,23.18,27.5,0.0,0,0
2026-06-11,3,6,Breakfast,157,87.11,66.2,20.91,22.6,0.0,0,0
2026-06-11,3,6,Lunch,488,231.93,200.45,31.48,20.4,0.0,1,0
2026-06-11,3,6,Dinner,196,79.66,68.09,11.57,13.2,0.0,0,0
2026-06-12,4,6,Breakfast,141,82.09,74.15,7.94,25.7,0.0,0,0
2026-06-12,4,6,Lunch,249,99.78,88.8,10.98,28.7,0.8,0,0
2026-06-12,4,6,Dinner,213,92.75,80.74,12.01,28.7,0.3,0,0
2026-06-13,5,6,Breakfast,90,48.74,41.69,7.04,20.8,0.0,0,0
2026-06-13,5,6,Lunch,179,79.16,63.97,15.19,15.5,0.0,0,0
2026-06-13,5,6,Dinner,118,69.46,50.35,19.11,22.3,0.0,0,0
2026-06-14,6,6,Breakfast,101,55.9,40.13,15.78,21.5,0.0,0,0
2026-06-14,6,6,Lunch,177,98.56,91.73,6.83,33.9,0.0,0,0
2026-06-14,6,6,Dinner,91,42.58,34.36,8.22,25.6,0.0,0,0
2026-06-15,0,6,Breakfast,139,73.42,52.51,20.91,32.9,2.2,0,0
2026-06-15,0,6,Lunch,294,166.81,144.5,22.31,31.4,0.0,0,0
2026-06-15,0,6,Dinner,193,98.5,70.53,27.97,22.2,0.0,0,0
2026-06-16,1,6,Breakfast,145,65.26,51.74,13.52,23.8,0.0,0,0
2026-06-16,1,6,Lunch,233,123.15,87.23,35.92,24.1,7.8,0,0
2026-06-16,1,6,Dinner,216,97.22,76.19,21.04,19.4,0.0,0,0
2026-06-17,2,6,Breakfast,148,83.21,61.51,21.69,26.6,0.0,0,0
2026-06-17,2,6,Lunch,263,119.74,100.84,18.9,22.2,0.3,0,0
2026-06-17,2,6,Dinner,167,96.39,73.13,23.26,14.2,0.0,0,0
2026-06-18,3,6,Breakfast,161,94.52,67.7,26.82,32.6,0.0,0,0
2026-06-18,3,6,Lunch,311,142.92,120.08,22.84,26.5,0.0,0,0
2026-06-18,3,6,Dinner,197,83.83,75.5,8.33,23.8,0.0,0,0
2026-06-19,4,6,Breakfast,152,78.32,73.11,5.21,29.5,0.0,0,0
2026-06-19,4,6,Lunch,256,142.0,104.72,37.28,19.6,0.0,0,0
2026-06-19,4,6,Dinner,195,86.99,67.23,19.76,18.6,0.0,0,0
2026-06-20,5,6,Breakfast,100,59.71,50.57,9.13,24.3,0.0,0,0
2026-06-20,5,6,Lunch,151,86.81,68.18,18.63,27.1,0.0,0,0
2026-06-20,5,6,Dinner,119,69.2,51.35,17.86,24.2,0.0,0,0
2026-06-21,6,6,Breakfast,90,48.38,38.09,10.29,15.1,0.0,0,0
2026-06-21,6,6,Lunch,180,93.17,71.67,21.5,28.8,0.0,0,0
2026-06-21,6,6,Dinner,108,48.23,36.95,11.27,33.2,0.1,0,0
2026-06-22,0,6,Breakfast,141,62.16,47.34,14.82,21.8,0.0,0,0
2026-06-22,0,6,Lunch,305,172.15,154.02,18.13,23.9,1.0,0,0
2026-06-22,0,6,Dinner,170,97.29,76.11,21.18,22.8,0.0,0,0
2026-06-23,1,6,Breakfast,148,71.23,50.42,20.81,23.0,0.0,0,0
2026-06-23,1,6,Lunch,286,130.06,110.21,19.86,19.5,0.0,0,0
2026-06-23,1,6,Dinner,187,93.18,83.21,9.97,22.9,0.0,0,0
2026-06-24,2,6,Breakfast,132,65.59,54.73,10.86,18.8,0.0,0,0
2026-06-24,2,6,Lunch,279,148.85,117.65,31.2,25.4,0.0,0,0
2026-06-24,2,6,Dinner,259,103.87,96.95,6.92,20.9,0.0,0,0
2026-06-25,3,6,Breakfast,151,65.21,56.36,8.84,34.5,1.3,0,0
2026-06-25,3,6,Lunch,548,300.76,279.44,21.32,26.9,0.0,1,0
2026-06-25,3,6,Dinner,198,101.88,89.58,12.3,27.1,0.0,0,0
2026-06-26,4,6,Breakfast,153,62.1,58.6,3.5,27.0,0.0,0,0
2026-06-26,4,6,Lunch,254,103.87,81.41,22.46,24.3,0.0,0,0
2026-06-26,4,6,Dinner,256,127.46,110.17,17.29,26.1,3.1,1,1
2026-06-27,5,6,Breakfast,87,39.21,36.03,3.18,31.7,0.0,0,0
2026-06-27,5,6,Lunch,176,83.84,75.66,8.18,17.7,1.1,0,0
2026-06-27,5,6,Dinner,136,77.88,61.52,16.36,16.0,0.0,0,0
2026-06-28,6,6,Breakfast,91,50.19,41.73,8.46,28.3,0.0,0,0
2026-06-28,6,6,Lunch,249,121.24,85.61,35.63,31.7,2.9,0,1
2026-06-28,6,6,Dinner,116,62.37,44.82,17.56,20.5,0.0,0,0
2026-06-29,0,6,Breakfast,147,84.55,62.91,21.64,24.5,0.0,0,0
2026-06-29,0,6,Lunch,294,132.18,100.57,31.61,23.4,0.0,0,0
2026-06-29,0,6,Dinner,223,115.75,101.0,14.75,26.3,2.1,0,0
2026-06-30,1,6,Breakfast,146,83.3,71.75,11.55,29.7,1.4,0,0
2026-06-30,1,6,Lunch,282,139.42,125.43,13.99,25.3,0.0,0,0
2026-06-30,1,6,Dinner,284,163.81,146.49,17.31,18.1,0.0,1,0
2026-07-01,2,7,Breakfast,138,69.19,57.56,11.62,20.0,2.3,0,0
2026-07-01,2,7,Lunch,326,189.57,135.4,54.17,23.7,1.2,0,0
2026-07-01,2,7,Dinner,171,72.24,58.73,13.51,24.4,0.0,0,0
2026-07-02,3,7,Breakfast,149,80.37,63.39,16.99,25.1,1.3,0,0
2026-07-02,3,7,Lunch,352,162.07,116.17,45.9,34.9,0.0,0,0
2026-07-02,3,7,Dinner,187,89.32,71.93,17.39,21.2,0.0,0,0
2026-07-03,4,7,Breakfast,168,89.15,81.38,7.77,24.6,1.2,0,0
2026-07-03,4,7,Lunch,250,142.81,132.44,10.37,27.9,0.0,0,0
2026-07-03,4,7,Dinner,192,111.73,96.95,14.78,16.3,0.0,0,0
2026-07-04,5,7,Breakfast,107,64.07,53.46,10.61,29.1,0.0,0,0
2026-07-04,5,7,Lunch,182,100.83,76.29,24.55,23.8,0.0,0,0
2026-07-04,5,7,Dinner,106,52.95,42.73,10.22,30.0,0.0,0,0
2026-07-05,6,7,Breakfast,101,56.65,51.84,4.82,30.7,0.0,0,1
2026-07-05,6,7,Lunch,159,68.17,63.11,5.06,18.0,0.0,0,0
2026-07-05,6,7,Dinner,131,76.82,62.46,14.36,20.1,0.0,0,0
2026-07-06,0,7,Breakfast,176,89.5,72.5,17.0,25.0,0.0,0,0
2026-07-06,0,7,Lunch,269,129.75,93.97,35.78,33.0,0.0,0,0
2026-07-06,0,7,Dinner,234,102.36,91.67,10.69,22.6,0.0,0,0
2026-07-07,1,7,Breakfast,158,86.42,80.53,5.88,25.5,0.0,0,0
2026-07-07,1,7,Lunch,316,137.56,118.13,19.43,31.2,0.0,0,0
2026-07-07,1,7,Dinner,186,111.33,95.26,16.07,29.7,1.2,0,0
2026-07-08,2,7,Breakfast,141,63.06,58.46,4.6,19.9,3.7,0,0
2026-07-08,2,7,Lunch,301,140.85,120.94,19.91,35.8,0.0,0,0
2026-07-08,2,7,Dinner,214,112.51,104.48,8.03,16.8,0.0,0,0
2026-07-09,3,7,Breakfast,128,66.42,61.17,5.25,25.1,0.0,0,0
2026-07-09,3,7,Lunch,304,164.58,153.77,10.8,26.2,0.0,0,0
2026-07-09,3,7,Dinner,177,105.15,82.66,22.48,27.5,0.0,0,0
2026-07-10,4,7,Breakfast,118,64.94,57.59,7.35,28.0,0.0,0,0
2026-07-10,4,7,Lunch,236,100.24,72.17,28.07,26.5,0.0,0,0
2026-07-10,4,7,Dinner,211,119.99,94.83,25.16,25.1,0.1,0,0
2026-07-11,5,7,Breakfast,86,45.66,34.86,10.79,28.2,0.0,0,0
2026-07-11,5,7,Lunch,178,86.16,62.21,23.95,21.7,0.0,0,0
2026-07-11,5,7,Dinner,115,47.68,40.53,7.15,22.7,0.0,0,0
2026-07-12,6,7,Breakfast,115,53.94,37.99,15.94,33.7,0.5,0,0
2026-07-12,6,7,Lunch,160,79.44,64.73,14.71,20.8,0.0,0,0
2026-07-12,6,7,Dinner,126,72.56,67.04,5.52,25.5,0.0,0,0
2026-07-13,0,7,Breakfast,140,74.26,65.13,9.13,21.4,0.0,0,0
2026-07-13,0,7,Lunch,343,187.18,147.17,40.01,26.7,0.0,0,0
2026-07-13,0,7,Dinner,216,115.92,88.95,26.97,19.1,0.0,0,0
2026-07-14,1,7,Breakfast,181,101.57,77.7,23.87,19.0,0.0,0,0
2026-07-14,1,7,Lunch,261,124.9,99.76,25.14,30.1,0.0,0,0
2026-07-14,1,7,Dinner,190,107.41,98.22,9.2,21.6,0.0,0,0
2026-07-15,2,7,Breakfast,162,67.22,63.67,3.55,24.1,0.3,0,0
2026-07-15,2,7,Lunch,323,183.32,136.1,47.22,30.7,0.0,0,0
2026-07-15,2,7,Dinner,214,116.82,88.71,28.11,19.9,0.0,0,0
2026-07-16,3,7,Breakfast,121,52.74,38.0,14.74,29.1,0.0,0,0
2026-07-16,3,7,Lunch,245,99.93,80.73,19.19,21.0,0.0,0,0
2026-07-16,3,7,Dinner,263,106.82,96.29,10.54,32.7,1.4,1,0
2026-07-17,4,7,Breakfast,145,66.59,61.37,5.22,21.8,0.0,0,0
2026-07-17,4,7,Lunch,270,127.93,108.49,19.44,30.4,0.0,0,0
2026-07-17,4,7,Dinner,187,98.18,80.77,17.42,19.1,0.0,0,0
2026-07-18,5,7,Breakfast,99,41.81,31.12,10.69,25.7,0.0,0,0
2026-07-18,5,7,Lunch,188,91.71,79.79,11.92,27.7,0.0,0,0
2026-07-18,5,7,Dinner,136,72.39,62.15,10.25,28.5,0.0,0,0
2026-07-19,6,7,Breakfast,76,38.7,33.39,5.31,32.4,0.1,0,0
2026-07-19,6,7,Lunch,180,77.75,61.87,15.88,26.3,0.0,0,0
2026-07-19,6,7,Dinner,125,65.69,45.98,19.7,24.2,0.0,0,0
2026-07-20,0,7,Breakfast,162,81.77,69.67,12.1,28.9,0.0,0,0
2026-07-20,0,7,Lunch,368,201.0,183.44,17.56,20.0,2.7,0,1
2026-07-20,0,7,Dinner,187,105.39,83.63,21.75,25.0,0.0,0,0
2026-07-21,1,7,Breakfast,153,72.83,65.64,7.19,23.8,0.0,0,0
2026-07-21,1,7,Lunch,358,188.09,161.82,26.27,21.0,0.0,0,0
2026-07-21,1,7,Dinner,296,131.14,109.88,21.25,22.5,0.0,0,1
2026-07-22,2,7,Breakfast,128,52.42,44.2,8.22,25.6,0.0,0,0
2026-07-22,2,7,Lunch,369,190.49,172.14,18.35,19.9,0.0,0,1
2026-07-22,2,7,Dinner,196,107.14,90.18,16.96,29.4,0.0,0,0
2026-07-23,3,7,Breakfast,143,68.51,56.78,11.74,21.5,0.0,0,0
2026-07-23,3,7,Lunch,285,142.12,117.19,24.93,30.3,0.0,0,0
2026-07-23,3,7,Dinner,192,91.99,86.03,5.96,20.3,0.0,0,0
2026-07-24,4,7,Breakfast,166,67.22,59.74,7.49,25.2,0.0,0,0
2026-07-24,4,7,Lunch,319,173.43,136.51,36.92,18.8,0.0,0,0
2026-07-24,4,7,Dinner,215,112.58,88.42,24.16,16.5,2.8,0,0
2026-07-25,5,7,Breakfast,86,39.02,29.7,9.33,24.6,2.0,0,0
2026-07-25,5,7,Lunch,149,69.03,61.82,7.21,28.2,0.0,0,0
2026-07-25,5,7,Dinner,112,59.74,43.01,16.73,27.5,0.0,0,0
2026-07-26,6,7,Breakfast,79,46.98,40.01,6.98,26.2,0.0,0,0
2026-07-26,6,7,Lunch,177,104.63,97.49,7.14,33.5,0.0,0,0
2026-07-26,6,7,Dinner,110,52.23,44.67,7.57,20.7,0.0,0,0
2026-07-27,0,7,Breakfast,163,82.58,69.74,12.84,28.9,0.1,0,0
2026-07-27,0,7,Lunch,311,157.84,130.88,26.96,29.8,1.4,0,0
2026-07-27,0,7,Dinner,201,84.87,76.27,8.6,25.4,0.5,0,0
2026-07-28,1,7,Breakfast,142,76.17,65.39,10.78,27.4,0.0,0,0
2026-07-28,1,7,Lunch,295,172.41,128.32,44.09,29.5,0.0,0,0
2026-07-28,1,7,Dinner,202,111.49,93.77,17.72,32.0,0.0,0,0
2026-07-29,2,7,Breakfast,162,94.23,75.78,18.45,31.6,0.0,0,0
2026-07-29,2,7,Lunch,252,125.71,106.49,19.22,20.3,0.0,0,0
2026-07-29,2,7,Dinner,134,79.58,69.75,9.83,31.5,6.2,0,0
2026-07-30,3,7,Breakfast,143,83.0,69.32,13.68,20.5,0.0,0,0
2026-07-30,3,7,Lunch,410,200.0,187.52,12.48,29.4,0.0,0,1
2026-07-30,3,7,Dinner,203,96.34,81.53,14.81,23.4,0.0,0,0
2026-07-31,4,7,Breakfast,139,58.96,48.8,10.16,25.2,0.5,0,0
2026-07-31,4,7,Lunch,277,143.56,101.54,42.03,25.8,0.0,0,0
2026-07-31,4,7,Dinner,205,109.56,77.71,31.85,30.9,0.0,0,0
2026-08-01,5,8,Breakfast,92,51.64,44.7,6.94,26.5,0.0,0,0
2026-08-01,5,8,Lunch,198,107.17,101.65,5.52,19.6,0.0,0,1
2026-08-01,5,8,Dinner,129,62.73,49.85,12.88,22.3,0.0,0,0
2026-08-02,6,8,Breakfast,94,50.2,46.45,3.75,30.7,0.0,0,0
2026-08-02,6,8,Lunch,187,84.31,69.64,14.67,36.7,0.0,0,0
2026-08-02,6,8,Dinner,129,76.7,64.43,12.27,28.0,0.0,0,0
2026-08-03,0,8,Breakfast,138,78.11,68.43,9.68,20.9,0.0,0,0
2026-08-03,0,8,Lunch,306,139.88,103.4,36.47,22.3,0.0,0,0
2026-08-03,0,8,Dinner,185,76.3,70.53,5.77,14.7,0.0,0,0
2026-08-04,1,8,Breakfast,152,74.5,58.32,16.18,27.3,0.0,0,0
2026-08-04,1,8,Lunch,313,183.09,135.81,47.28,20.1,0.0,0,0
2026-08-04,1,8,Dinner,198,85.69,60.84,24.85,24.1,0.0,0,0
