food_category,weight,moisture,freshness,contamination_level,organic_percentage,recommended_method,compost_yield,biogas_yield,animal_feed_score,donation_score,nitrogen,phosphorus,potassium,food_category_encoded
Vegetables,-0.1485975338619092,0.6551362218060779,-1.0980676073462934,-1.3217003963088905,-0.33009479253757057,Animal Feed,8.6,3.54,15.04,15.16,1.51,0.61,1.13,4
Fruits,1.5360741650092011,-0.5345248173073864,1.6644801703289969,-0.11248949806037437,-1.7286324944136184,Compost,16.23,4.1,83.69,89.11,0.52,0.42,0.81,0
Vegetables,-1.019223420222252,1.240669666126097,1.1379981551089906,0.6247501948888631,1.1172033363452487,Biogas,4.32,2.01,62.17,58.15,1.78,0.56,1.37,4
Grains,-0.8982835123687846,-1.2152165611090526,0.6823417522744452,1.492901609016003,0.7293363033368363,Compost,4.91,0.63,41.55,27.37,1.12,0.35,0.37,1
Vegetables,0.5303633523329968,0.6525840835058037,1.5803965615364048,1.1943310168558754,1.0994722719791503,Biogas,13.0,4.99,69.89,63.45,1.56,0.43,1.08,4
Vegetables,-1.6932335499553202,0.700345528839504,0.16458210311176108,-1.415864967682469,-0.28133436553079894,Animal Feed,0.51,0.21,52.05,60.23,1.73,0.49,1.05,4
Vegetables,-0.620333899582745,0.9183710579200592,1.3536150440460109,-0.18828049453179133,0.5608911918588961,Biogas,6.39,2.76,75.43,79.73,1.35,0.54,1.31,4
Fruits,1.2807565817629918,0.05538372124167418,1.49003284918254,1.0094469194028737,-1.600082277759402,Compost,15.09,5.19,68.92,63.57,1.5,0.42,0.87,0
Grains,-1.317683309778763,-1.545171584215913,-0.752313016834016,-0.7107790308120143,1.2767829156401382,Animal Feed,2.67,0.21,19.62,16.39,0.94,0.29,0.45,1
Grains,-1.6437259853369417,-1.18203876320549,0.5591819435450466,-0.6166144594384357,0.5564584257673723,Animal Feed,0.8,0.11,56.39,59.88,1.09,0.32,0.42,1
Grains,-0.17759482170981664,-1.5105354215693363,0.03025766582898927,0.06550450880431685,1.1437999328943949,Compost,9.05,0.76,35.28,29.78,1.13,0.3,0.4,1
Vegetables,0.7715359171168121,0.5071122003901826,0.08747638716502713,-1.264282974739635,0.36584948383180965,Animal Feed,13.87,5.22,48.51,54.92,1.57,0.58,1.23,4
Grains,-1.402553420553126,-1.6089750417227644,0.7629364146441083,-1.469837343957569,0.2395156502233537,Animal Feed,2.08,0.15,69.65,81.73,0.91,0.3,0.44,1
Vegetables,0.6152334631073598,1.245409351540892,0.15690642098131702,1.5629508633304945,-0.8309973608798644,Biogas,12.29,6.28,25.87,8.06,1.49,0.53,1.46,4
Meat,1.2270055116058947,0.02329969689537191,-1.2480923035322464,-0.44780724002482514,-0.7844533169188531,Compost,15.45,5.02,3.12,-5.23,2.22,1.2,0.35,2
Meat,1.455447559773556,0.11772881400551188,1.0232118177946217,-0.8531742363037673,-0.5871952258460033,Biogas,16.78,5.64,71.75,79.94,3.2,1.29,0.54,2
Grains,1.6089210100905298,-1.6924664232603013,1.152651730085293,1.19088597156172,0.9620565231418832,Compost,18.92,1.13,57.66,48.8,0.92,0.34,0.39,1
Grains,-0.497979489883038,-1.7015812029041373,0.8002681413694498,1.1185400203844584,1.0396299297435645,Compost,7.22,0.42,48.19,37.94,0.99,0.32,0.41,1
Meat,0.46600351832910447,0.0896552927024974,0.14853294956628704,-0.7865700272834314,-0.013152016993555143,Biogas,12.0,3.87,46.1,48.71,2.44,1.33,0.48,2
Vegetables,0.10813455123053956,0.5847701229556644,-1.2341365178405297,-0.6177628078698207,0.8689684352198638,Animal Feed,10.52,3.99,5.0,-1.79,1.41,0.77,1.09,4
Grains,1.0813118214432382,-1.196257819449874,1.0476344427551256,0.7476234770470694,0.45007203957077824,Compost,15.61,2.06,58.51,52.91,0.86,0.33,0.49,1
Grains,1.6025557517824522,-1.3227709609063165,0.8086416127844801,-0.9289652327751844,0.9088633300435878,Animal Feed,18.84,2.1,66.27,73.9,1.06,0.32,0.45,1
Vegetables,-1.20876666761833,0.8906621278027979,0.683388436201324,-0.7222625151258654,0.10653266747761352,Animal Feed,3.11,1.36,60.87,65.97,1.37,0.61,1.28,4
Grains,0.4780267840221394,-1.328239828692618,-0.2572315194203714,-0.915185051598563,1.219156956450316,Animal Feed,12.77,1.4,35.59,36.99,1.11,0.27,0.44,1
Vegetables,-1.068023733917511,0.43346478086798795,1.6543622257025026,0.4754648988087997,0.6916577915588759,Biogas,3.97,1.43,78.27,78.52,1.15,0.43,1.33,4
Grains,-0.6613544531236871,-1.5954851678498874,-0.5185536064977638,-0.16072013217854877,0.43899012434196705,Compost,6.13,0.46,21.53,14.86,1.05,0.33,0.36,1
Vegetables,-0.31621600264127664,0.5238833949348404,-0.28828314258444077,-0.42254357453435293,0.27719416200131414,Biogas,7.95,3.03,30.41,27.33,1.52,0.49,1.53,4
Vegetables,0.09611128553750489,0.8986831338893734,0.8710937537549114,-1.2401676576805478,0.1331292640267628,Animal Feed,10.1,4.42,70.76,81.46,1.6,0.57,1.3,4
Grains,-1.4407449704015896,-1.251311088498643,1.4725881170678943,0.31814116370904016,0.6273826832317662,Compost,1.91,0.24,74.43,75.0,0.84,0.36,0.4,1
Mixed,-1.2462509665436738,0.2683049737216811,0.28529964934510926,0.3709651915527551,0.06442138960812924,Biogas,2.9,1.01,39.94,33.24,1.05,0.31,0.81,3
Meat,0.9186441091257084,0.4032037124504528,-0.6581114634149293,-0.9599706404225823,-0.5428675649307586,Biogas,14.04,5.31,24.49,23.98,2.77,0.73,0.51,2
Grains,0.3811334075547413,-1.7504364217950978,-0.2600226765587149,-0.5833123549282677,1.0684429093384773,Compost,12.14,0.63,32.62,31.11,0.92,0.32,0.34,1
Grains,0.9921982051301569,-1.7409570509655083,0.8738849108932546,-0.40416999963219125,1.2789992986858987,Compost,15.71,0.82,63.56,66.99,1.06,0.34,0.37,1
Fruits,-1.1055080328428548,-0.18415268779833377,-0.030450001929977533,1.2138529401894225,-0.9218690657561203,Compost,3.48,1.03,23.55,7.71,1.62,0.33,0.44,0
Grains,-0.4633241946501728,-1.5772556085622156,-0.4236542637940914,-0.4948895257116145,0.656195662826679,Compost,7.28,0.56,27.15,23.93,1.17,0.31,0.39,1
Vegetables,1.0303897549786203,0.7251377294707373,0.7590985735788862,0.1481855958640445,0.20848628758268056,Biogas,15.16,6.23,55.46,53.42,1.42,0.37,1.32,4
Grains,1.0869698288281957,-1.5801723380482429,0.35054294745388404,0.8590132748914249,1.183694827718119,Compost,16.18,1.21,37.56,27.0,1.21,0.36,0.41,1
Grains,0.17744514169626957,-1.7125189384767403,-1.7445693795150625,-0.7636030586557291,0.30379075855046345,Animal Feed,10.62,0.63,-8.36,-16.81,1.02,0.32,0.37,1
Grains,0.34435635955251725,-1.1911535428493258,1.3839688779254946,-0.35364266865124666,0.7647984320690333,Compost,11.77,1.54,77.73,83.65,1.18,0.3,0.52,1
Vegetables,-1.7073785684177143,0.9891017479562259,0.17016441738844784,-0.8072402990483633,-0.8376465100171517,Animal Feed,0.42,0.2,46.9,49.81,1.49,0.64,1.2,4
Meat,-0.7844161137465139,0.3689321409896298,-0.1982683248728691,0.5340306688094398,-0.6603358663561638,Biogas,5.18,1.94,24.66,13.77,3.45,1.22,0.43,2
Grains,0.6972745701892445,-1.2954266219748087,0.5396438435766433,-1.2022721594448393,0.33038735509960954,Animal Feed,13.44,1.6,60.93,69.39,1.08,0.34,0.45,1
Vegetables,-0.3565293052590992,0.6850326990378595,1.454794490310956,-1.077102180423863,-0.39880266695620414,Animal Feed,7.48,3.12,86.07,98.7,1.6,0.62,0.91,4
Meat,1.6308457887072398,0.36346327320332855,-1.0373599395873265,-0.6177628078698207,0.18853884017082173,Biogas,18.37,6.6,10.65,4.98,3.18,0.76,0.56,2
Vegetables,0.6428162491090279,0.6748241458367632,-0.9773500611129453,-0.010286487667100117,0.9022141809063005,Biogas,13.51,5.28,7.07,-3.54,1.44,0.28,1.39,4
Vegetables,0.9554211571279326,0.9971227540428014,0.880862803739113,1.2448583478368203,0.1508603283928613,Biogas,14.72,6.64,49.4,38.51,1.66,0.43,1.35,4
Fruits,0.9964417106688748,0.005434728793453439,-1.5188345459515475,0.8934637278329778,0.7958277947097064,Compost,15.39,4.6,-16.32,-37.91,1.65,0.27,1.0,0
Meat,0.6088682047992828,-0.033211936896410936,-0.897802082670161,-0.5339333723787081,-0.9263018318476441,Compost,12.2,3.89,13.91,8.31,3.41,0.99,0.4,2
Vegetables,-0.9223300437548542,0.4994557854893601,1.4680524867180866,-1.120739420816497,1.1349344007113473,Animal Feed,4.87,1.77,86.83,99.9,1.02,0.57,1.64,4
Vegetables,1.6619648293245068,0.7681594893896431,-1.463709192469267,-0.07689069668743624,-0.8531611913374867,Biogas,17.62,7.74,-6.29,-19.1,1.62,0.46,1.22,4
Grains,0.3811334075547413,-1.437617184418649,-1.261350299939377,0.029905707431378735,1.239104403862178,Compost,12.24,1.15,-1.41,-14.0,1.19,0.32,0.38,1
Vegetables,-0.2525634195605043,1.3252548212208946,-0.6371777848773544,0.0815813868437084,-0.5561658632053332,Biogas,7.96,4.11,16.02,6.57,1.45,0.41,1.22,4
Mixed,-0.363601814490296,-0.5574940620098527,-0.12709381784511473,0.36292675253305934,-1.5712692981644925,Compost,7.02,1.73,28.19,19.2,1.08,0.35,0.67,3
Grains,-1.6529202473374975,-1.0391190183901426,-0.09115766968894459,-0.3984282574752656,0.6118680019114312,Compost,0.75,0.12,35.85,33.69,1.02,0.27,0.45,1
Vegetables,-1.6437259853369417,0.7579509361885468,0.6938552754701113,-1.2240907796411566,1.0662265262927137,Animal Feed,0.82,0.33,65.54,75.08,1.34,0.54,1.38,4
Fruits,-0.6740849697398417,0.08090510424441485,-0.07406183221659175,0.3468498744936678,-1.021606302815427,Biogas,5.65,1.91,29.85,21.31,1.26,0.41,0.45,0
Grains,1.5183928919312089,-1.5823598851627634,-1.1455172786981298,1.2012211074441859,0.5076979987606006,Compost,18.03,1.39,-8.3,-30.43,1.16,0.35,0.5,1
Vegetables,-0.3303610211036705,0.4983620119320997,0.8309708698912266,0.12751532409911265,0.30379075855046345,Biogas,7.88,2.97,57.7,56.25,1.51,0.54,1.23,4
Mixed,-0.06160567031818683,0.25663805577757137,0.7713098860591381,1.3780667658774925,-0.7423420390493688,Biogas,8.87,3.19,45.1,32.43,1.55,0.37,0.85,3
Fruits,0.043774717226647414,0.39117220332058944,1.4987552152398629,1.3482097066614795,-1.5468890846611065,Biogas,9.03,3.58,66.21,57.96,0.8,0.49,0.79,0
Vegetables,1.2262982606827753,1.294264570431852,-0.15849433565147691,0.7235081599879825,-0.10402372186981103,Biogas,15.97,7.99,24.15,11.85,1.8,0.51,1.23,4
Meat,-0.0071473492379704505,0.48159081738744186,-0.37585569779996203,0.7924090658710886,-0.8021843812849547,Biogas,9.12,3.6,17.32,3.17,3.01,0.82,0.48,2
Mixed,-0.8473614459041666,-0.08097338223011097,0.18272462451099272,-1.4319418457218605,-2.506582943476207,Animal Feed,4.41,1.49,52.7,61.11,1.23,0.4,1.06,3
Meat,0.36698838909234743,0.3036703187397649,1.486543902759611,1.6743406611748495,-0.019801166130842467,Biogas,11.47,4.06,63.02,51.87,3.77,1.13,0.57,2
Grains,-1.3417298411648324,-1.4230335369885116,-1.3799744783189678,0.7866673237141629,1.0773084415215248,Compost,2.51,0.24,-11.41,-31.26,1.01,0.29,0.28,1
Vegetables,-0.7999756340551472,1.0244670929743092,-0.8022049506819027,1.0014084803831778,0.3348201211911365,Biogas,5.35,2.42,3.28,-15.14,1.5,0.64,0.93,4
Vegetables,-1.1691606159236274,1.142959228344176,-0.6064750563555782,0.5317339719466697,0.6650611950097266,Biogas,3.41,1.57,12.98,-0.22,1.48,0.49,1.29,4
Vegetables,0.03811670984168999,0.44695465474086526,-0.2771185140310675,-0.20550572100256795,-0.035315847451177454,Biogas,9.71,3.64,28.84,23.94,1.61,0.5,1.04,4
Vegetables,-0.4661531983426518,1.1192608012702026,1.5685341436984457,-1.360744242975984,-0.08629265750371255,Donation,7.02,3.33,91.8,107.55,1.33,0.64,1.52,4
Vegetables,0.3874986658628185,1.2949937528033593,0.5019632222090087,0.17804265508005743,1.2900812139147129,Biogas,12.3,5.77,47.83,44.06,1.11,0.21,0.91,4
Grains,1.309753869610899,-1.2133936051802856,-1.6915373938865397,-1.1368162988558883,0.7537165168402221,Animal Feed,17.09,2.18,-3.59,-8.49,1.21,0.27,0.3,1
Grains,1.1315266369847365,-1.5546509550455023,1.5950501365127072,1.2081111980324968,0.7825294964351318,Compost,16.13,1.29,70.19,63.72,0.79,0.26,0.39,1
Vegetables,0.7750721717324109,0.7466486094301902,-1.0767850341664258,0.707431281948591,1.3011631291435242,Biogas,14.5,5.71,-2.03,-19.46,1.29,0.42,1.44,4
Vegetables,1.4653490726972318,0.5038308797184015,1.6473843328566442,1.6754890096062347,1.1216361024367727,Biogas,18.25,6.63,67.62,57.37,1.55,0.2,1.1,4
Grains,-1.2787845090071797,-1.3887619655276886,0.24099002977390935,0.22167989547269132,0.7913950286181826,Compost,2.82,0.29,39.97,34.33,1.27,0.33,0.37,1
Grains,-1.423770948246717,-1.3008954897611102,0.7133933754385144,-1.3262937900344307,0.5143471478978879,Animal Feed,2.0,0.23,67.0,77.54,1.03,0.38,0.4,1
Grains,1.6393327997846765,-1.6432466131835874,1.4125782385935133,-0.49718622257438483,1.148232698985922,Compost,19.25,1.27,79.81,87.13,1.1,0.34,0.35,1
Vegetables,0.3620376326305096,0.5435713189655262,0.9897179321345022,-1.350409107093518,0.8623192860825765,Animal Feed,11.92,4.45,75.12,87.45,1.3,0.59,1.27,4
Vegetables,0.9646154191284888,0.8100874757512886,-0.7401017043537641,-0.5258949333590125,1.250186319090989,Biogas,15.54,6.27,18.37,13.61,1.59,0.43,1.22,4
Vegetables,-0.5870931061961192,0.6511257187627897,-1.0970209234194148,1.1529904733260117,0.4456392734792544,Biogas,6.54,2.59,-6.49,-27.91,1.72,0.47,1.32,4
Meat,1.5063696262381738,-0.1484227515944968,-1.1190012858838683,-0.08378078727574673,-1.6931703656814214,Compost,16.12,5.05,3.65,-7.13,4.12,1.16,0.75,2
Grains,-0.22002987709699837,-1.2622488240712462,-0.31479913539870213,-1.6570181382733413,0.7049560898334506,Animal Feed,8.64,1.05,40.4,47.92,0.95,0.24,0.35,1
Grains,1.2093242385279024,-1.49923309481098,0.2566902886770903,-0.30426368610168697,0.2550303315436918,Compost,16.15,1.45,45.0,44.03,0.97,0.25,0.36,1
Vegetables,-0.5750698405030845,1.0904580975956812,-0.5290204457665512,0.3146961184148847,0.45228842261654173,Biogas,6.61,3.03,17.09,6.22,1.71,0.61,1.3,4
Vegetables,-0.6401369254300963,0.44841301948387924,-0.7516152275494302,-1.09892080062018,0.7980441777554699,Animal Feed,6.35,2.29,23.01,23.17,1.74,0.46,1.37,4
Mixed,0.7665851606549743,0.7043560318827917,-1.4762693995918121,0.2182348501785359,-3.067327854054083,Compost,11.6,5.61,-9.22,-24.68,1.36,0.53,0.64,3
Grains,-1.6585782547224552,-1.5856412058345444,1.3853644564946659,-0.1274180276683808,0.5187799139894118,Compost,0.72,0.05,75.81,79.76,1.03,0.26,0.36,1
Vegetables,0.7892171901948045,1.2588992254137688,-0.6368288902350616,0.9244691354803759,-0.8487284252459628,Biogas,13.17,6.76,8.68,-8.12,1.31,0.72,1.0,4
Mixed,1.5502191834715948,-0.22753903890299265,-0.7561508578992381,-0.815278738068059,-2.218453147527101,Animal Feed,15.88,4.91,20.42,18.1,1.18,0.46,0.93,3
Fruits,-1.1564300993074728,-0.5582232443813597,-0.10302008752690377,0.4249375678278549,-2.045575269957637,Compost,3.04,0.77,28.34,18.95,0.92,0.3,0.85,0
Fruits,-0.9230372946779738,0.6770116929512839,-0.9885146896663186,-1.1276295114048078,-2.182991018794901,Animal Feed,4.13,1.88,16.48,15.53,0.98,0.58,0.87,0
Vegetables,0.5445083707953904,0.643104712676214,-0.25304478371285655,-0.9301135812065695,-0.49632352096974736,Animal Feed,12.13,5.01,35.85,37.41,1.38,0.5,1.15,4
Vegetables,-0.23205314279003303,1.1484280961304774,-0.5070400833020978,1.1656223060712478,0.6805758763300648,Biogas,8.56,3.95,10.31,-7.85,1.48,0.52,0.77,4
Meat,1.7192521540972017,0.2599193764493524,-0.32945271037500456,0.15048229272681468,-0.98614417408323,Biogas,17.79,6.48,24.24,15.95,2.79,1.36,0.55,2
Mixed,-1.1429923317681985,-0.18415268779833377,-1.5921024208330594,1.561802514899109,-2.513232092613494,Compost,3.03,0.97,-24.24,-52.07,1.13,0.35,0.29,3
Mixed,-0.7511753203598883,0.5362794952504574,-0.03463673763749266,-0.29163185335645087,-0.8132662965137659,Biogas,5.31,2.14,36.54,33.78,1.32,0.32,0.63,3
Vegetables,1.079190068673879,0.8687866566575918,0.9757621464427855,0.9129856511665247,0.5475928935843214,Biogas,15.67,6.66,55.02,47.56,1.53,0.36,1.26,4
Vegetables,0.6866658063424492,1.2877019290882905,-1.382416740815018,1.2678253164645223,0.48331778525721486,Biogas,13.48,6.55,-15.67,-39.74,1.1,0.54,1.03,4
Grains,-0.38481934218388686,-1.7161648503342748,0.27029717972651396,-0.141198208845002,0.6251663001860058,Compost,7.7,0.44,43.97,41.65,1.08,0.3,0.33,1
Vegetables,-1.6550420001068569,0.9858204272844447,-0.456799254811918,1.0496391145013524,1.1371507837571075,Biogas,0.76,0.33,12.76,-4.1,1.11,0.48,1.15,4
Vegetables,1.3373366556125672,0.4797678614586748,-1.1671487465202903,-1.567446960625303,1.1814784446723554,Animal Feed,17.58,6.31,15.19,17.05,1.89,0.57,1.45,4
Vegetables,1.2390287772989297,1.117802436527189,1.1847500371762405,0.9749964664613203,0.24173203326911716,Biogas,16.31,7.61,60.46,53.66,1.38,0.4,1.24,4
Grains,-0.10404072570536856,-1.0544318481917871,-0.3730645406616188,-0.6797736231646165,1.179262061626595,Animal Feed,9.48,1.4,30.22,28.91,0.87,0.37,0.46,1
Grains,0.26938776170182976,-1.445638190505225,-1.5122055477479819,-0.46732916335837194,0.4966160835317863,Compost,11.22,1.08,-4.28,-13.98,1.19,0.31,0.48,1
Fruits,0.8981338323552372,-0.13347451297860605,1.19068124609522,-0.35364266865124666,0.6229499171402423,Compost,14.73,4.15,72.21,77.02,0.61,0.31,1.08,0
Grains,-1.2059376639258512,-1.7230920828635903,0.13248379602081298,-1.0518385149333906,0.915512479180872,Animal Feed,3.25,0.18,47.95,52.78,1.02,0.31,0.39,1
Grains,-1.0849977560723836,-1.4379817756044024,0.8281797127528828,-0.0849291357071318,1.0906067397960995,Compost,3.95,0.37,59.47,59.86,0.88,0.29,0.36,1
Grains,1.231249017144613,-1.2411025352975467,-1.6845595010406815,0.1424438537071189,0.2395156502233537,Compost,16.26,2.07,-14.52,-30.52,1.06,0.34,0.38,1
Meat,0.43559172863495765,0.3937243416208637,-0.10197340360002499,0.7326949474390632,-0.40323543304772796,Biogas,11.61,4.34,25.69,13.63,3.46,1.11,0.39,2
Fruits,-0.7759291026690776,-0.10284885337531723,0.5672065203177837,1.6766373580376197,0.5919205544995692,Compost,5.55,1.59,36.65,20.2,1.71,0.27,0.86,0
Fruits,0.8648930389686117,-0.3226973383846396,-0.0876687232660154,-0.8060919506169781,0.37471501601485735,Animal Feed,14.38,3.71,39.5,40.93,1.5,0.41,0.71,0
Meat,1.5976049953206144,0.33028547529976543,1.1927746139489777,0.7131730241055162,-0.04639776267998861,Biogas,17.98,6.44,62.98,58.51,2.91,1.3,0.47,2
Grains,0.44973674709735173,-1.2469359942696017,0.16039536740424623,1.3011274209746901,0.4855341683029752,Compost,12.19,1.52,28.26,12.75,1.19,0.28,0.44,1
Grains,-1.5079338080979605,-1.1419337327726118,1.1236934747749807,0.7051345850858208,0.9509746079130721,Compost,1.57,0.21,61.06,56.26,1.12,0.32,0.38,1
Vegetables,0.5933086844906497,1.2403050749403437,-1.0411977806525485,0.5638877280254528,0.04004117610474344,Biogas,12.71,6.22,0.24,-15.73,1.22,0.29,1.5,4
Grains,1.403818242385818,-1.1517776947879546,-1.5512817476847884,0.5983381809670056,1.2435371699537017,Compost,18.01,2.4,-14.68,-33.88,1.05,0.22,0.47,1
Vegetables,-0.09838271832041087,1.0510822495343102,-0.44912357268147396,-1.3538541523876733,1.1172033363452487,Animal Feed,9.48,4.16,33.91,38.03,1.46,0.63,0.92,4
Mixed,0.26938776170182976,-0.4543147564416302,-1.6245496225663003,1.5399838947027924,-1.7131178130932834,Compost,10.06,2.66,-24.97,-52.79,1.02,0.57,1.28,3
Vegetables,-1.663529011184293,0.4994557854893601,-0.29072540508049116,-1.1873436298368332,0.38136416515214466,Animal Feed,0.69,0.26,36.99,40.56,1.8,0.36,1.13,4
Grains,-1.423770948246717,-1.7238212652350968,-0.26944283190062346,1.4159622641132008,0.7803131133893683,Compost,2.02,0.11,14.94,-4.04,0.93,0.28,0.39,1
Meat,1.1074801055986667,0.49544528244607233,0.6474522880451538,1.6915658876456263,0.14421117925557397,Biogas,15.52,5.88,38.82,22.7,3.29,1.28,0.39,2
Grains,0.788509939271685,-1.3967829716142641,-0.46831277800758436,0.8429363968520334,0.6827922593758251,Compost,14.17,1.45,14.23,-0.9,0.95,0.31,0.27,1
Fruits,1.3401656593050457,-0.29024872285258374,-1.5634930601650405,-0.4489555884562102,0.45450480566230206,Compost,17.02,4.45,-5.91,-16.06,0.81,0.29,0.61,0
Meat,-0.5863858552729997,0.27450302387948955,-0.23908899802114006,-1.1632283127777459,-0.5495167140680459,Biogas,6.24,2.24,38.26,41.92,3.54,1.1,0.53,2
Vegetables,-0.2214443789432377,1.080614135580338,1.083919485553589,0.9623646337160843,-0.8753250217951122,Biogas,8.0,3.9,57.68,50.42,1.71,0.43,1.44,4
Grains,-0.1959833457109288,-1.0405773831331564,0.6715260183633648,1.4492643686233688,0.8357226895334272,Compost,8.82,1.34,41.61,27.74,1.09,0.27,0.35,1
Vegetables,-1.4343797120935122,1.2333778424110287,1.3120965816131542,-1.3653376367015244,1.1238524854825362,Donation,2.0,0.93,84.49,98.8,1.34,0.36,0.95,4
Vegetables,-0.996591390682422,0.6905015668241613,-0.9619986968520572,-0.9082949610102524,-0.6536867172188764,Animal Feed,4.09,1.73,15.33,12.63,1.74,0.65,0.98,4
Grains,0.22341645169904956,-1.1973515930071343,1.7063475274041466,1.0863862643056754,1.0440626958350914,Compost,11.25,1.44,74.44,69.66,0.94,0.4,0.41,1
Vegetables,-0.6083106338897101,0.9511842646378682,-0.7620820668182177,-1.1023658459143353,0.6938741746046362,Animal Feed,6.5,2.82,22.75,22.88,1.67,0.65,1.25,4
Vegetables,0.26726600893247066,1.0572802996921182,-0.46412604230006926,0.5765195607706889,-0.18159712847149226,Biogas,10.85,5.07,16.67,3.89,1.39,0.51,1.26,4
Fruits,1.2354925226833313,-0.3813965192909429,0.9893690374922091,-0.9496355045401162,-1.1811858821103165,Animal Feed,15.19,4.09,71.62,80.47,1.02,0.49,0.95,0
Vegetables,0.32526058462828555,1.105406336211572,-1.233089833913651,-0.651064912379989,-0.1971118097918304,Animal Feed,11.15,5.3,5.33,-1.17,1.56,0.44,1.03,4
Grains,-0.4774692131125669,-1.7427800068942754,-1.4047459979217647,0.19526788155083386,0.31043990768775076,Compost,7.09,0.39,-6.97,-21.82,0.95,0.35,0.34,1
Vegetables,-0.9859826268356267,0.5865930788844315,0.9237768447411415,-0.6832186684587718,-0.7556403373239435,Animal Feed,4.12,1.69,67.41,73.56,1.41,0.7,1.11,4
Grains,-0.6740849697398417,-1.6993936557896165,0.5487151042762592,0.03564744958830414,1.2457535529994652,Compost,6.29,0.37,50.41,48.15,0.92,0.37,0.41,1
Vegetables,0.5077313227931667,0.5712802490827871,-1.2285542035638433,-0.544268508261174,0.013444579555594149,Biogas,12.24,4.8,4.52,-2.88,1.75,0.56,1.42,4
Vegetables,0.7736576698861714,1.2979104822893868,1.240573179943107,0.16541082233482093,-0.3190128773087594,Biogas,13.43,6.8,69.11,69.69,1.74,0.49,1.03,4
Vegetables,1.6570140728626688,1.1852518058915746,1.163467463996373,0.5351790172408252,-0.6115754393493922,Biogas,17.8,8.84,63.67,60.58,1.48,0.58,1.07,4
Vegetables,1.5990194971668539,0.5643530165534719,-1.1528440661862809,1.2620835743075967,0.7492837507486951,Biogas,18.68,7.06,-9.04,-31.73,1.06,0.39,1.3,4
Grains,0.5487518763341087,-1.3902203302707024,-0.11558029464944865,-1.001311183952446,1.0108169501486548,Animal Feed,13.05,1.33,40.4,43.36,0.82,0.29,0.45,1
Mixed,1.0409985188254156,-0.5728068918114971,-0.9208291290614934,0.6488655119479504,0.86453566912834,Compost,15.69,3.4,2.94,-13.09,1.09,0.31,0.9,3
Meat,-0.8912110031375876,-0.0652959612427132,0.9698309375238059,-0.010286487667100117,-1.3318999292221583,Compost,4.48,1.43,62.88,63.44,2.41,1.07,0.53,2
Vegetables,-0.22215162986635728,0.7838369103770406,-0.40795400489091016,0.13785045998157858,1.2235897225418397,Biogas,8.83,3.53,22.1,13.46,1.36,0.43,1.33,4
Grains,-0.09696821647417152,-1.1670905245895993,1.588421138309142,-0.8187237833622142,1.0551446110639027,Animal Feed,9.47,1.25,87.65,98.78,1.12,0.3,0.44,1
Vegetables,1.361383186998637,1.1338444487003403,-1.2439055678247315,4.8648215365815194e-05,1.1504490820316824,Biogas,17.69,7.96,-0.65,-12.88,1.64,0.52,1.08,4
Vegetables,-1.2752482543915813,0.4407566045830568,1.5371336258920838,-0.6338396859092124,0.4921833174402625,Animal Feed,2.8,1.02,84.57,93.8,1.34,0.47,1.01,4
Vegetables,1.1909357145267905,1.0200919987452677,-1.0261953110339532,1.6708956158806945,0.6694939611012505,Biogas,16.37,7.27,-8.97,-34.5,1.4,0.55,1.23,4
Fruits,0.321724330012687,0.4228916364811386,0.08154517824604779,-1.6914685912148943,-0.5317856497019443,Animal Feed,10.95,4.17,52.06,62.15,1.21,0.46,1.07,0
Meat,0.8182144780427122,-0.1487873427802502,-1.3482250658703128,0.3422564807681275,0.10874905052337386,Compost,13.95,3.99,-6.62,-22.43,2.69,0.95,0.35,2
Vegetables,-0.49515048619055924,1.1834288499628076,-1.5551195887500104,-1.5617052184683775,-0.8819741709323995,Animal Feed,6.6,3.32,4.02,3.61,1.57,0.64,1.21,4
Fruits,1.1958864709886283,-0.09628621203175537,1.5660918812023954,1.6536703894099176,-0.6559031002646368,Compost,15.39,4.69,65.48,54.96,1.26,0.45,0.8,0
Fruits,1.4328155302337258,-0.3073845085829952,-0.9797923236089957,-0.37890633414171887,0.1951879893081059,Compost,17.31,4.54,10.21,2.79,0.95,0.41,1.13,0
Grains,-0.42301089203235054,-1.484284856195089,-0.1686122802779714,0.9439910588139225,0.352551185557235,Compost,7.4,0.68,21.94,7.65,1.09,0.37,0.32,1
Grains,-1.1861346380784998,-1.0456816597337046,-1.0778317180933046,-0.18598379766902118,0.47223587002840056,Compost,3.29,0.5,5.72,-3.93,0.93,0.32,0.37,1
Vegetables,0.2177584443140921,1.0346756461754054,-0.9619986968520572,0.5420691078291356,-0.7667222525527546,Biogas,10.29,4.92,2.7,-12.64,1.12,0.48,1.25,4
Grains,0.011241174763141444,-1.6643929019572867,0.23470992621263692,-1.3618925914073692,1.0972558889333868,Animal Feed,10.09,0.64,53.58,61.68,0.9,0.32,0.46,1
Vegetables,-0.8784804865214331,0.9015998633754009,1.4104848707397561,0.24924025782593368,0.9642729061876467,Biogas,5.08,2.14,73.25,74.07,1.4,0.31,0.84,4
Grains,-0.811998899748182,-1.314749954819741,-1.1033010269806873,-0.6832186684587718,0.8423718386707145,Animal Feed,5.42,0.61,9.32,3.84,1.03,0.33,0.29,1
Meat,-0.14718303201566982,0.5049246532756618,0.05468029078949333,1.3275394348965477,-1.6843048334983706,Biogas,8.04,3.35,25.01,8.67,4.05,1.44,0.51,2
Mixed,-1.317683309778763,-0.45066884458409584,0.44125555445004166,0.9164306964606802,-2.599671031398226,Compost,2.2,0.61,39.66,29.12,0.89,0.55,0.68,3
Grains,0.15056960661772126,-1.6935601968175618,1.3944357171942818,1.3872535533285733,0.6584120458724393,Compost,10.65,0.65,62.88,53.7,1.15,0.21,0.51,1
Fruits,-0.4187673864936322,0.5129456593622375,-0.14104960353683124,1.5549124243107986,-1.5424563185695797,Biogas,6.76,2.8,17.41,-2.04,0.99,0.28,0.76,0
Vegetables,1.4080617479245365,0.6383650272614195,-1.5938468940445238,-0.9748991700305885,-0.48080883964941235,Animal Feed,16.62,6.85,-2.2,-7.94,1.39,0.7,1.25,4
Grains,-0.5722408368106059,-1.2381858058115192,-0.5799590635413167,0.6006348778297762,0.7714475812063206,Compost,6.72,0.84,13.14,-0.51,1.1,0.25,0.52,1
Grains,-0.20305585494212558,-1.1339127266860363,-0.4861064047645229,1.6892691907828556,0.25946309763521563,Compost,8.55,1.22,6.36,-16.23,1.0,0.14,0.51,1
Vegetables,0.32596783555140535,1.0510822495343102,-1.2641414570777203,1.2999790725433054,1.1659637633520203,Biogas,11.89,5.21,-12.55,-36.21,1.62,0.62,1.14,4
Meat,0.9059135925095538,0.29528472146743573,-1.270770455281286,0.7614036582236908,-0.8886233200696868,Biogas,13.73,5.06,-8.06,-27.06,2.56,0.91,0.41,2
Vegetables,0.7135413414209972,1.060926211549653,-1.3517140122932418,1.1196883688158439,0.11318181661490084,Biogas,13.4,6.18,-13.5,-36.09,1.42,0.42,1.43,4
Meat,-1.0736817413024686,0.35617144948825974,-1.1985492643266527,-0.9220751421868737,-0.529569266656184,Biogas,3.71,1.38,8.66,4.72,2.47,0.85,0.56,2
Vegetables,1.03109700590174,1.1024896067255447,-1.3911391068723409,0.4777615956715699,1.1460163159401584,Biogas,15.84,7.06,-9.04,-26.27,1.29,0.6,1.31,4
Vegetables,0.4730760275603015,1.1899914913063692,1.4715414331410162,-1.0208331072859929,-0.5251365005646601,Animal Feed,11.74,5.81,86.06,98.29,1.1,0.51,1.35,4
Grains,-0.31975225725687517,-1.1933410899638466,0.3732210992029236,0.4134540835140037,0.8756175843571512,Compost,8.15,1.06,42.09,35.53,1.09,0.3,0.34,1
Grains,-0.033315633393399186,-1.0580777600493214,1.6554089096293814,0.7659970519492311,1.0152497162401786,Compost,9.8,1.45,75.76,73.48,0.94,0.29,0.39,1
Mixed,-0.666305209585525,0.5530506897951153,1.1376492604666975,1.1334685499924648,-0.2724688333477513,Biogas,5.9,2.33,57.73,49.29,1.33,0.22,0.73,3
Fruits,1.065045050211485,0.1366875556646907,-0.8887308219705453,0.011532132529217032,-1.5978658947136386,Biogas,14.03,5.0,9.42,-0.88,1.89,0.4,1.06,0
Vegetables,0.677471544341893,0.7360754650433409,0.3407738974696827,1.5744343476443452,-0.32566202644604675,Biogas,12.92,5.47,31.04,14.19,1.61,0.63,1.3,4
Vegetables,1.5502191834715948,0.7958684195069045,0.3840368331140038,1.700752675096707,0.26611224677250295,Biogas,18.0,7.56,31.19,13.48,1.63,0.51,0.99,4
Mixed,1.6294312868610008,-0.0922757089884676,1.6219150239692615,1.526203713526171,0.8335063064876669,Compost,18.92,5.38,68.19,59.1,1.55,0.39,0.81,3
Grains,1.0452420243641338,-1.6290275569392034,-1.3534584855047063,-1.3630409398387542,1.0041678010113675,Animal Feed,15.81,1.08,8.06,7.07,0.85,0.26,0.41,1
Meat,-1.2285696934656813,0.1268435936493478,-0.12848939641428636,-0.36627450139648277,-1.2210807769340404,Biogas,2.81,0.98,34.5,31.85,3.9,1.09,0.52,2
Fruits,-0.5729480877337254,-0.23847677447559565,-0.6043816885018206,0.6821676164581184,-0.1550005319223461,Compost,6.43,1.78,11.73,-2.77,1.8,0.5,0.72,0
Vegetables,-0.3834048403376475,0.7426381063869024,1.6267995489613623,1.0576775535210479,0.9066469469978242,Biogas,7.81,3.13,72.41,67.42,1.49,0.55,1.31,4
Vegetables,0.7524401421925807,0.9180064667343056,1.482706061694389,1.0163370099911841,-0.8686758726578249,Biogas,12.97,6.0,68.64,63.2,1.68,0.52,1.17,4
Mixed,1.0756538140582808,-0.6471834937051982,-0.0035851144734233183,1.326391086465163,-1.9724346294474764,Compost,13.81,3.28,23.34,6.67,1.21,0.25,0.93,3
Grains,-0.7589550805142049,-1.0894326020241172,0.5640664685371474,1.6915658876456263,0.6340318323690535,Compost,5.66,0.83,36.43,19.84,1.02,0.2,0.4,1
Vegetables,1.3988674859239807,0.43346478086798795,-0.7195169204584823,-1.2757664590534863,-0.0973745727325237,Animal Feed,16.89,6.32,25.48,27.37,1.6,0.43,1.21,4
Meat,-0.9661796009882752,-0.09555702966024839,-1.6870017635367318,-0.902553218853327,-1.402824186686552,Compost,4.09,1.3,-5.5,-12.4,2.69,1.35,0.6,2
Grains,-0.5687045821950073,-1.1131310290980905,0.32681811177796594,0.9658096790102397,1.0773084415215248,Compost,6.83,0.96,35.95,24.31,0.85,0.36,0.44,1
Meat,0.26231525247063275,-0.0149823776087391,1.0584501766662062,1.0955730517567566,-0.3589077721324833,Compost,10.73,3.35,55.79,47.22,3.24,1.13,0.43,2
Grains,-1.0524642136088778,-1.6851745995452325,0.32681811177796594,0.9416943619511524,1.0285480145147532,Compost,4.12,0.25,36.17,24.75,1.03,0.34,0.4,1
Meat,1.6343820433228387,-0.19472583218518338,1.3012808477020739,1.6330001176449858,-0.7246109746832704,Compost,17.59,5.12,58.07,46.21,3.11,1.13,0.53,2
Grains,1.1598166739095241,-1.446002781690978,-0.8684949327175563,-1.491655964153886,0.6717103441470139,Animal Feed,16.2,1.55,23.09,26.01,1.07,0.27,0.42,1
Grains,-1.4230636973235973,-1.5666824641753656,1.5796987722518192,-0.7762348914009655,0.3436856533741842,Animal Feed,1.98,0.16,87.03,97.75,1.01,0.28,0.39,1
Grains,1.3946239803852625,-1.2637071888142597,1.3567550958266472,0.10799340076556567,0.8889158826317258,Compost,17.67,2.12,72.94,74.68,1.09,0.33,0.42,1
Vegetables,1.33026414638137,0.9234753345206074,1.5584161990719514,-0.8761412049314695,1.103905038070674,Animal Feed,17.48,7.37,87.29,98.76,1.67,0.49,1.1,4
Mixed,1.5862889805506994,0.7834723191912876,1.6787848506630068,0.6258985433202484,-0.8708922557035852,Biogas,17.21,7.61,77.66,76.73,1.47,0.44,0.92,3
Mixed,-1.5206643247141152,-0.4360851971539584,-1.1880824250578654,1.6261100270566753,-1.3186016309475836,Compost,1.34,0.35,-13.22,-39.29,1.58,0.53,0.69,3
Vegetables,-0.23276039371315282,0.680293013623065,-1.4228885193209961,-0.22962103806165526,0.37914778210638433,Biogas,8.44,3.38,-3.79,-15.05,1.35,0.56,1.34,4
Vegetables,-0.5177825157303895,1.0667596705217077,-1.730613593823346,-0.3283790031607743,-0.7046635272714084,Biogas,6.54,3.15,-11.75,-23.9,1.37,0.45,1.15,4
Grains,-0.5679973312718876,-1.1477671917446668,-0.010911901961574535,0.13210871782465297,0.9975186518740802,Compost,6.81,0.92,33.53,27.23,1.13,0.26,0.38,1
Vegetables,0.5933086844906497,1.0179044516307472,-0.5056445047329261,-0.04473694060865316,0.37693139906062084,Biogas,12.91,5.8,20.89,13.28,1.12,0.49,1.0,4
Mixed,-0.05382591016387024,-0.6409854435473897,-0.12569823927594312,0.20560301743329978,-1.3695784410001155,Compost,8.63,1.99,29.6,21.99,1.36,0.46,0.47,3
Mixed,0.5126820792550045,0.47502817604387976,-0.02172763587265469,1.690417539214241,-1.1590220516526941,Biogas,11.57,4.64,19.65,-0.29,1.23,0.51,0.7,3
Grains,-1.4838872767118907,-1.2600612769567254,-1.6486233528845113,0.38933876645491683,0.2550303315436918,Compost,1.65,0.2,-15.64,-33.57,0.93,0.24,0.4,1
Grains,1.4752505856209075,-1.3935016509424831,0.7671231503516229,1.3780667658774925,0.9886531196910325,Compost,18.2,1.85,44.97,32.27,1.17,0.34,0.36,1
Vegetables,-0.16840055970926068,1.0488947024197894,-1.5502350637579096,0.7361399927332186,-0.6935816120425973,Biogas,8.34,3.99,-15.85,-36.25,1.63,0.49,1.26,4
Grains,0.015484680301859767,-1.0496921627769924,-0.8447700970416382,1.3700283268577966,0.3481184194657112,Compost,9.77,1.5,-1.15,-23.02,1.0,0.32,0.43,1
Grains,1.1025293491368289,-1.4740763029939927,-0.3113101889757732,-1.1494481316011245,1.1460163159401584,Animal Feed,16.24,1.45,36.08,39.21,0.9,0.32,0.34,1
Vegetables,-0.9852753759125068,0.9187356491058123,0.6422188684107598,0.6902060554778141,0.16415862666743278,Biogas,4.32,1.9,47.39,39.96,1.61,0.33,1.2,4
Vegetables,1.3345076519200885,1.0168106780734867,0.5588330489027534,0.5099153517503525,0.6761431102385378,Biogas,17.16,7.61,46.57,40.23,1.54,0.52,1.14,4
Fruits,-1.2335204499275192,0.04152925618304375,1.385713351136959,0.07928468998093824,-2.732654014143966,Compost,2.57,0.93,74.02,76.17,0.93,0.39,0.79,0
Fruits,-1.5114700627135589,-0.29061331403833707,-1.5216257030898908,-1.4629472533692582,-2.085470164781358,Animal Feed,1.33,0.4,4.11,3.03,1.57,0.35,0.55,0
Meat,-0.17759482170981664,0.36236949964606824,-0.42958547271307096,-1.469837343957569,-0.5007562870612743,Biogas,8.37,3.11,35.48,40.72,2.76,1.16,0.59,2
Vegetables,-0.7207635306657415,0.438204466282783,-0.5419295475313891,0.5960414841042354,-0.3943699008646803,Biogas,5.58,2.12,14.27,0.87,1.3,0.48,1.34,4
Vegetables,0.423568462941923,0.5479464131945672,1.4854972188327322,-0.586757400222423,-0.899705235298498,Biogas,11.27,4.58,82.68,91.2,1.53,0.51,1.35,4
Vegetables,-0.3310682720267903,1.0733223118652697,0.013859617641222366,-1.264282974739635,0.35033480251147153,Animal Feed,7.89,3.62,46.4,52.39,1.3,0.62,1.21,4
Vegetables,-0.3048999878713616,0.8024310608504661,0.6020959845470751,-1.4985460547421967,-0.19932819283759073,Animal Feed,7.83,3.37,65.3,76.71,1.23,0.52,1.2,4
Vegetables,1.455447559773556,1.0040499865721166,-1.1667998518779974,-0.20091232727702762,0.9642729061876467,Biogas,18.07,7.87,3.3,-6.74,1.48,0.59,1.01,4
Vegetables,-0.09838271832041087,0.8210252113238915,-0.9968881610813486,1.1196883688158439,0.5232126800809356,Biogas,9.23,3.86,-3.32,-23.88,1.46,0.66,1.21,4
Mixed,0.48297754048397723,-0.49040928383122057,0.26506376009212035,-0.8233171770877546,0.45228842261654173,Animal Feed,12.36,2.88,49.76,53.36,1.4,0.48,0.73,3
Grains,0.3882059167859383,-1.678976549387424,-0.14488744460205327,-0.7475261806163378,0.93102716050121,Animal Feed,12.11,0.75,37.35,37.93,0.95,0.22,0.45,1
Vegetables,-1.6189722030277525,1.3245256388493878,-0.49273540296808815,-0.13775316355084674,0.48110140221145137,Biogas,0.93,0.46,22.07,15.35,1.02,0.5,0.75,4
Vegetables,-1.0956065199191791,0.9373297995792378,1.4935217956054694,-0.2020606757084127,0.9642729061876467,Biogas,3.87,1.65,79.57,84.79,1.65,0.53,1.44,4
Mixed,-0.6924734937409537,-0.26983161645039117,-0.7865046917787216,-1.5605568700369925,-0.5761133106171921,Animal Feed,5.68,1.58,26.05,30.03,1.64,0.26,0.98,3
Mixed,1.3415801611512854,0.9289442023069086,-1.3091488659335064,-1.0839922710121737,-0.261386918118937,Animal Feed,16.45,7.41,6.92,3.76,0.74,0.46,1.17,3
Vegetables,1.3656266925373548,0.5873222612559382,1.5957479257972929,-0.8198721317935993,1.1415835498486346,Animal Feed,17.71,6.63,87.87,99.05,1.86,0.52,1.14,4
Vegetables,-1.0347829405308855,0.547581822008814,0.18377130843787148,-1.3148103057205798,-0.38772075172739295,Animal Feed,3.95,1.56,51.7,59.11,1.39,0.43,1.62,4
Fruits,0.9978562125151144,-0.6285893432317731,-1.1046966055498588,-0.456994027475906,-1.5912167455763513,Compost,13.7,3.23,7.31,-0.14,1.34,0.43,0.75,0
Grains,-1.5348093431765089,-1.236362849882752,1.4031580832516046,1.7041977203908625,0.8069097099385176,Compost,1.41,0.18,60.37,48.48,0.84,0.27,0.44,1
Mixed,0.9766386848215233,0.6689906868647084,0.6369854487763664,1.637593511370526,-0.8309973608798644,Biogas,14.13,5.99,38.99,23.28,1.37,0.3,0.46,3
Vegetables,-0.5899221098885982,0.9238399257063604,1.5772565097557685,1.6582637831354579,-0.5273528836104204,Biogas,6.23,2.84,65.75,55.25,1.56,0.65,1.12,4
Grains,1.5742657148576646,-1.7318422713216726,1.292558481644751,-0.5029279647313102,1.0307643975605167,Compost,18.79,1.02,76.42,83.12,0.87,0.34,0.35,1
Grains,-1.1691606159236274,-1.6075166769797506,0.006881724795364241,-0.03210510786341706,1.3033795121892844,Compost,3.51,0.25,35.47,30.69,1.0,0.26,0.37,1
Vegetables,0.8217507326583104,0.7594093009315608,0.08538301931126982,-1.2573928841513244,-0.4918907548782235,Animal Feed,13.57,5.84,48.39,54.73,1.64,0.31,1.17,4
Mixed,1.4992971170069769,0.4571632079419616,1.7220477863073278,1.6950109329397813,-3.049596789687985,Compost,14.94,6.58,69.58,59.59,1.73,0.62,0.93,3
Fruits,-1.4980322951742848,0.9001414986323873,-1.2358809910519946,-0.5063730100254655,-0.6758505476764988,Biogas,1.5,0.68,3.98,-3.8,1.08,0.53,0.72,0
Fruits,-1.587853162410486,-0.41639727312327285,1.4443276510421688,1.3022757694060756,-2.6218348618558482,Compost,0.94,0.27,65.04,56.88,0.61,0.37,0.75,0
Vegetables,0.8854033157390828,1.0273838224603367,1.4663080135066222,0.1929711846880637,0.7980441777554699,Biogas,14.78,6.54,75.34,76.96,1.55,0.5,0.99,4
Vegetables,-0.3056072387944814,0.8093582933797813,0.7402582628950687,0.9164306964606802,1.234671637770654,Biogas,8.37,3.37,48.22,39.39,1.06,0.67,1.45,4
Grains,-0.8975762614456649,-1.120422852813159,-0.5994971635097198,1.155287170188782,1.0152497162401786,Compost,4.98,0.69,7.75,-10.85,1.05,0.32,0.54,1
Meat,0.7786084263480092,0.6095623235868983,-0.6563669902034648,-1.1827502361112927,-1.438286315418749,Biogas,12.73,5.44,26.48,27.92,2.96,1.07,0.67,2
Fruits,0.34435635955251725,0.6894077932669009,-1.7288691206118814,1.6594121315668433,-0.9440328962137458,Biogas,10.84,4.65,-29.01,-58.46,1.0,0.29,0.86,0
Mixed,1.7326899216364762,0.11809340519126552,-0.9658365379172792,1.5204619713692453,0.7249035372453093,Biogas,19.4,6.12,-5.92,-29.8,1.18,0.37,0.79,3
Vegetables,0.1724943852344317,0.4987266031178534,0.2622726029537771,-0.06770390923635539,-0.2702524503019878,Biogas,10.31,3.99,43.1,40.1,1.67,0.52,1.65,4
Fruits,0.5140965811012436,0.6507611275770365,-1.052013514563629,0.273355574885021,0.015660962601357638,Biogas,12.27,4.96,2.47,-11.04,1.25,0.45,0.58,0
Grains,1.7362261762520743,-1.7354881831792068,0.8229462931184894,1.3539514488184052,0.3060071415962238,Compost,19.04,1.06,46.79,34.62,0.98,0.26,0.42,1
Vegetables,-1.4138694353230412,0.48268459094470223,-0.5632121207112568,-0.4271369682598933,0.9842203535995055,Biogas,2.1,0.76,22.57,17.97,1.57,0.59,1.41,4
Mixed,-1.4980322951742848,0.60555182054361,0.9638997286048262,0.26531713586532524,-1.8859956906627475,Biogas,1.41,0.62,60.31,58.42,1.56,0.31,0.86,3
Vegetables,0.8245797363507892,0.9668616856252662,1.2820916423759636,1.3045724662688456,-0.8753250217951122,Biogas,13.33,6.27,60.38,51.27,1.87,0.51,1.38,4
Grains,0.040238462611048895,-1.4543883789633072,1.726234522014843,0.31584446684627,0.702739706787687,Compost,10.07,0.95,81.72,83.78,1.02,0.31,0.41,1
Meat,0.9455196442042568,0.020018376223590855,0.24238560834308098,0.7200631146938271,-1.1878350312476038,Compost,13.73,4.55,35.67,25.69,2.52,1.0,0.68,2
Meat,-0.7787581063615563,-0.1655585373249083,0.03025766582898927,-0.4684775117897572,-1.3651456749085917,Compost,5.03,1.54,39.94,39.09,1.93,1.02,0.44,2
Grains,-0.25539242325298306,-1.5506404520022146,1.477472642059995,0.11947688507941688,1.2058586581757411,Compost,8.64,0.68,76.3,78.64,1.01,0.33,0.35,1
Fruits,-1.2865642691614962,0.14616692649427998,1.5252712080541244,-1.4411286331729414,-1.2964378004899582,Donation,2.51,0.89,91.26,107.45,1.19,0.38,1.09,0
Vegetables,-0.18042382540229535,0.8447236383978646,0.7290936343416957,1.311462556857156,0.8135588590758049,Biogas,8.9,3.7,44.47,32.12,1.28,0.46,1.19,4
Grains,0.29414154401101894,-1.6388715189545462,-1.0781806127355975,-0.8198721317935993,0.44785565652501474,Animal Feed,11.33,0.78,11.23,7.09,0.96,0.22,0.4,1
Vegetables,0.44054248509679556,0.8308691733392342,-1.4731293478111758,-1.6524247445478006,-0.035315847451177454,Animal Feed,11.85,5.11,7.16,8.0,1.66,0.35,1.28,4
Vegetables,-1.4018461696300066,0.7364400562290939,1.3396592583542946,-0.36053275923955713,0.8091260929842811,Biogas,2.15,0.86,76.53,82.25,1.66,0.65,1.11,4
Grains,-0.3148015007950373,-1.6862683731024928,-0.6343866277390112,-1.4790241314086499,1.285648447823186,Animal Feed,8.33,0.5,29.69,33.84,1.07,0.28,0.36,1
Vegetables,-1.5638066310244163,0.6963350257962161,1.642150913222251,-1.120739420816497,1.0174660992859421,Animal Feed,1.26,0.49,91.82,105.9,1.34,0.46,1.05,4
Grains,-0.8890892503682285,-1.0777656840800072,-0.3406173389283778,-0.9014048704219418,1.2922975969604733,Animal Feed,5.09,0.73,33.08,33.88,0.91,0.27,0.45,1
Fruits,1.4497895523885986,0.02329969689537191,-0.5007599797408253,-1.7328091347447583,-0.5007562870612743,Animal Feed,16.83,5.39,35.73,42.85,1.13,0.28,0.53,0
Fruits,1.362797688844876,0.9267566551923879,1.7380969398528021,0.29517419508133813,-0.2503050028901258,Biogas,16.57,7.46,82.24,84.53,1.66,0.23,0.87,0
Grains,0.6456452528015066,-1.141204550401105,-0.30572787469908647,-0.49029613198607414,0.21513543671996788,Compost,13.09,1.85,30.5,27.93,1.07,0.24,0.42,1
Meat,0.8493335186599785,0.25408591747729753,1.009604926745198,-0.9978661386582908,-1.367362057954355,Biogas,13.12,4.86,72.62,82.0,3.33,1.02,0.58,2
Vegetables,1.3111683714571387,0.4753927672296334,1.482706061694389,0.23316337978654214,0.23065011804030602,Biogas,16.69,6.25,75.46,76.83,1.83,0.49,1.02,4
Vegetables,-1.0503424608395187,1.3402030598367853,1.3414037315657592,0.8659033654797353,-0.4697269244206012,Biogas,3.85,1.99,65.9,60.96,1.36,0.37,1.57,4
Grains,-1.681917535185405,-1.1160477585841178,0.8515556537865081,-0.5718288706144166,0.6960905576503997,Compost,0.59,0.08,64.38,69.14,1.0,0.34,0.38,1
Vegetables,-1.308489047778207,0.5636238341819652,-0.46342825301548357,0.7591069613609206,-0.4918907548782235,Biogas,2.5,1.0,15.1,0.73,1.54,0.57,1.14,4
Vegetables,0.32879683924388403,0.869151247843345,0.21342735303276897,-1.4790241314086499,1.2634846173655636,Animal Feed,11.96,4.92,54.0,63.0,1.47,0.62,1.07,4
Vegetables,-0.936475062217248,1.0849892298093795,-1.4466133549969142,0.7970024595966289,0.18188969103353442,Biogas,4.58,2.12,-13.41,-33.74,1.62,0.51,1.53,4
Fruits,1.4115980025401353,0.27450302387948955,1.7332124148607013,-0.2514396582579722,-0.11510563709862218,Biogas,16.94,5.95,86.86,93.89,1.01,0.45,0.74,0
Meat,0.68383680264997,-0.1130574065764135,1.7346079934298728,-0.5006312678685401,-1.8815629245712204,Compost,11.97,3.86,89.07,98.27,2.01,1.37,0.54,2
Fruits,-0.396135356953802,0.4670071699573042,0.36554541707247956,-0.7417844384594122,-0.7334765068663212,Animal Feed,7.16,2.8,51.92,55.37,1.19,0.38,0.66,0
Meat,1.0473637771334925,0.4075788066794942,-1.0991142912731722,-0.7383393931652569,-0.8487284252459628,Biogas,14.48,5.57,9.92,4.95,3.27,1.17,0.44,2
Vegetables,0.6173552158767189,1.055457343763351,-0.3284060264481258,0.2917291497871827,0.5431601274927976,Biogas,13.14,5.93,23.03,13.51,1.32,0.48,1.2,4
Vegetables,-1.2603959850060678,0.7995143313644386,0.1035255407105012,-0.07114895453051064,-0.40101905000196764,Biogas,2.77,1.2,38.57,34.68,1.68,0.54,1.14,4
Grains,1.5785092203963829,-1.6760598199013965,0.663152546948335,-0.9002565219905567,1.12828525157406,Animal Feed,18.89,1.17,61.84,68.38,0.89,0.31,0.39,1
Grains,0.6534250129558232,-1.430689951889334,1.645988754287473,-1.4755790861144946,1.1615309972604935,Donation,13.72,1.31,95.03,112.22,0.81,0.3,0.45,1
Vegetables,-0.4003788624925203,0.9777994211978692,1.2796493798799136,0.5857063482217695,0.4899669343945022,Biogas,7.57,3.34,66.57,63.72,1.29,0.49,1.26,4
Grains,0.35213611970683384,-1.6097042240942712,-1.6835128171138027,1.549170682153873,0.6783594932843012,Compost,11.77,0.85,-26.75,-54.98,0.97,0.32,0.49,1
Fruits,-0.8162424052869001,0.3474212610301769,1.1669564104193022,-0.4248402713971231,0.5631075749046596,Biogas,5.32,1.87,72.14,77.43,1.2,0.31,0.34,0
Vegetables,-1.4909597859430879,0.46883012588607126,0.5071966418434026,0.6304919370457887,0.002362664326782993,Biogas,1.59,0.6,44.03,36.35,1.28,0.41,1.33,4
Vegetables,0.3620376326305096,1.0539989790203377,-0.3817869067189416,-0.13660481511946168,0.13091288098099932,Biogas,11.52,5.3,25.25,19.15,1.72,0.35,1.19,4
Vegetables,0.1979554184667406,0.7295128236997788,-0.34654854784735745,-1.372227727289835,-0.635955652852778,Animal Feed,10.25,4.4,37.01,41.87,1.57,0.49,1.2,4
Vegetables,1.1378918952928134,1.2650972755715773,-0.8095317381700539,0.6764258743011932,-0.4431303278714519,Biogas,15.25,7.69,5.89,-9.74,1.15,0.53,0.63,4
Vegetables,-1.5355165940996285,1.1294693544712988,-0.013005269815331849,-0.23076938649304035,0.5719731070877072,Biogas,1.39,0.64,36.63,33.47,1.44,0.17,1.17,4
Vegetables,0.01194842568626125,0.9114438253907435,0.12341253532119728,-0.17450031335517016,0.6295990662775296,Biogas,9.88,4.24,40.05,37.18,1.33,0.65,0.84,4
Fruits,0.6937383155736457,0.8104520669370416,1.6135415525542318,-1.1907886751309884,-0.2924162807596101,Donation,13.03,5.65,91.61,106.14,0.83,0.41,0.85,0
Vegetables,0.28777628570294167,1.3263485947781548,0.7454916825294626,1.6226649817625198,0.02231011173864496,Biogas,11.07,5.56,42.22,27.27,1.52,0.35,0.93,4
Fruits,-0.7087402649727067,-0.12800564519230428,0.9101699536917178,-0.47766429924083786,-1.6377607895373625,Compost,5.3,1.67,65.24,69.52,1.52,0.32,0.76,0
Fruits,1.4929318586989,-0.6238496578169783,-0.6158952116974867,0.4088606897884634,0.8224243912588557,Compost,18.16,3.82,13.78,1.59,1.25,0.58,0.88,0
Vegetables,0.43346997586559877,0.6806576048088181,-0.2600226765587149,-1.4870625704283456,-0.8642431065662979,Animal Feed,11.34,4.83,40.49,46.85,1.02,0.71,1.49,4
Fruits,0.3995219315558534,-0.4740026804723158,0.8648136501936391,-1.0369099853253843,-1.0814486450510097,Animal Feed,11.05,2.8,68.81,77.7,0.98,0.4,1.05,0
Fruits,-0.5326347851159028,0.8888391718740307,-0.8841951916207375,0.9210240901862206,-2.8346076342490334,Compost,5.78,2.94,1.62,-16.56,1.33,0.65,0.73,0
Grains,-1.6564565019530961,-1.314020772448234,0.957270730401261,1.4687862919569157,0.7492837507486951,Compost,0.74,0.08,49.64,37.24,0.97,0.33,0.3,1
Vegetables,1.072117559442682,0.8840994864592358,-0.11767366250320596,0.5799646060648443,-0.0242339322223663,Biogas,15.21,6.67,26.57,15.74,1.59,0.5,1.34,4
Vegetables,-0.5941656154273163,1.2793163318159613,-0.6364799955927687,-1.1838985845426777,0.60078608668262,Animal Feed,6.55,3.16,27.06,28.62,1.39,0.58,1.29,4
Grains,-0.3756250801833309,-1.6414236572548202,0.9544795732629178,1.2230397276405032,1.1881275938096427,Compost,7.96,0.53,51.7,41.42,1.0,0.3,0.41,1
Meat,-1.566635634716895,-0.15571457530956564,-0.7948781631937516,1.0060018741087182,-1.8549663280220743,Compost,1.08,0.34,3.45,-14.96,2.3,0.88,0.51,2
Vegetables,1.2001299765273468,1.3000980294039075,-1.0188685235458022,1.690417539214241,0.6827922593758251,Biogas,16.43,7.94,-8.93,-34.59,1.35,0.52,1.22,4
Meat,0.7984114521953607,0.02986233823893376,-0.5077378725866835,-0.24110452237550628,-0.8021843812849547,Compost,13.24,4.32,22.54,16.64,3.6,1.31,0.45,2
Vegetables,-1.121067553151488,0.5563320104668963,1.5538805687221438,0.9003538184212886,-0.09294180664099987,Biogas,3.54,1.39,71.69,67.66,1.55,0.43,1.2,4
Meat,-1.1203603022283684,0.2511691879912696,-1.3457828033742623,0.829156215675412,-0.8376465100171517,Biogas,3.42,1.23,-10.8,-30.83,3.56,1.05,0.44,2
Vegetables,0.4589310090979077,1.2661910491288375,-1.2930997123880321,-1.5215130233698988,-0.20376095892911772,Animal Feed,11.85,5.91,11.18,11.92,1.56,0.47,1.16,4
Vegetables,-0.22215162986635728,0.7222209999847099,0.7280469504148169,-0.4868510866919187,0.6628448119639632,Biogas,8.61,3.46,60.09,63.4,1.56,0.54,1.01,4
Vegetables,1.2001299765273468,0.738263012157861,0.27378612614944314,0.7901123690083184,-0.4209664974138264,Biogas,15.59,6.63,35.96,25.55,1.51,0.38,0.93,4
Vegetables,0.3365765993982006,1.2982750734751398,1.033678657063409,-0.8841796439511652,-0.32344564340028326,Animal Feed,11.14,5.64,72.33,80.86,1.68,0.42,1.36,4
Meat,1.0947495889825123,0.027310199938659695,1.6641312756867044,1.099018097050912,-1.6399771725831227,Compost,14.14,4.81,73.12,67.99,2.56,1.03,0.42,2
Grains,0.13996084277092571,-1.5539217726739956,0.3585675242266212,0.35029491978782323,0.3857969312436685,Compost,10.46,0.85,42.22,36.12,0.72,0.23,0.43,1
Vegetables,1.7341044234827152,1.1342090398860933,0.0731717068310178,-1.067915392972782,1.0396299297435645,Animal Feed,19.69,8.9,46.39,51.0,1.51,0.51,0.67,4
Grains,1.4101835006938956,-1.6385069277687927,-0.6253153670393955,1.0714577346976693,0.29935799245893957,Compost,17.27,1.2,7.74,-10.28,0.91,0.35,0.47,1
Grains,1.2920725965329067,-1.2009975048646686,1.3567550958266472,-0.12512133080561066,1.1659637633520203,Compost,17.32,2.2,74.97,78.74,1.09,0.29,0.36,1
Fruits,-0.5856786043498798,-0.10685935641860501,-1.436146515728127,-0.038995198451727754,0.45228842261654173,Compost,6.55,1.88,-5.83,-18.82,1.62,0.36,1.1,0
Mixed,1.3196553825345747,-0.5870259480558813,0.7985236681579854,-1.100069149051565,-1.9081595211203697,Animal Feed,15.03,3.7,67.46,76.53,1.33,0.27,0.76,3
Vegetables,0.5791636660282555,0.869151247843345,-1.274259401704215,-0.6349880343405974,0.7337690694283602,Animal Feed,13.05,5.5,4.0,-2.88,1.3,0.58,1.11,4
Vegetables,1.3981602350008606,1.1061355185830788,-0.6050794777864064,-0.6338396859092124,1.250186319090989,Animal Feed,17.98,7.98,23.17,20.13,1.48,0.36,1.31,4
Vegetables,0.6131117103380006,0.9136313725052642,0.7782877789049965,-0.4076150449263465,-0.050830528771515594,Biogas,12.75,5.66,60.85,63.77,1.44,0.48,1.14,4
Vegetables,1.0968713417518714,0.9581114971671835,0.726651371845645,-0.739487741596642,-0.38107160259010564,Animal Feed,15.08,6.9,62.26,67.77,1.55,0.56,1.05,4
Vegetables,1.2545882976075629,0.7156583586411484,0.8477178127212861,1.5905112256837368,-0.4697269244206012,Biogas,15.83,6.7,45.43,31.34,1.68,0.5,0.84,4
Vegetables,-1.2214971842344846,1.2618159548997963,0.8529512323556799,0.9267658323431461,0.5786222562249945,Biogas,3.11,1.49,51.37,43.09,1.85,0.7,0.87,4
Mixed,-0.2398329029443496,-0.1826943230553198,-0.11069576965734783,0.64427211822241,-0.5694641614799048,Compost,8.02,2.33,26.22,14.88,1.72,0.24,0.57,3
Meat,-0.009976352930449165,-0.1487873427802502,0.6816439629898594,0.011532132529217032,-1.0925305602798208,Compost,8.98,2.73,54.44,53.15,2.87,0.92,0.64,2
Vegetables,1.039584016979176,0.506747609204429,0.7908479860275412,-0.324933957866619,0.25946309763521563,Biogas,15.24,5.77,60.49,62.76,1.37,0.95,1.4,4
Grains,0.2799965255486251,-1.4503778759200194,0.4370688187425268,-1.283804898073182,0.8667520521741003,Animal Feed,11.47,1.08,58.7,67.29,1.09,0.24,0.35,1
Fruits,1.1520369137552076,0.4057558507507271,-0.5935659545907402,-0.14464325413915743,-1.2920050343984342,Biogas,14.68,5.77,19.24,11.99,1.77,0.4,1.19,0
Vegetables,-0.48100546772816516,1.064207532221434,0.36798767956852974,-1.0966241037574098,1.2080750412215047,Animal Feed,7.37,3.24,55.09,61.65,1.8,0.51,1.3,4
Grains,-1.4746930147113348,-1.550275860816461,-1.528254701293456,-1.4790241314086499,0.9443254587757848,Animal Feed,1.76,0.14,4.07,3.09,0.97,0.29,0.37,1
Vegetables,-1.102679029150376,1.1356674046291073,-0.028705528718513066,0.6339369823399441,-0.19046266065454306,Biogas,3.63,1.74,28.65,17.86,1.68,0.45,1.29,4
Grains,0.36415938539986875,-1.0832345518663087,-0.841630045261002,-1.0805472257180184,0.45672118870806555,Animal Feed,11.71,1.74,20.28,19.77,1.1,0.3,0.43,1
Grains,0.40730169171017,-1.5765264261907086,0.605584930970004,0.9612162852846989,0.5365109783555103,Compost,11.99,0.93,43.99,33.99,0.87,0.33,0.41,1
Vegetables,-0.7759291026690776,0.8439944560263579,1.2894184298641147,-1.6570181382733413,0.8844831165401988,Donation,5.63,2.33,86.37,103.09,1.74,0.49,1.01,4
Vegetables,-1.079339748687426,1.2789517406302082,-1.0725982984589109,-0.968009079442278,0.5786222562249945,Animal Feed,3.89,1.88,12.69,9.87,1.44,0.34,1.2,4
Meat,-1.5793661513330495,-0.2526958307199797,0.11329459069470282,-1.3733760757212201,-0.6647686324476876,Compost,1.09,0.31,50.2,57.71,3.69,1.24,0.62,2
Meat,1.5834599768582207,-0.24467482463340412,1.2789515905953273,-0.7578613164988037,-1.1457237533781195,Compost,16.96,4.91,78.25,87.08,2.75,0.76,0.5,2
Meat,0.6060392011068041,0.24570032020496838,0.8843517501620419,-0.22273094747334457,-1.5867839794848273,Biogas,11.78,4.4,62.28,64.19,2.64,0.76,0.46,2
Meat,1.664086582093866,-0.0806087910443576,0.5249902686003409,-0.2755549753170593,-0.10180733882404754,Compost,18.29,5.47,52.44,52.75,3.53,1.23,0.54,2
Vegetables,-1.476814767480694,0.9180064667343056,-0.7659199078834397,-1.6868751974893539,1.2900812139147129,Animal Feed,1.77,0.74,27.73,32.94,1.33,0.62,1.3,4
Vegetables,1.3210698843808144,1.19217903842089,1.5231778402003668,0.947436104108078,-0.2503050028901258,Biogas,16.36,8.0,70.4,65.78,1.63,0.59,1.07,4
Grains,-0.8784804865214331,-1.3745429092833046,1.126833526555617,-0.5879057486538081,0.46337033784535286,Animal Feed,4.96,0.53,72.42,78.9,0.96,0.36,0.38,1
Grains,0.4136669500182472,-1.7063208883189318,1.1802144068264329,1.246006696268205,1.2546190851825127,Compost,12.43,0.71,57.97,48.78,1.11,0.31,0.54,1
Grains,1.494346360545139,-1.7106959825479733,-0.33643060322086293,1.0978697486195266,0.33038735509960954,Compost,17.75,1.05,15.79,-0.79,0.83,0.36,0.3,1
Grains,1.736933427175194,-1.183861719134257,1.1938212978758564,-1.6420896086653347,0.5076979987606006,Donation,19.22,2.57,83.51,99.55,0.96,0.26,0.34,1
Vegetables,1.4165487590019732,1.0131647662159526,-0.2813052497385827,1.1392102921493903,-0.40101905000196764,Biogas,16.73,7.8,17.01,0.39,1.59,0.46,1.14,4
Meat,1.1011148472905896,0.17314667424003438,0.7242091093495949,0.12177358194218704,0.009011813464070316,Biogas,15.39,5.15,54.69,52.69,3.24,0.82,0.45,2
Fruits,-1.4379159667091108,0.7203980440559429,-0.46168377980401887,-0.9944210933641355,-1.950270798989854,Animal Feed,1.7,0.78,30.41,31.33,1.1,0.41,1.1,0
Grains,1.1683036849869604,-1.521837748327693,-1.2997287105915976,1.657115434704073,0.48331778525721486,Compost,16.11,1.38,-16.69,-43.67,1.08,0.34,0.45,1
Grains,0.01619193122497932,-1.4791805795945407,0.32926037427401633,0.36177840410167406,1.1992095090384538,Compost,10.16,0.9,41.28,34.92,0.92,0.25,0.42,1
Vegetables,0.5374358615641934,1.1276463985425318,0.8965630626422941,-1.6202709884690178,-0.11067287100709834,Animal Feed,12.32,5.87,74.8,88.95,1.4,0.44,1.42,4
Grains,1.6407473016309155,-1.0424003390619236,-0.40481395311027407,-1.3481124102307478,0.5165635309436483,Animal Feed,18.71,2.87,35.13,39.45,0.93,0.3,0.41,1
Mixed,0.1180360641542153,-0.19983010878573151,1.4963129527438128,1.2150012886208073,-1.7241997283220944,Compost,9.31,2.85,67.3,60.19,1.51,0.47,0.5,3
Grains,1.1449644045240106,-1.449284102362759,-1.7396848545229617,-0.4443621947306699,0.48331778525721486,Compost,15.98,1.53,-11.0,-22.2,1.04,0.27,0.4,1
Vegetables,-0.27731720186969344,1.1498864608734913,0.2811129136375944,1.2138529401894225,0.06885415569965307,Biogas,8.08,3.84,32.48,18.43,1.65,0.67,0.8,4
Vegetables,1.1279903823691377,0.9457153968515669,1.4624701724414002,0.24464686410039335,-0.23700670461555118,Biogas,15.35,6.94,74.79,75.95,1.31,0.36,0.94,4
Mixed,-1.5588558745625785,-0.10175507981805687,-1.620711781501078,-0.2342144317871956,-3.029649342276123,Compost,1.05,0.36,-9.42,-21.78,1.38,0.47,0.72,3
Vegetables,-0.27448819817721476,1.1943665855354106,-0.2767696193887747,-0.26751653629736377,0.4766686361199275,Biogas,8.25,3.9,29.39,25.03,1.34,0.63,1.22,4
Mixed,0.2778747727792659,0.49508069126031923,0.37217441527604483,-0.009138139235715036,-1.4560173797848475,Biogas,10.24,4.2,45.74,42.86,1.27,0.47,0.62,3
Grains,-0.9972986416055416,-1.1787574425337088,0.32786479570484467,0.15163064115819996,1.2546190851825127,Compost,4.47,0.58,43.07,38.54,0.97,0.34,0.46,1
Mixed,0.13854634092468635,0.18080308914085658,-0.11348692679569108,1.1759574419537138,-2.9520759356744386,Compost,8.81,3.44,21.49,5.5,1.08,0.38,0.96,3
Grains,0.3931566732477762,-1.5415256723583786,-0.9885146896663186,0.5948931356728506,1.12828525157406,Compost,12.24,0.98,1.48,-14.46,0.94,0.26,0.45,1
Vegetables,-1.2094739185414498,0.8935788572888252,0.43218429375042594,0.4088606897884634,1.139367166802871,Biogas,3.26,1.36,43.82,37.63,1.26,0.63,1.43,4
Vegetables,0.16471462508011508,0.7816493632625204,1.6697135899633908,-1.327442138465816,0.07771968788270389,Donation,10.44,4.4,94.41,110.45,1.28,0.51,1.09,4
Vegetables,1.3691629471529536,0.8698804302148516,-1.0499201467098715,-1.557111824742837,-0.6027099071663413,Animal Feed,16.32,7.33,18.46,20.9,1.46,0.41,1.15,4
Grains,1.0763610649814004,-1.3304273758071388,1.1721898300536957,-0.640729776497523,0.8756175843571512,Animal Feed,15.89,1.76,74.17,81.38,0.94,0.24,0.4,1
Vegetables,0.8854033157390828,1.1451467754586968,0.7730543592706025,1.5744343476443452,-0.3943699008646803,Biogas,13.97,6.78,43.45,29.08,1.73,0.52,1.06,4
Grains,-1.6317027196439071,-1.318031275491522,-0.2610693604855935,0.7189147662624418,0.5254290631266991,Compost,0.86,0.1,21.26,8.41,0.95,0.16,0.4,1
Grains,-1.077217995918067,-1.6075166769797506,1.721001102380449,0.5099153517503525,0.48331778525721486,Compost,3.88,0.28,79.88,80.21,0.93,0.33,0.35,1
Grains,-0.2985347295632843,-1.5298587544142686,-1.286121819542174,0.9015021668526735,1.214724190358792,Compost,8.4,0.69,-9.72,-30.04,1.0,0.33,0.45,1
Fruits,-1.2865642691614962,0.9387881643222512,-0.8897775058974241,0.26876218115948064,0.8113424760300414,Biogas,2.78,1.2,7.15,-5.39,0.97,0.4,0.95,0
Grains,-1.005785652682978,-1.4489195111770057,1.6173793936194538,-1.6581664867047263,0.9398926926842578,Donation,4.36,0.41,95.8,114.41,0.98,0.27,0.37,1
Grains,0.9709806774365658,-1.1831325367627503,-1.5917535261907663,0.19986127527637418,0.24173203326911716,Compost,14.86,2.01,-12.37,-28.33,1.02,0.26,0.54,1
Grains,0.9589574117435309,-1.4631385674213897,0.626169714865286,-0.5660871284574911,0.9620565231418832,Compost,15.3,1.41,57.87,61.3,1.14,0.31,0.46,1
Vegetables,-0.6302354125064208,1.078791179651571,1.5395758883881339,0.36292675253305934,-0.5450839479765189,Biogas,6.01,2.88,75.96,76.52,1.88,0.5,1.17,4
Meat,0.6124044594148811,0.15418793258085556,-0.17070564813172895,1.3126109052885415,-0.4209664974138264,Biogas,12.52,4.24,18.67,1.16,2.74,1.12,0.39,2
Vegetables,-0.4215963901861109,1.2140545095660964,-0.037079000133543066,0.612118362143627,0.23729926717759334,Biogas,7.36,3.54,28.61,17.97,1.36,0.61,1.22,4
Vegetables,-1.100557276381017,0.7984205578071784,-1.690839604601954,-1.2332775670922371,0.19297160626234558,Animal Feed,3.7,1.56,-2.73,-6.79,1.41,0.59,1.51,4
Fruits,0.5176328357168424,-0.06638973479997355,-0.3594576496121951,-1.3217003963088905,-1.123559922920494,Animal Feed,11.62,3.68,36.21,40.56,0.95,0.42,0.95,0
Vegetables,1.6711590913250625,0.8283170350389604,-0.38981148349167877,-1.6363478665084095,0.14199479620981048,Animal Feed,18.54,7.92,38.07,44.98,1.71,0.5,1.52,4
Mixed,1.5700222093189462,0.8932142661030716,1.1980080335833716,0.33306969331704644,0.6451137475978647,Biogas,18.43,7.86,66.43,65.31,1.46,0.46,0.99,3
Vegetables,-0.363601814490296,1.3150462680197983,-1.5272080173665774,-0.707333985517859,-0.12618755232743334,Animal Feed,7.54,3.8,-2.62,-10.31,1.26,0.37,1.29,4
Vegetables,0.6916165628042871,0.9952997981140344,0.7646808878555728,1.0576775535210479,0.5254290631266991,Biogas,13.54,6.0,47.7,37.77,1.42,0.38,1.09,4
Vegetables,-0.03260838247027938,0.6565945865490914,1.6243572864653122,1.187440926267565,-0.5317856497019443,Biogas,9.11,3.79,71.2,65.08,1.56,0.67,1.06,4
Fruits,-0.1252582533989594,0.3594527701600403,0.32402695463962267,-0.7475261806163378,-1.6178133421255005,Animal Feed,8.17,3.2,50.78,54.05,0.89,0.38,0.65,0
Fruits,-1.1960361510021755,-0.06165004938517878,-0.07999304113557133,0.1367021115501933,-2.6218348618558482,Compost,2.76,0.95,31.51,24.76,1.05,0.39,0.67,0
Vegetables,0.09328228184502592,0.8939434484745789,-0.5890303242409325,1.5273520619575562,-0.20376095892911772,Biogas,9.92,4.41,4.81,-16.97,1.19,0.52,1.45,4
Fruits,1.686011360710576,0.4717468553720992,1.3274479458740425,-0.6028342782618146,-1.6111641929882132,Animal Feed,17.07,6.99,78.29,86.05,1.48,0.28,0.81,0
Grains,1.4214995154638106,-1.2057371902794634,0.10457222463737997,1.3665832815636414,1.2922975969604733,Compost,18.15,2.28,26.09,9.7,1.01,0.29,0.47,1
Grains,-0.8346309292880122,-1.4401693227189232,1.0587990713084987,-0.12512133080561066,0.7758803472978445,Compost,5.28,0.51,66.44,68.5,1.03,0.28,0.39,1
Fruits,-0.534756537885262,0.9070687311617026,1.6871583220780364,-0.00569309394155959,-2.284944638899971,Compost,5.95,2.95,83.41,88.03,0.93,0.32,0.95,0
Mixed,0.03104420061049295,0.11007239910468969,-0.8398855720495374,-1.0024595323838312,-1.3296835461763947,Animal Feed,9.07,3.15,19.65,18.46,1.33,0.2,0.69,3
Fruits,0.3556723743224323,0.5891452171847058,-0.3413151282129638,-0.11478619492314472,0.6960905576503997,Biogas,11.8,4.51,26.21,20.15,1.18,0.3,0.68,0
Fruits,0.22129469892969064,-0.18451727898408712,1.1913790353798064,0.2848390591988722,-0.15721691496810647,Compost,10.62,3.02,66.66,65.91,0.82,0.4,0.97,0
Vegetables,-1.4181129408617592,0.8578489210849883,1.5011974777359136,1.0944247033253711,0.7625820490232698,Biogas,2.05,0.86,68.49,62.47,1.53,0.37,1.07,4
Grains,-1.2455437156205542,-1.65199680164167,0.7346759486183821,1.4917532605846178,0.3193054398707984,Compost,2.94,0.2,43.05,29.17,0.91,0.31,0.36,1
Fruits,-1.5199570737909953,-0.38650079589149106,0.0033927783724350545,0.9531778462650036,-0.11067287100709834,Compost,1.43,0.36,26.78,13.4,0.56,0.32,0.88,0
Vegetables,1.2998523566872233,0.4779449055299072,1.5099198437932364,-0.4696258602211423,0.8290735403961399,Biogas,17.1,6.23,82.36,90.0,1.19,0.6,1.38,4
Grains,0.3691101418617066,-1.3749075004690579,1.419207236797079,0.4949868221423463,1.1903439768554063,Compost,12.14,1.25,71.36,70.09,1.07,0.23,0.41,1
Grains,1.1039438509830684,-1.4288669959605664,-0.11627808393403433,-1.0139430166976822,0.8224243912588557,Animal Feed,16.01,1.56,40.49,43.56,1.04,0.26,0.3,1
Mixed,-1.5326875904071497,0.7557633890740262,1.6243572864653122,-0.7647514070871142,-1.0814486450510097,Animal Feed,1.3,0.58,88.21,99.09,1.14,0.25,0.98,3
Grains,1.7234956596359199,-1.115318576212611,0.9049365340573239,0.27680062017917645,0.7980441777554699,Compost,19.41,2.74,58.52,56.2,0.96,0.23,0.34,1
Vegetables,1.3210698843808144,0.700345528839504,0.10980564427177364,-0.9634156857167375,1.305595895235048,Animal Feed,17.59,6.81,46.53,50.46,1.24,0.44,1.33,4
Vegetables,0.39810742970961405,0.4670071699573042,1.3295413137278,0.6362336792027143,1.2435371699537017,Biogas,12.34,4.39,67.56,64.55,1.46,0.57,0.61,4
Vegetables,-0.17052231247861985,0.8206606201381379,0.553250734626067,0.2044546690019145,1.2213733394960793,Biogas,9.12,3.7,49.07,45.37,1.77,0.5,1.42,4
Vegetables,0.34577086139875657,0.4422149693260708,0.908774375122546,-0.009138139235715036,-0.18381351151725575,Biogas,11.26,4.25,61.12,61.31,1.46,0.54,1.4,4
Fruits,-1.5800734022561693,0.849098732626906,1.1571873604351006,0.5776679092020738,-2.3381378319982664,Compost,0.99,0.48,63.13,59.63,0.76,0.38,0.99,0
Vegetables,1.461812818081633,0.6536778570630639,0.16248873525800378,0.7143213725369014,-0.3633405382240072,Biogas,17.0,7.0,33.43,23.05,1.5,0.35,1.15,4
Fruits,1.522636397469927,0.6234167886455287,0.7276980557725238,1.6835274486259306,-0.5162709683816094,Biogas,17.19,7.06,41.19,25.6,1.28,0.3,0.77,0
Meat,-1.661407258414934,0.15309415902359522,1.5388780991035482,0.6637940415559567,-0.6492539511273495,Biogas,0.66,0.23,73.32,71.26,3.56,1.19,0.35,2
Vegetables,-0.6026526265047527,1.2702015521721253,-1.5791933190682215,-0.7578613164988037,1.06179376020119,Animal Feed,6.64,3.13,-3.67,-11.22,1.56,0.45,1.18,4
Grains,0.305457558780934,-1.2954266219748087,1.0961307980338408,0.8567165780286543,0.9997350349198436,Compost,11.68,1.34,58.95,52.68,0.9,0.28,0.41,1
Fruits,0.5883579280288117,0.5424775454082659,1.6543622257025026,1.6685989190179238,-2.036709737774586,Compost,11.42,4.92,67.88,57.74,1.01,0.33,0.61,0
Meat,0.46034551094414705,0.1746050389830481,1.2335952870972486,-1.219497385915616,0.139778413164047,Donation,12.06,4.01,80.98,93.58,3.16,1.03,0.39,2
Mixed,0.03953121168792934,0.8560259651562212,0.4384643973116984,0.0011969966467511,-1.7773929214203898,Biogas,8.9,4.23,47.55,44.95,0.83,0.39,1.16,3
Mixed,0.6788860461881321,-0.25160205716271933,1.4624701724414002,1.0393039786188865,0.5076979987606006,Compost,13.46,3.58,67.86,62.1,0.93,0.26,0.6,3
Vegetables,0.9469341460504964,1.2621805460855497,0.5863957256438939,-0.03784685002034267,-0.7290437407747942,Biogas,14.05,7.18,52.13,50.73,1.32,0.52,1.46,4
Grains,-1.6012909299497602,-1.2017266872361756,-0.16407664992816368,-0.25947809727766796,0.24173203326911716,Compost,1.02,0.13,32.55,28.77,0.88,0.29,0.37,1
Meat,-0.051704157394511334,0.41961031580935754,1.5559739365759007,-1.4790241314086499,-1.848317178884787,Donation,8.43,3.43,92.47,109.17,3.47,1.05,0.36,2
Vegetables,-1.176940376077944,1.014258539773213,-1.3150800748524858,1.5147202292123199,-0.019801166130842467,Biogas,3.26,1.49,-15.89,-41.72,1.38,0.41,1.5,4
Vegetables,0.7524401421925807,0.9077979135332093,-0.3664355424580535,0.2917291497871827,-0.4098845821850153,Biogas,13.26,5.97,21.95,12.21,1.7,0.53,1.27,4
Vegetables,0.6711062860338155,0.7116478555978605,0.9143566893992324,-0.9048499157160971,0.966489289233407,Animal Feed,13.7,5.41,69.08,77.1,1.34,0.44,0.91,4
Meat,0.2856545329335828,0.5997183615715552,-0.3999294281181733,0.8590132748914249,0.20405352149115671,Biogas,11.15,4.38,16.05,1.18,3.02,1.07,0.55,2
Mixed,-1.6380679779519842,0.21872057245921372,1.60133024007398,0.16655917076620622,-2.2516988932135344,Compost,0.72,0.28,79.45,82.08,0.77,0.65,1.09,3
Fruits,-0.6111396375821888,0.05465453887016745,0.3397272135428039,0.26302043900255506,-1.2432446073916628,Compost,5.9,1.99,42.45,37.01,1.85,0.32,0.51,0
Grains,-0.5001012426523971,-1.5273066161139945,-1.5352325941393143,-0.23191773492442544,0.8822667334944385,Compost,7.15,0.6,-6.99,-18.87,0.96,0.27,0.44,1
Mixed,1.0226099948243037,-0.16300639902463424,1.7199544184535702,1.2609352258762119,0.5697567240419469,Compost,15.38,4.28,73.3,67.09,0.83,0.35,0.76,3
Grains,0.5897724298750509,-1.2684468742290544,0.6478011826874469,-1.53529320454652,0.4190426769301051,Animal Feed,12.92,1.58,66.92,78.9,0.99,0.23,0.51,1
Grains,0.3040430569346947,-1.7096022089907128,-1.1838956893503503,0.10799340076556567,0.3547675686029985,Compost,11.33,0.67,0.13,-12.69,0.96,0.31,0.5,1
Mixed,-1.6656507639536522,0.3904430209490827,-0.3137524514718236,-0.9289652327751844,-2.825742102065986,Animal Feed,0.57,0.24,34.09,35.28,1.6,0.37,0.97,3
Grains,1.044534773441014,-1.1506839212306945,-1.0080527896347218,0.8073375954790949,1.1415835498486346,Compost,15.91,2.14,-0.93,-18.84,0.86,0.36,0.37,1
Mixed,-1.6720160222617295,0.05866504191345523,-1.1751733232930275,-1.665056577293037,-0.5362184157934713,Animal Feed,0.61,0.2,15.82,18.49,0.94,0.45,0.82,3
Meat,-1.4428667231709487,-0.17066281392545643,-0.3755068031576692,0.9302108776373011,-0.737909272957845,Compost,1.78,0.53,16.13,0.79,3.16,1.32,0.59,2
Mixed,-0.7801726082077958,0.48961182347401744,0.2141251423173549,0.6752775258698078,0.5830550223165184,Biogas,5.53,2.05,35.25,25.49,1.54,0.52,0.84,3
Mixed,-1.6027054317959997,-0.5567648796383461,0.4234619276931031,-0.6177628078698207,-2.8102274207456475,Animal Feed,0.86,0.23,52.51,55.21,0.74,0.34,0.88,3
Grains,-0.9718376083732326,-1.126256311785214,1.7025096863389246,0.763700355086461,0.8534537538995288,Compost,4.53,0.63,77.14,75.15,1.01,0.33,0.4,1
Vegetables,0.7199065997290748,0.8053477903364935,-1.5258124387974057,-0.7371910447338719,-0.2237084063409797,Animal Feed,13.21,5.7,-2.31,-9.73,1.49,0.52,1.15,4
Vegetables,-1.1620881066924305,0.8928496749173186,-0.09743777325021702,0.1987129268449893,-0.8775414048408725,Biogas,3.2,1.47,30.47,23.08,1.58,0.48,0.99,4
Fruits,-1.0595367228400747,0.766336533460876,-1.673045977845015,0.3101027246893444,-0.0973745727325237,Biogas,3.87,1.64,-15.66,-33.04,0.78,0.36,0.85,0
Fruits,0.30616480970405385,-0.31394714992655703,0.7147889540076858,1.0542325082268929,-2.7592506106931154,Compost,9.68,2.94,46.3,36.12,1.52,0.5,1.12,0
Grains,-1.3353645828567553,-1.2600612769567254,1.2210350799747038,0.6006348778297762,1.2945139800062369,Compost,2.57,0.3,64.76,61.43,0.82,0.35,0.36,1
Vegetables,1.5862889805506994,0.8407131353545768,0.8348087109564486,1.0174853584225694,-0.616008205440916,Biogas,17.43,7.76,50.06,40.88,1.56,0.42,1.02,4
Meat,-1.0185161692991325,0.32919170174250506,1.1655608318501305,-0.3915381668869549,-1.9879493107678146,Biogas,3.71,1.47,71.81,76.81,2.93,0.83,0.34,2
Vegetables,-0.4986867408061575,0.8844640776449894,-0.8845440862630303,-1.4181616645452393,1.1992095090384538,Animal Feed,7.27,3.01,21.99,24.17,1.42,0.46,1.22,4
Vegetables,-0.7688565934378806,0.895766404403346,1.5032908455896712,1.2850505429352987,1.2657010004113272,Biogas,5.76,2.39,66.89,59.23,1.29,0.47,1.02,4
Vegetables,0.7029325775742019,0.51002892987621,0.46288702227220246,0.2974708919441083,0.6761431102385378,Biogas,13.69,5.09,45.67,40.63,1.51,0.55,0.93,4
Grains,-1.6288737159514282,-1.3577717147386466,-0.784760218567257,0.7154697209682868,0.8623192860825765,Compost,0.89,0.1,6.27,-9.56,1.0,0.27,0.37,1
Grains,1.2114459912972615,-1.5422548547298853,1.589816716878314,-0.6671417904193803,1.214724190358792,Animal Feed,16.9,1.35,86.37,96.19,0.94,0.37,0.39,1
Vegetables,-1.0623657265325535,1.1651992906751358,-0.23525115695591803,-0.3191922157096934,-0.2924162807596101,Biogas,3.82,1.86,31.03,27.37,1.42,0.41,0.85,4
Grains,1.1032366000599483,-1.1601632920602838,1.7035563702658034,0.3675201462585997,1.0883903567503361,Compost,16.2,2.16,80.62,82.09,1.01,0.3,0.45,1
Grains,0.8953048286627585,-1.5885579353205719,-1.2770505588425582,-0.651064912379989,0.39022969733519547,Animal Feed,14.55,1.11,4.06,-2.68,1.01,0.26,0.46,1
Vegetables,1.625895032245402,1.066030488150201,-0.9365293879646744,0.5455141531232911,0.2727613959097903,Biogas,18.41,8.45,3.4,-11.82,1.68,0.5,0.92,4
Grains,0.5643113966427419,-1.2575091386564514,-1.0820184538008195,0.44331114273001665,0.22843373499454253,Compost,12.66,1.58,0.13,-15.03,0.95,0.3,0.37,1
Grains,0.3104083152427719,-1.537150578129337,1.5231778402003668,-1.0059045776779862,0.9132960961351116,Animal Feed,11.67,0.95,87.41,99.81,1.02,0.36,0.43,1
Vegetables,-1.2031086602333725,1.1013958331682843,-0.5482096510926616,-0.7360426963024865,-0.0020701017647439886,Animal Feed,3.12,1.47,25.69,23.86,1.3,0.31,1.33,4
Grains,-0.551023309117015,-1.3581363059243998,-1.5104610745365175,-1.4663922986634137,1.06179376020119,Animal Feed,6.93,0.73,4.47,3.49,0.88,0.35,0.46,1
Grains,0.4957080571001317,-1.6035061739364629,-1.1587752751052605,0.8521231843031141,1.0307643975605167,Compost,12.76,0.92,-5.65,-24.81,1.01,0.33,0.41,1
Vegetables,0.23968322293080255,0.9329547053501964,1.1575362550773938,-1.2103105984645353,-0.04418137963422827,Donation,10.78,4.81,78.71,90.79,1.2,0.51,1.27,4
Grains,-1.6698942694923704,-1.1393815944723378,-1.419399572898067,0.08502643213786364,1.0041678010113675,Compost,0.67,0.09,-6.43,-20.4,1.03,0.39,0.41,1
Vegetables,1.6513560654777109,1.211137780080069,0.808292718142187,0.8004475048907843,0.7204707711537855,Biogas,18.94,8.9,51.19,43.75,1.46,0.55,1.14,4
Vegetables,-0.46827495111201073,0.44768383711237203,1.009953821387491,-1.0426517274823097,1.305595895235048,Animal Feed,7.47,2.64,73.02,82.79,1.63,0.51,0.99,4
Grains,0.3853769130934596,-1.641059066069067,1.4624701724414002,1.2953856788177647,1.0662265262927137,Compost,12.17,0.81,65.63,57.63,0.9,0.27,0.3,1
Grains,-0.47464020942008794,-1.5203793835846793,-0.6640426723339089,-1.0816955741494032,0.5010488496233133,Animal Feed,7.17,0.61,25.37,25.89,1.14,0.37,0.41,1
Grains,-1.4803510220962925,-1.2462068118980947,1.3239589994511134,0.7740354909689269,0.7780967303436079,Compost,1.71,0.21,66.2,61.95,0.81,0.3,0.38,1
Vegetables,1.1626456776020029,1.0514468407200632,0.5633686792525617,0.8360463062637224,-0.8332137439256279,Biogas,15.08,7.27,43.86,34.71,1.69,0.53,1.01,4
Meat,0.5664331494121011,0.399193209407165,0.7946858270927633,-0.2652198394345934,-0.737909272957845,Biogas,12.09,4.61,60.07,61.84,3.19,0.96,0.5,2
Vegetables,-1.4909597859430879,1.0211857723025282,-0.6378755741619404,-0.8520258878723823,1.234671637770654,Animal Feed,1.69,0.73,24.13,22.8,1.5,0.54,1.8,4
Vegetables,-0.7738073498997186,0.8392547706115634,0.836553184167913,-1.3572991976818287,-0.4652941583290742,Animal Feed,5.29,2.34,70.78,82.3,1.55,0.45,1.09,4
Grains,0.9815894412833611,-1.2283418437961764,-0.8353499416997294,1.4492643686233688,1.2590518512740398,Compost,15.64,1.92,-1.57,-24.08,1.01,0.34,0.45,1
Vegetables,1.4165487590019732,0.714929176269641,0.5759288863751065,-0.47766429924083786,-0.616008205440916,Biogas,16.56,7.06,55.66,58.02,1.4,0.57,1.27,4
Vegetables,1.1569876702170454,0.5854993053271711,-1.055153566344265,-1.251651141994399,-0.07964350836642523,Animal Feed,15.62,6.19,15.65,15.4,1.64,0.46,1.7,4
Vegetables,1.2715623197624357,0.45862157268497555,0.3536829992345204,1.1943310168558754,1.2612682343198,Biogas,17.28,6.13,34.73,21.26,1.46,0.49,1.04,4
Vegetables,1.0523145335953306,0.7893057781633424,-0.12779160712970042,1.079496173717365,-0.5517330971138062,Biogas,14.73,6.42,21.92,6.69,1.53,0.44,1.21,4
Meat,-0.025535873239082598,0.4845075468734693,0.2074961441137896,-0.5121147521823911,-1.7463635587797168,Biogas,8.6,3.57,45.4,45.95,3.44,1.11,0.7,2
Grains,-0.8268511691336955,-1.436523410861389,1.2241751317553402,-0.42369192296573804,0.5143471478978879,Compost,5.25,0.51,73.77,79.37,1.05,0.28,0.36,1
Meat,-1.1125805420740518,0.0874677455879767,-0.09325103754270214,1.2379682572485093,-1.757445474008528,Biogas,3.3,1.16,21.54,5.13,3.16,0.8,0.37,2
Vegetables,-1.6529202473374975,1.0241025017885554,-0.10720682323441864,-0.25488470355212745,-0.7866696999646166,Biogas,0.7,0.34,34.14,30.65,1.6,0.51,1.25,4
Grains,-1.4053824242456048,-1.0795886400087742,0.28809080648345253,-1.1046625427771055,0.8977814148147735,Animal Feed,2.14,0.31,52.87,59.03,1.03,0.23,0.47,1
Grains,-1.523493328406594,-1.3136561812624805,1.2185928174786536,1.642186905096067,0.8179916251673287,Compost,1.47,0.17,55.62,43.2,1.13,0.34,0.41,1
Mixed,0.9568356589741722,0.9052457752329355,-0.6567158848457577,-0.36627450139648277,0.3392528872826604,Biogas,14.86,6.45,19.36,13.69,1.1,0.42,1.07,3
Meat,1.4526185560810774,-0.21951803281641707,-0.5091334511558551,-1.5766337480763837,-0.10402372186981103,Compost,17.17,4.79,34.13,39.84,2.98,0.87,0.6,2
Vegetables,-0.06655642678002471,0.5169561624055252,1.1428826801010914,1.254045135287901,-0.47415969051212503,Biogas,8.96,3.53,56.83,47.36,1.55,0.62,0.97,4
Grains,1.443424294080521,-1.1415691415868585,-0.8036005292510744,-1.5054361453305074,1.0152497162401786,Animal Feed,18.04,2.46,25.08,28.49,1.05,0.27,0.41,1
Vegetables,-1.1705751177698664,1.2322840688537682,-0.9839790593165108,1.6536703894099176,-0.37220607040705483,Biogas,3.24,1.61,-7.61,-32.75,1.52,0.54,1.2,4
Fruits,-1.6281664650283085,0.8910267189885515,0.508592220412574,-0.9829376090502843,-0.24365585375283852,Animal Feed,0.85,0.38,58.13,64.5,0.72,0.42,0.68,0
Meat,-1.4174056899386398,0.14689610886578697,-1.5429082762697583,1.1587322154829374,-1.9901656938135779,Biogas,1.79,0.66,-19.32,-43.36,2.78,0.81,0.55,2
Mixed,0.6251349760310355,-0.314676332298064,0.5846512524324294,0.17344926135451672,-1.6843048334983706,Compost,11.82,3.39,50.24,46.99,1.02,0.64,0.69,3
Vegetables,1.367748445306714,0.5038308797184015,-0.9330404415417453,1.5801760898012709,0.12869649793523583,Biogas,16.91,6.43,-5.51,-29.72,1.68,0.56,1.1,4
Grains,-0.6903517409715946,-1.0799532311945277,-1.0527113038482148,1.6088848005858984,1.0241152484232294,Compost,6.14,0.89,-9.19,-34.33,0.9,0.26,0.33,1
Grains,1.3861369693078258,-1.5050665537830348,1.3961801904057463,-0.6774769263018462,1.1570982311689697,Animal Feed,17.84,1.52,80.91,89.72,0.98,0.34,0.44,1
Grains,1.277927578070513,-1.1900597692920656,-0.7502196489802586,-0.036698501588957384,0.6406809815063408,Compost,16.83,2.22,13.82,4.74,1.08,0.27,0.43,1
Grains,0.08479527076758978,-1.3603238530389206,0.5009165382821299,1.3975886892110392,0.5719731070877072,Compost,10.25,1.11,37.18,22.79,1.05,0.27,0.41,1
Meat,-1.5616848782550572,0.4648196228427835,0.1610931566888319,-0.15268169315885322,0.17967330798777092,Biogas,1.23,0.46,40.94,38.1,1.73,1.1,0.5,2
Vegetables,0.559360640180904,0.6394588008186799,-1.387999055091705,-0.838245706695761,-0.6714177815849749,Animal Feed,12.1,5.03,2.51,-3.24,1.72,0.28,1.1,4
Vegetables,0.21988019708345127,1.114521115855408,-1.5275569120088703,-0.47881264767222315,-0.4697269244206012,Biogas,10.45,5.05,-4.62,-14.3,1.15,0.55,1.31,4
Mixed,-0.3607728107978173,0.1993972396142818,-0.5039000315214615,1.6594121315668433,-1.7042522809102325,Biogas,6.98,2.57,6.11,-16.33,1.29,0.41,0.77,3
Meat,-0.1634498032474228,-0.28842576692381666,-1.1120233930380101,-1.6604631835674966,-0.859810340474774,Compost,8.3,2.31,17.58,20.57,1.72,1.0,0.54,2
Vegetables,1.462520069004753,1.3380155127222646,0.7182779004306152,-0.2927802017878359,1.1903439768554063,Biogas,18.3,8.73,58.14,59.71,1.58,0.67,1.4,4
Grains,-1.2978802839314114,-1.5641303258750916,-1.638156513615724,1.4573028076430645,1.1305016346198236,Compost,2.76,0.21,-24.65,-51.82,1.23,0.3,0.45,1
Meat,-0.2843897111008905,0.24606491139072148,-1.7093310206434784,-0.9530805498342716,-1.0592848145933873,Biogas,7.6,2.77,-5.69,-12.28,3.5,0.98,0.46,2
Vegetables,-1.6097779410271964,0.9839974713556777,1.7360035719990445,1.5170169260750899,0.35698395164875885,Biogas,0.97,0.43,71.53,63.17,1.4,0.52,1.03,4
Vegetables,1.0367550132866974,0.752117477216492,0.8651625448359317,-0.8887730376767057,-0.7622894864612308,Animal Feed,14.49,6.3,67.53,75.13,1.29,0.38,1.62,4
Vegetables,-0.6507456892768918,0.7605030744888207,-0.38876479956480003,-0.052775379628348926,1.3122450443723352,Biogas,6.44,2.55,24.32,17.45,1.56,0.42,1.53,4
Grains,1.151329662832088,-1.4186584427594702,-1.5432571709120513,0.087323129000634,0.5320782122639864,Compost,16.05,1.61,-10.0,-24.71,1.05,0.32,0.49,1
Vegetables,-1.6182649521046328,0.9883725655847186,-1.262048089223963,0.7602553097923055,-0.23257393852402736,Biogas,0.9,0.41,-7.8,-26.74,1.33,0.55,1.26,4
Grains,-1.3311210773180373,-1.2826659304734385,0.028164297975231956,-1.3366289259168966,0.880050350448675,Animal Feed,2.55,0.3,47.45,54.16,1.08,0.3,0.41,1
Grains,-1.0878267597648625,-1.3224063697205628,-0.11348692679569108,-1.4560571627809478,0.9731384383706944,Animal Feed,3.91,0.44,44.42,51.35,1.0,0.25,0.4,1
Grains,1.0197809911318245,-1.055890212934801,-1.2407655160440951,-0.2330660833558105,0.36806586687757004,Compost,15.21,2.32,1.46,-8.72,1.25,0.36,0.41,1
Grains,0.7071760831129202,-1.1284438588997348,-1.4947608156333363,-1.5938589745471603,0.4035279956097701,Animal Feed,13.55,1.93,6.02,6.23,1.07,0.36,0.44,1
Vegetables,-1.41669843901552,0.9285796111211555,-0.6322932598852538,-0.8979598251277865,-0.4276156465511138,Animal Feed,1.95,0.88,24.69,23.79,1.47,0.61,1.41,4
Vegetables,1.0417057697485352,0.9643095473249919,0.803059298507793,1.4584511560744498,-0.3411767077663817,Biogas,14.82,6.78,45.31,32.11,1.76,0.45,1.56,4
Meat,-0.18749633463349238,-0.1619126254673739,-1.5777977404990498,1.3734733721519519,-0.22592478938674004,Compost,8.43,2.44,-22.19,-48.3,2.6,0.99,0.4,2
Grains,-0.7455173129749307,-1.2352690763254917,-0.040219051914179155,-1.4284968004277052,1.1859112107638823,Animal Feed,5.87,0.72,46.28,53.4,1.1,0.26,0.43,1
Meat,1.217811249605339,-0.20092388234299163,0.41578624556265903,0.5535525921429869,-0.20376095892911772,Compost,15.85,4.48,42.09,34.56,2.66,1.24,0.51,2
Grains,1.249637541145725,-1.313291590076727,1.4390942314077748,0.612118362143627,1.2102914242672682,Compost,17.11,1.91,70.91,68.73,1.07,0.24,0.42,1
Grains,1.695912873634252,-1.703039567647151,1.4513055438880267,0.6178601043005526,0.6783594932843012,Compost,19.15,1.13,71.21,69.05,1.07,0.23,0.47,1
Vegetables,0.38679141493969893,1.3139524944625378,-1.0495712520675784,-0.8887730376767057,1.285648447823186,Animal Feed,12.3,5.8,12.65,9.28,1.45,0.58,1.26,4
Mixed,-1.250494472082392,-0.3504062685019007,1.4443276510421688,-0.3857964247300295,-1.442719081510276,Compost,2.67,0.74,79.75,86.29,1.72,0.55,0.89,3
Grains,0.7149558432672368,-1.2742803332011094,-0.9271092326227658,-0.15842343531577863,0.6273826832317662,Compost,13.73,1.65,9.79,0.76,0.98,0.21,0.35,1
Grains,0.8521625223524573,-1.189695178106312,0.5005676436398369,1.3884019017599585,0.6185171510487185,Compost,14.48,1.91,37.26,22.94,1.14,0.29,0.38,1
Grains,1.0523145335953306,-1.0427649302476771,-0.44179678519332277,0.2113447595902254,0.986436736645269,Compost,15.84,2.38,20.48,11.01,1.23,0.27,0.4,1
Meat,-0.20093410217276667,0.5756553433118284,-0.7149812901086743,-1.403233134937233,-1.4094733358238394,Biogas,7.88,3.33,26.72,29.74,2.74,1.31,0.64,2
Grains,0.11308530769237743,-1.176569895419188,0.6286119773613362,1.6594121315668433,1.2767829156401382,Compost,10.75,1.4,38.55,22.61,0.99,0.31,0.37,1
Mixed,0.7496111385001015,0.19210541589921296,0.7430494200334119,-0.2583297488462829,-2.4755535808355336,Compost,11.91,4.56,58.54,59.95,1.6,0.22,0.97,3
Meat,-1.2214971842344846,-0.15133948108052425,-0.11418471608027678,1.4194073094073563,-1.651059087811937,Compost,2.79,0.87,19.36,1.25,3.69,0.88,0.57,2
Grains,-0.9909333832974644,-1.5506404520022146,-0.9693254843402084,0.6281952401830185,1.2235897225418397,Compost,4.5,0.35,1.74,-14.38,1.19,0.22,0.29,1
Meat,-0.7667348406685215,0.41997490699511114,-1.055851355628851,-1.7247706957250624,-0.11732202014438567,Biogas,5.41,2.02,19.75,23.62,2.63,1.16,0.46,2
Fruits,-0.5878003571192391,0.016007873180303073,0.09131422823024916,-0.6143177625756655,-1.3407654614052058,Animal Feed,5.98,1.99,42.96,43.74,1.07,0.49,0.85,0
Vegetables,0.44337148878927424,0.8370672234970427,-0.2945632461457132,0.9830349054810161,1.1149869532994854,Biogas,12.52,5.13,17.99,2.65,1.67,0.81,0.76,4
Grains,-0.7858306155927534,-1.1291730412712417,-1.6304808314852797,1.0565292050896629,0.86453566912834,Compost,5.56,0.77,-20.93,-44.57,1.17,0.37,0.35,1
Vegetables,0.7821446809636075,0.5049246532756618,0.5302236882347348,-1.1460030863069695,-0.0729943592291379,Animal Feed,13.64,5.24,60.17,68.09,1.73,0.5,1.05,4
Vegetables,1.5042478734688147,0.8330567204537549,-0.9368782826069674,1.5790277413698859,0.8756175843571512,Biogas,18.26,7.55,-5.61,-29.83,1.44,0.57,1.17,4
Grains,-0.34026253402734624,-1.1452150534443928,-0.5276248671973796,-0.6763285778704611,0.30157437550469995,Animal Feed,7.82,1.1,25.75,23.52,1.01,0.21,0.34,1
Vegetables,-1.1203603022283684,1.0135293574017061,1.6411042292953721,-0.5339333723787081,1.1327180176655838,Biogas,3.76,1.63,86.67,95.63,1.12,0.51,1.26,4
Vegetables,0.36486663632298827,1.136396587000614,1.6030747132854444,-1.167821706503286,0.10431628443185002,Donation,11.53,5.45,91.11,105.37,1.43,0.64,1.37,4
Mixed,-0.36006555987469774,0.522425030191827,-0.042661314410229564,0.06205946351016161,-0.8376465100171517,Biogas,7.3,2.93,33.23,27.35,1.78,0.39,0.61,3
Vegetables,1.5233436483930467,0.6372712537041592,-0.6752073008872821,-0.050478682765578764,0.002362664326782993,Biogas,17.63,7.09,16.09,7.56,1.45,0.51,0.96,4
Vegetables,-1.5333948413302696,1.1400424988581486,1.4987552152398629,-0.08722583256990217,0.5165635309436483,Biogas,1.4,0.65,78.72,82.97,1.42,0.49,1.17,4
Vegetables,0.8514552714293377,1.2290027481819872,1.4694480652872586,0.6500138603793357,-0.08185989141218872,Biogas,14.0,6.87,71.46,69.12,1.54,0.36,0.81,4
Vegetables,-1.0786324977643065,0.6398233920044335,0.4325331883927188,-0.7337459994397164,-0.3190128773087594,Animal Feed,3.73,1.53,53.78,57.55,1.64,0.38,1.15,4
Vegetables,-1.4357942139397517,0.5446650925227866,-0.3838802745726992,-0.7762348914009655,0.9487582248673085,Animal Feed,1.97,0.73,30.75,30.21,1.32,0.45,1.24,4
Grains,0.09257503092190637,-1.4069915248153604,-1.5579107458883537,0.4387177490044763,0.5520256596758453,Compost,10.28,1.04,-13.47,-31.32,1.04,0.27,0.44,1
Vegetables,0.9455196442042568,1.2166066478663702,-0.2938654568611275,-0.49374117728022937,-0.09515818968676021,Biogas,14.49,7.08,30.87,28.38,1.33,0.4,1.21,4
Vegetables,1.3804789619228683,0.5647176077392255,1.469796959929551,0.7062829335172057,0.5054816157148372,Biogas,17.28,6.61,70.97,68.14,1.39,0.55,1.08,4
Meat,-1.4244781991698368,0.2318458551463374,-1.3740432693999884,-1.5708920059194584,-0.19267904370030656,Biogas,1.93,0.67,9.29,10.0,3.41,1.31,0.59,2
Meat,-0.3862338440301262,-0.20165306471449862,0.5221991114619976,1.0657159925407436,-0.32122926035452287,Compost,7.35,2.09,40.68,29.3,3.14,1.22,0.55,2
Grains,-1.287978771007736,-1.0722968162937054,1.5018952670204992,0.23431172821792742,0.8091260929842811,Compost,2.78,0.41,76.0,77.46,1.18,0.33,0.41,1
Vegetables,1.7362261762520743,1.050353067162803,1.1247401587018595,1.1587322154829374,0.0001462812810195022,Biogas,18.76,8.68,57.15,48.41,1.09,0.65,1.19,4
Fruits,0.783559182809847,0.7386276033436147,-1.3461316980165552,-1.1873436298368332,-1.5757020642560162,Animal Feed,12.66,5.71,6.75,4.28,1.5,0.29,0.8,0
Meat,0.743953131115144,-0.11342199776216685,-0.4177230548751118,-0.5408234629670188,-0.13505308451048414,Compost,13.4,3.95,27.72,24.94,3.45,0.87,0.68,2
Fruits,-1.597047424411042,0.935142252464717,-1.3203134944868795,0.03449910115691906,-0.5340020327477077,Biogas,1.0,0.46,-3.15,-16.11,1.17,0.6,0.59,0
Mixed,-0.9039415197537422,0.520966665448813,-1.0670159841822242,0.45594297547525275,-1.3850931223204537,Biogas,4.4,1.82,0.44,-14.75,0.86,0.46,0.88,3
Grains,0.23897597200768297,-1.3092810870334393,-0.3064256639836724,0.9187273933234503,0.7603656659775094,Compost,11.19,1.28,18.21,3.36,1.0,0.28,0.42,1
Mixed,1.5770947185501434,0.811545840494302,-0.8384899934803658,-1.6570181382733413,-2.488851879110108,Animal Feed,15.78,7.66,25.4,29.92,0.79,0.24,1.21,3
Vegetables,-0.19386159294156963,0.6868556549666266,-0.21989979269502966,-1.283804898073182,0.7913950286181826,Animal Feed,8.81,3.48,39.87,44.69,1.39,0.45,1.26,4
Mixed,-0.5651683275794088,0.2963784950246961,0.36380094386101486,-1.4124199223883136,-0.010935633947791653,Animal Feed,6.51,2.3,57.72,67.0,1.24,0.42,0.72,3
Fruits,0.16542187600323466,-0.5979636836284842,1.2412709692276926,1.0737544315604393,0.5498092766300849,Compost,10.68,2.31,61.22,53.88,1.8,0.51,0.79,0
Vegetables,-0.8629209662127999,1.2279089746247267,0.556739681048996,-0.8991081735591716,1.0883903567503361,Animal Feed,5.19,2.41,58.79,64.72,1.05,0.34,1.08,4
Mixed,-1.681917535185405,-0.6544753174202671,-0.023123214441826318,-0.31804386727830836,-1.1058288585543956,Compost,0.55,0.12,37.1,34.64,1.03,0.27,0.79,3
Fruits,-1.6875755425703627,0.9376943907649914,0.52010574360824,0.17115256449174654,-0.6293065037154907,Biogas,0.53,0.24,48.41,44.81,0.73,0.42,0.59,0
Vegetables,0.10530554753806083,1.1509802344307516,1.568185249056153,-1.2263874765039267,-0.7246109746832704,Donation,9.73,4.81,90.62,105.19,1.34,0.52,1.39,4
Mixed,0.513389330178124,0.26721120016442124,-0.004980693042594944,-0.6797736231646165,-1.0637175806849113,Animal Feed,11.63,4.27,40.76,41.55,0.99,0.43,1.11,3
Grains,0.06994300138207615,-1.7435091892657824,0.3557763670882779,-0.17564866178655525,0.5165635309436483,Compost,10.14,0.55,46.71,45.18,1.15,0.34,0.38,1
Vegetables,0.8394320057363028,1.2537949488132205,-0.40760511024861734,1.1989244105814159,-0.38328798563586913,Biogas,13.74,6.89,12.87,-5.01,1.61,0.41,1.08,4
Meat,0.321724330012687,-0.04888935788380871,0.2755305993609076,1.0932763548939863,0.06663777265388958,Compost,11.27,3.4,33.38,20.34,2.17,1.04,0.51,2
Fruits,-0.5503160581938952,0.9176418755485519,1.273718170960934,0.3411081323367422,-3.0340821083676466,Compost,5.64,2.92,68.53,67.76,1.57,0.27,1.11,0
Fruits,-0.6373079217376175,-0.28879035810957,0.6254719255807004,-0.37890633414171887,-1.402824186686552,Compost,5.72,1.64,56.21,58.0,1.31,0.3,0.91,0
Meat,-1.592096667949204,0.3095037777118198,1.2862783780834788,0.8394913515578779,-0.5716805445256682,Biogas,1.03,0.37,64.55,59.52,3.06,1.05,0.38,2
Grains,0.7432458801920245,-1.1251625382279538,-0.2771185140310675,-1.3584475461132137,1.285648447823186,Animal Feed,14.31,1.96,38.88,44.03,1.1,0.29,0.42,1
Vegetables,1.3387511574588067,0.7586801185600536,-0.1843125391811526,-0.47881264767222315,0.47223587002840056,Biogas,17.02,6.99,33.89,31.91,1.72,0.57,1.09,4
Mixed,1.1739616923719176,0.12319768179181365,-0.9679299057710367,0.9244691354803759,0.388013314289432,Biogas,16.07,5.16,-0.8,-19.5,0.92,0.52,0.68,3
Grains,-1.3466805976266705,-1.5582968669030366,0.5330148453730781,0.8842769403818971,0.6495465136893916,Compost,2.43,0.19,42.57,32.83,0.98,0.31,0.46,1
Vegetables,0.3153590717046098,1.2877019290882905,-0.5858902724602962,0.6764258743011932,0.45007203957077824,Biogas,11.44,5.57,12.31,-2.04,1.69,0.65,1.34,4
Mixed,-1.681917535185405,0.7637843951606017,0.5417372114304009,-0.3915381668869549,-2.2472661271220105,Compost,0.51,0.24,53.92,55.33,1.55,0.39,0.78,3
Vegetables,-0.22356613171259687,1.1072292921403393,-1.6768838189102375,0.4352727037103209,0.2062699045369202,Biogas,8.42,3.92,-16.86,-35.36,1.64,0.56,1.35,4
Grains,-0.13728151909199407,-1.1608924744317906,-1.6147805725820987,-1.64323795709672,0.8113424760300414,Animal Feed,9.14,1.23,3.02,2.98,1.03,0.33,0.48,1
Vegetables,-0.20305585494212558,0.644563077419228,-0.7756889578676412,-0.6280979437522867,1.2767829156401382,Animal Feed,8.96,3.41,18.23,14.15,1.57,0.7,1.31,4
Vegetables,0.7022253266510824,0.861494832942523,0.2165674048134053,0.5684811217509931,0.24394841631488065,Biogas,13.42,5.77,36.25,27.44,1.78,0.55,1.22,4
Vegetables,-0.30065648233264347,0.6405525743759403,-0.03952126262959347,-0.979492563756129,1.2657010004113272,Animal Feed,8.41,3.19,42.39,45.59,1.46,0.52,1.2,4
Grains,-1.5821951550255282,-1.097818199296446,0.2800662297107156,1.6261100270566753,1.1105541872079614,Compost,1.17,0.17,28.86,11.22,1.07,0.37,0.45,1
Fruits,1.7411769327139122,0.3011181804394906,0.953432889336039,-1.7339574831761433,-2.30489208631183,Animal Feed,16.71,6.64,77.42,92.89,0.98,0.59,0.81,0
Grains,-0.9039415197537422,-1.1196936704416522,-0.9096645005081202,-1.4089748770941584,0.37249863296909697,Animal Feed,4.8,0.69,21.19,23.15,0.88,0.34,0.43,1
Vegetables,0.02962969876425359,1.0146231309589666,1.2426665477968646,1.0771994768545947,-0.17938074542573193,Biogas,9.6,4.43,61.24,53.89,1.47,0.46,1.23,4
Mixed,1.5261726520855254,-0.07951501748709726,-0.16128549278982018,0.16541082233482093,-1.5269416372492446,Compost,16.35,5.25,28.93,21.47,1.02,0.44,0.65,3
Vegetables,-1.6274592141051887,1.0853538209951332,-1.5401171191314151,-0.10904445276621912,-0.859810340474774,Biogas,0.83,0.41,-8.2,-21.17,1.43,0.42,1.58,4
Grains,1.2425650319145285,-1.2236021583813819,1.6857627435088651,0.03679579801968922,0.29270884332165226,Compost,16.36,2.11,82.99,87.24,0.93,0.25,0.39,1
Meat,0.6470597546477462,0.4753927672296334,-1.1500529090479377,-0.5419718113984038,-1.533590786386532,Biogas,12.02,4.91,6.75,-0.23,2.49,1.1,0.53,2
Mixed,0.986540197745199,-0.2001946999714849,0.6059338256122971,0.9462877556766927,-0.8708922557035852,Compost,14.16,4.14,44.12,34.26,1.12,0.14,0.53,3
Fruits,-1.181183881616662,0.6861264725951198,-0.1626810713589918,-1.0575802570903161,-2.103201229147456,Animal Feed,2.91,1.33,39.54,42.72,0.94,0.49,0.77,0
Vegetables,-0.07999419431929898,1.1250942602422573,-1.4822006085107915,1.4676379435255305,1.305595895235048,Biogas,9.67,4.31,-20.27,-46.64,1.57,0.53,1.29,4
Vegetables,1.4745433346977874,0.4987266031178534,0.19563372627583042,-0.4730709055152975,0.6805758763300648,Biogas,17.94,6.64,44.73,44.88,1.56,0.44,1.47,4
Vegetables,-0.857970209750962,0.632166977103611,0.30204659217516927,0.2549819999828593,0.3126562907335111,Biogas,5.03,1.99,41.43,35.84,1.34,0.42,1.16,4
Grains,-0.5460725526551771,-1.2425609000405604,-0.7146323954663814,-1.2631346263082501,1.1194197193910091,Animal Feed,6.98,0.85,25.51,27.32,0.92,0.27,0.39,1
Grains,-1.1790621288473029,-1.4201168075024841,0.5686020988869551,0.3709651915527551,0.45007203957077824,Compost,3.32,0.33,48.06,42.99,0.88,0.31,0.37,1
Grains,-0.2667084380228982,-1.1109434819835697,0.9422682607826659,1.420555657838741,0.4766686361199275,Compost,8.29,1.2,49.63,37.56,1.03,0.22,0.35,1
Fruits,1.0452420243641338,0.955194767681156,-1.7243334902620737,-1.698358681803205,-0.3389603247206214,Animal Feed,14.84,6.77,0.36,0.17,1.3,0.42,0.81,0
Grains,-0.2108356150964424,-1.4288669959605664,1.2388287067316426,1.374621720583337,0.6473301306436281,Compost,8.66,0.85,58.54,48.58,1.07,0.29,0.43,1
Grains,-0.17052231247861985,-1.2028204607934359,-0.720214709743068,-0.8348006614016058,0.9886531196910325,Animal Feed,9.03,1.16,21.62,19.66,0.93,0.28,0.37,1
Grains,1.5884107333200586,-1.2578737298422047,-0.30363450684532917,-0.6177628078698207,1.230238871679127,Animal Feed,19.04,2.27,31.66,30.2,0.96,0.34,0.44,1
Fruits,1.4179632608482122,0.07725919238688043,1.4429320724729968,0.12866367253049754,-3.0850589184201818,Compost,14.55,5.47,75.23,77.29,1.0,0.49,1.2,0
Grains,-0.7122765195883051,-1.53532762220057,-1.4187017836134814,-0.10674775590344895,1.0861739737045757,Compost,6.03,0.49,-4.73,-17.03,1.02,0.24,0.39,1
Grains,0.5452156217185105,-1.4142833485304291,0.3236780599973298,0.8429363968520334,0.36363310078604616,Compost,12.64,1.28,36.93,26.35,1.09,0.3,0.42,1
Vegetables,1.5438539251635177,0.9956643892997874,0.9764599357273711,-0.3674228498278678,0.9731384383706944,Biogas,18.57,8.06,66.18,69.88,1.33,0.58,1.03,4
Vegetables,0.5600678911040236,0.5151332064767581,1.3483816244116176,-0.8428391004213014,0.7271199202910729,Animal Feed,12.94,4.81,80.97,90.94,1.36,0.53,1.43,4
Fruits,-1.0446844534545612,0.014184917251535993,-0.5014577690254111,0.9336559229314566,-0.8930560861612106,Compost,3.8,1.24,12.49,-3.62,1.34,0.48,0.49,0
Grains,-0.9067705234462209,-1.651267619270163,-1.3712521122616448,0.1481855958640445,0.9022141809063005,Compost,4.9,0.32,-5.59,-19.84,0.87,0.29,0.34,1
Meat,0.27504576908678724,0.45388188727018053,0.6101205613198117,0.6603489962618017,-1.7286324944136184,Biogas,10.08,4.13,46.73,39.37,2.47,1.4,0.38,2
Meat,0.5381431124873134,-0.2133199826586086,1.7293745737954793,0.947436104108078,-0.47194330746636154,Compost,12.11,3.45,76.31,72.88,3.55,1.23,0.61,2
Grains,-1.4456957268634274,-1.227977252610423,0.5323170560884923,-0.717669121400325,0.9886531196910325,Animal Feed,1.92,0.24,56.5,60.7,1.0,0.28,0.42,1
Meat,-0.8862602466757498,0.32408742514195693,-0.5147157654325418,1.3654349331322564,-1.3584965257713044,Biogas,4.5,1.71,8.34,-11.6,3.16,0.84,0.57,2
Meat,-1.4633769999414197,0.07179032460057894,0.6401255005570023,0.338811435473972,-1.265408437849285,Biogas,1.63,0.56,50.39,46.0,2.7,0.91,0.64,2
Mixed,1.5304161576242437,0.03788334432550933,-1.1577285911783817,-0.026363365706491455,-0.23479032156979085,Compost,17.47,5.56,2.04,-9.46,1.14,0.36,0.67,3
Grains,0.004168665531944659,-1.2720927860865887,-1.289959660607396,1.010595267834259,0.27719416200131414,Compost,9.67,1.18,-10.78,-32.07,0.82,0.35,0.41,1
Vegetables,-0.3056072387944814,0.7251377294707373,0.4632359169144953,-0.9944210933641355,0.3946624634267193,Animal Feed,8.05,3.28,56.93,63.15,1.69,0.36,1.39,4
Vegetables,1.2171039986822194,0.7820139544482736,-0.7226569722391184,-0.09870931688375319,0.28384331113860145,Biogas,16.22,6.78,15.14,6.76,1.43,0.37,1.46,4
Vegetables,-0.7342012982050157,0.4863305028022364,-1.5900090529793018,-1.3687826819956797,-0.23035755547826386,Animal Feed,5.55,2.14,1.34,-0.95,1.54,0.49,1.47,4
Fruits,0.44124973601991535,-0.3507708596876541,-1.5376748566353649,0.31928951214042506,-1.504777806791619,Compost,11.02,3.07,-11.86,-28.55,1.33,0.52,0.83,0
Meat,1.6697445894788234,0.4363815103540159,1.4045536618207766,-1.3974913927803072,-1.4006078036407885,Donation,17.17,6.87,87.42,102.54,3.49,1.16,0.58,2
Vegetables,1.040291267902296,0.6598759072208724,-1.3067066034374557,0.578816257633459,-0.7733714016900419,Biogas,14.5,6.11,-7.5,-25.12,1.61,0.62,1.13,4
Vegetables,-1.3389008374723539,0.7495653389162177,-0.7669665918103185,0.04138919174522975,-0.717961825545983,Biogas,2.32,1.0,12.65,2.79,1.34,0.58,0.93,4
Meat,-1.391237405783211,-0.02883684266736953,1.7105342631116618,0.07813634154955315,0.04225755915050378,Compost,2.13,0.65,83.34,87.37,3.05,1.14,0.49,2
Vegetables,1.021195492978064,0.5749261609403218,0.808292718142187,-1.3056235182694989,-0.3456094738579087,Animal Feed,14.71,5.88,69.52,80.43,1.43,0.64,1.31,4
Vegetables,-0.952741833449001,0.7761804954762187,-1.726426858115831,-1.2470577482688585,0.7869622625266556,Animal Feed,4.62,1.88,-3.64,-7.77,1.27,0.6,1.45,4
Vegetables,-0.7766363535921972,0.5632592429962116,-1.4354487264435412,1.329836131759318,0.004579047372543334,Biogas,5.39,2.11,-17.73,-42.64,1.52,0.48,1.27,4
Mixed,-1.0178089183760128,0.4921639617742912,-0.07859746256639971,0.02875735899999345,0.23729926717759334,Biogas,4.15,1.57,32.49,26.69,1.62,0.2,0.89,3
Grains,1.5028333716225757,-1.2152165611090526,1.4108337653820489,0.2182348501785359,0.47223587002840056,Compost,17.92,2.32,73.54,74.64,1.17,0.34,0.38,1
Vegetables,-1.2936367783926934,0.9023290457469075,-1.508716601325053,-1.2367226123863926,0.31043990768775076,Animal Feed,2.68,1.16,2.51,-0.47,1.31,0.62,0.91,4
Grains,-1.5051048044054816,-1.115318576212611,-0.005678482327180632,0.763700355086461,0.36141671774028267,Compost,1.54,0.22,28.18,16.4,0.9,0.38,0.47,1
Grains,0.3351620975519613,-1.2031850519791893,1.562951829421759,-0.43862045257374427,0.8778339674029146,Compost,11.78,1.52,83.61,91.29,0.95,0.36,0.43,1
Grains,-1.4202346936311185,-1.495951774139199,-0.9658365379172792,-1.6271610790573285,0.6606284289182027,Animal Feed,2.03,0.18,21.49,25.03,1.01,0.36,0.45,1
Grains,0.7220283524984339,-1.4263148576602926,0.8749315948201334,-1.20916225003315,0.7138216220164982,Animal Feed,13.82,1.36,70.6,81.04,0.99,0.24,0.44,1
Vegetables,0.5537026327959467,1.184887214705821,1.2688336459688332,1.2172979854835775,0.8512373708537654,Biogas,12.98,6.01,60.76,52.34,1.33,0.64,1.14,4
Mixed,-1.456304490710223,0.21689761653044665,0.9380815250751509,-0.4983345710057699,-0.5317856497019443,Biogas,1.73,0.61,66.22,70.83,1.08,0.49,1.07,3
Vegetables,-1.0107364091448159,0.4407566045830568,1.1809121961110185,-0.8658060690490036,-0.12840393537319683,Animal Feed,4.12,1.55,76.38,85.59,1.45,0.44,1.36,4
Vegetables,-1.0503424608395187,1.3146816768340446,-0.36957559423868963,1.361989887838101,0.3126562907335111,Biogas,4.0,1.97,12.54,-6.53,1.55,0.54,1.13,4
Vegetables,-0.3565293052590992,0.8899329454312911,1.6554089096293814,0.35718501037613376,1.0750920584757646,Biogas,8.02,3.35,79.33,80.61,1.54,0.6,1.1,4
Meat,-0.1606207995549441,0.1855427745556511,0.02188419441395952,-0.0791873935502064,-1.0615011976391477,Biogas,8.23,2.92,36.31,32.03,2.31,1.16,0.55,2
Vegetables,-1.1055080328428548,1.2858789731595233,-1.1633109054550683,0.4226408709650848,-0.20376095892911772,Biogas,3.61,1.81,-2.03,-17.48,1.63,0.59,1.36,4
Meat,-0.7780508554384366,0.375859373518945,0.629658661288215,-0.6878120621843121,-0.2879835146680863,Biogas,5.31,1.96,59.03,63.54,3.13,0.9,0.59,2
Meat,-0.11464948955216386,0.24533572901921474,1.212312713917381,-1.6639082288616518,-1.0903141772340605,Donation,8.45,3.08,84.24,100.59,2.82,0.92,0.52,2
Vegetables,-0.13374526447639556,1.102125015539791,-0.3559687031892662,-0.9611189888539673,-0.5539494801595698,Animal Feed,8.58,4.14,33.16,34.39,1.36,0.41,1.05,4
Vegetables,0.8054839614265578,0.9869142008417051,0.7852656717508548,0.7820739299886227,-0.7246109746832704,Biogas,13.33,6.26,50.69,43.29,1.43,0.72,1.17,4
Vegetables,1.4108907516170153,0.8775368451156741,0.2964642778984825,-0.6372847312033676,0.60078608668262,Animal Feed,17.52,7.45,49.04,51.19,1.57,0.46,1.07,4
Grains,-0.42301089203235054,-1.2906869365600142,-0.9675810111287438,1.486011518427692,0.7448509846571714,Compost,7.53,0.88,-5.68,-29.27,0.82,0.25,0.39,1
Grains,-1.5737081439480922,-1.656371895870711,-0.008818534107816973,-0.4615874212014465,0.29270884332165226,Compost,1.17,0.08,38.75,37.62,0.98,0.24,0.42,1
Fruits,-0.6090178848128299,0.08783233677373006,0.010021776576000336,1.5962529678406623,-0.24365585375283852,Biogas,6.21,2.03,21.38,2.45,1.62,0.37,0.61,0
Grains,1.4165487590019732,-1.6272046010104362,1.627846232888241,-1.4020847865058477,0.7404182185656475,Donation,17.67,1.23,93.85,110.3,1.17,0.29,0.43,1
Mixed,-0.1761803198635773,-0.5429104145797153,0.8508578645019224,-1.329738835328586,0.388013314289432,Animal Feed,8.75,1.98,70.96,82.32,1.32,0.31,0.54,3
Vegetables,-1.0390264460696037,0.93331929653595,0.21726519409799125,1.0117436162656437,1.0307643975605167,Biogas,4.2,1.78,32.41,19.76,1.47,0.43,1.2,4
Vegetables,-1.4676205054801381,0.6011767263145692,1.621566129326969,-0.9071466125788674,0.7492837507486951,Animal Feed,1.78,0.68,89.37,101.47,1.71,0.73,1.04,4
Mixed,0.29272704216477957,-0.4616065801566991,1.2639491209767324,-0.8531742363037673,-1.2565429056662374,Animal Feed,10.41,2.68,78.65,88.22,0.85,0.39,0.92,3
Grains,1.2050807329891846,-1.0865158725380895,-0.6281065241777388,1.6008463615662027,0.742634601611411,Compost,16.5,2.41,3.05,-19.59,0.91,0.25,0.39,1
Grains,-0.24336915755994812,-1.0372960624613754,-1.5544217994654246,0.7338432958704484,0.37471501601485735,Compost,8.38,1.3,-15.95,-36.35,0.95,0.41,0.38,1
Vegetables,-1.2335204499275192,0.5752907521260748,0.4178796134164166,-0.3237856094352337,1.1548818481232093,Biogas,3.13,1.17,49.78,49.9,1.72,0.63,0.84,4
Vegetables,0.670399035110696,0.5479464131945672,0.4531179722880008,-0.2950768986506061,-0.48080883964941235,Biogas,12.79,5.1,50.55,50.63,1.6,0.55,1.41,4
Vegetables,0.6725207878800551,1.1043125626543118,-1.5565151673191822,0.24120181880623792,0.22621735194877904,Biogas,13.25,6.16,-11.72,-27.84,1.75,0.47,1.36,4
Mixed,0.9844184449758399,0.6259689269458026,-0.6462490455769703,0.2607237421397849,-2.482202729972821,Compost,13.0,5.91,14.21,3.14,2.1,0.27,0.67,3
Vegetables,0.22341645169904956,0.8294108085962202,-1.6723481885604294,1.6869724939200856,-0.2680360672562243,Biogas,10.58,4.61,-27.63,-57.0,1.56,0.63,1.21,4
Vegetables,0.7432458801920245,0.5712802490827871,0.29227754219096763,-1.4388319363101711,0.29270884332165226,Animal Feed,13.67,5.29,55.91,65.02,1.45,0.51,1.17,4
Fruits,0.1760306398500302,0.8480049590696457,0.7887546181737837,1.1483970796004714,0.5365109783555103,Biogas,10.73,4.53,47.6,37.03,0.72,0.39,0.65,0
Meat,-0.7695638443610003,0.06668604800003079,-0.16965896420485016,0.023015616843068045,-1.0969633263713479,Biogas,5.14,1.73,29.92,23.65,3.43,0.74,0.5,2
Grains,1.1223323749841803,-1.3803763682553594,-1.2358809910519946,-0.5580486894377954,0.45893757175382904,Compost,15.84,1.68,4.44,-2.88,1.11,0.33,0.45,1
Mixed,1.4384735376186832,0.27997189166579134,-0.2984010872109352,-1.4882109188597308,-0.3190128773087594,Animal Feed,16.92,6.02,39.4,45.56,0.79,0.68,0.71,3
Grains,1.0204882420549446,-1.1707364364471333,1.3923423493405243,-0.025215017275106374,1.1925603599011665,Compost,15.81,2.07,75.12,78.22,1.0,0.27,0.39,1
Meat,-1.4966177933280453,0.08054051305866149,-1.5233701763013552,0.5076186548875824,-0.5184873514273728,Biogas,1.52,0.5,-13.09,-31.33,2.91,0.92,0.42,2
Mixed,1.1470861572933697,0.935142252464717,1.1058998480180424,-1.109255936502646,0.2528139484979283,Animal Feed,15.82,6.96,76.35,87.25,1.27,0.51,0.29,3
Vegetables,1.5657787037802284,0.43310018968223485,0.6861795933396672,1.0817928705801352,1.2612682343198,Biogas,18.93,6.65,45.25,34.67,1.6,0.41,1.44,4
Vegetables,0.9518849025123344,1.163011743560615,-0.16721670170879976,0.4651297629263338,-0.352258622995196,Biogas,14.35,6.99,26.15,16.05,1.35,0.64,1.14,4
Fruits,0.0989402892299836,-0.05107690499832915,-0.19582606237681868,0.9681063758730099,0.3392528872826604,Compost,10.21,3.03,20.95,6.3,1.35,0.35,0.75,0
Vegetables,0.3111155661658917,0.9716013710400607,0.8205040306224387,0.47431655037741444,1.1548818481232093,Biogas,11.8,5.04,54.38,49.86,1.3,0.4,0.8,4
Meat,1.1223323749841803,0.5417483630367587,1.1017131123105273,-0.09411592315821266,-1.057068431547624,Biogas,14.71,6.02,67.39,69.42,2.58,1.06,0.68,2
Meat,1.5042478734688147,0.3682029586181231,-0.0077718501809381935,-1.0082012745407567,-0.2924162807596101,Biogas,17.28,6.36,43.55,47.18,1.99,1.19,0.49,2
Vegetables,0.04236021538040806,0.9639449561392388,-0.09743777325021702,1.2172979854835775,-0.37220607040705483,Biogas,9.58,4.39,21.6,5.34,1.41,0.59,1.24,4
Mixed,-1.3990171659375277,-0.506815887190125,-1.7410804330921335,1.5985496647034325,-1.2210807769340404,Compost,1.96,0.49,-28.83,-57.83,0.73,0.59,1.03,3
Vegetables,1.4589838143891543,0.5293522627211422,-0.48296635298388657,1.5652475601932645,-0.3766388364985818,Biogas,16.98,6.68,7.52,-13.97,1.22,0.54,1.36,4
Fruits,-0.21578637155828004,0.2766905709940103,-0.45121694053523154,-1.1689700549346715,0.7404182185656475,Animal Feed,8.68,2.93,32.24,34.73,1.19,0.43,0.71,0
Vegetables,0.5572388874115449,0.8954018132175924,1.696578477419945,1.2046661527383413,-0.39215351781891683,Biogas,12.25,5.49,73.13,67.27,1.66,0.33,0.94,4
Vegetables,1.4476677996192395,0.7422735152011488,-0.8193007881542556,0.24120181880623792,0.5764058731792342,Biogas,17.7,7.19,9.41,-2.49,1.48,0.54,0.97,4
Mixed,-0.14930478478502898,0.8742555244438931,0.4960320132900291,0.04827928233354024,0.5276454461724595,Biogas,8.95,3.81,48.79,46.11,1.51,0.34,0.5,3
Vegetables,1.7242029105590395,1.1159794805984216,1.3797821422179795,-0.5741255674771869,0.06663777265388958,Biogas,18.76,8.83,79.54,87.35,1.35,0.52,1.35,4
Grains,0.6972745701892445,-1.5098062391978293,-1.7281713313272957,-1.4066781802313884,0.27497777895555064,Animal Feed,13.41,1.18,-2.28,-5.03,1.0,0.43,0.41,1
Vegetables,-0.5135390101916711,0.9231107433348538,1.5758609311865972,0.41689912880815916,-0.2525213859358893,Biogas,6.71,3.02,76.53,76.84,1.63,0.46,1.2,4
Meat,-0.22498063355883624,-0.2811339432087478,-0.13581618390243758,1.417110612544586,-0.580546076708719,Compost,8.1,2.24,18.76,0.54,2.41,0.83,0.53,2
Vegetables,-0.1217219987833609,0.8501925061841664,-0.5290204457665512,0.6052282715553166,0.8933486487232496,Biogas,9.26,3.85,14.55,1.15,1.61,0.57,1.07,4
Meat,1.6251877813222824,0.11408290214797773,-0.13930513032536676,0.14129550527573403,-0.6115754393493922,Biogas,17.64,5.92,29.78,22.65,2.9,0.76,0.51,2
Mixed,-0.44917917618777903,0.9438924409227993,-1.6719992939181367,-0.2032090241397978,-0.9573311944883172,Biogas,6.81,3.19,-11.16,-24.07,0.98,0.34,0.77,3
Mixed,0.6032101974143254,0.5825825758411437,1.3710597761606567,-1.1115526333654162,-2.646215075359234,Animal Feed,11.12,5.02,83.97,96.41,0.86,0.22,0.75,3
Grains,0.3181880753970885,-1.3829285065556336,-0.34550186392047866,-1.635199518077024,1.1238524854825362,Animal Feed,11.82,1.21,39.33,46.49,0.94,0.23,0.41,1
Meat,1.6499415636314718,0.2661174266071609,-1.6981663920901051,0.5145087454758933,-0.11288925405286183,Biogas,18.2,6.37,-18.16,-37.47,3.73,0.69,0.51,2
Grains,0.9907837032839173,-1.251311088498643,1.2970941119945592,-1.590413929253005,1.2989467460977606,Donation,15.72,1.88,86.01,102.2,0.73,0.32,0.39,1
Mixed,1.7227884087128003,0.3167956014268886,-1.573611004791535,-0.09985766531513826,-1.797340368832252,Biogas,17.08,6.65,-9.24,-22.49,0.65,0.33,0.62,3
Vegetables,0.7708286661936926,0.7688886717611498,0.9621552553933618,0.8038925501849398,-0.46307777528331384,Biogas,13.32,5.74,55.57,48.98,1.59,0.5,1.18,4
Fruits,-1.0100291582216963,0.7451902446871768,1.4851483241904397,1.5836211350954263,-1.919241436349181,Biogas,3.77,1.73,63.77,53.39,1.78,0.39,0.84,0
Vegetables,1.6577213237857884,0.5078413827616893,0.674317175501708,1.5996980131348177,-0.4187501143680661,Biogas,17.98,7.03,40.39,25.23,1.53,0.5,1.79,4
Meat,-0.9428403205253252,-0.02336797488106803,-0.8503524113183248,1.3229460411710074,-1.7951239857864885,Compost,4.12,1.38,-0.9,-22.4,2.67,0.78,0.55,2
Vegetables,0.24463397939264042,0.7922225076493699,-0.42539873700555586,0.9612162852846989,-0.7401256560036085,Biogas,10.44,4.6,14.44,-1.46,1.27,0.33,1.14,4
Meat,1.0473637771334925,0.5698218843397737,0.02641982476376724,-0.7796799366951207,-0.24808861984436548,Biogas,14.92,5.92,42.54,44.38,3.35,1.24,0.46,2
Vegetables,-0.9435475714484449,0.561800878253198,1.3975757689749182,0.008087087235061586,-0.49632352096974736,Biogas,4.4,1.76,74.98,77.82,1.53,0.57,1.13,4
Vegetables,-1.229984195311921,0.7112832644121069,-0.9250158647690083,-0.8210204802249845,-0.8066171473764786,Animal Feed,2.87,1.23,15.63,12.38,1.58,0.46,1.17,4
Mixed,-0.9032342688306225,-0.2716545723791585,-1.0610847752632446,-0.6005375813990441,-0.38107160259010564,Animal Feed,4.63,1.27,9.81,3.86,1.1,0.5,0.73,3
Grains,-0.4470574234184201,-1.2669885094860407,-0.15779654636689097,0.18493274566836793,0.46558672089111636,Compost,7.31,0.89,28.85,21.24,1.08,0.25,0.47,1
Grains,-0.8919182540607073,-1.1481317829304203,-1.173428850081563,-0.2571814004148976,1.0041678010113675,Compost,5.01,0.68,3.59,-6.0,0.94,0.4,0.41,1
Grains,0.7757794226555305,-1.6173606389950934,0.946106101847888,0.41804747723954444,1.1149869532994854,Compost,14.38,1.0,58.47,55.16,0.88,0.27,0.3,1
Vegetables,-0.3812830875682883,0.7083665349260795,-0.6657871455453734,-0.9737508215992036,0.4146099108385813,Animal Feed,7.65,3.09,24.38,23.95,1.74,0.41,0.98,4
Vegetables,0.0685284995358368,0.8917559013600582,0.6422188684107598,1.0393039786188865,0.7692311981605572,Biogas,10.26,4.35,44.35,33.89,1.55,0.37,1.0,4
Vegetables,0.86913654450733,1.2352007983397957,-0.1403518142522453,-1.5766337480763837,0.7958277947097064,Animal Feed,14.69,6.92,44.7,52.52,1.64,0.61,1.06,4
Vegetables,0.31465182078149023,0.7120124467836136,1.3919934546982318,-1.4606505565064882,0.6140843849571915,Donation,11.53,4.63,87.62,103.23,1.48,0.47,1.45,4
Fruits,1.1520369137552076,-0.13566206009312648,0.3191424296475219,-1.2573928841513244,-1.9281069685322316,Animal Feed,14.21,4.53,55.09,62.77,1.48,0.34,0.7,0
Grains,1.7418841836370318,-1.6417882484405737,-1.6894440260327823,0.7602553097923055,1.2546190851825127,Compost,19.92,1.32,-20.05,-41.46,1.1,0.27,0.37,1
Grains,-1.1019717782272562,-1.1809449896482296,-0.452961413746696,1.1989244105814159,0.5365109783555103,Compost,3.75,0.5,11.58,-6.55,0.98,0.25,0.39,1
Meat,-0.18537458186413322,0.36091113490305426,0.6362876594917802,0.3962288570432273,-0.7512075712324197,Biogas,8.23,3.09,49.78,44.87,2.79,1.25,0.41,2
Grains,0.6477670055708658,-1.4773576236657735,1.0968285873184265,-0.25258800668935727,1.1681801463977808,Compost,13.7,1.22,68.63,72.01,0.92,0.28,0.32,1
Grains,-0.6514529402000113,-1.6049645386794766,0.26890160115734235,1.667450570586539,0.6340318323690535,Compost,6.24,0.46,28.18,10.1,1.13,0.38,0.46,1
Grains,1.5084913790075332,-1.6716847256723555,0.2577369726039691,0.8314529125381821,0.2727613959097903,Compost,17.78,1.15,35.15,24.29,0.92,0.28,0.5,1
Mixed,1.3238988880732931,-0.46962758624327466,0.15202189598921623,0.17000421606036167,-1.7707437722831025,Compost,15.16,3.99,37.87,32.17,2.0,0.33,0.69,3
Vegetables,0.7474893857307429,1.0977499213107496,-0.8632615130831626,-0.8979598251277865,-0.8575939574290137,Animal Feed,12.95,6.34,18.07,15.84,1.68,0.48,0.77,4
Vegetables,1.1124308620605046,0.5089351563189496,0.2518057636849895,-0.324933957866619,-0.2569541520274132,Biogas,15.26,5.92,45.04,44.22,1.56,0.5,1.18,4
Vegetables,-0.7660275897454019,1.1568136934028066,0.6851329094127884,1.3906985986227285,1.2546190851825127,Biogas,5.78,2.61,42.52,29.25,1.43,0.49,1.49,4
Fruits,1.012708481900628,0.11554126689099144,0.3808967813333677,-1.0954757553260246,-1.8904284567542713,Animal Feed,13.56,4.87,55.44,62.07,1.28,0.52,1.59,0
Grains,-0.13728151909199407,-1.305635175175905,-0.9633942754212288,-1.5938589745471603,0.4700194869826402,Animal Feed,8.99,1.05,21.26,24.53,0.86,0.28,0.4,1
Grains,-0.9753738629888312,-1.0362022889041154,-0.7882491649901862,1.0898313095998309,0.7958277947097064,Compost,4.5,0.69,2.91,-16.19,1.11,0.35,0.34,1
Vegetables,1.705107135634808,0.9814453330554034,-1.0708538252474462,-0.5086697068882359,0.966489289233407,Biogas,19.46,8.41,8.74,1.94,1.46,0.44,1.36,4
Vegetables,0.4065944407870502,0.7437318799441628,-1.0663181948976383,1.5801760898012709,-0.2192756402494527,Biogas,11.56,4.88,-9.33,-34.29,1.75,0.46,0.93,4
Vegetables,1.4455460468498804,0.8202960289523843,-1.5540729048231317,1.428594096858437,-0.06634521009185058,Biogas,17.16,7.39,-21.98,-48.43,1.63,0.37,1.13,4
Mixed,-0.22568788448195579,0.3426815756153824,-0.1570987570823053,1.0829412190115204,-1.3230343970391074,Biogas,7.8,2.99,21.06,5.63,1.78,0.35,0.75,3
Vegetables,0.2976777986266174,1.2326486600395212,-0.42958547271307096,-0.3834997278672594,-0.4209664974138264,Biogas,10.89,5.43,26.02,21.81,1.61,0.44,1.05,4
Fruits,0.423568462941923,0.002153408121672643,-1.5750065833607065,0.5202504876328184,-0.9883605571289903,Compost,11.22,3.65,-14.68,-33.33,1.02,0.38,0.58,0
Vegetables,-1.5185425719447558,0.8720679773293724,-0.4393545226972723,-0.4064666964949614,1.219156956450316,Biogas,1.53,0.63,25.95,21.88,1.12,0.4,1.2,4
Vegetables,0.055797982919682326,0.8297753997819738,0.02641982476376724,-1.53529320454652,-0.3034981959884244,Animal Feed,9.68,4.23,49.12,57.54,1.52,0.45,1.02,4
Vegetables,1.5650714528571084,0.9245691080778672,0.5232457953888764,0.7866673237141629,-0.7645058695069943,Biogas,17.2,7.93,43.14,34.2,1.42,0.52,1.38,4
Vegetables,0.7991187031184802,0.5545090545381293,1.6267995489613623,-1.4296451488590902,-0.15056776583081913,Donation,13.68,5.38,94.07,110.76,1.67,0.5,1.34,4
Grains,-1.5029830516361227,-1.2983433514608362,1.2053348210715227,-1.2815082012104118,0.29049246027588876,Donation,1.55,0.18,80.71,93.68,0.95,0.26,0.37,1
Vegetables,-0.350164046951022,1.32270268292062,-0.6591581473418081,0.7349916443018333,-0.6603358663561638,Biogas,7.42,3.85,9.7,-5.58,1.6,0.53,1.12,4
Vegetables,-0.1252582533989594,0.6715428251649822,-0.8280231542115783,-0.9082949610102524,0.09766713529456271,Animal Feed,8.9,3.61,19.17,17.24,1.65,0.58,1.36,4
Grains,0.43346997586559877,-1.7238212652350968,1.071010383788751,0.16541082233482093,0.8778339674029146,Compost,12.33,0.69,64.25,63.84,1.0,0.37,0.37,1
Vegetables,0.48580654417645597,1.1123335687408873,-1.0125884199845296,0.18837779096252338,-0.352258622995196,Biogas,11.91,5.71,4.32,-8.23,1.6,0.5,1.0,4
Mixed,0.39032766955529724,-0.1662877196964153,-1.1922691607653804,0.4502012333183271,-0.5738969275714317,Compost,11.28,3.31,-3.09,-18.94,0.98,0.53,1.14,3
Grains,-1.6550420001068569,-1.3639697648964546,-1.3496206444394843,-0.7934601178717419,1.3011631291435242,Animal Feed,0.76,0.08,3.23,-2.69,1.03,0.3,0.41,1
Grains,0.3351620975519613,-1.1926119075923396,-0.17070564813172895,-0.9599706404225823,0.8866994995859623,Animal Feed,11.79,1.53,38.46,40.74,0.95,0.34,0.41,1
Vegetables,-0.3331900247961492,1.0795203620230778,0.9077276911956672,-0.5924991423793484,-0.8088335304222389,Animal Feed,7.45,3.62,66.17,71.43,1.2,0.55,1.26,4
Grains,-1.3792141400901763,-1.07594272815124,1.374548722583586,0.9841832539124014,0.5764058731792342,Compost,2.25,0.33,65.82,60.04,0.88,0.26,0.4,1
Mixed,0.38891316770905787,0.19283459827071994,0.3306559528431882,1.2161496370521927,-1.0504192824103367,Biogas,11.01,3.91,33.87,20.08,1.01,0.17,0.92,3
Fruits,0.07843001245951255,-0.09373407373148131,-0.43028326199765665,1.6881208423514709,-0.5694641614799048,Compost,9.67,2.94,7.96,-14.31,1.26,0.32,0.78,0
Vegetables,0.6951528174198853,1.1965541326499312,1.6093548168467167,-0.2468462645324317,0.5342945953097468,Biogas,13.56,6.4,83.27,89.55,1.84,0.56,1.03,4
Grains,0.12157231876981382,-1.717987806263042,1.676342588166956,0.8027442017535545,1.2590518512740398,Compost,10.79,0.6,76.06,73.58,0.99,0.28,0.42,1
Grains,0.3995219315558534,-1.6800703229446845,0.7814278306856327,-0.8761412049314695,0.824640774304616,Animal Feed,12.11,0.75,65.02,72.03,1.01,0.26,0.45,1
Fruits,0.26726600893247066,0.3310146576712727,-0.042661314410229564,-1.1712667517974416,-2.446740601240621,Animal Feed,9.66,3.91,43.97,48.83,1.24,0.48,0.72,0
Grains,0.6513032601864646,-1.5484529048876938,-0.3828335906458204,1.5767310445071159,0.23508288413182984,Compost,13.14,1.09,10.29,-10.74,0.96,0.24,0.38,1
Meat,-0.6111396375821888,0.5679989284110065,-0.3154969246832881,-0.9335586265007247,-0.580546076708719,Biogas,6.1,2.46,34.08,35.31,2.77,0.66,0.26,2
Vegetables,0.1102563039998987,0.9110792342049904,-0.40411616382568816,1.3688799784264114,0.7847458794808952,Biogas,10.49,4.47,11.49,-7.84,1.77,0.41,1.3,4
Fruits,0.49075730063829387,0.4097663537940149,-0.2485091533630486,0.3663717978272144,-2.7836308241965013,Compost,10.52,4.48,24.68,14.97,1.23,0.21,0.94,0
Mixed,-0.13374526447639556,0.9566531324241699,-0.07266625364742012,-1.2252391280725414,-0.7556403373239435,Animal Feed,8.49,3.96,43.59,48.75,1.08,0.36,0.78,3
Grains,0.8797453083541253,-1.4230335369885116,-1.5055765495444167,0.27680062017917645,0.3857969312436685,Compost,14.47,1.45,-10.57,-26.71,1.0,0.26,0.33,1
Grains,-1.5036903025592423,-1.4642323409786497,1.034027551705702,-1.178156842385752,0.6628448119639632,Animal Feed,1.57,0.15,74.89,85.98,1.07,0.2,0.35,1
Grains,0.032458702456732304,-1.53532762220057,0.5811623060094999,1.0278204943050353,1.0108169501486548,Compost,10.17,0.83,42.7,31.98,0.82,0.24,0.54,1
Mixed,0.46176001279038636,0.770711627689917,0.8571379680631951,-0.3157471704155382,-3.116088281060855,Compost,10.19,5.05,62.31,64.88,0.76,0.42,0.81,3
Grains,-0.02199961862348408,-1.4390755491616627,0.5061499579165238,-1.3366289259168966,0.5254290631266991,Animal Feed,9.64,0.94,61.14,70.58,0.91,0.22,0.34,1
Vegetables,0.5678476512583407,0.9278504287496482,0.7029265361697271,-1.5295514623895945,0.048906708287791104,Animal Feed,12.58,5.58,68.46,80.71,1.44,0.39,1.25,4
Grains,-0.8841384939063907,-1.527671207299748,0.38613020096776135,0.5650360764568376,0.4212590599758686,Compost,4.92,0.42,41.14,33.34,1.02,0.33,0.46,1
Vegetables,-0.17830207263293643,1.0069667160581441,0.5898846720668228,-0.16646187433547438,0.5076979987606006,Biogas,8.78,3.91,53.35,53.08,1.37,0.59,1.13,4
Mixed,-1.0977282726885382,0.4436733340690842,-1.0977187127040007,1.634148466076371,-0.8199154456510532,Biogas,3.54,1.38,-10.7,-36.33,1.65,0.35,0.88,3
Meat,-0.8516049514428848,0.23913767886140624,0.4852162793789487,-1.5973040198413158,-0.8287809778341009,Biogas,4.8,1.72,62.81,74.41,3.24,1.14,0.45,2
Vegetables,0.7531473931157002,0.4520589313414134,-1.5921024208330594,0.7235081599879825,0.38136416515214466,Biogas,13.78,5.08,-16.93,-37.45,1.61,0.46,1.42,4
Mixed,0.7658779097318548,0.28507616826633947,0.8819094876659918,0.9485844525394629,-2.202938466206763,Compost,12.16,4.77,52.01,43.71,1.36,0.36,1.22,3
Grains,1.5325379103936023,-1.0413065655046634,0.5658109417486118,-1.3791178178781458,1.2524027021367525,Animal Feed,18.74,2.79,63.22,73.37,0.77,0.33,0.44,1
Vegetables,-1.6995988082633975,0.5552382369096359,0.8976097465691729,-0.7050372886550887,0.06885415569965307,Animal Feed,0.48,0.19,66.86,73.05,1.64,0.44,0.9,4
Fruits,0.13076658077036976,0.6387296184471732,1.5420181508841846,-0.8175754349308292,-2.018978673408488,Animal Feed,9.23,4.11,86.31,97.18,1.04,0.68,0.87,0
Mixed,1.0699958066733228,0.535185721693197,0.7814278306856327,-1.001311183952446,0.01787734564711798,Animal Feed,15.23,5.9,66.12,74.22,0.77,0.46,0.86,3
Grains,-0.16840055970926068,-1.642152839626327,-0.11906924107237758,0.296322543512723,0.7936114116639429,Compost,8.96,0.6,28.99,20.63,0.97,0.27,0.39,1
Vegetables,-0.3261175155649524,0.6646155926356669,-1.3984658943604922,-0.7096306823806293,-0.8354301269713882,Animal Feed,7.48,3.17,1.09,-5.84,1.6,0.45,0.97,4
Meat,-0.45625168541897604,-0.15352702819504496,0.44125555445004166,-0.3754612888475636,-1.1169107737832067,Compost,6.72,2.04,50.91,51.61,2.9,0.91,0.51,2
Vegetables,0.6159407140304799,1.0791557708373247,0.28774191184115966,-1.4549088143495625,0.4899669343945022,Animal Feed,13.1,5.97,55.9,65.12,1.58,0.29,1.51,4
Grains,0.6619120240332599,-1.4875661768668698,1.4066470296745341,-0.21698920531641896,1.174829295535068,Compost,13.78,1.21,77.2,82.06,0.91,0.28,0.42,1
Meat,1.1018220982137092,0.16111516511017104,1.2503422299273086,1.4974950027415435,-1.1279926890120209,Biogas,14.56,5.12,57.78,46.81,2.95,1.03,0.42,2
Vegetables,1.2743913234549142,0.6653447750071737,-0.9710699575516729,1.601994709997588,1.2479699360452254,Biogas,17.28,6.63,-6.8,-31.42,1.24,0.56,1.07,4
Grains,0.6803005480343717,-1.5987664885216681,-0.47145282978822045,0.5122120486131228,1.1925603599011665,Compost,13.9,1.0,17.02,4.76,1.09,0.32,0.41,1
Vegetables,-0.8933327559069467,0.8746201156296467,1.1816099853956048,1.5078301386240094,-0.4253992635053534,Biogas,4.67,2.08,55.73,44.28,1.71,0.56,1.2,4
Fruits,-0.4901997297287214,0.6682615044932017,-0.12604713391823597,0.5397724109663655,0.5608911918588961,Biogas,7.1,2.81,26.68,16.16,1.24,0.43,1.03,0
Vegetables,-0.8537267042122438,0.8275878526674532,-0.4770351440649072,1.079496173717365,0.494399700486026,Biogas,5.1,2.14,11.92,-5.32,1.48,0.55,1.07,4
Vegetables,0.6364509908009509,0.6970642081677229,-0.023472109084119407,-1.5915622776843903,0.8578865199910527,Animal Feed,13.44,5.31,48.18,56.81,1.84,0.4,0.93,4
Vegetables,-0.24831991402178602,1.1899914913063692,-0.6710205651797672,0.6775742227325781,0.15972586057590896,Biogas,8.27,3.96,9.86,-4.98,1.69,0.6,1.25,4
Fruits,-1.0171016674528932,-0.07915042630134389,0.4105528259282654,1.363138236269486,0.7891786455724191,Compost,4.27,1.22,34.9,20.29,1.16,0.38,0.56,0
Vegetables,1.2262982606827753,0.5151332064767581,-0.3789957495805984,1.35280310038702,-0.8110499134680024,Biogas,15.43,6.17,12.35,-6.71,1.08,0.43,1.2,4
Vegetables,0.7269791089602717,0.7054498054400521,1.3916445600559386,0.9841832539124014,-0.8044007643307151,Biogas,12.88,5.52,66.31,60.62,1.75,0.52,1.55,4
Vegetables,0.8224579835814301,0.8873808071310167,0.2399433458470306,-0.041291895314497916,0.7492837507486951,Biogas,14.4,6.1,42.23,38.86,1.23,0.39,1.2,4
Grains,1.3267278917657719,-1.1051100230115147,0.5173145864698968,-0.7808282851265057,0.7071724728792109,Animal Feed,17.14,2.46,56.62,61.28,1.1,0.15,0.43,1
Grains,0.4539802526360698,-1.2910515277457673,-1.532790331643264,1.0714577346976693,0.8534537538995288,Compost,12.43,1.45,-18.27,-41.48,1.0,0.26,0.31,1
Vegetables,1.44696054869612,0.5705510667112803,-0.40725621560632447,-1.415864967682469,-0.7778041677815689,Animal Feed,16.58,6.76,35.65,40.54,1.23,0.49,1.35,4
Vegetables,0.006290418301303569,0.5986245880142949,-0.48889756190286615,1.1713640482281735,0.13091288098099932,Biogas,9.62,3.79,10.78,-7.32,1.47,0.57,0.89,4
Meat,-1.3714343799358597,0.2697633384646951,0.21796298338257694,-1.1299262082675778,-1.761878240100055,Biogas,2.04,0.78,51.08,57.07,2.63,0.89,0.54,2
Mixed,-0.25751417602234195,-0.5046283400756046,0.2472701333351818,1.5330938041144815,-2.639565926221947,Compost,7.12,1.92,28.72,11.69,0.86,0.43,0.81,3
Grains,-0.20871386232708325,-1.3931370597567299,0.034444401536504396,0.3548883135133636,0.9775712044622182,Compost,8.81,0.89,32.89,24.9,1.1,0.28,0.4,1
Vegetables,-0.2377111501749907,0.8713387949578657,-0.5565831225076916,1.7064944172536325,0.6185171510487185,Biogas,8.5,3.6,4.17,-18.98,1.41,0.57,1.37,4
Fruits,-0.8183641580562592,-0.3438436271583389,-0.7994137935435595,0.30780602782657424,-1.8682646262966458,Compost,4.71,1.34,9.39,-2.97,1.55,0.38,0.9,0
Vegetables,-1.3417298411648324,1.0532697966488305,1.078337171276902,-1.2550961872885544,-0.5871952258460033,Donation,2.32,1.1,76.84,88.86,1.58,0.62,1.47,4
Meat,1.7432986854832715,0.47648654078689373,0.4548624454994653,1.0071502225401034,-0.3456094738579087,Biogas,18.49,7.12,39.26,28.0,2.56,1.36,0.59,2
Grains,-1.2992947857776507,-1.3501152998378243,-0.41283852988301095,1.0496391145013524,0.4988324665775498,Compost,2.67,0.29,14.02,-2.59,1.1,0.29,0.4,1
Grains,-1.6854537898010036,-1.4150125309019361,1.5981901882933436,-1.1241844661106524,0.5276454461724595,Animal Feed,0.57,0.06,90.59,104.45,0.75,0.27,0.44,1
Grains,-1.5680501365631345,-1.3938662421282368,1.6418020185799578,0.5202504876328184,0.3436856533741842,Compost,1.2,0.13,77.52,77.3,1.04,0.45,0.49,1
Vegetables,-0.8848457448295103,0.5468526396373068,0.30030211896370457,-0.6889604106156975,0.773663964252081,Animal Feed,5.0,1.87,49.6,52.23,1.68,0.66,1.27,4
Vegetables,-1.109751538381573,1.0886351416669138,-1.479758346014741,1.4056271282307349,0.6650611950097266,Biogas,3.73,1.69,-19.66,-45.48,1.52,0.45,1.12,4
Vegetables,-0.5269767777309454,0.6853972902236132,-0.518204711855471,1.642186905096067,0.013444579555594149,Biogas,6.73,2.75,5.84,-16.52,1.64,0.54,1.31,4
Vegetables,-1.6946480518015596,0.8997769074466337,0.8065482449307225,-0.14923664786469776,-0.5694641614799048,Biogas,0.5,0.22,59.4,60.23,1.31,0.51,1.17,4
Grains,0.14561885015588338,-1.2983433514608362,-0.19198822131159665,0.9313592260686865,0.86453566912834,Compost,10.73,1.24,21.38,7.07,0.89,0.33,0.38,1
Vegetables,-1.1564300993074728,0.6591467248493658,0.7238602147073018,-0.3019669892389168,-0.4276156465511138,Biogas,3.3,1.37,58.38,60.06,1.17,0.48,1.55,4
Fruits,1.6888403644030547,0.4349231456110019,0.14574179242794377,-0.8439874488526866,0.3259545890080857,Animal Feed,18.8,6.9,46.51,49.6,1.42,0.4,1.06,0
Vegetables,1.3790644600766293,0.48086163501593515,1.3379147851428297,1.2046661527383413,0.4057443786555305,Biogas,17.19,6.4,62.84,54.92,1.61,0.36,0.89,4
Grains,-0.7738073498997186,-1.4110020278586484,0.557088575691289,-0.6361363827719825,0.656195662826679,Animal Feed,5.58,0.56,56.5,60.14,0.92,0.29,0.31,1
Grains,-1.5376383468689876,-1.0340147417895946,1.2883717459372364,0.9256174839117608,0.7670148151147967,Compost,1.39,0.21,63.86,58.09,1.04,0.3,0.38,1
Meat,-1.236349453619998,0.30002440688223025,1.2855805887988927,0.41804747723954444,-0.31458011121723556,Biogas,2.9,1.04,68.2,66.82,3.47,1.03,0.41,2
Vegetables,-0.4958577371136788,1.2118669624515757,-0.5900770081678111,-0.8968114766964015,-0.844295659154439,Animal Feed,6.61,3.35,25.89,25.22,1.34,0.78,1.4,4
Fruits,-1.3509241031653885,0.13559378210743037,-0.9292026004765233,-0.7257075604200206,-0.5894116088917667,Animal Feed,2.27,0.77,14.68,10.58,1.21,0.3,1.11,0
Grains,1.6874258625568157,-1.5991310797074214,-1.4357976210858339,-0.7015922433609335,1.2967303630520002,Animal Feed,19.66,1.41,-0.05,-7.27,1.05,0.34,0.43,1
Vegetables,-0.43149790310978664,1.324161047663634,-1.2962397641686685,-0.575273915908572,-0.6714177815849749,Biogas,6.99,3.63,2.85,-4.67,1.47,0.5,1.02,4
Meat,-1.3502168522422688,-0.08972357068819352,0.7632853092864009,0.5076186548875824,-1.9945984599051019,Compost,2.12,0.69,52.45,47.3,3.32,1.02,0.54,2
Vegetables,0.3422346067831581,0.5497693691233347,-1.4630114031846813,-1.2975850792498032,-0.015368400039315486,Animal Feed,11.34,4.42,4.36,2.17,1.84,0.7,1.33,4
Fruits,0.9462268951273765,0.9705075974828004,0.4245086116199819,-1.338925622779667,-2.107633995238983,Animal Feed,13.09,6.56,58.82,67.81,1.46,0.24,0.79,0
Vegetables,-1.4704495091726169,1.0620199851069132,1.6861116381511576,-0.16416517747270423,0.1907552232165821,Biogas,1.72,0.79,84.75,90.75,1.68,0.53,1.15,4
Vegetables,1.7206666559434411,0.4506005665983994,0.2008671459102241,-0.9094433094416375,0.3148726737792746,Animal Feed,18.96,7.01,48.67,52.64,1.84,0.5,0.81,4
Grains,0.900962836047716,-1.5634011435035848,-1.1552863286823314,-1.4824691767028053,0.6295990662775296,Animal Feed,14.75,1.17,14.8,15.99,1.08,0.27,0.43,1
Vegetables,-1.1613808557693106,0.9158189196197849,-1.6151294672243917,1.4573028076430645,1.2479699360452254,Biogas,3.55,1.48,-23.99,-51.03,1.58,0.54,1.18,4
Vegetables,1.4427170431574017,0.48122622620168826,0.5804645167249143,1.6215166333311346,1.1969931259926936,Biogas,18.19,6.53,37.51,21.61,1.37,0.4,0.72,4
Grains,0.7807301791173683,-1.6935601968175618,-0.39399821919919364,0.6040799231239312,0.8999977978605369,Compost,14.27,0.86,18.44,5.82,0.98,0.35,0.39,1
Vegetables,-0.8204859108256182,0.7725345836186845,0.2559924993925046,-0.7475261806163378,-0.23035755547826386,Animal Feed,5.1,2.18,48.84,51.72,1.52,0.43,0.43,4
Grains,0.021849938609937,-1.5138167422411173,1.208823767494452,1.4343358390153624,1.1194197193910091,Compost,10.16,0.86,57.15,46.5,1.11,0.26,0.48,1
Grains,-0.9746666120657115,-1.0897971932098705,0.4750983347524542,1.5434289399969474,0.4146099108385813,Compost,4.43,0.65,35.17,19.36,0.99,0.28,0.42,1
Vegetables,-1.5086410590210801,0.980351559498143,-0.9766522718283596,-0.8933664314022461,1.2368880208164144,Animal Feed,1.59,0.68,14.78,11.86,1.54,0.43,1.2,4
Vegetables,-1.5680501365631345,1.2545241311847277,1.3473349404847388,0.08387808370647856,0.2395156502233537,Biogas,1.19,0.58,72.88,74.77,1.4,0.52,1.22,4
Fruits,1.091213334366914,-0.5396290939079346,-0.7341704954347845,-0.29392855021922104,-2.313757618494881,Compost,13.63,3.54,16.51,9.77,1.02,0.33,1.19,0
Grains,1.4363517848493241,-1.682257870059205,1.0273985535021368,0.18263604880559775,0.5143471478978879,Compost,17.59,1.1,62.85,62.05,1.19,0.32,0.43,1
Vegetables,-0.1570845449393456,1.0616553939211595,0.08991864966107754,-1.675391713175503,0.9531909909588324,Animal Feed,9.09,4.03,52.16,62.17,1.53,0.51,1.29,4
Vegetables,-1.178354877924183,0.4797678614586748,-0.1016245089577319,-0.7796799366951207,-0.015368400039315486,Animal Feed,3.25,1.23,38.87,39.97,1.74,0.36,1.67,4
Mixed,-1.4202346936311185,0.8764430715584138,-1.501040919194609,-0.25603305198351256,-1.8793465415254602,Biogas,1.79,0.86,-5.79,-17.26,1.46,0.3,0.81,3
Meat,-0.7858306155927534,0.21325170467291246,-0.9176890772808571,-1.0702120898355525,-1.3939586545035012,Biogas,4.99,1.82,18.02,16.98,3.4,0.96,0.51,2
Mixed,-1.0171016674528932,0.6620634543353932,1.6062147650660807,1.62725837548806,-1.6488427047661736,Biogas,3.79,1.67,66.87,56.81,1.55,0.53,0.52,3
Meat,0.8960120795858781,0.21434547823017283,0.2141251423173549,1.329836131759318,-0.3367439416748579,Biogas,14.06,4.87,29.55,14.09,2.98,1.23,0.57,2
Vegetables,-0.9980058925286615,0.8458174119551249,0.40566830093616457,1.210407894895267,-0.4431303278714519,Biogas,4.13,1.82,36.08,22.77,1.95,0.59,1.2,4
Vegetables,1.402403740539579,0.9781640123836228,1.4457232296113403,-1.7029520755287455,-0.8332137439256279,Donation,16.31,7.68,91.26,109.28,1.59,0.51,1.23,4
Grains,-0.07362893601122175,-1.5047019625972813,-0.675556195529575,1.1265784594041544,0.8999977978605369,Compost,9.53,0.82,5.82,-12.95,0.92,0.18,0.4,1
Mixed,1.30833936776466,0.1931991894564733,-0.07685298935493524,1.5239070166634008,0.4057443786555305,Biogas,16.81,5.56,19.52,0.71,1.15,0.48,0.69,3
Grains,0.5940159354137692,-1.67533063752989,-0.48959535118745207,1.286198891366684,0.36363310078604616,Compost,12.91,0.83,9.75,-9.35,0.97,0.33,0.4,1
Vegetables,0.4186177064800851,0.9774348300121156,0.7817767253279253,-0.8244655255191398,1.001951417965604,Animal Feed,12.32,5.31,64.58,71.15,1.9,0.74,1.35,4
Mixed,0.5933086844906497,0.015278690808796343,0.760145257505765,1.102463142345067,-0.40766819913925495,Compost,12.44,3.95,47.18,36.83,1.22,0.31,0.75,3
Meat,-0.9251590474473329,0.572738613825801,0.42555529554686067,1.3045724662688456,-1.9569199481271413,Biogas,4.17,1.81,35.83,21.82,2.4,0.83,0.49,2
Mixed,1.0813118214432382,0.10496812250414181,0.990764616061381,-0.0734456513932808,-0.23257393852402736,Biogas,15.11,4.96,64.03,65.25,1.03,0.39,1.04,3
Vegetables,0.10389104569182148,1.0459779729337622,0.6125628238158624,-0.3077087313958424,0.7071724728792109,Biogas,10.42,4.65,55.23,56.32,1.69,0.31,1.07,4
Vegetables,-0.5170752648072696,1.1651992906751358,0.2734372315071503,-0.9806409121875141,0.8623192860825765,Animal Feed,7.05,3.25,51.37,56.38,1.38,0.17,1.07,4
Grains,-1.6812102842622856,-1.4110020278586484,-1.495807499560215,-1.3653376367015244,0.5764058731792342,Animal Feed,0.6,0.06,4.01,2.23,1.11,0.37,0.44,1
Grains,0.8995483342014768,-1.5232961130707068,0.3236780599973298,1.623813330193905,0.7470673677029348,Compost,14.82,1.25,30.13,12.74,0.87,0.35,0.37,1
Grains,0.9653226700516083,-1.1977161841928878,1.543762624095649,-0.011434836098485198,0.7559328998859824,Compost,15.19,1.98,79.34,83.19,0.93,0.34,0.39,1
Grains,0.44337148878927424,-1.6611115812855057,-1.4166084157597238,-0.9014048704219418,0.636248215414817,Animal Feed,12.25,0.8,2.24,-3.13,0.9,0.28,0.34,1
Vegetables,0.15410586123331954,0.6398233920044335,0.5993048274087318,1.02896884273642,-0.39880266695620414,Biogas,10.15,4.17,43.21,32.59,1.74,0.39,1.25,4
Vegetables,0.3549651233993125,0.9107146430192368,0.7165334272191508,-1.6214193369004029,-0.2547377689816497,Animal Feed,11.27,5.05,69.65,82.79,1.47,0.55,0.89,4
Grains,-1.1288473133058048,-1.6552781223134507,-0.10825350716129743,1.582472786664041,0.8955650317690131,Compost,3.67,0.24,18.11,-1.39,0.94,0.21,0.47,1
Vegetables,0.8457972640443803,0.6642510014499139,-0.10232229824231784,-0.773938194538195,0.22400096890301868,Animal Feed,14.18,5.7,38.8,39.86,1.24,0.31,1.32,4
Vegetables,-0.9718376083732326,1.067853444078968,-1.0303820467414684,-0.8497291910096121,0.8046933268927541,Animal Feed,4.52,2.02,12.85,9.25,1.37,0.34,1.3,4
Fruits,-0.9944696379130629,-0.11560954487668756,1.3905978761290598,-0.979492563756129,-0.4697269244206012,Animal Feed,4.14,1.24,83.38,94.79,1.6,0.25,1.27,0
Meat,-1.1684533650005076,0.2617423323781195,0.7140911647231002,1.4331874905839777,-0.08185989141218872,Biogas,3.3,1.15,42.99,29.51,3.87,0.93,0.47,2
Grains,-1.0743889922255883,-1.6651220843287937,-1.5052276549021237,-0.9668607310108928,0.4921833174402625,Animal Feed,3.9,0.25,0.27,-5.04,1.02,0.3,0.35,1
Grains,-0.07716519062682027,-1.3453756144230298,0.9747154625159067,0.7200631146938271,0.986436736645269,Compost,9.55,1.03,56.66,50.88,0.99,0.27,0.26,1
Grains,1.5212218956236876,-1.4496486935485127,-0.8430256238301737,-0.739487741596642,1.0994722719791503,Animal Feed,18.55,1.73,17.27,13.78,0.93,0.35,0.38,1
Grains,-0.9824463722200281,-1.5907454824350926,0.1481840549239942,-1.4985460547421967,0.5431601274927976,Animal Feed,4.41,0.33,52.29,61.09,1.07,0.32,0.45,1
Vegetables,0.20219892400545894,0.728783641328272,-0.4051628477525669,1.02896884273642,-0.41431734827654226,Biogas,10.39,4.4,14.42,-1.95,1.6,0.7,1.12,4
Meat,0.8274087400432679,0.5986245880142949,-0.3022389282761573,0.2974708919441083,-1.3584965257713044,Biogas,13.02,5.52,23.73,14.3,3.48,1.08,0.64,2
Vegetables,1.6966201245573713,1.1590012405173273,-1.6402498814694813,1.24256165097405,1.0218988653774659,Biogas,19.46,8.87,-22.84,-48.16,1.58,0.41,1.32,4
Vegetables,-0.804926390516985,0.9417048938082792,-1.0659693002553454,-0.6016859298304292,0.028959260875929135,Animal Feed,5.25,2.34,9.67,3.7,1.45,0.72,1.36,4
Grains,1.614579017475487,-1.4912120887244045,1.5702786169099106,1.344764661367324,0.6273826832317662,Compost,18.66,1.67,68.29,60.48,1.04,0.25,0.49,1
Grains,0.5148038320243636,-1.7154356679627678,-1.6322253046967445,-0.31000542825861255,0.9753548214164578,Compost,12.84,0.73,-9.09,-20.84,0.91,0.37,0.49,1
Fruits,-0.3763323311064507,0.3255457898849709,0.2280809280090714,1.3711766752891816,-2.2827282558542077,Compost,6.7,2.68,29.59,13.86,0.93,0.47,0.77,0
Mixed,1.552340936240954,0.8049831991507405,-0.08592425005455093,-0.21354416002226373,-3.107222748877804,Compost,15.14,7.59,34.38,30.65,1.57,0.25,0.73,3
Meat,-0.7504680694367686,-0.10102589744655015,-0.10336898216919661,-0.575273915908572,-1.4449354645560364,Compost,5.15,1.63,37.05,36.37,2.96,1.16,0.34,2
Vegetables,-0.4336196558791458,1.3161400415770586,-0.3343372353671054,0.17689430664867214,-0.38772075172739295,Biogas,7.08,3.62,23.88,15.33,1.61,0.59,1.36,4
Vegetables,-1.5963401734879223,1.1918144472351369,0.8375998680947918,-1.1218877692478821,1.0817412076130488,Animal Feed,1.08,0.5,68.76,78.24,1.72,0.55,1.09,4
Grains,-0.2539779214067437,-1.2035496431649428,-1.2320431499867723,0.07469129625539771,1.1327180176655838,Compost,8.62,1.09,-0.97,-13.77,1.01,0.26,0.44,1
Fruits,-0.6153831431209071,0.03350825009646818,-1.4260285711016323,0.6511622088107206,0.08880160311151504,Compost,6.28,1.96,-11.55,-30.48,1.4,0.38,0.77,0
Vegetables,1.519807393777448,0.9005060898181405,1.3225634208819417,-0.2606264457090531,0.11539819966066119,Biogas,17.71,7.76,75.17,79.92,1.86,0.44,0.99,4
Vegetables,0.1152070604617366,1.0197274075595146,0.5204546382505332,-0.2870384596309105,-0.2924162807596101,Biogas,9.99,4.64,52.41,52.79,1.47,0.56,1.41,4
Mixed,-0.7688565934378806,0.2839823947090791,-1.0464312002869423,-1.0977724521887948,-1.8882120737085077,Animal Feed,4.94,1.91,14.56,13.02,0.63,0.32,1.11,3
Mixed,0.3238460827820462,-0.023732566066821396,-1.027241994960832,-0.3685711982592529,0.07771968788270389,Compost,11.29,3.44,8.77,1.0,1.45,0.24,0.83,3
Fruits,-1.506519306251721,-0.30556155265422813,-0.4117918459561322,-1.3860079084664565,0.4434228904334909,Animal Feed,1.54,0.4,35.26,39.87,1.29,0.31,0.9,0
Grains,0.6477670055708658,-1.2615196416997392,0.46916712583347486,0.6419754213596399,0.9110797130893481,Compost,13.54,1.63,42.86,34.86,0.87,0.48,0.4,1
Grains,0.31465182078149023,-1.6439757955550944,-0.8688438273598492,-1.3538541523876733,0.43677374129620355,Animal Feed,11.43,0.78,21.88,23.59,1.03,0.29,0.42,1
Fruits,1.3741137036147915,-0.482388277744645,0.8302730806066404,0.38015197900383574,0.05998862351660226,Compost,16.89,4.02,55.48,51.83,1.67,0.21,0.68,0
Meat,-1.4619624980951804,-0.009148918636683979,-0.46517272622694805,0.7970024595966289,-1.3053033326730088,Compost,1.64,0.54,14.72,0.02,3.02,0.58,0.46,2
Grains,0.5459228726416301,-1.6042353563079697,0.3540318938768132,1.7019010235280922,0.5653239579504199,Compost,12.77,0.94,30.32,12.43,0.83,0.29,0.39,1
Vegetables,1.1265758805228987,0.5381024511792245,-1.4316108853783192,-0.3329723968863146,0.5808386392707581,Biogas,15.95,6.02,-3.14,-13.55,1.65,0.53,1.13,4
Mixed,0.9886619505145582,0.5220604390060734,-1.226111941067793,1.1495454280318562,-0.9950097062662776,Biogas,14.08,5.7,-10.16,-32.29,0.99,0.39,1.0,3
Vegetables,-1.5333948413302696,0.5446650925227866,1.4631679617259858,0.2790973170419466,0.4456392734792544,Biogas,1.39,0.53,74.5,75.36,1.21,0.57,1.38,4
Meat,0.8903540722009207,-0.06420218768545286,-0.7107945544011594,-0.10330271060929351,-1.325250780084871,Compost,13.36,4.28,15.52,7.25,3.37,0.92,0.5,2
Vegetables,-1.2816135126996584,0.8520154621129334,-1.075389455597254,-1.2309808702294671,0.7160380050622617,Animal Feed,2.8,1.17,14.9,14.36,1.53,0.62,0.73,4
Meat,-0.10757698032096707,0.4210686805523715,-0.1993150087997479,-0.2755549753170593,-0.45199586005449954,Biogas,8.76,3.32,31.69,27.85,2.74,1.01,0.36,2
Grains,1.683889607941217,-1.1649029774750783,-0.0011428519773729125,1.3757700690147223,1.2058586581757411,Compost,19.55,2.58,22.99,5.91,0.98,0.28,0.5,1
Mixed,-1.1528938446918742,0.7353462826718337,-1.423586308605582,1.3034241178374604,-1.198916946476415,Biogas,3.2,1.41,-17.16,-41.77,0.95,0.55,0.75,3
Grains,1.3139973751496172,-1.0325563770465809,1.6564555935562602,0.6844643133208885,0.7780967303436079,Compost,17.13,2.62,76.51,74.95,0.93,0.28,0.37,1
Vegetables,-0.06938543047250367,0.8552967827847145,0.6460567094759819,-0.05736877335388946,0.18853884017082173,Biogas,9.24,3.97,54.01,53.12,1.68,0.45,1.21,4
Meat,1.1060656037524275,-0.08935897950244016,-0.6043816885018206,-0.2755549753170593,-1.9059431380746064,Compost,14.0,4.57,20.08,13.92,2.18,0.93,0.45,2
Grains,-0.7731000989765987,-1.7205399445633158,1.6177282882617467,-0.0010997002160192657,0.6185171510487185,Compost,5.57,0.32,81.37,85.56,0.92,0.3,0.46,1
Vegetables,-1.049635209916399,1.06274916747842,-0.3817869067189416,0.11603183978526144,0.28384331113860145,Biogas,3.99,1.83,23.05,14.75,1.79,0.56,1.23,4
Grains,-1.2009869074640134,-1.4532946054060467,-1.1908735821962086,-1.1793051908171375,0.5764058731792342,Animal Feed,3.22,0.31,11.13,9.47,1.14,0.27,0.39,1
Vegetables,1.3804789619228683,0.617583329673474,-0.7987160042589736,-1.1586349190522056,0.01787734564711798,Animal Feed,16.89,6.74,22.19,22.59,1.7,0.43,0.98,4
Vegetables,1.0431202715947747,0.881547348158962,-0.8496546220337389,-0.6751802294390761,0.494399700486026,Animal Feed,15.43,6.6,16.52,12.43,1.54,0.56,0.81,4
Grains,-1.1981579037715346,-1.3078227222904257,-1.4120727854099158,1.0163370099911841,1.148232698985922,Compost,3.32,0.37,-14.33,-36.37,0.98,0.27,0.46,1
Mixed,-1.091363014380461,0.8046186079649867,-0.4564503601696252,-1.0805472257180184,-0.899705235298498,Animal Feed,3.56,1.59,31.31,33.0,1.82,0.43,0.95,3
Fruits,0.37123189463106554,-0.07258778495778204,-1.035266571733569,1.3550997972497905,-1.3496309935882567,Compost,10.76,3.44,-6.48,-29.32,1.05,0.5,0.48,0
Vegetables,0.48722104602269556,1.2326486600395212,0.5473195257070874,-0.4535489821817507,-0.8265645947883405,Biogas,11.64,5.93,54.63,56.61,1.26,0.47,1.44,4
Grains,-0.8381671839036106,-1.7416862333370153,1.271973697749469,-0.021769971980951132,1.2546190851825127,Compost,5.37,0.28,71.64,74.02,0.96,0.24,0.38,1
Vegetables,0.5763346623357768,0.7408151504581354,-1.047826778856114,1.046194069207197,-0.13505308451048414,Biogas,12.51,5.26,-4.15,-24.37,1.61,0.41,1.42,4
Fruits,0.004875916455064211,0.20012642198578878,0.6491967612566182,1.2988307241119201,-0.3433930908121452,Biogas,9.39,3.23,42.29,29.61,0.4,0.43,0.99,0
Vegetables,-0.7766363535921972,1.2056689122937672,0.888538485869557,0.155075686452355,-0.030883081359653623,Biogas,5.38,2.62,59.11,57.76,1.54,0.42,1.29,4
Vegetables,-0.005732847391731093,1.0649367145929407,-0.6895119812212915,-0.7819766335578908,-0.8775414048408725,Animal Feed,9.1,4.41,22.04,19.8,1.63,0.71,1.34,4
Grains,0.6237204741847965,-1.0803178223802812,0.8983075358537587,-0.19402223668871693,0.36141671774028267,Compost,13.07,1.95,62.42,64.16,0.92,0.27,0.39,1
Meat,-0.6026526265047527,0.47028849062908523,1.6438953864337154,-0.7084823339492442,-0.8265645947883405,Biogas,6.07,2.39,88.29,98.78,3.79,1.02,0.47,2
Vegetables,-0.0361446370858779,0.9238399257063604,0.11817911568680363,-0.37775798571033375,0.7936114116639429,Biogas,9.69,4.14,41.66,40.53,1.51,0.38,0.79,4
Mixed,1.2305417662214935,0.08236346898742856,0.2734372315071503,1.5572091211735688,-3.120521047152379,Compost,13.67,5.17,29.27,12.17,1.01,0.35,0.9,3
Vegetables,-0.0361446370858779,1.320879726991853,0.9359881572213933,-0.5385267661042485,0.9265943944096863,Biogas,9.75,4.68,66.51,71.47,1.4,0.42,1.32,4
Grains,0.39174217140153683,-1.313291590076727,-0.71567907939326,-0.6579550029682995,1.0086005671028913,Animal Feed,12.17,1.37,20.21,16.74,0.95,0.31,0.5,1
Vegetables,-0.26883019079225706,1.3292653242641823,-1.7013064438707413,1.3654349331322564,-0.2724688333477513,Biogas,7.99,4.07,-25.66,-52.41,1.4,0.67,1.24,4
Vegetables,1.2927798474560268,0.4651842140285371,1.1236934747749807,0.9462877556766927,-0.580546076708719,Biogas,15.95,6.19,58.96,52.07,1.27,0.37,1.02,4
Grains,-0.9824463722200281,-1.2950620307890552,1.7098364738270762,1.3332811770534734,0.37693139906062084,Compost,4.38,0.52,72.39,65.48,1.03,0.32,0.34,1
Grains,0.14703335200212275,-1.0296396475605534,0.463933706199081,-1.4055298318000031,0.8113424760300414,Animal Feed,10.71,1.64,60.53,70.34,1.08,0.29,0.38,1
Vegetables,-0.25114891771426473,0.9289442023069086,-1.2871685034690528,0.35718501037613376,1.2945139800062369,Biogas,8.69,3.64,-5.0,-20.59,1.46,0.44,0.94,4
Meat,-0.04887515370203237,-0.0751399232580561,1.6798315345898855,1.1897376231303352,-0.635955652852778,Compost,8.98,2.76,72.78,66.96,2.36,1.03,0.36,2
Meat,1.360675936075517,0.3711196881041505,0.8574868627054877,0.273355574885021,-0.010935633947791653,Biogas,16.76,6.09,57.19,54.63,2.0,0.99,0.43,2
Vegetables,-0.5397072943470999,0.7193042704986825,1.1655608318501305,1.308017511563001,-0.32566202644604675,Biogas,6.55,2.76,57.02,47.21,1.54,0.29,1.29,4
Grains,-0.5199042684997484,-1.7158002591485213,-0.42923657807077786,1.5319454556830967,1.234671637770654,Compost,7.16,0.4,9.35,-11.55,1.06,0.3,0.39,1
Grains,1.1103091092911455,-1.5517342255594748,-0.22722658018318087,-0.40416999963219125,0.5365109783555103,Compost,15.83,1.28,32.0,29.12,1.07,0.3,0.43,1
Vegetables,1.6209442757835641,1.3041085324471953,1.7007652131274602,-1.5065844937618924,0.7515001337944587,Donation,18.81,9.07,96.86,114.64,1.62,0.4,1.04,4
Fruits,-0.48737072603624243,0.02329969689537191,0.8853984340889207,0.8739418044994312,0.1996207553996329,Compost,7.0,2.17,52.77,45.14,1.12,0.33,0.82,0
Vegetables,-1.0149799146835339,0.8775368451156741,-1.6971197081632263,0.5386240625349802,-0.0885090405494729,Biogas,4.11,1.8,-18.35,-37.87,1.54,0.64,1.11,4
Vegetables,-1.5008612988667636,0.8020664696647125,0.03898003188631211,1.4033304313679646,0.9598401400961197,Biogas,1.61,0.66,23.89,6.8,1.53,0.39,0.98,4
Grains,-1.174111372385465,-1.2998017162038502,-0.45156583517752436,1.3321328286220881,0.860102903036813,Compost,3.41,0.39,10.45,-8.83,1.07,0.28,0.32,1
Grains,1.316826378842096,-1.3734491357260443,-0.6797429312370901,-1.2700247168965606,0.30379075855046345,Animal Feed,16.77,1.8,26.57,28.64,1.13,0.29,0.35,1
Vegetables,0.644938001878387,0.7816493632625204,-0.881404034482394,0.06091111507877653,0.4988324665775498,Biogas,13.27,5.48,9.21,-1.47,1.18,0.73,1.55,4
Vegetables,-0.22285888078947708,0.951913447009375,1.6672713274673407,-0.5167081459079316,-0.5007562870612743,Biogas,8.14,3.74,87.28,96.24,1.34,0.43,1.16,4
Grains,0.5438011198722709,-1.2848534775879592,1.571674195479082,-0.9415970655204206,1.2568354682282763,Animal Feed,13.17,1.52,88.24,100.35,0.94,0.32,0.42,1
Grains,1.3550179286905595,-1.3027184456898777,0.8320175538181048,-1.6317544727828688,1.2878648308689493,Animal Feed,17.77,2.0,73.04,86.92,0.99,0.25,0.4,1
Grains,1.519807393777448,-1.4788159884087875,-1.5579107458883537,1.035858933324731,0.22843373499454253,Compost,17.8,1.65,-18.69,-41.74,1.02,0.27,0.42,1
Fruits,-1.30141653854701,-0.1692044491824427,0.03025766582898927,1.5124235323495496,-0.008719250902028162,Compost,2.6,0.74,22.69,4.6,1.38,0.4,1.2,0
Vegetables,-0.9230372946779738,0.7276898677710116,0.1506263174200446,-1.2769148074848713,0.986436736645269,Animal Feed,4.83,1.92,50.43,57.32,1.46,0.28,1.19,4
Vegetables,-0.7469318148211701,0.9814453330554034,-1.0111928414153581,-0.7475261806163378,0.6739267271927775,Animal Feed,5.73,2.51,12.52,8.14,1.81,0.44,1.17,4
Grains,-0.4767619621894471,-1.3512090733950846,-0.5632121207112568,-0.40302165120080613,0.6606284289182027,Compost,7.21,0.79,22.36,17.54,0.9,0.36,0.42,1
Fruits,-0.9477910769871631,-0.4685338126860143,-0.2544403622820282,-0.914036703167178,-1.1213435398747336,Animal Feed,4.24,1.08,35.66,37.07,1.54,0.57,0.75,0
Meat,1.3048031131490612,-0.043055898911753585,-0.6235708938279308,0.1183285366480316,-1.8017731349237758,Compost,15.05,4.99,16.1,6.4,3.05,0.91,0.47,2
Mixed,-0.33531177756550834,-0.30300941435395407,0.1506263174200446,-0.5040763131626953,-2.4556061334236716,Compost,6.83,2.05,43.7,43.86,1.06,0.35,0.8,3
Grains,-0.08565220170425641,-1.5178272452844053,-0.22583100161400926,-0.5293399786531677,0.4988324665775498,Compost,9.29,0.8,33.13,31.35,1.01,0.29,0.42,1
Vegetables,-1.075096243148708,0.6026350910575826,0.21552072088652652,0.8234144735184864,0.6340318323690535,Biogas,3.92,1.51,34.0,22.98,1.77,0.45,1.02,4
Grains,0.3599158798611504,-1.2184978817808336,0.2469212386928887,-0.9014048704219418,0.26611224677250295,Animal Feed,11.59,1.51,49.92,54.09,1.06,0.25,0.45,1
Fruits,-0.05382591016387024,0.39080761213483634,0.40985503664367945,0.36292675253305934,0.04669032524203076,Biogas,9.26,3.38,43.57,37.66,1.29,0.45,0.81,0
Mixed,-0.8572629588278423,-0.27092539000765153,0.4632359169144953,-0.1767970102179403,-1.0725831128679622,Compost,4.71,1.34,49.81,48.92,1.18,0.37,1.12,3
Grains,1.1301121351384968,-1.626110827453176,-0.5018066636677041,-0.5787189612027273,0.9753548214164578,Compost,16.26,1.12,25.65,22.72,0.97,0.37,0.37,1
Grains,0.7149558432672368,-1.19479945470686,-0.7125390276126239,-1.403233134937233,0.6384645984605773,Animal Feed,13.74,1.8,26.79,29.83,1.11,0.36,0.45,1
Fruits,0.6272567288003947,0.399193209407165,-1.6154783618666844,0.9210240901862206,-2.8855844443015686,Compost,11.08,4.73,-19.33,-41.7,1.28,0.53,0.95,0
Vegetables,-0.29641297679392514,1.1750432526904784,1.6320329685957562,0.5213988360642038,0.636248215414817,Biogas,8.19,3.82,77.24,76.96,1.2,0.51,1.15,4
Vegetables,-0.4880779769593622,1.3201505446203463,-0.5593742796460348,0.5386240625349802,-0.40766819913925495,Biogas,6.79,3.48,14.27,1.28,1.09,0.63,1.3,4
Grains,-0.7547115749754867,-1.559390640460297,-1.5076699173981742,-1.4101232255255436,0.8002605608012302,Animal Feed,5.72,0.45,4.06,2.61,1.04,0.32,0.38,1
Vegetables,-1.3099035496244464,0.8633177888712901,-0.09394882682728783,-0.2835934143367551,-0.017584783085078975,Biogas,2.55,1.11,34.77,31.61,1.36,0.56,1.17,4
Vegetables,1.3826007146922275,0.7327941443715598,0.9527351000514532,-0.7153724245375547,0.37914778210638433,Animal Feed,17.19,7.03,68.53,75.13,1.63,0.57,1.07,4
Grains,0.7199065997290748,-1.3475631615375503,-0.21850421412585805,1.2264847729346586,0.8689684352198638,Compost,13.91,1.51,18.05,1.01,0.92,0.31,0.38,1
Vegetables,-0.848775947750406,0.5406545894794987,-1.3356648587477677,0.33766308704258674,-0.8265645947883405,Biogas,4.81,1.94,-6.23,-21.91,1.91,0.59,0.95,4
Mixed,-0.7080330140495869,0.727325276585258,-1.1504018036902306,-0.1767970102179403,0.860102903036813,Biogas,5.99,2.39,3.56,-6.59,0.69,0.48,0.98,3
Vegetables,-0.737737552820614,1.2144191007518494,-0.982932375389632,-0.9438937623831907,0.031175643921692628,Animal Feed,5.61,2.72,15.04,12.53,1.59,0.61,0.87,4
Grains,-0.30136373325576304,-1.5426194459156388,0.3435650546080259,1.2127045917580372,0.26389586372673945,Compost,8.02,0.67,34.29,20.6,1.13,0.3,0.38,1
Grains,1.5106131317768923,-1.09927656403946,-1.064224827043881,1.3918469470541135,0.4345573582504432,Compost,17.93,2.62,-7.63,-30.95,1.06,0.26,0.37,1
Mixed,-1.5397600996383467,0.3098683688975729,-0.2453691015824125,-0.0022480486474043466,-0.8686758726578249,Biogas,1.28,0.47,27.98,21.5,1.68,0.27,0.52,3
Meat,-0.3607728107978173,0.002153408121672643,-0.6504357812844853,1.1059081876392225,-0.17938074542573193,Compost,7.54,2.36,6.71,-11.75,2.4,0.91,0.56,2
Vegetables,-0.5899221098885982,0.8385255882400562,1.6679691167519264,-1.48132082827142,-0.48967437183246,Donation,6.23,2.76,95.7,113.07,1.44,0.37,1.33,4
Vegetables,0.9023773378939556,0.922381560963347,-0.25060252121680615,-1.1264811629734224,-0.17716436237996844,Animal Feed,14.21,6.36,37.61,40.89,1.6,0.43,1.02,4
Mixed,-1.3466805976266705,0.9530072205666353,-0.5653054885650144,0.031054055862763816,0.23729926717759334,Biogas,2.39,1.06,18.51,9.9,1.67,0.35,0.58,3
Grains,0.16188562138763637,-1.4128249837874154,0.1401594781512573,1.3229460411710074,0.6960905576503997,Compost,10.73,1.07,27.49,11.68,1.07,0.16,0.4,1
Grains,0.7849736846560862,-1.3220417785348098,-1.4103283121984513,0.9979634350890223,0.9177288622266354,Compost,14.3,1.6,-14.11,-35.98,0.96,0.3,0.36,1
Grains,1.0572652900571684,-1.55866145808879,1.095084114106962,-0.1779453586493254,0.4877505513487387,Compost,15.5,1.24,67.93,70.66,0.98,0.33,0.33,1
Vegetables,1.6548923200933097,0.5362794952504574,1.095084114106962,0.06091111507877653,0.1752405418962471,Biogas,18.48,7.1,65.86,66.51,1.33,0.48,1.25,4
Grains,0.7092978358822795,-1.0956306521819255,1.5953990311550004,1.642186905096067,0.3060071415962238,Compost,13.49,1.99,66.41,56.15,1.09,0.36,0.35,1
Grains,-1.0482207080701595,-1.6709555433008485,-1.4424266192893993,-0.5695321737516463,1.2524027021367525,Compost,4.18,0.26,-1.39,-9.8,0.87,0.29,0.44,1
Vegetables,0.37547540016978387,0.864776153614304,-0.8475612541799815,-0.9703057763050482,-0.895272469206971,Animal Feed,11.03,5.02,19.15,17.64,1.78,0.5,1.22,4
Vegetables,1.7432986854832715,0.69888716409649,0.8672559126896893,-0.9507838529715014,-0.00428648481050433,Animal Feed,18.8,7.73,68.14,76.29,1.57,0.59,1.36,4
Grains,1.4773723383902668,-1.3956891980570039,0.32786479570484467,-0.7865700272834314,1.0174660992859421,Animal Feed,18.23,1.84,51.24,54.88,0.97,0.29,0.38,1
Mixed,-0.3148015007950373,0.08637397203071635,1.2786026959530348,0.6258985433202484,-0.32122926035452287,Biogas,7.73,2.53,66.19,62.96,0.5,0.45,0.83,3
Vegetables,-1.2766627562378206,1.1739494791332181,-0.31514803004099523,-0.00569309394155959,1.183694827718119,Biogas,2.89,1.31,26.01,19.16,1.35,0.65,1.06,4
Fruits,-1.4301362065547942,0.206324472143597,-0.7596398043221673,0.569629470182378,-2.264997191488109,Compost,1.71,0.65,8.26,-6.16,1.57,0.26,0.81,0
Vegetables,0.8302377437357467,1.0182690428165007,-1.6531589832343194,0.5213988360642038,1.2479699360452254,Biogas,14.78,6.38,-16.93,-36.04,1.42,0.47,1.3,4
Grains,-1.62463021041271,-1.6684034050005747,0.8791183305276484,0.9853316023437863,0.8512373708537654,Compost,0.92,0.06,51.61,42.97,0.97,0.25,0.4,1
Grains,-1.3869939002444929,-1.4795451707802942,0.8571379680631951,0.7912607174397037,1.2368880208164144,Compost,2.27,0.2,52.68,45.6,0.94,0.26,0.35,1
Mixed,-0.37421057833709154,0.18043849795510297,-1.6671147689260357,-1.5295514623895945,-1.2565429056662374,Animal Feed,7.08,2.53,0.53,-0.8,1.15,0.41,0.74,3
Grains,-0.4300834012635473,-1.1247979470422005,0.43113760982354715,1.2701220133272924,1.0174660992859421,Compost,7.59,1.05,36.29,22.61,1.14,0.28,0.33,1
Grains,1.0827263232894773,-1.1867784486202846,1.6749470095977848,-1.1184427239537267,0.6628448119639632,Animal Feed,15.77,2.08,92.74,106.98,1.19,0.3,0.36,1
Mixed,-0.594872866350436,0.5880514436274454,-0.8081361596008823,-1.3917496506233817,-1.300870566581485,Animal Feed,5.96,2.51,23.95,26.35,1.44,0.33,0.9,3
Fruits,-0.6924734937409537,0.4753927672296334,-1.7187511759853868,-0.9760475184619738,0.1508603283928613,Animal Feed,5.88,2.21,-5.77,-12.22,1.17,0.41,0.98,0
Grains,-0.26387943433041944,-1.0879742372811032,1.616332709692575,0.8038925501849398,0.6030024697283803,Compost,8.36,1.22,74.31,71.48,1.09,0.3,0.44,1
Fruits,-1.3558748596272263,0.2978368597677095,-1.4734782424534685,-0.011434836098485198,-2.5509106043914547,Compost,2.03,0.81,-7.14,-20.58,1.47,0.25,1.3,0
Meat,-1.5348093431765089,0.3937243416208637,1.158931833646565,-1.4101232255255436,-0.7356928899120815,Donation,1.31,0.5,80.49,94.32,3.6,0.9,0.56,2
Grains,-1.0284176822228082,-1.1189644880701455,1.5381803098189624,1.5434289399969474,0.9842203535995055,Compost,4.25,0.59,65.63,55.91,0.92,0.28,0.47,1
Grains,-1.6995988082633975,-1.495951774139199,1.6030747132854444,1.3137592537199263,0.773663964252081,Compost,0.5,0.04,69.5,62.15,1.12,0.43,0.4,1
Vegetables,-0.797853881285788,1.1892623089348624,-1.0453845163600637,1.3252427380337775,0.9221616283181593,Biogas,5.51,2.55,-6.51,-29.14,1.69,0.41,1.14,4
Grains,-1.1337980697676426,-1.2436546735978207,1.7014630024120458,-1.208013901601765,1.0263316314689899,Donation,3.66,0.45,94.27,109.45,1.2,0.29,0.42,1
Grains,0.557946138334665,-1.4522008318487865,-1.722937911692902,-1.3056235182694989,0.7315526863825967,Animal Feed,12.93,1.22,-3.02,-6.62,1.03,0.34,0.35,1
Mixed,0.9285456220493841,0.9227461521491,0.9802977767925931,-0.42369192296573804,-2.978672532223588,Compost,12.4,6.42,66.78,70.99,1.2,0.37,0.82,3
Vegetables,0.24887748493135847,0.6850326990378595,0.2695993904419283,-1.6076391557237817,0.5586748088131326,Animal Feed,11.14,4.44,56.72,67.17,1.76,0.6,1.48,4
Fruits,-1.5411746014845862,-0.3835840664054636,-0.8660526702215059,-1.2998817761125736,-2.712706566732104,Animal Feed,1.15,0.34,21.49,22.75,1.15,0.39,0.67,0
Grains,-0.9357678112941283,-1.7438737804515358,0.40252824915552826,1.492901609016003,0.6672775780554902,Compost,4.69,0.25,33.53,17.74,0.89,0.24,0.5,1
Grains,-0.08140869616553834,-1.602047809193449,-0.2785140926002391,0.5317339719466697,1.0418463127893278,Compost,9.54,0.69,22.38,11.06,0.94,0.3,0.34,1
Mixed,1.5608279473183906,-0.38868834300601174,0.3515896313807628,1.6077364521545137,-2.07660463259831,Compost,16.06,4.51,31.07,13.99,1.22,0.54,1.16,3
Grains,-0.10474797662848837,-1.3617822177819343,1.640755334653079,0.3939321601804571,1.0994722719791503,Compost,9.44,0.99,78.59,79.47,0.96,0.38,0.46,1
Vegetables,0.6760570424956535,1.0310297343178707,-0.17524127848153667,1.6513736925471474,-0.8731086387493486,Biogas,12.57,6.03,15.59,-4.89,1.83,0.48,1.5,4
Vegetables,-1.400431667783767,0.8217543936953983,0.596513670270388,-0.4374721041423592,0.2971416094131761,Biogas,2.1,0.89,55.89,58.02,1.5,0.38,1.05,4
Grains,0.980174939437122,-1.2028204607934359,-1.1636598000973613,-0.47192255708391245,0.6207335340944788,Compost,15.18,1.98,5.75,-1.91,0.84,0.41,0.37,1
Grains,0.5565316364884253,-1.5160042893556378,-1.1950603179037236,0.2607237421397849,0.9443254587757848,Compost,13.05,1.1,-1.53,-15.75,0.97,0.31,0.43,1
Grains,1.297730603917864,-1.5021498242970075,-0.6486913080730207,0.5432174562605209,0.6717103441470139,Compost,16.96,1.49,11.67,-1.87,1.06,0.42,0.35,1
Vegetables,-0.6493311874306524,1.0707701735649955,-1.2344854124828228,-0.8669544174803886,0.5387273614012738,Animal Feed,6.23,2.83,7.16,2.53,1.53,0.52,1.03,4
Grains,-1.3403153393185931,-1.0332855594180876,1.3012808477020739,1.5629508633304945,0.388013314289432,Compost,2.44,0.38,58.68,47.44,1.06,0.32,0.4,1
Vegetables,-0.05806941570258857,0.4845075468734693,1.035423130274874,-1.6076391557237817,0.47223587002840056,Animal Feed,9.43,3.5,78.67,93.51,1.51,0.37,1.27,4
Fruits,-1.626751963182069,0.41377685683730264,1.4446765456844615,-1.5651502637625327,-2.805794654654124,Donation,0.75,0.32,90.04,106.85,1.45,0.3,0.82,0
Fruits,-1.493081538712447,-0.45577312118464397,0.9698309375238059,-0.3834997278672594,-2.643998692313471,Compost,1.38,0.38,66.13,69.93,0.66,0.55,0.53,0
Vegetables,-0.21649362248139983,1.1334798575145866,-0.0712706750782485,-0.7084823339492442,0.8268571573503796,Animal Feed,8.71,3.97,39.11,39.77,1.37,0.45,1.11,4
Grains,0.584821673413213,-1.6045999474937231,-0.6099640027785072,0.5524042437116016,0.5985697036368566,Compost,13.0,0.95,12.7,-0.71,0.98,0.33,0.46,1
Meat,0.33374759570572193,-0.08097338223011097,0.2933242261178464,1.092128006462601,-2.0123295242712005,Compost,10.21,3.36,33.89,20.97,3.25,1.1,0.45,2
Vegetables,-1.033368438684646,0.9654033208822522,0.495683118647736,0.338811435473972,0.9265943944096863,Biogas,4.21,1.81,46.25,41.04,1.54,0.51,1.09,4
Grains,0.46883252202158343,-1.6625699460285195,-0.913851236215635,0.3238829058659658,0.46337033784535286,Compost,12.29,0.81,5.97,-7.19,0.98,0.3,0.47,1
Grains,-0.8162424052869001,-1.4201168075024841,-1.6248985172085932,-1.468688995526184,1.2125078073130284,Animal Feed,5.48,0.53,1.2,-0.43,1.12,0.4,0.35,1
Vegetables,0.9773459357446432,0.7492007477304645,-0.5921703760215686,0.28024566547333146,-0.39880266695620414,Biogas,14.44,6.16,15.58,4.65,1.36,0.55,1.12,4
Vegetables,-0.3579438071053386,1.2162420566806165,0.23924555656244464,0.490393428416806,1.0573609941096629,Biogas,8.01,3.71,37.59,29.59,1.19,0.52,1.24,4
Grains,1.0028069689769523,-1.355948758809879,-0.8008093721127311,-0.717669121400325,0.3281709720538492,Animal Feed,15.1,1.66,18.29,14.85,1.06,0.34,0.38,1
Grains,-1.25544522854423,-1.4766284412942667,1.2339441817395418,-1.6570181382733413,0.4057443786555305,Donation,2.9,0.27,84.79,101.2,1.05,0.35,0.35,1
Grains,-1.5942184207185632,-1.6957477439320825,-1.1664509572357047,-0.8761412049314695,0.986436736645269,Animal Feed,1.09,0.06,9.19,5.04,1.08,0.33,0.46,1
Vegetables,1.044534773441014,0.6383650272614195,-1.5917535261907663,-1.3687826819956797,-0.5583822462510936,Animal Feed,14.68,6.07,1.29,-1.02,1.48,0.43,1.24,4
Vegetables,0.695860068343005,0.9424340761797859,-0.1686122802779714,-0.9174817484613333,-0.4386975617799281,Animal Feed,12.95,5.91,38.14,40.07,1.64,0.44,1.58,4
Mixed,0.2410977247770419,-0.4492104798410821,1.508175370581772,1.2988307241119201,-1.5003450407000953,Compost,10.03,2.64,66.92,59.16,1.21,0.29,0.67,3
Vegetables,-0.4986867408061575,1.1247296690565043,0.7172312165037366,1.5870661803895818,-0.4409139448256884,Biogas,6.72,3.25,41.73,26.92,1.83,0.58,1.46,4
Vegetables,1.3253133899195322,0.4498713842268927,-1.3967214211490278,1.177105790385099,-0.265819684210464,Biogas,16.37,6.22,-15.29,-38.65,1.69,0.51,1.12,4
Grains,-1.619679453950872,-1.236362849882752,-0.42784099950160626,-0.6039826266931996,1.159314614214733,Animal Feed,0.96,0.12,27.99,25.7,0.98,0.3,0.42,1
Grains,1.2857073382248296,-1.5739742878904344,0.02467535155230277,-1.2803598527790265,0.3148726737792746,Animal Feed,16.61,1.31,46.85,53.05,1.07,0.29,0.43,1
Mixed,0.8790380574310058,0.852380053298687,1.484101640263561,-0.4133567870832721,-0.3943699008646803,Biogas,13.93,6.16,81.13,88.14,1.03,0.31,1.29,3
Meat,1.611042762859889,-0.16045426072436017,-0.7244014454505829,-0.585609051791038,-0.0995909557782872,Compost,18.01,5.18,19.33,15.19,2.85,1.32,0.45,2
Vegetables,1.647112559938993,1.1713973408329441,-0.2038506391495556,-0.9921243965013651,-0.6957979950883607,Animal Feed,17.68,8.78,37.79,40.16,1.82,0.4,1.19,4
Vegetables,1.6322602905534795,0.6930537051244351,0.7814278306856327,0.86245832018558,-0.43204841264264077,Biogas,17.83,7.47,49.88,41.76,1.3,0.7,1.28,4
Vegetables,-0.3551148034128599,1.1353028134433536,0.8630691769821742,-1.5169196296443583,1.1016886550249108,Animal Feed,8.04,3.63,72.95,86.01,1.39,0.51,1.06,4
Vegetables,-0.27448819817721476,0.8516508709271798,-0.4599393065925544,0.15048229272681468,-0.00428648481050433,Biogas,8.06,3.5,20.49,11.45,1.47,0.68,1.14,4
Vegetables,-0.49373598434431987,0.9891017479562259,-0.03533452692207834,0.5719261670451485,0.18188969103353442,Biogas,6.96,3.13,29.0,18.73,1.59,0.67,1.15,4
Vegetables,-0.3819903384914082,0.9993103011573221,1.6267995489613623,1.2850505429352987,-0.8398628930629121,Biogas,7.19,3.41,70.43,63.46,1.77,0.7,0.94,4
Vegetables,0.03811670984168999,0.48122622620168826,1.2681358566842469,0.8463814421461884,-0.3699896873612945,Biogas,9.56,3.69,63.97,58.77,1.41,0.53,1.3,4
Vegetables,0.0706502523051957,0.834879676382522,-1.5380237512776576,-0.7888667241462015,-0.21484287415792888,Animal Feed,9.8,4.27,-2.22,-9.26,1.62,0.49,1.45,4
Vegetables,1.356432430536799,1.0200919987452677,1.5252712080541244,1.6295550723508303,0.3370365042368969,Biogas,17.01,7.67,64.52,53.98,1.94,0.51,1.27,4
Mixed,0.6003811937218462,0.8662345183573175,-0.5830991153219529,0.9072439090095992,-1.5069941898373826,Biogas,11.8,5.54,10.38,-5.96,1.67,0.29,0.74,3
Vegetables,-0.06160567031818683,0.9449862144800597,1.1599785175734438,-0.8279105708132951,0.4345573582504432,Animal Feed,9.39,4.11,75.45,84.21,1.54,0.55,1.28,4
Vegetables,1.4908101059295407,1.0620199851069132,0.19040030664143678,-1.3205520478775055,0.5852714053622818,Animal Feed,17.95,8.1,51.95,59.45,1.78,0.27,1.08,4
Grains,-0.1415250246307124,-1.365063538453715,0.4388132919539912,-1.4951010094480415,0.9066469469978242,Animal Feed,9.15,0.97,60.6,71.04,1.01,0.32,0.41,1
Vegetables,0.28919078754918104,0.7903995517206027,1.6438953864337154,-1.2275358249353119,0.8667520521741003,Donation,11.52,4.7,92.8,107.82,1.7,0.6,1.22,4
Vegetables,0.584821673413213,0.7083665349260795,-0.13372281604868003,-0.0033963970787894275,-0.31236372817147207,Biogas,12.45,5.21,31.2,25.37,1.53,0.65,1.52,4
Vegetables,1.4123052534632548,1.1174378453414355,-1.4651047710384388,1.109353232933378,0.6052188527741439,Biogas,17.54,8.05,-16.67,-39.83,1.04,0.5,1.22,4
Mixed,0.284947282010463,-0.5673380240251957,-0.17384569991236504,1.3585448425439455,-0.00650286785626782,Compost,11.04,2.5,18.18,0.25,1.22,0.32,0.89,3
Vegetables,-0.3770395820295703,1.2931707968745922,0.9527351000514532,-1.2906949886614925,-0.4586450091917869,Animal Feed,7.35,3.74,73.54,85.14,1.45,0.31,1.46,4
Grains,0.7029325775742019,-1.460951020306869,-1.5013898138369017,-1.6581664867047263,0.26832862981826644,Animal Feed,13.44,1.28,6.4,7.14,1.0,0.39,0.48,1
Grains,1.0226099948243037,-1.6406944748833132,0.05119134436656414,1.5905112256837368,1.1305016346198236,Compost,15.78,1.05,22.62,3.96,1.06,0.24,0.46,1
Vegetables,0.01194842568626125,0.9989457099715685,-1.6587412975110059,-1.274618110622101,-0.5982771410748176,Animal Feed,9.31,4.36,-1.45,-4.95,1.39,0.48,1.18,4
Vegetables,-0.3551148034128599,1.2862435643452765,-1.7480583259379918,1.361989887838101,-0.02645031526812979,Biogas,7.63,3.79,-26.97,-53.95,1.36,0.34,1.2,4
Vegetables,1.6223587776298038,0.5490401867518274,-1.1898268982693299,1.3895502501913433,0.43677374129620355,Biogas,18.54,7.07,-11.21,-35.23,1.78,0.46,1.18,4
Vegetables,-1.5793661513330495,0.9654033208822522,0.8620224930552954,0.33651473861120185,-0.13726946755624764,Biogas,1.11,0.5,56.78,53.69,1.47,0.4,1.15,4
Vegetables,-1.1246038077670866,0.9708721886685541,-0.6448534670077987,-0.3375657906118551,0.8224243912588557,Biogas,3.68,1.6,19.46,13.61,1.63,0.39,1.12,4
Mixed,-1.44003771947847,0.6110206883299119,-1.6112916261591697,1.5239070166634008,-1.5424563185695797,Biogas,1.72,0.74,-24.46,-52.06,1.15,0.41,1.07,3
Vegetables,0.35213611970683384,1.229731930553494,0.7140911647231002,0.6752775258698078,-0.7268273577290338,Biogas,11.0,5.57,49.58,42.69,1.76,0.52,1.39,4
Fruits,-1.41669843901552,-0.48603418960217915,1.6030747132854444,1.4951983058787732,-0.5650313953883809,Compost,1.93,0.47,67.91,58.98,0.88,0.4,0.92,0
Mixed,1.4335227811568454,0.8097228845655349,-0.04440578762169403,-1.2470577482688585,0.1508603283928613,Animal Feed,17.28,7.33,44.57,50.08,1.27,0.46,1.0,3
Fruits,-0.5460725526551771,0.48268459094470223,-1.201340421464996,1.6307034207822155,-1.961352714218665,Biogas,6.0,2.51,-13.64,-39.82,1.01,0.54,0.8,0
Vegetables,0.13147383169348958,1.2647326843858242,0.20644946018691085,-1.0885856647377141,1.1925603599011665,Animal Feed,10.81,5.05,50.39,55.95,1.39,0.46,1.49,4
Grains,1.4731288328515484,-1.3078227222904257,-0.8566325148795972,0.10110331017725518,1.0041678010113675,Compost,18.2,2.06,9.57,-1.31,0.99,0.25,0.37,1
Vegetables,0.15905661769515742,1.0747806766082832,-0.40969847810237486,-1.2332775670922371,0.722687154199549,Animal Feed,10.73,4.83,33.99,37.28,1.6,0.43,1.23,4
Vegetables,-1.1670388631542683,1.3026501677041813,0.41159950985514393,0.763700355086461,0.7093888559249744,Biogas,3.43,1.66,40.14,30.75,1.4,0.57,1.21,4
Vegetables,0.321724330012687,0.5607071046959378,1.1530006247275855,0.5248438813583592,-0.008719250902028162,Biogas,11.23,4.39,63.47,60.41,1.46,0.43,1.12,4
Grains,-0.8982835123687846,-1.0854220989808292,-0.2097818480685352,-0.9082949610102524,0.26389586372673945,Animal Feed,4.8,0.72,36.89,38.51,1.11,0.35,0.48,1
Grains,1.3055103640721812,-1.1474026005589135,1.418858342154786,0.07813634154955315,1.2479699360452254,Compost,17.46,2.34,74.98,77.34,0.91,0.22,0.35,1
Grains,-1.1083370365353336,-1.3942308333139901,-1.6395520921848956,-0.5775706127713421,1.2213733394960793,Compost,3.84,0.38,-6.97,-16.44,0.83,0.22,0.42,1
Grains,-1.5715863911787329,-1.312926998890974,-1.1898268982693299,0.12866367253049754,0.7847458794808952,Compost,1.21,0.14,-0.23,-13.27,1.01,0.38,0.42,1
Vegetables,0.10884180215365935,0.93331929653595,0.9363370518636863,-1.4239034067021648,-0.7068799103171719,Animal Feed,9.76,4.5,74.23,86.9,1.48,0.62,1.49,4
Vegetables,0.5338996069485952,0.5545090545381293,0.501265432924423,1.2620835743075967,0.5985697036368566,Biogas,12.72,4.82,38.36,25.14,1.47,0.45,1.29,4
Meat,0.08055176522887146,0.5935203114137467,1.4000180314709685,-0.717669121400325,-0.47194330746636154,Biogas,9.73,3.94,81.37,90.55,3.28,0.7,0.67,2
Vegetables,-1.0376119442233642,0.5297168539068953,0.010719565860586273,0.029905707431378735,-0.1971118097918304,Biogas,3.97,1.55,35.04,29.74,1.6,0.6,1.29,4
Vegetables,1.277220327147393,0.7200334528701892,0.545923947137916,-1.0885856647377141,-0.6957979950883607,Animal Feed,15.78,6.76,60.12,67.63,1.39,0.61,1.0,4
Vegetables,0.5706766549508194,1.0463425641195152,0.8759782787470122,1.0565292050896629,-0.09294180664099987,Biogas,12.51,5.8,50.9,41.63,1.57,0.36,0.94,4
Vegetables,-1.5772443985636904,0.7342525091145733,0.2776239672146652,1.0197820552853396,0.48331778525721486,Biogas,1.16,0.47,34.08,21.7,1.43,0.52,1.49,4
Grains,0.3988146806327336,-1.3814701418126198,-0.31165908361806605,-0.5373784176728634,1.179262061626595,Compost,12.3,1.26,30.74,28.54,0.92,0.26,0.41,1
Mixed,1.49222460777578,0.9307671582356757,-1.7040976010090845,-0.3880931215927997,-2.553126987437215,Compost,15.33,7.77,-10.47,-21.96,1.14,0.37,0.95,3
Grains,-1.3445588448573111,-1.365792720825222,-1.5781466351413427,-0.2032090241397978,1.1127705702537218,Compost,2.5,0.26,-8.48,-20.85,0.85,0.24,0.43,1
Vegetables,1.3783572091535092,0.5173207535912788,-0.9965392664390555,0.48580003469126565,0.006795430418306825,Biogas,16.86,6.49,2.2,-12.83,1.46,0.59,1.16,4
Vegetables,1.5862889805506994,0.9705075974828004,1.5821410347478693,-0.49718622257438483,0.48331778525721486,Biogas,18.38,8.1,84.66,92.96,1.12,0.42,1.3,4
Fruits,-1.2038159111564923,0.8720679773293724,0.7573541003674212,0.7430300833215291,-1.721983345276331,Biogas,2.86,1.36,50.23,43.01,0.8,0.33,0.35,0
Grains,0.09328228184502592,-1.7358527743649603,0.7531673646599066,-0.925520187481029,0.5409437444470341,Animal Feed,10.28,0.56,64.65,71.93,1.08,0.2,0.49,1
Meat,-1.6515057454912583,0.3532547200022323,-0.22269094983337315,0.6431237697910248,-1.7862584536034407,Biogas,0.67,0.27,23.01,11.03,3.24,1.04,0.67,2
Vegetables,-0.9449620732946844,0.9916538862564996,-0.2827008283077543,1.2839021945039137,0.9731384383706944,Biogas,4.71,2.04,15.71,-2.19,1.22,0.43,1.67,4
Grains,-1.5949256716416826,-1.5951205766641336,1.6578511721254316,-0.6384330796347526,0.702739706787687,Animal Feed,1.07,0.08,88.07,98.04,1.04,0.25,0.44,1
Grains,-1.6536274982606174,-1.1124018467265835,1.4530500170994916,1.2414133025426648,1.0773084415215248,Compost,0.76,0.11,65.83,58.25,1.11,0.25,0.43,1
Mixed,-1.086412257918623,-0.16410017258189458,-1.4905740799258214,1.1633256092084776,-0.5827624597544794,Compost,3.64,1.07,-17.86,-41.62,1.43,0.43,1.14,3
Mixed,-0.3140942498719175,-0.2949884082673785,-0.7840624292826711,0.22742163762961692,-3.0429476405506977,Compost,6.71,2.09,10.54,-1.03,1.43,0.3,1.17,3
Meat,1.1838632052955935,0.11298912859071737,-1.0949275555656572,-0.499482919437155,-0.3544750060409564,Biogas,15.55,5.16,7.97,0.95,3.25,0.8,0.43,2
Vegetables,-0.7384448037437339,1.0244670929743092,-0.29002761579590547,0.7189147662624418,0.5320782122639864,Biogas,5.74,2.57,20.41,7.39,1.46,0.46,0.84,4
Vegetables,-0.7617840842066838,0.5596133311386774,0.09061643894566349,0.7912607174397037,-0.6204409715324398,Biogas,5.31,2.14,30.69,19.22,1.64,0.49,1.29,4
Vegetables,-0.8841384939063907,1.1881685353776021,-1.3398515944552827,-0.848580842578227,1.006384184057131,Animal Feed,5.05,2.33,3.98,-1.4,1.21,0.36,1.04,4
Vegetables,-1.5383455977921074,0.8662345183573175,-0.21292189984917154,0.7062829335172057,0.7359854524741236,Biogas,1.39,0.58,22.75,10.28,1.7,0.42,1.21,4
Vegetables,-1.5121773136366787,0.7677948982038895,-0.4404012066241511,-1.2815082012104118,-0.47194330746636154,Animal Feed,1.45,0.62,33.53,37.06,1.53,0.57,1.4,4
Vegetables,0.5077313227931667,0.4772157231584005,0.6338453969957301,1.1082048845019925,-0.29906542989689744,Biogas,12.05,4.63,43.5,32.38,1.29,0.44,1.08,4
Meat,0.5183400866399619,0.5359149040647038,-1.0279397842454179,-1.2206457343470012,-1.883779307616984,Biogas,11.17,4.76,16.16,15.8,2.85,0.76,0.38,2
Grains,1.4964681133144981,-1.4718887558794722,-0.8932664523203531,-0.6189111563012059,0.2528139484979283,Animal Feed,17.7,1.66,14.78,9.96,0.82,0.25,0.45,1
Meat,1.118088869445462,0.23658554056113246,-1.6542056671611978,0.5455141531232911,-1.2986541835357215,Biogas,14.51,5.32,-17.17,-36.51,2.63,0.93,0.52,2
Grains,1.6513560654777109,-1.1605278832460373,-1.095974239492536,0.6706841321442676,0.3946624634267193,Compost,18.66,2.57,-2.26,-19.48,1.06,0.29,0.49,1
Grains,-1.6140214465659146,-1.286311842330973,1.2266173942513903,-1.6420896086653347,0.9066469469978242,Donation,0.98,0.11,84.45,100.68,0.96,0.25,0.35,1
Vegetables,-1.3169760588556432,0.9110792342049904,1.0751971194962662,-1.500842751604967,0.4700194869826402,Donation,2.57,1.11,78.88,93.02,1.55,0.34,1.05,4
Vegetables,-1.583609656871768,0.4425795605118239,0.9736687785890279,0.5891513935159249,-0.1217547862359095,Biogas,1.09,0.41,57.77,53.12,1.38,0.42,1.12,4
Vegetables,0.17461613800379086,0.834879676382522,1.3225634208819417,1.101314793913682,-0.6204409715324398,Biogas,10.14,4.51,63.31,56.2,1.57,0.51,1.37,4
Vegetables,-1.0008348962211402,0.5621654694389512,1.1404404176050407,-0.042440243745883,0.9376763096384974,Biogas,4.39,1.64,68.05,69.87,1.52,0.61,1.18,4
Grains,-0.29358397310144646,-1.5057957361545415,-0.48994424582974494,-0.6303946406150569,0.45007203957077824,Animal Feed,8.14,0.72,26.44,24.02,1.0,0.34,0.45,1
Vegetables,-1.4994467970205243,0.9978519364143081,-1.1856401625618147,1.090979658031216,0.23729926717759334,Biogas,1.57,0.7,-8.5,-29.89,1.75,0.48,0.72,4
Grains,-1.3990171659375277,-1.2844888864022057,-1.5509328530424953,0.19411953311944857,0.6761431102385378,Compost,2.15,0.25,-11.15,-26.82,1.01,0.38,0.43,1
Meat,0.002046912762585497,0.2416898171616806,1.1585829390042721,0.6775742227325781,-0.019801166130842467,Biogas,9.53,3.29,62.3,57.95,3.46,1.11,0.54,2
Vegetables,0.9214731128181876,0.5931557202279936,-0.6260131563239812,-1.15289317689528,-0.37885521954434215,Animal Feed,14.17,5.71,27.09,28.44,1.7,0.34,1.02,4
Vegetables,-1.6515057454912583,0.8607656505710157,-0.7439395454189861,-1.5444799919976009,0.8002605608012302,Animal Feed,0.77,0.32,27.12,31.21,1.55,0.53,1.52,4
Grains,0.5289488504867572,-1.1732885747474073,0.4402088705231629,1.046194069207197,0.8866994995859623,Compost,12.86,1.71,38.5,26.81,0.94,0.31,0.39,1
Meat,-0.6868154863559962,-0.23154954194628044,1.2939540602139228,0.7395850380273736,-1.6200297251712639,Compost,5.41,1.62,65.64,61.53,2.9,0.93,0.59,2
Vegetables,-0.5361710397315014,1.051811431905817,-1.2313453607021865,0.6431237697910248,-0.6182245884866764,Biogas,6.47,3.09,-5.9,-23.66,1.48,0.63,1.01,4
Vegetables,-1.1967434019252952,1.076968223722804,1.6236594971807263,1.3252427380337775,0.6739267271927775,Biogas,3.26,1.47,69.99,62.66,1.43,0.72,1.42,4
Meat,0.6880803081886884,0.22382484905976185,1.054263440958691,0.38015197900383574,-1.7441471757339564,Biogas,12.08,4.51,61.9,59.53,3.35,1.08,0.46,2
Grains,-1.6288737159514282,-1.519285610027419,-0.4648238315846552,1.6743406611748495,0.6694939611012505,Compost,0.88,0.08,7.09,-15.26,1.08,0.3,0.4,1
Fruits,-0.1988123494034075,0.9763410564548552,-0.9592075397137139,0.45594297547525275,-1.0703667298221986,Biogas,8.03,3.82,3.53,-11.03,0.9,0.42,0.55,0
Mixed,1.0049287217463114,-0.21587212095888267,0.722813530780423,0.8521231843031141,-1.9369725007152794,Compost,13.49,4.13,48.3,39.93,1.15,0.36,0.8,3
Vegetables,-0.5411217961933392,0.6923245227529283,0.46532928476825286,1.3068691631316158,-0.6736341646307352,Biogas,6.43,2.73,36.95,23.14,1.32,0.36,1.01,4
Grains,0.8684292935842105,-1.651267619270163,0.1788867834457707,1.667450570586539,1.19477674294693,Compost,14.96,0.97,25.6,7.01,0.96,0.28,0.38,1
Meat,-0.4010861134156399,0.22564780498852943,0.237849977993273,0.569629470182378,-0.631522886761251,Biogas,7.17,2.53,36.85,28.16,2.67,1.11,0.58,2
Meat,-1.2582742322367086,-0.11670331843394792,1.4973596366706916,-0.7532679227732632,-0.48524160574093617,Compost,2.77,0.83,84.47,94.51,2.86,1.22,0.32,2
Grains,-1.07085273760999,-1.377459638769332,1.4310696546350377,-1.4847658735655755,1.1548818481232093,Donation,4.04,0.42,88.94,104.98,0.87,0.35,0.37,1
Meat,-0.8346309292880122,-0.13967256313641427,-0.014749743026796566,-1.6409412602339497,-0.6802833137680225,Compost,4.92,1.47,48.85,57.96,2.6,1.31,0.41,2
Vegetables,0.09116052907566702,0.9012352721896477,0.2765772832877864,-0.8003502084600526,-0.4431303278714519,Animal Feed,9.8,4.41,49.9,53.36,1.69,0.43,1.4,4
Grains,-1.0001276452980203,-1.2961558043463155,0.5347593185845425,1.5445772884283326,0.6761431102385378,Compost,4.34,0.51,36.87,21.39,0.87,0.29,0.31,1
Grains,1.0091722272850292,-1.208653919765491,1.4108337653820489,-0.3834997278672594,1.2258061055876033,Compost,15.77,1.98,78.77,85.1,1.16,0.33,0.38,1
Vegetables,1.5799237222426221,1.001862439457596,0.2270342440821926,1.1082048845019925,-0.05969606095456326,Biogas,17.88,8.17,31.85,18.4,1.37,0.6,1.24,4
Grains,1.1032366000599483,-1.5305879367857755,1.2433643370814502,-0.9921243965013651,0.8423718386707145,Animal Feed,16.02,1.33,79.27,89.95,0.87,0.27,0.34,1
Fruits,-0.7391520546668535,-0.6074430544580738,-0.5443718100274395,-0.09985766531513826,-2.6816772040914314,Compost,4.87,1.23,20.26,12.92,0.94,0.49,1.06,0
Grains,1.5636569510108693,-1.524389886627967,0.6847840147704953,1.4469676717605986,0.407960761701294,Compost,18.19,1.56,42.01,28.24,1.1,0.37,0.34,1
Fruits,-0.7200562797426217,0.08272806017318193,-0.497619927960189,-0.08033574198159148,-0.139485850602008,Biogas,5.65,1.83,21.43,14.19,1.13,0.46,0.98,0
Mixed,1.0608015446727672,-0.26472733984984304,1.7367013612836304,0.9302108776373011,-1.8239369653814013,Compost,13.84,4.11,76.67,73.43,1.16,0.47,0.75,3
Grains,-1.6840392879547643,-1.2491235413841224,-1.6678125582106216,0.7166180693996717,0.636248215414817,Compost,0.58,0.07,-19.05,-39.95,1.13,0.38,0.43,1
Grains,0.7545618949619394,-1.265530144743027,-1.1657531679511188,0.772887142537542,0.21513543671996788,Compost,13.68,1.69,-5.16,-23.67,1.0,0.26,0.37,1
Vegetables,-0.0743361869343413,0.6547716306203243,-1.41974846754036,0.7120246756741313,0.38136416515214466,Biogas,9.3,3.7,-11.9,-31.33,1.31,0.62,1.44,4
Vegetables,-1.2943440293158128,0.9271212463781415,0.30623332788268415,0.7786288846944672,-0.40323543304772796,Biogas,2.59,1.17,37.0,26.88,1.57,0.5,1.01,4
Vegetables,1.1980082237579874,1.2986396646608935,-1.4431244085739852,1.6708956158806945,0.20183713844539322,Biogas,16.05,7.93,-20.92,-48.83,1.53,0.66,1.16,4
Vegetables,0.4843920423302164,0.6890432020811473,-1.3618319569197364,1.3470613582300948,0.5431601274927976,Biogas,12.42,4.96,-15.77,-40.41,1.4,0.56,1.07,4
Fruits,0.6329147361853521,-0.553483558966565,0.2605281297423124,-0.45240063375036565,-2.289377404991495,Compost,11.48,2.95,46.4,46.74,1.25,0.28,0.62,0
Vegetables,0.1343028353859683,0.7827431368197808,-0.22548210697171642,-0.3375657906118551,0.7249035372453093,Biogas,10.59,4.34,31.47,28.02,1.35,0.53,1.03,4
Vegetables,-1.6140214465659146,1.2023875916219862,-0.8123228953083973,1.4814181247021518,-0.18159712847149226,Biogas,0.93,0.45,-1.19,-23.85,1.57,0.51,0.8,4
Grains,0.5862361752594526,-1.4470965552482382,0.3435650546080259,-0.2537363551207424,1.1415835498486346,Compost,13.34,1.24,47.05,46.14,1.13,0.25,0.45,1
Vegetables,1.079190068673879,0.5417483630367587,-0.323521501456025,-1.1081075880712608,0.22621735194877904,Animal Feed,15.43,5.93,35.37,38.07,1.25,0.37,1.23,4
Grains,-0.9004052651381437,-1.6807995053161915,-0.2596737819164218,-1.0966241037574098,0.25946309763521563,Animal Feed,4.79,0.3,37.11,40.07,1.0,0.3,0.38,1
Meat,-1.2717119997759827,0.5348211305074434,-0.05382594296360281,-1.2803598527790265,-0.7090962933629353,Biogas,2.67,1.07,44.6,50.34,2.76,0.63,0.6,2
Vegetables,0.7941679466566424,0.646021442162242,-0.7756889578676412,-0.7842733304206612,-0.5982771410748176,Animal Feed,13.36,5.55,19.59,16.87,1.31,0.64,1.2,4
Fruits,-1.2073521657720907,0.34778585221593056,1.1878900889568769,-0.9312619296379546,0.6894414085131124,Animal Feed,3.2,1.12,77.15,86.97,0.95,0.36,0.95,0
Vegetables,-1.6805030333391657,0.8053477903364935,0.9750643571581997,0.37211353998414,1.0883903567503361,Biogas,0.61,0.25,59.71,56.96,1.27,0.46,0.94,4
Grains,0.33162584293636277,-1.6877267378455065,0.26645933866129196,1.200072759012801,0.7337690694283602,Compost,11.69,0.72,32.18,18.16,0.81,0.31,0.52,1
Vegetables,0.06994300138207615,0.43966283102579645,-0.821743050650306,-1.69950703023459,0.8468046047622415,Animal Feed,10.3,3.7,26.24,31.23,1.75,0.58,1.08,4
Vegetables,1.6966201245573713,0.7214918176132031,-1.002819370000328,0.05287267605908076,-0.6625522494019241,Biogas,17.96,7.69,5.79,-5.51,1.43,0.43,1.2,4
Vegetables,-0.22993139002067411,0.9748826917118418,-0.9096645005081202,0.3468498744936678,-0.7667222525527546,Biogas,8.0,3.75,5.9,-7.43,1.39,0.34,1.04,4
Grains,0.46600351832910447,-1.6417882484405737,0.9939046678420168,-1.4124199223883136,0.5209962970351752,Animal Feed,12.31,0.84,75.78,88.68,1.02,0.23,0.3,1
Mixed,-1.3155615570094037,0.6044580469863502,1.7168143666729339,1.6594121315668433,-1.651059087811937,Biogas,2.33,1.0,69.75,60.05,1.06,0.25,0.57,3
Vegetables,0.46388176555974553,0.9180064667343056,0.03409550689421155,-0.5798673096341123,-0.5628150123426174,Biogas,11.67,5.31,41.03,41.18,1.29,0.49,1.06,4
Grains,-1.1422850808450788,-1.5196502012131723,0.8923763269347791,-0.5316366755159379,0.28162692809283796,Compost,3.49,0.3,65.2,69.85,0.91,0.29,0.41,1
Grains,-0.7101547668189461,-1.2498527237556292,0.48382070080977707,-1.4112715739569286,1.139367166802871,Animal Feed,6.06,0.73,61.15,71.12,0.9,0.26,0.35,1
Grains,0.0600414884584004,-1.674601455158383,-0.5154135547171276,-0.041291895314497916,0.9243780113639227,Compost,10.28,0.64,20.58,12.88,1.06,0.23,0.39,1
Vegetables,1.5990194971668539,1.0364986021041724,0.8103860859959445,0.7545135676353804,-0.6758505476764988,Biogas,17.45,8.3,51.65,44.63,1.39,0.6,0.89,4
Grains,-0.8841384939063907,-1.572880514333174,0.6394277112724166,1.1265784594041544,0.6273826832317662,Compost,4.96,0.39,43.51,32.27,1.07,0.28,0.35,1
Vegetables,-0.9095995271386997,1.188897717749109,-1.6856061849675603,0.31354776998349987,1.0706592923842375,Biogas,4.92,2.26,-16.05,-33.54,1.42,0.49,1.4,4
Grains,-0.4067441208005975,-1.2108414668800114,-0.881404034482394,0.3537399650819783,0.6783594932843012,Compost,7.6,0.98,6.65,-6.57,1.07,0.31,0.5,1
Meat,1.6555995710164293,0.046998123969345246,-1.3049621302259913,0.28943245292441255,-1.8704810093424094,Compost,16.69,5.8,-4.93,-20.04,2.56,0.92,0.36,2
Grains,0.6880803081886884,-1.53532762220057,-0.27223398903896673,1.4320391421525924,0.6495465136893916,Compost,13.6,1.13,14.72,-4.41,1.0,0.3,0.39,1
Grains,-0.3374335303348675,-1.5655886906181053,1.1592807282888582,-1.0323165915998438,1.2080750412215047,Animal Feed,8.18,0.63,77.21,87.75,1.02,0.32,0.33,1
Vegetables,-1.0545859663782369,0.5738323873830614,1.581094350820991,-0.9415970655204206,1.2080750412215047,Animal Feed,4.14,1.54,88.52,100.68,1.53,0.67,1.45,4
Vegetables,0.35637962524555217,0.8928496749173186,-0.9724655361208446,-0.5902024455165782,0.15529309448438514,Animal Feed,11.5,5.02,12.26,6.73,1.49,0.43,1.0,4
Vegetables,-0.6493311874306524,1.3219735005491133,1.7098364738270762,-0.5098180553196209,1.163747380306257,Biogas,6.41,3.05,88.44,97.59,1.31,0.53,1.21,4
Grains,1.603970253628692,-1.314020772448234,-0.8936153469626461,-1.720177301999522,0.43899012434196705,Animal Feed,18.44,2.13,24.36,29.12,0.9,0.33,0.34,1
Fruits,-0.693887995587193,-0.5221287169917694,-1.2425099892555598,-1.392897999054767,-2.7725489089676905,Animal Feed,5.06,1.36,11.51,11.43,0.99,0.42,0.8,0
Grains,0.23261071369960576,-1.5429840371013923,1.1613740961426158,-1.3515574555249033,0.5387273614012738,Donation,11.04,0.91,80.05,93.38,0.82,0.26,0.43,1
Mixed,0.6831295517268504,-0.21660130333038938,-0.7324260222233199,0.2618720905711698,-1.300870566581485,Compost,12.34,3.66,11.72,0.14,1.02,0.32,0.71,3
Fruits,-0.45978794003457457,-0.09300489135997458,-0.38981148349167877,0.7315465990076778,-1.2543265226204738,Compost,6.65,2.09,17.44,3.74,1.58,0.47,0.97,0
Vegetables,-0.8289729219030546,0.8181084818378641,-1.387999055091705,-0.15038499629608285,1.0662265262927137,Biogas,5.38,2.19,-3.48,-15.22,1.15,0.55,1.22,4
Grains,0.3606231307842702,-1.1656321598465853,1.1571873604351006,1.438929232740903,1.1371507837571075,Compost,12.07,1.6,55.63,44.64,1.12,0.37,0.39,1
Grains,0.8076057141959164,-1.4828264914520752,-0.15186533744791164,1.2712703617586778,0.37914778210638433,Compost,14.07,1.29,19.57,2.54,1.05,0.23,0.42,1
Vegetables,-1.6140214465659146,0.9825391066126637,-0.2617671497701794,1.612329845880054,-0.1705152132426811,Biogas,0.93,0.42,13.45,-7.19,1.14,0.35,1.16,4
Fruits,-1.345266095780431,0.17022994475400696,-0.1522142320902045,-1.1299262082675778,-0.20819372502064154,Animal Feed,2.34,0.79,40.47,44.34,1.28,0.5,0.96,0
Grains,0.5261198467942785,-1.314020772448234,-1.1151634448186463,-0.12626967923699572,0.28162692809283796,Compost,12.49,1.45,4.13,-6.26,0.95,0.26,0.38,1
Grains,-0.15001203570814856,-1.08760964609535,-0.3796935388651843,0.8165243829301759,0.5187799139894118,Compost,8.94,1.32,17.0,2.61,1.14,0.26,0.42,1
Vegetables,0.3245533337051657,0.5698218843397737,-1.0411977806525485,-1.151744828463895,-0.6758505476764988,Animal Feed,10.89,4.42,15.18,14.15,1.9,0.53,1.12,4
Vegetables,1.0452420243641338,0.881547348158962,-1.1657531679511188,-0.7923117694403568,-0.041964996588464774,Animal Feed,15.06,6.61,8.48,3.59,1.44,0.49,1.3,4
Vegetables,0.009119421993782535,0.6956058434247094,-1.3440383301627978,0.13210871782465297,0.2395156502233537,Biogas,9.68,3.93,-4.68,-18.64,1.72,0.57,1.01,4
Vegetables,-1.4251854500929564,0.9103500518334836,1.666224643540462,0.8773868497935866,-0.17938074542573193,Biogas,1.93,0.86,75.12,71.93,1.63,0.42,1.42,4
Vegetables,0.043774717226647414,0.942798667365539,1.552833884795265,-0.6418781249289081,0.636248215414817,Animal Feed,10.06,4.36,85.09,94.49,0.77,0.45,0.92,4
Vegetables,-1.1394560771526,1.211137780080069,1.1236934747749807,0.1608174286092806,0.3968788464724828,Biogas,3.53,1.68,65.81,65.75,1.34,0.56,1.31,4
Vegetables,-1.2059376639258512,0.9530072205666353,-1.633969777908209,0.7499201739098396,-0.09072542359523637,Biogas,3.1,1.39,-18.36,-39.36,1.48,0.79,1.12,4
Vegetables,0.5409721161797921,0.9278504287496482,0.4021793545132354,-1.3320355321913564,1.2723501495486114,Animal Feed,13.16,5.51,58.12,66.93,1.52,0.47,1.43,4
Vegetables,0.8238724854276697,0.9974873452285545,0.3854324116831754,-0.45240063375036565,0.16859139275895976,Biogas,14.02,6.33,49.98,51.03,1.59,0.45,1.36,4
Vegetables,-0.9138430326774177,1.2403050749403437,0.5092900096971597,-0.129714724531151,0.9088633300435878,Biogas,4.87,2.29,50.73,49.68,1.39,0.39,1.69,4
Grains,-0.6542819438924903,-1.1463088270016533,-1.4773160835186907,0.6741291774384226,0.9820039705537452,Compost,6.33,0.86,-13.22,-32.65,1.1,0.28,0.33,1
Fruits,1.0784828177507595,0.41158930972278196,1.2342930763818343,1.5767310445071159,-2.557559753528739,Compost,13.39,5.64,56.64,44.89,1.18,0.37,0.66,0
Vegetables,0.9214731128181876,0.9530072205666353,-0.9239691808421296,-1.4732823892517242,-0.8332137439256279,Animal Feed,13.85,6.47,21.33,23.76,1.77,0.52,1.31,4
Vegetables,1.1810342016031148,0.8100874757512886,1.0668236480812359,-0.2778516721798297,0.8623192860825765,Biogas,16.46,6.76,67.99,71.42,1.44,0.33,1.75,4
Fruits,-1.3707271290127399,0.3798698765622328,-0.41283852988301095,-1.3687826819956797,-0.3167964942629959,Animal Feed,2.2,0.81,35.08,39.53,1.14,0.43,0.55,0
Vegetables,1.1810342016031148,1.113062751112394,1.1784699336149684,-0.45240063375036565,-0.057479677908802915,Biogas,15.77,7.46,72.7,78.3,1.9,0.6,1.26,4
Meat,-0.2377111501749907,0.46627798758579747,0.3798500974064889,0.6603489962618017,-0.8354301269713882,Biogas,7.93,3.12,40.13,31.46,2.94,1.01,0.62,2
Mixed,1.0035142199000717,-0.3037385967254608,1.3316346815815574,-1.3883046053292265,0.1752405418962471,Animal Feed,14.99,3.94,85.24,99.86,1.86,0.43,0.62,3
Fruits,1.0480710280566126,0.16257352985318474,-1.4581268781925805,-0.9852343059130544,-1.8882120737085077,Animal Feed,13.73,5.03,1.79,-3.08,1.32,0.39,0.87,0
Meat,-0.6705487151242432,0.5989891792000485,1.5887700329514352,-1.1356679504245033,-0.9019216183442583,Biogas,5.7,2.36,90.43,104.33,2.33,0.89,0.5,2
Grains,-0.3480422941816628,-1.4547529701490607,-0.2017572712957983,-1.165525009640516,0.9177288622266354,Animal Feed,8.01,0.75,39.35,43.25,0.91,0.32,0.47,1
Vegetables,-0.9831536231431478,0.5446650925227866,0.3582186295843283,1.6846757970573154,-0.06634521009185058,Biogas,4.28,1.67,30.59,12.88,1.5,0.42,1.21,4
Mixed,1.1541586665245667,-0.22680985653148567,0.9632019393202406,0.8670517139111207,-3.0318657253218833,Compost,13.39,4.33,55.04,47.91,1.26,0.26,0.88,3
Fruits,-0.9576925899108388,0.531904401021416,0.7133933754385144,1.612329845880054,-1.702035897864469,Biogas,4.07,1.71,41.4,26.34,1.09,0.32,0.87,0
Vegetables,-1.39406640947569,0.5424775454082659,0.7531673646599066,-0.4891477835546891,0.051123091333554596,Biogas,2.11,0.82,60.84,64.33,1.68,0.44,0.86,4
Vegetables,0.9037918397401952,1.1407716812296553,-0.5216936582784002,-0.7325976510083313,-0.8731086387493486,Animal Feed,13.73,6.82,26.42,24.71,0.92,0.46,1.11,4
Grains,1.1506224119089679,-1.617725230180847,-1.0774828234510117,-1.436535239447401,0.8268571573503796,Animal Feed,16.27,1.15,16.62,17.85,1.01,0.18,0.44,1
Grains,-0.3537003015666205,-1.6388715189545462,1.7314679416492365,-0.3375657906118551,0.3348201211911365,Compost,7.77,0.54,87.57,95.34,1.03,0.21,0.43,1
Vegetables,0.45963826002102726,0.6525840835058037,1.4066470296745341,0.9899249960693266,0.1907552232165821,Biogas,12.08,4.84,66.69,61.04,0.93,0.39,1.08,4
Vegetables,-1.09348476714982,0.6846681078521059,1.441885388546118,-1.3963430443489224,-0.16608244715115728,Donation,3.68,1.52,88.48,103.8,1.63,0.44,1.21,4
Vegetables,-1.3403153393185931,0.6638864102641603,0.880862803739113,1.1839958809734095,0.9531909909588324,Biogas,2.5,0.97,49.94,39.58,1.23,0.56,1.25,4
Grains,0.01831368399433848,-1.485014038566596,0.32402695463962267,1.4320391421525924,0.45228842261654173,Compost,9.83,0.89,31.81,16.1,1.03,0.35,0.41,1
Vegetables,0.689494810034928,1.0211857723025282,-0.2652560961931086,-0.49603787414299955,0.5808386392707581,Biogas,13.56,6.05,31.71,29.41,1.26,0.56,1.19,4
Meat,0.8634785371223727,0.5257063508636075,1.7189077345266914,1.6031430584289728,-1.1368582211950686,Biogas,13.35,5.45,70.31,61.1,2.7,1.19,0.52,2
Meat,-1.222911686080724,-0.27821721372272035,-0.6452023616500915,-0.183687100806251,-0.18381351151725575,Compost,2.99,0.81,18.11,10.91,3.24,1.13,0.59,2
Vegetables,1.44696054869612,0.643104712676214,0.22145192980550613,1.4469676717605986,0.37693139906062084,Biogas,17.53,6.94,28.74,12.31,1.23,0.64,0.96,4
Vegetables,-0.95486358621836,1.1283755809140383,-0.7310304436541483,1.0519358113641226,-0.08629265750371255,Biogas,4.43,2.11,4.88,-13.57,1.5,0.37,1.12,4
Grains,-1.597047424411042,-1.552098816745228,0.6122139291735693,-0.11248949806037437,0.9132960961351116,Compost,1.07,0.09,53.52,52.91,1.01,0.33,0.38,1
Mixed,-0.3614800617209371,-0.27821721372272035,-0.7327749168656129,0.710876327242746,-0.48080883964941235,Compost,7.43,2.04,7.81,-7.68,0.65,0.48,0.58,3
Grains,-0.19173984017221046,-1.467513661650431,-0.8126717899506901,-0.6292462921836718,0.6096516188656677,Animal Feed,8.75,0.81,17.18,12.91,0.83,0.28,0.39,1
Grains,0.9624936663591297,-1.469336617579198,0.7720076753437237,0.33192134488566155,1.250186319090989,Compost,15.52,1.39,54.23,50.68,1.03,0.35,0.35,1
Grains,0.6831295517268504,-1.4339712725611147,1.3100032137593967,1.1610289123457076,0.7847458794808952,Compost,13.66,1.32,62.44,54.74,1.03,0.38,0.36,1
Meat,-1.6713087713386097,0.531904401021416,0.4855651740212418,-0.30311533767030185,-1.402824186686552,Biogas,0.59,0.24,51.55,51.88,2.92,1.04,0.66,2
Grains,0.183103149081227,-1.556838502160023,-1.7375914866692042,0.15392733802097014,0.919945245272399,Compost,10.96,0.87,-16.15,-32.55,0.96,0.33,0.35,1
Grains,-0.6691342132780038,-1.3818347329983733,-0.4955265601064317,1.1862925778361797,0.919945245272399,Compost,6.23,0.64,10.46,-7.81,0.98,0.39,0.38,1
Vegetables,-0.11960024601400174,0.6777408753227907,-0.18501032846573828,0.3514432682192081,-0.2968490468511371,Biogas,8.76,3.63,26.63,17.41,1.48,0.52,1.08,4
Grains,1.0487782789797322,-1.2101122845085044,0.3938058830982054,-1.7075454692542857,1.0595773771554264,Animal Feed,15.87,2.01,61.15,73.18,0.78,0.3,0.39,1
Meat,0.2170511933909723,0.14252101463674557,-1.3691587444078877,-0.7383393931652569,-1.0747994959137224,Biogas,10.13,3.53,2.18,-4.33,2.43,0.75,0.51,2
Meat,0.31960257724332786,0.13814592040770443,-0.12953608034116515,0.8693484107738908,-0.7445584220951323,Biogas,10.82,3.7,23.71,10.29,2.09,1.11,0.66,2
Grains,-1.5326875904071497,-1.1087559348690492,0.6945530647546969,1.418258960975971,0.5431601274927976,Compost,1.4,0.2,42.54,29.07,1.08,0.35,0.45,1
Vegetables,0.22553820446840872,0.9945706157425271,0.4597469704915661,1.0783478252859802,1.2657010004113272,Biogas,11.37,4.87,38.78,26.93,1.54,0.49,1.29,4
Vegetables,-1.4485247305559061,0.4932577353315516,-0.11697587321862027,-1.501991100036352,0.41017714474705746,Animal Feed,1.85,0.69,44.72,52.03,1.39,0.58,1.24,4
Vegetables,-1.6911117971859613,1.137854951743628,-0.8744261416365358,1.0645676441093588,0.9044305639520608,Biogas,0.55,0.25,0.66,-18.73,1.6,0.51,1.41,4
Vegetables,1.4886883531601816,0.6132082354444325,0.08991864966107754,0.6304919370457887,-0.7246109746832704,Biogas,16.84,6.96,32.09,22.02,1.75,0.39,1.09,4
Grains,0.5699694040276994,-1.4915766799101575,0.26820381187275644,0.10225165860864047,0.23508288413182984,Compost,12.7,1.15,41.79,37.34,0.99,0.26,0.34,1
Vegetables,-1.229984195311921,1.1214483483847233,0.8198062413378531,-0.7842733304206612,-0.18824627760877957,Animal Feed,2.95,1.41,65.31,71.74,1.6,0.58,1.02,4
Fruits,0.6654482786488581,-0.09665080321750874,0.13387937458998483,0.3594817072389039,-1.4161224849611267,Compost,12.18,3.86,35.7,28.24,0.94,0.47,1.22,0
Grains,-1.029124933145928,-1.4587634731923487,-0.2600226765587149,1.6203682848997496,0.7936114116639429,Compost,4.2,0.39,13.43,-7.27,0.96,0.33,0.46,1
Vegetables,-1.002956648990499,0.7408151504581354,0.6355898702071946,1.2816054976411437,-0.39658628391044065,Biogas,4.11,1.75,42.06,29.45,1.42,0.51,1.09,4
Meat,-1.0885340106879822,0.2161684341589399,-0.15500538922854773,-1.219497385915616,-1.9458380328983302,Biogas,3.39,1.27,41.17,45.8,2.57,1.2,0.44,2
Grains,-1.033368438684646,-1.4711595735079652,0.9056343233419096,0.5409207593977503,0.7448509846571714,Compost,4.17,0.38,56.24,51.62,1.05,0.29,0.46,1
Grains,-1.7116220739564323,-1.3103748605906995,0.8180617681263885,1.5767310445071159,0.5985697036368566,Compost,0.43,0.05,44.7,30.57,1.02,0.29,0.35,1
Vegetables,0.16117837046451658,1.2056689122937672,1.207079294282987,1.494049957447388,-0.16386606410539378,Biogas,10.3,5.04,56.58,45.39,1.41,0.43,1.12,4
Grains,1.5106131317768923,-1.6399652925118067,-1.099812080557758,-0.05507207649111909,0.37693139906062084,Compost,17.88,1.23,3.95,-6.97,0.8,0.3,0.43,1
Meat,1.14637890637025,0.48815345873100346,-0.2642094122662298,-1.4824691767028053,-0.7489911881866561,Biogas,15.06,5.95,40.34,46.64,3.02,1.22,0.64,2
Vegetables,0.4426642378661547,0.605187229357857,-1.3150800748524858,0.6718324805756525,-0.5761133106171921,Biogas,11.55,4.72,-8.55,-27.04,1.62,0.41,1.37,4
Fruits,-1.6507984945681387,-0.2807693520229944,-1.0014237914311563,-1.4422769816043264,0.6495465136893916,Animal Feed,0.77,0.2,18.85,20.58,1.38,0.38,0.62,0
Fruits,1.6761098477869003,0.9019644545611545,1.1341603140437684,-1.0185364104232226,0.27941054504707763,Animal Feed,18.69,8.13,76.37,86.65,0.99,0.44,0.99,0
Vegetables,0.5013660644850891,1.2271797922532202,1.314538844109205,-0.324933957866619,0.5586748088131326,Biogas,12.52,5.95,75.5,80.77,1.48,0.62,1.64,4
Grains,0.10742730030741975,-1.7438737804515358,-1.4424266192893993,-0.1538300415902383,0.7537165168402221,Compost,10.46,0.56,-5.01,-17.03,1.03,0.32,0.39,1
Mixed,1.4031109914626987,0.48669509398799,-0.6183374741935371,0.5638877280254528,-0.7689386355985182,Biogas,16.36,6.46,12.35,-1.2,0.95,0.26,0.8,3
Vegetables,-0.11040598401344578,0.9358714348362238,-1.294495290957204,-1.4755790861144946,0.8734012013113877,Animal Feed,9.31,3.98,10.74,11.06,1.49,0.45,0.94,4
Grains,-1.063780228378793,-1.7139773032197543,0.48905412044417074,-1.2390193092491628,1.1992095090384538,Animal Feed,4.09,0.23,59.8,68.29,0.89,0.31,0.5,1
Grains,-0.31621600264127664,-1.4190230339452239,1.2991874798483163,-1.0059045776779862,1.092823122841863,Animal Feed,8.25,0.8,80.98,92.09,0.97,0.26,0.38,1
Vegetables,0.7291008617296304,1.0529052054630772,-0.7275414972312191,0.6373820276340996,0.8689684352198638,Biogas,13.96,6.2,8.59,-6.23,1.4,0.39,1.22,4
Vegetables,-1.5128845645597986,0.823941940809919,-0.6807896151639686,0.5914480903786952,1.219156956450316,Biogas,1.56,0.63,10.32,-3.83,1.29,0.44,1.18,4
Vegetables,-0.6797429771247993,0.48086163501593515,-1.3555518533584638,0.9887766476379417,0.1486439453470978,Biogas,5.95,2.24,-12.48,-33.96,1.15,0.39,1.53,4
Vegetables,-0.18396008001789388,0.9654033208822522,0.057122553285543734,-0.37316459198479346,1.2169405734045524,Biogas,9.05,3.85,39.88,38.36,1.55,0.38,1.25,4
Grains,-1.0361974423771247,-1.3924078773852229,-1.589311263694716,0.44216279429863137,0.3702822499233335,Compost,4.08,0.43,-14.4,-32.46,1.06,0.38,0.32,1
Vegetables,1.4257430210025288,0.46153830217100295,1.2824405370182568,-1.3894529537606117,-0.8176990626052897,Donation,16.44,6.45,83.85,98.2,1.7,0.57,1.0,4
Vegetables,-1.6359462251826251,0.4699238994433316,-0.02172763587265469,-0.2571814004148976,-0.8376465100171517,Biogas,0.79,0.31,36.62,33.64,1.37,0.59,1.5,4
Vegetables,0.24887748493135847,0.5435713189655262,0.5061499579165238,0.38819041802353155,0.7913950286181826,Biogas,11.26,4.22,46.12,40.55,1.49,0.58,0.97,4
Vegetables,-0.7936103757470699,1.2166066478663702,0.5312703721616135,0.18263604880559775,-0.8753250217951122,Biogas,5.08,2.58,48.63,44.98,1.58,0.38,1.1,4
Vegetables,0.43559172863495765,1.1717619320186974,-0.3022389282761573,-1.7029520755287455,1.2945139800062369,Animal Feed,12.58,5.69,41.16,49.16,1.72,0.51,1.17,4
Grains,-1.2950512802389327,-1.481732717894815,-0.9159446040693926,0.4524979301810973,0.494399700486026,Compost,2.7,0.25,4.8,-9.48,0.99,0.19,0.44,1
Fruits,-0.9428403205253252,0.1691361711967466,0.49219417222480705,-1.6386445633711795,-0.5317856497019443,Animal Feed,4.39,1.51,63.37,75.37,0.58,0.2,0.99,0
Vegetables,0.12652307523165168,0.44877761066963234,-0.8793106666286367,0.23775677351208288,0.2217845858572552,Biogas,10.31,3.82,7.72,-4.48,1.74,0.57,0.87,4
Fruits,0.08479527076758978,0.4214332717381246,0.7133933754385144,-0.4983345710057699,-1.6931703656814214,Biogas,9.17,3.7,59.79,63.13,1.58,0.25,0.64,0
Vegetables,-0.4392776632641033,1.208221050594041,0.34775179031554077,0.4949868221423463,0.7315526863825967,Biogas,7.44,3.49,40.66,33.24,1.63,0.47,1.25,4
Grains,0.9037918397401952,-1.6067874946082437,-0.9375760718915532,-1.534144856115135,0.8933486487232496,Animal Feed,14.95,1.08,21.48,24.36,0.93,0.33,0.41,1
Grains,0.8457972640443803,-1.551369634373721,1.3878067189907166,-0.8393940551271462,0.8357226895334272,Animal Feed,14.59,1.17,82.08,92.25,0.99,0.27,0.41,1
Grains,-1.5730008930249724,-1.47589925892276,-1.294146396314911,1.2287814697974286,0.5276454461724595,Compost,1.19,0.11,-12.8,-36.02,0.96,0.33,0.34,1
Grains,0.743953131115144,-1.0755781369654864,0.1293437442401769,1.4779730794079964,1.2479699360452254,Compost,14.29,2.06,25.83,8.61,0.97,0.45,0.46,1
Vegetables,-0.6443804309688146,0.717845905755669,-0.25653373013578573,-1.4847658735655755,0.8822667334944385,Animal Feed,6.36,2.52,40.56,46.92,1.31,0.49,1.02,4
Grains,0.0600414884584004,-1.7103313913622196,-1.7382892759537902,-0.532785023947323,0.7692311981605572,Compost,10.21,0.59,-10.18,-20.6,1.14,0.45,0.38,1
Vegetables,0.8585277806605348,0.9413403026225255,-1.7368936973846185,-0.586757400222423,0.36363310078604616,Biogas,14.34,6.29,-9.68,-19.62,1.16,0.59,1.08,4
Grains,1.4271575228487685,-1.5867349793918049,-1.1116744983957172,-1.6616115319988816,0.8046933268927541,Animal Feed,17.78,1.34,17.6,20.6,1.11,0.31,0.39,1
Vegetables,1.6647938330169854,0.6256043357600495,0.2818107029221801,-0.6384330796347526,1.1681801463977808,Animal Feed,19.41,7.36,48.64,50.72,1.38,0.42,1.26,4
Vegetables,-0.19386159294156963,0.8151917523518362,-0.7788290096482775,-0.8428391004213014,0.5675403409961834,Animal Feed,8.72,3.64,20.01,17.78,1.36,0.61,1.57,4
Grains,0.36557388724610806,-1.6359547894685187,0.6366365541340734,-1.3481124102307478,1.183694827718119,Animal Feed,12.12,0.81,64.98,75.28,0.85,0.25,0.47,1
Grains,-1.1337980697676426,-1.7274671770926313,-1.6625791385762279,0.9945183897948673,0.5786222562249945,Compost,3.59,0.2,-21.32,-44.62,1.04,0.25,0.36,1
Vegetables,-0.5276840286540649,0.8804535746017016,-0.885939664832202,0.7453267801842992,0.9110797130893481,Biogas,7.01,2.94,3.11,-13.55,1.59,0.55,1.35,4
Vegetables,-0.9753738629888312,0.9285796111211555,1.2007991907217148,0.7740354909689269,0.60078608668262,Biogas,4.46,1.93,62.67,57.71,1.59,0.54,0.94,4
Grains,-0.6111396375821888,-1.6133501359518057,0.050493555081978454,-1.154041525326665,0.6672775780554902,Animal Feed,6.47,0.47,46.49,51.73,1.19,0.25,0.34,1
Fruits,-1.2151319259264073,0.12502063772058072,1.7070453166887327,0.437569400573091,-0.14391861669353181,Biogas,3.04,1.0,80.11,80.98,0.53,0.38,1.04,0
Meat,-1.6691870185692506,0.5031016973468948,0.04037561045548398,-0.7498228774791079,0.1020999013860897,Biogas,0.65,0.25,42.69,44.36,2.96,1.31,0.55,2
Fruits,0.3485998650912353,0.28653453300935294,1.6718069578171484,0.174597609785902,-0.4918907548782235,Biogas,11.11,4.0,81.39,84.36,1.33,0.47,0.77,0
Mixed,1.0997003454443501,0.4287250954531934,-0.23908899802114006,1.0151886615597991,-1.7264161113678549,Biogas,14.1,5.72,19.29,3.98,0.76,0.5,0.53,3
Meat,-0.6380151726607374,0.34122321087236845,-0.7456840186304508,-0.5247465849276272,-0.915219916618833,Biogas,5.86,2.2,18.19,13.38,2.57,0.65,0.47,2
Vegetables,0.16825087969571362,0.5643530165534719,-1.3122889177141426,1.634148466076371,0.9066469469978242,Biogas,10.87,4.08,-16.85,-43.7,1.66,0.55,0.92,4
Grains,1.1301121351384968,-1.1973515930071343,-1.3217090730560512,-1.3986397412116924,0.9953022688283166,Animal Feed,16.28,2.1,9.29,8.79,0.88,0.34,0.33,1
Vegetables,1.718544903174082,0.9482675351518408,1.5894678222360208,0.2917291497871827,0.47445225307416405,Biogas,19.09,8.36,78.01,79.48,1.23,0.71,1.13,4
Vegetables,-0.011390854776688773,1.3347341920504834,-0.39748716562212283,1.5928079225465068,-0.04639776267998861,Biogas,9.44,4.77,9.73,-11.52,1.32,0.52,0.99,4
Vegetables,1.118088869445462,0.741179741643889,-0.8398855720495374,-1.0323165915998438,0.9775712044622182,Animal Feed,16.2,6.46,19.91,18.99,1.28,0.44,1.28,4
Vegetables,-1.4619624980951804,1.2107731888943154,0.06828718183891698,0.021867268411682964,1.001951417965604,Biogas,1.83,0.85,36.76,31.86,1.85,0.36,1.46,4
Grains,0.717077596036596,-1.5050665537830348,-0.4916887190412094,0.1252186272363425,0.5697567240419469,Compost,13.7,1.2,19.81,10.8,1.07,0.32,0.32,1
Grains,1.1803269506799952,-1.7044979323901648,-0.7690599596640759,1.2655286196017521,0.8379390725791908,Compost,16.44,0.96,1.93,-18.6,0.81,0.36,0.47,1
Fruits,0.5353141087948348,0.6040934558005966,-0.7620820668182177,-1.2057172047389948,-0.6758505476764988,Animal Feed,11.97,4.92,23.64,24.67,1.09,0.45,0.81,0
Vegetables,0.41083794632576853,0.5986245880142949,-1.5418615923428798,-0.848580842578227,1.1105541872079614,Animal Feed,12.33,4.64,-1.81,-8.36,1.72,0.47,1.04,4
Grains,1.5594134454721509,-1.4740763029939927,0.008277303364535867,-1.5088811906246626,0.9132960961351116,Animal Feed,18.6,1.68,48.38,56.47,0.89,0.27,0.4,1
Fruits,0.8903540722009207,-0.042691307726000216,-0.756499752541531,-0.8279105708132951,-0.5672477784341444,Animal Feed,13.87,4.32,20.52,18.29,1.3,0.34,0.89,0
Grains,1.6343820433228387,-1.0865158725380895,-0.8137184738775689,-0.5534552957122548,0.6030024697283803,Compost,18.75,2.75,16.49,11.55,1.04,0.34,0.37,1
Vegetables,0.03811670984168999,1.1983770885786984,0.2643659708075344,-1.4709856923889542,0.26611224677250295,Animal Feed,9.85,4.71,55.38,64.61,1.43,0.45,1.6,4
Meat,1.4321082793106064,0.16585485052496554,0.6041893524008326,0.7487718254784547,-0.4187501143680661,Biogas,16.8,5.72,45.79,37.63,3.75,1.05,0.57,2
Vegetables,0.2997995513959766,1.197283315021438,-0.3461996532050646,1.1506937764632417,-0.24808861984436548,Biogas,10.99,5.38,15.04,-2.06,1.55,0.58,1.58,4
Grains,1.403818242385818,-1.3858452360416613,1.1784699336149684,0.31814116370904016,0.9354599265927339,Compost,17.76,1.82,65.99,64.88,0.88,0.27,0.42,1
Mixed,1.2814638326861114,-0.5410874586509483,0.21935856195174855,-1.567446960625303,-2.573074434849077,Animal Feed,14.33,3.77,54.93,64.74,1.33,0.65,0.78,3
Fruits,1.0777755668276394,0.6245105622027891,1.721001102380449,-0.5569003410064103,-3.056245938825269,Compost,13.02,6.11,89.17,98.79,1.17,0.41,0.68,0
Vegetables,-1.2540307266979904,1.0445196081907482,0.6045382470431252,1.0760511284232095,0.529861829218223,Biogas,2.92,1.32,42.95,31.95,1.48,0.41,1.18,4
Grains,0.4157887027876064,-1.13537109142905,1.1052020587334568,-1.0001628355210608,1.2014258920842174,Animal Feed,12.41,1.69,75.37,85.32,1.21,0.24,0.38,1
Mixed,-1.640189730721343,0.8476403678838921,0.6062827202545897,0.631640285477174,-0.7689386355985182,Biogas,0.77,0.35,46.86,39.74,1.05,0.54,0.79,3
Fruits,0.584821673413213,0.25809642052058535,-1.3656697979849584,-1.4778757829772649,-0.2857671316223228,Animal Feed,12.46,4.39,8.72,8.67,1.41,0.33,0.92,0
Vegetables,0.006290418301303569,0.990924703884993,0.3983415134480134,1.5962529678406623,1.219156956450316,Biogas,10.12,4.34,32.52,15.81,1.73,0.42,0.9,4
Vegetables,0.03882396076480954,0.4768511319726474,0.7995703520848642,-0.141198208845002,-0.19267904370030656,Biogas,9.64,3.69,59.15,59.87,1.53,0.61,1.28,4
Mixed,-0.6705487151242432,0.5731032050115547,0.5829067792209645,0.8073375954790949,-1.229946309117088,Biogas,5.61,2.34,44.66,35.87,1.23,0.41,0.77,3
Meat,0.02750794599489443,-0.28915494929532337,1.1854478264608268,-1.3756727725839903,-1.4338535493272253,Donation,9.01,2.58,80.95,94.63,3.1,1.17,0.46,2
Mixed,-1.087119508841743,0.016007873180303073,-1.1050455001921518,-0.41909852924019747,-2.2627808084423457,Compost,3.33,1.17,6.97,-0.81,1.32,0.46,1.07,3
Vegetables,-0.8947472577531861,1.2286381569962335,-1.6856061849675603,-0.5419718113984038,0.60078608668262,Biogas,4.9,2.33,-8.6,-18.64,1.28,0.41,1.04,4
Grains,-0.7568333277448459,-1.2469359942696017,-0.4145830030944757,-0.9048499157160971,0.6606284289182027,Animal Feed,5.67,0.7,30.99,31.4,1.04,0.29,0.37,1
Vegetables,-0.6712559660473628,1.2177004214236304,0.023279772983131147,-0.8164270864994441,0.7958277947097064,Animal Feed,6.18,2.9,42.76,44.9,1.2,0.45,1.59,4
Vegetables,-0.5722408368106059,0.881547348158962,-1.3370604373169395,-0.9588222919911972,-0.7778041677815689,Animal Feed,6.24,2.84,5.01,0.6,1.45,0.46,0.94,4
Vegetables,-1.4853017785581304,0.726960685399505,-0.6082195295670427,-1.2998817761125736,-0.7445584220951323,Animal Feed,1.57,0.67,28.88,31.62,1.18,0.41,1.5,4
Vegetables,-0.9131357817542981,1.3278069595211683,0.7133933754385144,-1.2826565496417968,0.9465418418215451,Animal Feed,4.88,2.35,66.61,76.78,1.5,0.49,1.11,4
Grains,0.47166152571406217,-1.3533966205096053,-0.5077378725866835,-1.7075454692542857,1.2878648308689493,Animal Feed,12.78,1.35,35.31,42.17,0.97,0.33,0.43,1
Meat,1.7454204382526306,0.07069655104331858,1.0322830784942376,-0.5626420831633356,0.1730241588504836,Biogas,18.97,6.01,69.48,75.2,2.78,0.85,0.49,2
Mixed,0.16895813061883316,0.09949925471784005,-0.9005932398085044,-0.7693448008126548,0.020093728692881473,Animal Feed,10.43,3.38,15.87,12.31,0.81,0.42,0.74,3
Grains,1.4059399951551772,-1.3358962435934403,-1.1353993340716353,-0.5304883270845527,0.9221616283181593,Compost,17.76,1.95,7.06,0.07,0.93,0.34,0.38,1
Vegetables,-0.9265735492935723,0.6872202461523802,0.5138256400469678,-0.5523069472808697,-0.5029726701070346,Biogas,4.48,1.88,54.53,57.19,1.74,0.59,1.56,4
Meat,-1.2702974979297437,0.22127271075948804,0.8424843930868926,-1.131074556698963,-1.402824186686552,Biogas,2.58,0.94,68.99,78.57,2.0,1.06,0.53,2
Vegetables,1.4667635745434708,0.8283170350389604,1.4813104831252173,0.5397724109663655,1.1814784446723554,Biogas,18.31,7.45,72.76,71.46,1.54,0.55,1.17,4
Vegetables,-0.33177552294990986,1.2603575901567827,1.2077770835675732,1.111649929796148,1.0573609941096629,Biogas,8.15,3.83,59.93,52.08,1.42,0.38,1.26,4
Mixed,-1.3134398042400448,-0.4258766439528621,-1.524067965585941,-0.6280979437522867,-2.7902799733337886,Animal Feed,2.2,0.63,-3.21,-11.57,1.56,0.4,0.95,3
Vegetables,1.086262577905076,1.100302059611024,0.44753565801131406,-1.5628535668997625,0.6229499171402423,Animal Feed,15.76,7.19,61.42,72.5,1.61,0.38,1.21,4
Vegetables,1.231249017144613,0.5220604390060734,-0.8594236720179406,1.6984559782339368,-0.4231828804595899,Biogas,15.75,6.2,-4.43,-29.25,1.46,0.62,1.15,4
Vegetables,-0.379868585722049,0.5410191806652519,1.240573179943107,0.8096342923418655,0.6030024697283803,Biogas,7.72,2.91,63.5,58.47,1.63,0.37,1.09,4
Vegetables,0.38679141493969893,1.0029562130148564,-0.11872034643008474,0.9405460135197671,-0.702447144225648,Biogas,11.19,5.28,23.4,9.43,1.23,0.33,1.15,4
Vegetables,-1.292222276546454,0.6751887370225168,1.616681604334868,-0.9817892606188992,1.2058586581757411,Animal Feed,2.8,1.08,89.88,102.6,1.2,0.44,1.07,4
Grains,0.7071760831129202,-1.1557881978312425,-0.2289710533946456,1.3493580550928648,0.6539792797809154,Compost,13.71,1.87,16.68,-1.48,1.21,0.24,0.45,1
Mixed,0.7715359171168121,-0.04961854025531543,-0.25025362657451333,0.5994865293983909,0.1508603283928613,Compost,13.73,4.12,22.59,10.84,0.82,0.5,0.78,3
Meat,-0.07150718324186259,-0.10430721811833094,0.4552113401417581,-1.42505175513355,-0.29906542989689744,Compost,9.01,2.69,60.45,70.37,3.3,0.81,0.45,2
Mixed,0.4723687766371817,0.9537364029381425,-0.5775168010452661,0.4536462786124826,-1.7685273892373423,Biogas,11.02,5.4,14.49,2.14,0.95,0.39,0.39,3
Vegetables,0.9370326331268207,0.9602990442817041,-1.653856772518905,0.7717387941061568,1.1238524854825362,Biogas,15.29,6.52,-19.13,-40.43,1.53,0.54,1.21,4
Fruits,-1.5348093431765089,0.2858053506378462,1.1038064801642848,-1.5881172323902348,0.07771968788270389,Donation,1.36,0.48,80.46,95.51,0.99,0.41,0.73,0
Vegetables,-0.7660275897454019,1.0069667160581441,-0.11837145178779189,-0.6280979437522867,1.2590518512740398,Animal Feed,5.78,2.49,37.07,36.77,1.53,0.61,1.12,4
Grains,-0.8162424052869001,-1.4653261145359102,0.8574868627054877,0.31814116370904016,0.5719731070877072,Compost,5.32,0.5,56.79,53.84,0.96,0.38,0.35,1
Mixed,-1.02417417668409,0.5825825758411437,1.4767748527754094,1.427445748427052,-0.38993713477315645,Biogas,4.0,1.61,64.88,55.82,1.2,0.49,0.56,3
Meat,-1.5524906162545014,0.49580987363182594,-1.6636258225031066,-0.3674228498278678,-0.5539494801595698,Biogas,1.23,0.48,-9.49,-20.93,2.52,0.88,0.42,2
Grains,-1.133090818844523,-1.725644221163864,0.18795804414538636,-1.2321292186608523,0.4146099108385813,Animal Feed,3.57,0.2,51.11,57.82,1.08,0.27,0.41,1
Vegetables,-0.3572365561822188,0.5216958478203197,1.2538311763502377,1.0760511284232095,-0.5207037344731331,Biogas,7.43,2.94,61.56,54.28,1.23,0.38,1.16,4
Meat,-0.6472094346612933,0.4506005665983994,1.4530500170994916,-0.7969051631658973,-1.6067314268966892,Biogas,5.61,2.28,83.58,93.76,3.06,0.97,0.54,2
Mixed,1.4130125043863744,0.8516508709271798,0.8815605930236986,-1.48132082827142,-1.1412909872865924,Animal Feed,16.11,7.39,73.16,86.02,0.95,0.22,0.61,3
Grains,-1.2957585311620525,-1.5437132194728993,1.0720570677156298,0.9991117835204076,0.4899669343945022,Compost,2.69,0.22,57.03,49.38,1.11,0.28,0.42,1
Grains,-0.9088922762155799,-1.5922038471781064,1.2538311763502377,1.1931826684244906,0.718254388108022,Compost,4.85,0.36,60.54,52.24,1.0,0.29,0.43,1
Fruits,-0.6486239365075327,0.797326784249918,-0.30328561220303607,-0.5844607033596528,0.6340318323690535,Biogas,6.26,2.59,31.4,29.66,1.22,0.18,0.79,0
Vegetables,0.423568462941923,0.9424340761797859,0.9443616286364235,0.3835970242979912,0.12204734879794851,Biogas,11.85,5.26,58.72,55.7,1.23,0.67,1.17,4
Vegetables,-1.0545859663782369,1.0055083513151306,0.07107833897726024,0.7372883411646035,1.0640101432469502,Biogas,4.11,1.78,30.61,19.51,1.4,0.61,1.3,4
Fruits,0.9603719135897705,0.8286816262247135,-1.140632753706029,0.5432174562605209,-1.4006078036407885,Biogas,13.65,6.3,-2.43,-18.8,1.27,0.48,0.99,0
Fruits,-0.7214707815888611,0.0010596345644122915,-1.4040482086371788,-1.3906013021919967,-0.8487284252459628,Animal Feed,5.45,1.76,6.85,5.81,1.33,0.34,0.8,0
Vegetables,-0.867164471751518,1.1065001097688325,1.2845339048720144,-1.5766337480763837,0.36584948383180965,Donation,5.0,2.31,85.53,101.53,1.09,0.48,1.29,4
Meat,0.15198410846396063,0.45278811371292016,0.5839534631478432,-0.7957568147345122,-0.8886233200696868,Biogas,9.89,3.88,58.66,63.83,3.39,0.87,0.51,2
Vegetables,-1.4888380331737288,1.302285576518428,-0.04545247154857281,-1.3963430443489224,-0.13726946755624764,Animal Feed,1.59,0.8,45.85,52.65,1.44,0.56,1.28,4
Grains,0.23119621185336614,-1.1284438588997348,-0.13372281604868003,1.5514673790166431,0.880050350448675,Compost,11.21,1.56,17.65,-1.73,0.9,0.22,0.5,1
Vegetables,-0.17335131617109856,1.0277484136460902,1.292907376287044,0.004642041940906343,0.055555857425078424,Biogas,8.63,3.95,72.01,74.29,1.3,0.4,1.06,4
Vegetables,-0.386941094953246,0.5264355332351147,-0.5359983386124095,1.144952034306316,1.0994722719791503,Biogas,7.86,2.88,9.66,-8.48,1.26,0.53,1.19,4
Vegetables,-1.455597239787103,0.45862157268497555,-0.67136945982206,1.1759574419537138,0.43899012434196705,Biogas,1.82,0.67,5.51,-13.68,1.39,0.31,1.09,4
Grains,1.1492079100627288,-1.4846494473808423,-0.3004944550646928,-0.1710552680610147,0.6451137475978647,Compost,16.12,1.45,27.87,22.54,1.07,0.36,0.38,1
Fruits,-1.1048007819197352,-0.3026448231682007,0.42590419018915354,1.02667214587365,-1.863831860205122,Compost,3.32,0.97,38.26,26.67,1.04,0.52,0.52,0
Vegetables,0.4256902157112819,0.4622674845425097,-0.11872034643008474,1.4573028076430645,0.2616794806809791,Biogas,11.94,4.44,18.9,0.43,1.37,0.41,0.98,4
Meat,1.5275871539317645,0.30221195399675094,-0.48401303691076536,-0.61087271728151,-1.9968148429508652,Biogas,15.96,6.24,26.44,23.89,3.22,0.95,0.45,2
Vegetables,-0.1825455781716545,1.0153523133304732,-0.14698081245581082,0.1803393519428276,-0.21484287415792888,Biogas,8.47,3.91,29.21,21.69,1.34,0.52,1.11,4
Grains,1.3663339434604749,-1.3504798910235776,0.10073438357215794,0.631640285477174,1.2280224886333666,Compost,17.78,1.89,32.38,22.36,0.81,0.3,0.42,1
Vegetables,0.5636041457196224,1.1393133164866414,-0.3360817085785701,-1.3687826819956797,0.596353320591093,Animal Feed,12.88,5.96,37.28,42.18,1.06,0.53,1.2,4
Fruits,-0.9838608740662674,0.5063830180186754,0.9377326304328577,1.079496173717365,-2.4068457064169,Compost,3.79,1.64,52.46,43.34,0.95,0.37,0.92,0
Fruits,-0.26246493248417985,0.7594093009315608,-1.0024704753580351,0.9830349054810161,-1.021606302815427,Biogas,7.73,3.41,-2.3,-21.71,0.99,0.58,0.75,0
Grains,-1.2780772580840603,-1.6705909521150952,-1.0185196289035092,1.4469676717605986,0.3857969312436685,Compost,2.77,0.18,-6.8,-30.34,0.86,0.25,0.43,1
Grains,1.3896732239234246,-1.3537612116953588,1.168003094346181,0.29517419508133813,0.9687056722791705,Compost,17.71,1.9,65.89,64.92,0.95,0.36,0.42,1
Grains,1.4752505856209075,-1.0795886400087742,-0.7387061257845924,-1.0208331072859929,0.9398926926842578,Animal Feed,18.16,2.64,22.71,22.27,0.93,0.26,0.47,1
Meat,1.522636397469927,-0.251237465976966,1.0120471892412486,0.7430300833215291,-1.7175505791848071,Compost,16.17,4.81,57.53,51.76,3.93,1.23,0.55,2
Fruits,-0.9661796009882752,-0.4878571455309465,-1.3726476908308165,0.9681063758730099,-0.6647686324476876,Compost,4.24,1.04,-12.77,-34.16,1.29,0.52,0.73,0
Vegetables,-1.619679453950872,1.259992998971029,-1.5809377922796861,-0.7544162712046483,1.0706592923842375,Animal Feed,0.95,0.45,-3.75,-11.35,1.53,0.57,1.06,4
Grains,0.9257166183569053,-1.7500718306093443,0.4904496990133426,1.0760511284232095,0.5653239579504199,Compost,14.84,0.78,39.68,28.02,0.91,0.38,0.41,1
Vegetables,1.6817678551718582,0.8305045821534806,1.519688893777438,0.7958541111652441,-0.24808861984436548,Biogas,18.25,7.95,71.62,68.29,1.36,0.53,0.77,4
Grains,-1.1550155974612333,-1.648715480969889,-0.40690732096403137,1.427445748427052,0.7603656659775094,Compost,3.5,0.23,10.9,-8.96,1.09,0.34,0.39,1
Grains,-0.6104323866590693,-1.521837748327693,1.6309862846688774,-0.00798979080432975,0.35033480251147153,Compost,6.38,0.55,81.81,86.13,0.98,0.37,0.39,1
Vegetables,0.6470597546477462,1.119625392455956,0.7406071575373618,0.5948931356728506,-0.7445584220951323,Biogas,12.51,6.13,51.04,45.0,1.55,0.53,1.72,4
Vegetables,-1.2950512802389327,0.5778428904263492,0.9475016804170594,-0.5614937347319506,0.7714475812063206,Biogas,2.73,1.04,67.04,72.26,1.26,0.67,0.76,4
Meat,-0.1867890837103726,0.04444598566907118,0.4293931366120827,0.38819041802353155,-1.2742739700323358,Compost,8.01,2.69,43.92,37.91,2.73,1.08,0.48,2
Vegetables,-0.17476581801733793,0.6230521974597751,0.14574179242794377,1.5250553650947858,-0.7911024660561404,Biogas,8.27,3.44,25.89,8.36,1.4,0.28,1.25,4
Vegetables,-1.712329324879552,0.4998203766751137,-0.6668338294722522,-0.43976880100512955,0.12204734879794851,Biogas,0.41,0.16,19.71,14.62,1.63,0.67,0.76,4
Grains,-1.1380415753063606,-1.1951640458926136,1.6107503954158884,-1.666204925724422,0.8423718386707145,Donation,3.61,0.47,95.66,114.3,0.99,0.3,0.31,1
Vegetables,-0.16557155601678197,1.0117064014729387,1.1439293640279702,-0.43287871041681886,-0.4342647956884011,Biogas,8.46,3.95,71.55,76.78,1.54,0.56,1.13,4
Vegetables,1.439888039464923,0.5140394329194977,0.13422826923227768,0.8727934560680459,1.1859112107638823,Biogas,18.16,6.6,31.23,19.3,1.66,0.52,1.2,4
Vegetables,0.002046912762585497,1.102125015539791,-0.20280395522267708,1.043897372344427,0.8312899234419033,Biogas,9.91,4.48,20.09,4.74,1.45,0.38,1.02,4
Vegetables,-0.22002987709699837,1.3055668971902086,0.9063321126264958,0.730398250576293,-0.8332137439256279,Biogas,8.02,4.17,54.61,48.35,1.46,0.65,1.31,4
Meat,-1.5150063173291575,0.18736573048441843,0.9262191072371916,1.5985496647034325,-0.2769015994392751,Biogas,1.45,0.49,47.62,33.92,3.29,1.17,0.56,2
Mixed,-0.051704157394511334,0.5741969785688145,-1.2139006285875409,-0.9312619296379546,-0.4497794770087392,Animal Feed,9.05,3.64,8.31,4.36,1.16,0.46,0.92,3
Vegetables,1.1173816185223424,1.1688452025326699,-0.06464167687468321,1.4113688703876606,0.19297160626234558,Biogas,15.61,7.42,20.85,3.09,1.74,0.53,1.14,4
Meat,-0.44917917618777903,-0.24029973040436298,-0.2652560961931086,-1.3113652604264243,-0.6004935241205779,Compost,6.93,1.96,38.81,43.61,2.94,1.1,0.6,2
Mixed,-0.7631985860529231,-0.2960821818246386,1.3351236280044865,-1.0885856647377141,0.13534564707252314,Animal Feed,5.5,1.45,82.74,94.77,0.75,0.5,0.58,3
Grains,0.055090731996562524,-1.317302093120015,0.6945530647546969,0.45479462704386747,0.5675403409961834,Compost,10.08,1.15,50.94,45.86,1.03,0.29,0.45,1
Vegetables,0.4384207323274366,0.931860931792936,0.5075455364856952,-0.9840859574816695,1.0883903567503361,Animal Feed,12.48,5.28,58.11,64.49,1.45,0.45,1.4,4
Vegetables,-0.22710238632819515,0.5173207535912788,-0.3608532281813668,-0.7245592119886356,-0.737909272957845,Animal Feed,8.02,3.2,30.97,30.11,1.82,0.51,1.03,4
Vegetables,-1.0008348962211402,0.8049831991507405,-1.2627458785085488,-1.1287778598361926,-0.45421224310026304,Animal Feed,4.11,1.79,8.63,6.13,1.36,0.54,1.32,4
Vegetables,-0.8707007263671165,0.713106220340874,-0.8887308219705453,0.3537399650819783,0.37249863296909697,Biogas,4.98,2.02,6.44,-6.83,1.55,0.49,1.14,4
Mixed,0.07489375784391403,0.034602023653728275,-1.6838617117560957,0.8429363968520334,-1.651059087811937,Compost,9.14,3.12,-20.61,-42.69,1.17,0.45,0.84,3
Vegetables,-0.37350332741397174,0.5745615697545682,1.5266667866232964,-1.065618696110012,0.2550303315436918,Animal Feed,7.63,2.96,88.03,100.96,1.61,0.41,1.39,4
Vegetables,0.513389330178124,1.2038459563650001,0.18970251735685084,-0.21124746315949355,1.2080750412215047,Biogas,12.97,5.94,42.28,40.11,1.36,0.56,1.24,4
Mixed,-1.5128845645597986,0.364921637946342,-0.8876841380436665,-0.381203031004489,-2.300459320220306,Compost,1.31,0.54,12.87,6.01,0.84,0.55,0.83,3
Mixed,0.9193513600488283,0.2755967974367499,0.5616242060410968,-1.4089748770941584,-2.233967828847436,Animal Feed,12.87,5.04,63.36,73.75,1.64,0.36,0.69,3
Vegetables,0.18239589815810744,0.6343545242181318,1.0298408159981869,0.5512558952802167,-0.7290437407747942,Biogas,10.13,4.22,59.71,55.72,1.64,0.5,1.55,4
Meat,-0.6542819438924903,-0.059462502270658336,0.4328820830350119,1.5193136229378605,-0.6802833137680225,Compost,5.85,1.82,34.17,18.32,3.27,0.9,0.35,2
Vegetables,-1.3403153393185931,1.1991062709502052,-0.12011592499925636,0.22512494076684636,-0.6603358663561638,Biogas,2.32,1.16,29.59,21.84,1.53,0.49,1.13,4
Grains,1.4455460468498804,-1.1973515930071343,-0.9588586450714209,-0.042440243745883,1.2945139800062369,Compost,18.28,2.32,7.88,-2.35,0.91,0.3,0.33,1
Vegetables,0.6124044594148811,0.7656073510893688,-1.2533257231666401,0.7016895397916654,-0.18824627760877957,Biogas,12.67,5.38,-7.04,-25.43,1.38,0.72,0.8,4
Fruits,-0.7561260768217262,-0.36790664541806584,-1.1266769680143125,1.0852379158742906,-0.08629265750371255,Compost,5.48,1.41,-6.75,-27.75,0.79,0.46,0.91,0
Grains,-1.447110228709667,-1.2228729760098749,-0.19547716773452586,0.8613099717541951,1.1925603599011665,Compost,1.93,0.24,21.89,8.17,0.97,0.33,0.36,1
Meat,-1.6274592141051887,-0.13639124246463347,0.7475850503832202,1.3803634627402626,-0.9684131097171316,Compost,0.83,0.25,44.4,31.57,2.9,1.11,0.58,2
Vegetables,-0.8127061506713016,1.3372863303507578,0.6345431862803158,-0.9530805498342716,-0.5583822462510936,Animal Feed,5.06,2.62,61.48,68.31,1.81,0.6,1.39,4
Vegetables,0.5897724298750509,0.5997183615715552,0.024326456910009925,0.19756457841360403,0.5631075749046596,Biogas,13.0,5.02,33.97,27.3,1.01,0.48,1.25,4
Mixed,0.5466301235647496,0.9074333223474557,1.0793838552037807,1.2115562433266522,-2.6971918854117694,Compost,10.83,5.49,55.38,45.92,1.17,0.36,0.99,3
Vegetables,-0.3027782351020024,1.0915518711529417,0.2598303404577267,-1.3331838806227414,-0.6847160798595495,Animal Feed,7.66,3.71,54.05,62.04,1.41,0.53,1.15,4
Vegetables,-0.31975225725687517,0.8738909332581399,0.07945181039229023,-1.0185364104232226,-0.9041380013900218,Animal Feed,7.49,3.42,46.14,50.37,1.59,0.48,1.51,4
Grains,0.14208259554028488,-1.6381423365830392,0.2594814458154336,-0.5580486894377954,0.4678031039368767,Compost,10.51,0.73,47.28,48.53,0.88,0.36,0.36,1
Grains,0.8500407695830982,-1.3315211493643988,1.4017625046824334,0.9037988637154437,0.509914381806361,Compost,14.39,1.62,67.3,62.37,0.96,0.22,0.4,1
Grains,1.626602283168522,-1.3588654882959066,0.5204546382505332,0.8888703341074374,0.5675403409961834,Compost,18.67,2.02,42.17,32.31,1.01,0.25,0.32,1
Grains,-0.06867817954938388,-1.2615196416997392,0.29018417433721005,1.384956856465803,1.174829295535068,Compost,9.67,1.15,31.25,15.76,1.15,0.28,0.46,1
Mixed,0.9943199578995155,-0.32014520008436553,0.17609562630742717,-1.5306998108209795,-0.20597734197487808,Animal Feed,14.67,3.89,53.37,62.62,1.33,0.31,1.07,3
Meat,-0.3918918514150839,-0.007325962707916898,0.08782528180732023,0.9164306964606802,0.18632245712505824,Compost,7.51,2.29,29.53,16.96,3.27,1.32,0.57,2
Meat,0.557946138334665,0.6099269147726515,1.633079652522635,-1.624864382194558,-0.9927933232205173,Donation,11.9,4.98,95.95,114.36,3.47,1.13,0.42,2
Vegetables,-0.03473013523963855,0.43127723375346777,1.1135755301484864,-0.7785315882637356,1.0883903567503361,Animal Feed,9.83,3.48,73.69,81.76,1.06,0.4,1.03,4
Grains,1.127283131446018,-1.1798512160909693,-0.053477048321309964,-0.5833123549282677,1.0706592923842375,Compost,16.32,2.13,38.53,38.21,0.75,0.3,0.31,1
Vegetables,0.5310706032561164,1.0437904258192414,0.650243445183497,-1.5410349467034457,0.9332435435469736,Animal Feed,12.9,5.7,67.05,79.1,1.6,0.54,1.34,4
Vegetables,1.0968713417518714,0.6420109391189537,-0.1818702766851022,-1.2137556437586907,-0.11510563709862218,Animal Feed,15.27,6.19,40.35,44.78,1.43,0.46,1.05,4
Grains,0.8047767105034377,-1.494128818210432,0.7985236681579854,1.6008463615662027,1.072875675430001,Compost,14.52,1.26,43.94,29.48,1.09,0.34,0.35,1
Vegetables,-1.3947736603988095,0.6697198692362151,-1.0659693002553454,1.6111814974486687,-0.631522886761251,Biogas,2.04,0.86,-9.59,-34.83,1.4,0.4,1.37,4
Fruits,1.3352149028432079,0.8607656505710157,0.03269992832503968,1.4756763825452262,-0.11510563709862218,Biogas,16.54,7.23,23.07,5.3,1.15,0.37,1.08,0
Vegetables,-1.5737081439480922,1.1250942602422573,-1.2889129766805172,-0.22962103806165526,0.36584948383180965,Biogas,1.17,0.54,0.05,-10.43,1.23,0.57,1.43,4
Vegetables,1.2446867846838872,0.4706530818148389,1.279998274522206,1.3482097066614795,-0.11510563709862218,Biogas,16.06,6.1,59.94,50.45,1.2,0.57,1.25,4
Vegetables,1.195179220065509,1.1407716812296553,-0.26839614797374467,-0.2629231425718232,1.0950395058876234,Biogas,16.72,7.55,29.59,25.24,1.61,0.47,1.54,4
Grains,-0.48595622419000306,-1.1798512160909693,1.6344752310918063,0.5386240625349802,0.9066469469978242,Compost,7.24,0.95,77.15,76.74,0.88,0.25,0.44,1
Vegetables,0.8811598102003649,0.5880514436274454,1.551438306226093,-0.7544162712046483,-0.7645058695069943,Animal Feed,13.69,5.62,86.03,96.39,2.02,0.63,1.09,4
Vegetables,1.7206666559434411,0.7054498054400521,-0.400627217402759,1.5767310445071159,0.6030024697283803,Biogas,19.22,7.7,9.78,-11.34,1.28,0.53,0.89,4
Grains,0.3047503078578145,-1.0686509044361712,-1.1940136339768448,0.2366084250806976,1.3011631291435242,Compost,11.84,1.71,-1.3,-15.3,1.14,0.21,0.33,1
Grains,-1.0630729774556733,-1.3628759913391946,1.4478165974650976,0.24579521253177863,1.2834320647774256,Compost,4.11,0.43,74.35,75.41,0.83,0.29,0.49,1
Vegetables,0.17815239261938912,0.5946140849710071,-0.7530108061186018,1.0002601319517925,0.7980441777554699,Biogas,10.87,4.15,4.7,-13.41,1.48,0.53,0.81,4
Grains,-1.497325044251165,-1.1459442358158998,0.4021793545132354,-1.468688995526184,0.4123935277928178,Animal Feed,1.59,0.22,59.31,69.3,0.84,0.3,0.41,1
Vegetables,1.0615087955958866,0.864776153614304,0.22354529765926368,1.1403586405807757,1.1016886550249108,Biogas,15.97,6.61,31.47,17.72,1.65,0.51,1.19,4
Vegetables,1.2666115633005977,0.9694138239255401,-0.6640426723339089,1.0381556301875012,0.7049560898334506,Biogas,16.81,7.33,6.92,-11.02,1.57,0.51,1.18,4
Grains,-0.7674420915916411,-1.0628174454641162,-0.7306815490118553,1.3964403407796542,1.0529282280181391,Compost,5.71,0.84,1.89,-19.55,1.12,0.38,0.39,1
Grains,1.6096282610136492,-1.602047809193449,-0.3636443853197103,1.3884019017599585,1.3100286613265717,Compost,19.23,1.37,12.48,-6.8,1.0,0.35,0.44,1
Grains,0.6406944963396687,-1.6884559202170135,0.549412893560845,-1.632902821214254,0.9044305639520608,Animal Feed,13.49,0.82,64.96,77.24,0.99,0.31,0.36,1
Grains,-0.7773436045153169,-1.412460392601662,-0.9347849147532099,0.49154177684819084,0.22400096890301868,Compost,5.45,0.56,3.92,-10.82,0.97,0.35,0.5,1
Fruits,-0.7582478295910852,0.7010747112110106,-0.7467307025573294,1.6490769956843774,-0.47637607355788536,Biogas,5.36,2.26,-0.77,-24.51,1.17,0.36,1.15,0
Grains,-0.4272543975710686,-1.686997555474,0.9300569483024137,0.7659970519492311,0.4057443786555305,Compost,7.39,0.46,54.99,48.56,1.01,0.23,0.23,1
Vegetables,0.3422346067831581,0.44877761066963234,-0.4236542637940914,-1.7041004239601305,-0.019801166130842467,Animal Feed,11.34,4.25,37.68,44.99,1.39,0.64,0.99,4
Grains,1.1279903823691377,-1.2983433514608362,-0.8179052095850837,1.2655286196017521,1.0750920584757646,Compost,16.33,1.86,0.53,-20.28,1.03,0.32,0.42,1
Grains,-0.7151055232807839,-1.037660653647129,-1.1064410787613235,0.05516937292185092,1.2568354682282763,Compost,6.06,0.9,2.79,-9.13,1.12,0.31,0.37,1
Grains,-0.9817391212969084,-1.2669885094860407,-0.3186369764639244,-0.6349880343405974,0.3348201211911365,Animal Feed,4.37,0.54,31.39,29.99,0.84,0.29,0.37,1
Vegetables,-0.5453653017320573,0.5785720727978559,-0.513669081505663,-0.6292462921836718,-0.010935633947791653,Animal Feed,6.62,2.61,25.76,23.2,1.47,0.52,1.03,4
Mixed,-0.23629664832875136,0.46883012588607126,-0.7003277151323719,-0.5798673096341123,-0.717961825545983,Biogas,7.98,3.12,19.98,15.92,1.33,0.36,0.77,3
Vegetables,0.42922647032688044,0.7459194270586835,-1.3586919051391,-1.2103105984645353,0.4899669343945022,Animal Feed,12.09,4.94,6.59,4.25,1.6,0.4,1.04,4
Vegetables,-1.1366270734601214,1.0441550170049945,1.2562734388462882,-1.1482997831697397,0.028959260875929135,Animal Feed,3.48,1.61,81.01,93.12,1.61,0.44,1.21,4
Vegetables,-1.4704495091726169,0.5545090545381293,0.021186405129373583,-0.18828049453179133,0.5719731070877072,Biogas,1.75,0.66,37.24,33.9,1.72,0.62,1.32,4
Vegetables,-1.3770923873208172,0.9293087934926623,1.1760276711189177,1.7076427656850175,-0.20597734197487808,Biogas,2.18,0.98,53.83,40.6,1.51,0.36,1.22,4
Vegetables,1.1994227256042271,1.2253568363244525,0.7106022183001712,0.8165243829301759,1.3033795121892844,Biogas,16.9,7.76,48.25,40.11,1.74,0.43,1.32,4
Vegetables,1.2220547551440573,0.8133687964230691,1.6257528650344835,0.841788048420648,-0.4253992635053534,Biogas,15.7,6.86,74.26,71.16,1.24,0.61,1.23,4
Vegetables,-1.2526162248517512,0.4994557854893601,-0.4522636244621103,-0.32263726100384865,-0.6802833137680225,Biogas,2.77,1.09,24.85,19.97,1.19,0.39,1.45,4
Vegetables,-0.20022685124964687,0.9861850184701985,1.5493449383723354,0.7958541111652441,0.18853884017082173,Biogas,8.54,3.83,72.47,69.32,1.6,0.34,1.16,4
Grains,0.8641857880454922,-1.702310385275644,1.232897497812663,0.2549819999828593,0.27941054504707763,Compost,14.31,0.86,68.11,67.86,0.99,0.29,0.34,1
Vegetables,-1.4782292693269334,0.9686846415540333,0.1495796334931658,-1.2206457343470012,-0.6448211850358256,Animal Feed,1.61,0.75,49.91,56.3,1.45,0.58,1.33,4
Meat,-0.6528674420462509,-0.09628621203175537,-1.0834140323699912,-0.6453231702230633,-0.9684131097171316,Compost,5.77,1.79,9.56,3.87,2.89,1.09,0.52,2
Vegetables,-0.5679973312718876,0.6853972902236132,0.7789855681895821,0.6569039509676462,0.7271199202910729,Biogas,6.73,2.66,51.6,45.24,1.4,0.51,1.21,4
Grains,1.3408729102281658,-1.5418902635441318,-0.7013743990592506,0.9371009682256121,0.5365109783555103,Compost,17.09,1.41,6.73,-10.55,0.92,0.34,0.4,1
Vegetables,1.6188225230142055,1.3256194124066476,0.04979576579739252,1.1966277137186456,0.5741894901334708,Biogas,18.64,9.12,26.0,10.76,1.67,0.47,1.09,4
Vegetables,-1.3572893614734658,0.497632829560593,0.990764616061381,-1.2895466402301075,0.21956820281149173,Animal Feed,2.33,0.88,74.61,86.42,1.64,0.4,1.29,4
Vegetables,1.6930838699417732,1.3310882801929493,-0.17873022490446586,-1.264282974739635,0.43012459215891624,Animal Feed,18.92,9.33,40.89,45.78,1.6,0.51,1.21,4
Grains,1.6082137591674097,-1.2494881325698755,1.584932191886213,-0.021769971980951132,1.0950395058876234,Compost,19.03,2.3,80.6,84.78,0.91,0.29,0.38,1
Fruits,0.18098139631186808,-0.4969719251747824,-0.37411122458849755,-0.45240063375036565,-0.6647686324476876,Compost,10.16,2.49,28.21,24.9,1.2,0.35,0.92,0
Fruits,0.028922447841133788,0.06960277748605823,1.0605435445199638,-0.7222625151258654,0.14199479620981048,Animal Feed,9.75,3.09,71.69,78.96,1.52,0.41,0.49,0
Mixed,-0.8516049514428848,-0.38868834300601174,-1.715611124204751,-0.7165207729689398,-1.1523729025154068,Animal Feed,4.72,1.26,-7.95,-16.64,1.2,0.25,0.8,3
Grains,-0.3529930506435007,-1.6589240341709852,-0.005678482327180632,1.3309844801907031,0.8468046047622415,Compost,7.96,0.52,23.24,6.51,1.1,0.36,0.35,1
Grains,-1.0411481988389626,-1.6899142849600273,-0.7177724472470176,1.3482097066614795,1.250186319090989,Compost,4.22,0.25,2.68,-18.27,0.97,0.26,0.46,1
Vegetables,0.13501008630908784,1.080249544394585,1.543762624095649,1.395291992348269,-0.02645031526812979,Biogas,10.23,4.78,67.09,58.68,1.51,0.59,1.25,4
Grains,-0.6160903940440267,-1.319125049048782,-1.108883341257374,-0.5844607033596528,0.9509746079130721,Compost,6.53,0.73,8.3,1.93,1.13,0.37,0.4,1
Grains,-0.8643354680590393,-1.436888002047142,0.3167001671514714,-1.2459093998374735,1.2723501495486114,Animal Feed,5.23,0.49,54.92,62.49,1.05,0.31,0.45,1
Grains,-0.843825191288568,-1.0296396475605534,0.03409550689421155,-1.6627598804302666,0.4988324665775498,Animal Feed,5.16,0.8,50.45,60.03,1.1,0.33,0.33,1
Vegetables,1.091213334366914,0.8706096125863589,1.636917493587857,1.002556828814563,-0.580546076708719,Biogas,14.9,6.69,73.19,68.75,1.17,0.48,1.11,4
Vegetables,-0.30207098417888284,1.2158774654948634,-0.34829302105882187,0.46742645978910397,-0.11288925405286183,Biogas,7.87,3.85,20.94,9.79,1.47,0.63,1.69,4
Grains,-1.6458477381063008,-1.163809203917818,0.8177128734840955,-1.283804898073182,0.33038735509960954,Animal Feed,0.78,0.11,69.61,80.38,1.24,0.25,0.36,1
Grains,1.144257153600891,-1.1091205260548027,-0.5426273368159749,0.1240702788049572,0.8468046047622415,Compost,16.25,2.31,18.36,9.07,1.16,0.26,0.38,1
Vegetables,1.5813382240888616,1.2475968986554127,-0.33189497287105496,-1.0587286055217013,-0.8309973608798644,Animal Feed,17.23,8.81,34.7,36.93,1.78,0.53,1.23,4
Grains,1.7242029105590395,-1.4912120887244045,1.2681358566842469,-1.120739420816497,0.8157752421215684,Animal Feed,19.43,1.72,81.1,93.03,0.84,0.34,0.38,1
Fruits,-1.1946216491559363,-0.507545069561632,-0.7261459186620475,-0.14808829943331267,-0.5162709683816094,Compost,3.09,0.75,15.47,7.5,1.39,0.17,0.71,0
Vegetables,-1.5496616125620226,0.5089351563189496,1.581094350820991,-0.7038889402237036,0.8734012013113877,Animal Feed,1.33,0.49,86.44,96.54,1.53,0.58,0.95,4
Fruits,0.03458045522609147,0.9056103664186886,0.10108327821445079,1.035858933324731,-2.577507200940601,Compost,8.51,4.28,28.86,15.32,1.18,0.44,0.79,0
Meat,0.42781196848064107,0.08054051305866149,0.5302236882347348,1.0220787521481096,-0.2569541520274132,Biogas,11.66,3.79,41.29,30.32,3.31,1.21,0.52,2
Fruits,0.8832815629697236,0.5125810681764837,0.19423814770665881,0.7085796303799758,0.7293363033368363,Biogas,14.72,5.46,34.39,24.24,1.28,0.43,0.77,0
Vegetables,-1.396188162245049,0.7134708115266276,-0.32945271037500456,-0.4420654978678997,0.8046933268927541,Biogas,2.18,0.87,29.4,26.26,1.45,0.35,0.92,4
Grains,-0.4774692131125669,-1.7427800068942754,0.3578697349420353,1.677785706469005,0.6916577915588759,Compost,7.21,0.39,30.64,12.99,0.86,0.29,0.31,1
Grains,0.5225835921786802,-1.0872450549095964,-0.34305960142442826,0.48580003469126565,0.6185171510487185,Compost,12.67,1.86,20.93,9.63,0.96,0.27,0.36,1
Vegetables,1.23832152637581,0.499091194303607,1.3815266154294439,-0.6453231702230633,1.092823122841863,Animal Feed,16.96,6.16,80.21,88.66,1.43,0.53,1.01,4
Vegetables,1.4611055671585136,0.44185037814031713,0.5110344829086246,0.569629470182378,-0.47415969051212503,Biogas,16.9,6.47,44.67,37.54,1.63,0.67,1.07,4
Fruits,-1.3000020367007705,0.19283459827071994,-1.337758226601525,-0.26866488472874883,-0.22592478938674004,Biogas,2.58,0.88,-1.02,-11.45,0.96,0.61,0.73,0
Vegetables,0.9808821903602416,1.2242630627671927,0.1199235888982681,1.6915658876456263,-0.03974861354270129,Biogas,14.72,7.19,23.7,4.56,1.34,0.56,1.2,4
Vegetables,1.268733316069957,0.8830057129019759,-1.0788784020201831,-0.8864763408139354,-0.8531611913374867,Animal Feed,15.61,7.13,11.79,8.23,1.6,0.49,1.28,4
Meat,-0.4116948772624354,-0.2928008611528578,-1.0701560359628604,1.1656223060712478,-1.0947469433255843,Compost,6.95,1.96,-5.82,-27.2,2.58,1.15,0.39,2
Vegetables,-0.3572365561822188,0.7014393023967642,-1.4923185531372862,1.121985065678614,0.5232126800809356,Biogas,7.81,3.14,-17.55,-40.97,1.49,0.41,1.36,4
Vegetables,-1.412454933476802,0.6143020090016929,-1.6287363582738152,-0.14808829943331267,-0.6758505476764988,Biogas,1.94,0.8,-10.4,-23.55,1.43,0.53,1.2,4
Vegetables,-0.5425362980395786,0.7324295531858062,-1.4218418353941173,-1.3423706680738223,1.0795248245672884,Animal Feed,6.98,2.76,5.93,4.37,1.37,0.36,0.86,4
Vegetables,1.1286976332922578,0.5526860986093621,-0.25409146763973534,-1.1448547378755842,0.742634601611411,Animal Feed,16.08,6.06,37.68,41.1,1.36,0.56,1.13,4
Mixed,-1.106922534689094,0.26721120016442124,1.6505243846372806,-0.16186848060993386,-0.8487284252459628,Biogas,3.49,1.27,83.7,89.47,1.35,0.39,0.86,3
Vegetables,0.9334963785112219,0.7769096778477255,-1.1504018036902306,1.187440926267565,-0.4830252226951727,Biogas,14.16,6.12,-8.33,-30.36,1.56,0.58,1.19,4
Grains,-1.2455437156205542,-1.1390170032865845,-1.7121221777818216,-0.9645640341481225,1.2789992986858987,Animal Feed,3.08,0.42,-5.68,-12.19,0.9,0.25,0.46,1
Meat,-0.31338699894879796,0.0017888169359190197,0.8229462931184894,-1.2045688563076096,-0.07964350836642523,Compost,7.83,2.43,69.07,79.18,2.79,1.09,0.48,2
Grains,-1.6281664650283085,-1.2411025352975467,1.5545783580067294,0.5891513935159249,1.0174660992859421,Compost,0.9,0.11,74.41,73.1,0.94,0.32,0.34,1
Vegetables,-1.0715599885331095,1.0346756461754054,0.5469706310647948,-1.1264811629734224,0.15307671143862164,Animal Feed,3.85,1.76,60.48,68.33,1.59,0.41,1.39,4
Grains,1.5997267480899735,-1.2998017162038502,-1.128421441225777,1.220743030777733,0.25946309763521563,Compost,18.26,2.16,-7.98,-30.18,1.03,0.39,0.36,1
Fruits,-0.10757698032096707,-0.49405519568875494,-0.32701044787895417,-0.47881264767222315,0.4057443786555305,Compost,9.13,2.13,29.79,26.98,1.03,0.12,0.68,0
Grains,0.37547540016978387,-1.4175646692022101,-1.3921857907992197,-1.086288967874944,1.1969931259926936,Animal Feed,12.19,1.18,4.55,0.93,1.08,0.21,0.45,1
Fruits,-1.084290505149264,0.36273409083182134,-0.6295021027469104,1.1001664454822968,0.7492837507486951,Biogas,3.89,1.36,7.37,-10.92,0.95,0.26,0.82,0
Vegetables,0.7878026883485654,1.1382195429293815,-1.1619153268858968,-0.7934601178717419,0.2062699045369202,Animal Feed,13.85,6.52,8.6,3.75,1.36,0.61,1.59,4
Grains,0.5515808800265875,-1.3978767451715246,0.8191084520532673,-0.652213260811374,1.0861739737045757,Animal Feed,13.11,1.32,64.15,69.43,1.02,0.35,0.4,1
Vegetables,0.5947231863368887,1.2450447603551382,-1.4773160835186907,0.5455141531232911,-0.5074054361985585,Biogas,12.38,6.23,-12.1,-30.41,1.29,0.5,1.39,4
Mixed,1.6400400507077961,-0.3084782821402556,-1.0408488860102556,1.480269776270767,-0.13283670146472065,Compost,18.13,4.83,-7.73,-31.69,0.86,0.48,0.77,3
Grains,-1.3735561327052186,-1.4295961783320734,-1.4410310407202276,1.0278204943050353,0.5653239579504199,Compost,2.28,0.22,-15.26,-37.56,1.03,0.21,0.27,1
Grains,1.125161378676659,-1.1565173802027495,0.6997864843890909,-1.6673532741558073,0.5564584257673723,Animal Feed,15.93,2.18,69.57,83.01,0.77,0.28,0.41,1
Vegetables,0.10318379476870167,0.5173207535912788,-0.45156583517752436,-0.0791873935502064,1.2324552547248906,Biogas,10.67,3.88,22.75,15.75,1.56,0.58,1.16,4
Vegetables,0.28211827831798425,0.8268586702959464,0.4995209597129585,-1.261986277876865,1.19477674294693,Animal Feed,11.66,4.74,60.3,69.05,1.41,0.51,1.34,4
Vegetables,1.402403740539579,1.0671242617074614,1.5381803098189624,-0.1469399510019276,-0.48524160574093617,Biogas,16.59,7.9,80.36,85.37,1.64,0.51,0.99,4
Grains,-0.7921958739008306,-1.107662161311789,-0.1898948534578391,-1.1127009817968012,1.1415835498486346,Animal Feed,5.6,0.79,39.24,42.75,0.95,0.28,0.4,1
Vegetables,-0.3572365561822188,0.5202374830773062,-1.4734782424534685,0.14703724743265922,1.2169405734045524,Biogas,8.07,2.94,-8.52,-23.35,1.48,0.45,1.3,4
Meat,1.572851213011425,0.33721270782908064,-0.9972370557236414,-0.19517058512010202,-1.792907602740728,Biogas,16.36,6.42,8.12,-0.99,2.56,1.05,0.46,2
Mixed,1.1223323749841803,0.7251377294707373,-0.7641754346719751,-1.350409107093518,0.3126562907335111,Animal Feed,15.73,6.43,24.84,27.12,1.62,0.47,0.93,3
Grains,-0.49515048619055924,-1.332614922921659,-0.21257300520687844,1.0611225988152033,0.8224243912588557,Compost,7.16,0.79,19.66,4.1,0.84,0.25,0.41,1
Vegetables,-0.18113107632541517,0.880088983415948,0.880862803739113,-0.13086307296253608,1.0086005671028913,Biogas,8.97,3.75,61.38,62.47,1.35,0.53,1.23,4
Meat,-0.06019116847194748,0.37221346166141084,1.249644440642723,-1.3871562568978413,-0.06191244400032674,Donation,9.18,3.35,82.89,97.03,3.08,0.98,0.6,2
Vegetables,0.18098139631186808,1.0241025017885554,0.825039660972247,-0.43287871041681886,-0.5650313953883809,Biogas,10.2,4.81,62.42,65.82,1.32,0.49,1.41,4
Mixed,0.5777491641820159,0.6737303722795028,0.6317520291419726,0.2974708919441083,-0.4497794770087392,Biogas,12.33,5.14,50.51,46.45,1.29,0.17,0.87,3
Grains,-0.5305130323465439,-1.4452735993194712,-1.6552523510880766,-1.708693817685671,0.8224243912588557,Animal Feed,6.97,0.66,2.43,2.72,1.05,0.33,0.38,1
Vegetables,1.0509000317490913,1.2545241311847277,1.5762098258288901,1.4090721735248903,-0.035315847451177454,Biogas,15.09,7.44,67.91,59.58,1.4,0.68,1.31,4
Vegetables,-0.8593847115972014,0.47466358485812665,1.7349568880721657,-1.7351058316075283,0.46337033784535286,Donation,5.06,1.87,99.83,119.78,1.3,0.61,1.17,4
Vegetables,-0.673377718816722,0.45315270489867376,0.4388132919539912,-0.30311533767030185,0.8290735403961399,Biogas,6.18,2.23,50.21,50.28,1.73,0.54,1.18,4
Fruits,-0.6960097483565522,-0.227903630088746,1.378386563648808,-0.3203405641410785,-0.5007562870612743,Compost,5.68,1.61,77.3,82.9,0.9,0.37,0.63,0
Meat,1.4314010283874863,0.4670071699573042,0.5096389043394528,-0.848580842578227,-0.879757787886636,Biogas,16.42,6.47,56.99,62.21,3.86,0.83,0.67,2
Grains,-0.9930551360668235,-1.7300193153929053,-1.5505839584002026,0.05172432762769568,0.8556701369452892,Compost,4.41,0.24,-9.9,-24.34,0.98,0.23,0.35,1
Fruits,-1.597047424411042,-0.09081734424545387,0.1199235888982681,1.548022333722488,-0.47415969051212503,Compost,1.0,0.3,24.95,7.07,1.35,0.36,0.7,0
Vegetables,-0.02977937877780067,0.7944100547638905,-0.31165908361806605,-0.5247465849276272,1.0839575906588121,Biogas,9.85,3.98,30.63,28.32,1.52,0.43,1.02,4
Grains,0.8429682603519011,-1.1601632920602838,1.4642146456528646,0.6890577070464292,0.6650611950097266,Compost,14.46,1.96,70.96,68.26,1.15,0.32,0.41,1
Grains,0.12227956969293337,-1.6242878715244085,0.08538301931126982,-1.611084201017937,0.3414692703284239,Animal Feed,10.34,0.74,51.47,60.89,0.88,0.3,0.49,1
Vegetables,-1.3268775717793189,0.5698218843397737,-1.5659353226610908,0.4524979301810973,1.2900812139147129,Biogas,2.62,0.97,-13.83,-31.85,1.7,0.37,1.01,4
Grains,-1.1111660402278123,-1.08760964609535,1.104155374806578,-1.359595894544599,1.0906067397960995,Donation,3.8,0.54,78.49,91.56,0.99,0.22,0.3,1
Grains,-0.23629664832875136,-1.4161063044591964,0.40706387950533623,-1.1368162988558883,1.159314614214733,Animal Feed,8.73,0.85,56.57,63.71,0.94,0.29,0.39,1
Vegetables,-0.2405401538674694,0.6299794299890904,1.6233106025384334,-0.5603453863005655,-0.10402372186981103,Biogas,8.2,3.31,86.4,95.49,1.42,0.48,1.11,4
Grains,1.0890915815975548,-1.5542863638597488,1.7143721041768838,-1.665056577293037,1.0329807806062772,Donation,16.08,1.27,98.63,117.86,1.01,0.27,0.43,1
Vegetables,0.9837111940527202,0.6066455941008704,0.04456234616299886,0.5018769127306568,0.6428973645521043,Biogas,15.22,5.87,31.9,22.68,1.6,0.5,0.92,4
Grains,0.24534123031576022,-1.4540237877775537,-0.8650059862946271,0.8773868497935866,0.7847458794808952,Compost,11.24,1.06,2.56,-15.14,0.96,0.3,0.43,1
Vegetables,1.1088946074449062,0.48159081738744186,-0.7181213418893104,0.7476234770470694,-0.16829883019692077,Biogas,15.3,5.86,7.91,-7.81,1.27,0.66,1.21,4
Grains,1.051607282672211,-1.2884993894454935,-0.13267613212180124,1.438929232740903,0.39022969733519547,Compost,15.4,1.84,18.67,0.28,1.11,0.25,0.48,1
Vegetables,0.4016436843252123,0.7612322568603279,1.1139244247907796,-1.634051169645639,-0.6935816120425973,Donation,11.27,4.9,81.15,96.66,1.95,0.39,0.86,4
Vegetables,1.0940423380593927,1.268743187429112,-0.9759544825437737,1.1794024872478692,0.009011813464070316,Biogas,15.35,7.59,-3.24,-24.2,1.21,0.48,1.24,4
Mixed,-0.9470838260640434,-0.5666088416536887,0.28948638505262414,1.3309844801907031,-2.7592506106931154,Compost,3.89,1.02,31.71,16.68,1.46,0.32,0.2,3
Vegetables,0.6880803081886884,1.2745766464011667,-1.697817497447812,-0.9381520202262651,-0.43204841264264077,Animal Feed,12.91,6.53,-5.5,-12.16,1.64,0.55,1.37,4
Grains,0.021849938609937,-1.3727199533545376,0.5961647756280954,-1.42505175513355,0.46115395479958937,Animal Feed,9.85,1.05,64.49,75.23,0.88,0.34,0.32,1
Vegetables,-1.0248814276072098,0.5286230803496349,0.5553441024798246,-0.09870931688375319,-0.4431303278714519,Biogas,3.99,1.57,51.77,50.73,1.23,0.65,1.34,4
Vegetables,1.603970253628692,0.5829471670268973,-1.6430410386078247,0.37441023684691016,0.5764058731792342,Biogas,18.56,7.12,-15.36,-33.14,1.55,0.55,1.06,4
Grains,0.7948751975797619,-1.7497072394235909,-0.5356494439701167,0.4639814144949485,1.1105541872079614,Compost,14.49,0.75,15.61,3.4,0.89,0.27,0.42,1
Grains,-1.3205123134712415,-1.693924788003315,0.36135868136496446,-0.0849291357071318,1.0706592923842375,Compost,2.63,0.16,46.09,43.81,0.97,0.28,0.42,1
Grains,0.36628113816922764,-1.0518797098915131,-1.3604363783505646,-0.4799609961036082,0.45007203957077824,Compost,11.72,1.79,0.19,-8.52,1.11,0.33,0.5,1
Vegetables,-0.5708263349643665,1.2968167087321263,1.0591479659507919,0.6913544039091994,0.6096516188656677,Biogas,6.68,3.23,59.33,54.28,1.54,0.5,1.23,4
Vegetables,0.1180360641542153,0.936600617207731,-0.7680132757371971,-1.700655378665975,0.09545075224880237,Animal Feed,10.2,4.53,27.8,33.11,1.85,0.45,1.08,4
Mixed,0.6583757694176611,0.46737176114305784,1.2451088102929149,1.3723250237205669,-0.8376465100171517,Biogas,12.5,4.92,58.73,48.83,1.65,0.32,0.99,3
Vegetables,-0.6861082354328765,0.5519569162378549,0.7754966217666531,-0.8072402990483633,0.1020999013860897,Animal Feed,5.9,2.29,64.25,70.63,1.42,0.33,1.19,4
Fruits,-1.1033862800734957,-0.06128545819942542,1.2866272727257715,1.252896786856516,-0.6381720358985383,Compost,3.54,1.1,60.96,52.33,0.98,0.42,0.86,0
Grains,1.4370590357724442,-1.1390170032865845,-0.11069576965734783,-1.0059045776779862,1.2657010004113272,Animal Feed,18.21,2.46,40.58,43.6,1.11,0.32,0.42,1
Mixed,0.7842664337329667,-0.20165306471449862,0.022581983698545208,0.9049472121468289,-1.7596618570542915,Compost,12.54,3.84,27.77,14.92,1.13,0.6,0.64,3
Meat,-1.1408705789988396,-0.20967407080107417,-0.4505191512506456,1.2620835743075967,-0.702447144225648,Compost,3.34,0.96,11.09,-7.58,3.59,0.87,0.55,2
Mixed,-0.14576853016943048,-0.5334310437501261,-1.3210112837714654,1.3275394348965477,-2.092119313918645,Compost,7.87,2.03,-14.43,-38.66,0.97,0.32,1.33,3
Grains,0.35072161786059447,-1.037660653647129,-0.9107111844349988,0.04368588860799991,0.8999977978605369,Compost,11.88,1.8,8.52,-2.18,0.98,0.29,0.42,1
Grains,-0.934353309447889,-1.2476651766411084,1.661340118548361,-0.5833123549282677,0.23729926717759334,Compost,4.6,0.58,87.69,97.2,0.96,0.39,0.39,1
Mixed,-1.4944960405586865,0.4578923903134683,1.0434477070476107,-1.4101232255255436,-1.3075197157187692,Animal Feed,1.48,0.59,77.18,90.34,1.79,0.45,0.91,3
Fruits,-0.9774956157581902,-0.6216621107024578,0.5054521686319376,1.6536703894099176,-2.2516988932135344,Compost,3.86,0.95,35.08,18.48,1.71,0.39,0.73,0
Grains,0.6753497915725338,-1.3486569350948105,-0.29421435150342035,1.2276331213660434,1.0706592923842375,Compost,13.79,1.48,15.87,-1.61,0.98,0.3,0.42,1
Mixed,-1.2717119997759827,0.28471157708058586,-0.5304160243357231,1.6823791001945452,0.04004117610474344,Biogas,2.76,0.97,5.15,-17.64,0.48,0.49,0.55,3
Grains,1.3055103640721812,-1.1685488893326126,0.47440054546786853,0.2986192403754932,0.9265943944096863,Compost,17.2,2.29,45.99,41.02,1.09,0.28,0.44,1
Grains,-1.135212571613882,-1.5557447286027626,1.4467699135382188,-0.9220751421868737,0.5209962970351752,Animal Feed,3.57,0.29,84.48,95.7,1.04,0.3,0.46,1
Vegetables,-0.9541563352952404,0.7488361565447109,0.2856485439874021,-0.848580842578227,0.880050350448675,Animal Feed,4.64,1.86,50.57,54.5,1.43,0.62,1.32,4
Vegetables,-1.6882827934934823,1.141500863601162,0.622331873800064,-1.208013901601765,0.9731384383706944,Animal Feed,0.57,0.26,63.35,72.34,1.47,0.41,1.47,4
Vegetables,-0.7292505417431777,0.5424775454082659,1.1662586211347166,-0.11823124021729997,-0.265819684210464,Biogas,5.57,2.19,69.45,72.07,1.48,0.41,1.36,4
Vegetables,-0.2900477184858479,1.0766036325370503,0.0975943317915216,-0.5190048427707018,0.24173203326911716,Biogas,8.07,3.72,42.31,42.29,1.61,0.82,1.27,4
Vegetables,0.644938001878387,0.6835743342948455,-1.706539863505135,-1.3538541523876733,-0.7822369338730928,Animal Feed,12.47,5.3,-2.13,-5.22,1.55,0.48,1.62,4
Grains,-1.4987395460974045,-1.126256311785214,-0.33154607822876214,-1.6627598804302666,0.5498092766300849,Animal Feed,1.59,0.23,39.97,47.45,1.02,0.29,0.3,1
Grains,-0.4520081798802577,-1.237092032254259,0.4538157615725865,-0.29392855021922104,0.8999977978605369,Compost,7.43,0.92,50.55,50.62,1.02,0.36,0.43,1
Vegetables,-1.3049527931626084,1.1404070900439018,-1.6873506581790247,-0.4179501808088124,0.7825294964351318,Biogas,2.68,1.23,-9.73,-20.86,1.61,0.46,1.08,4
Grains,-1.4082114279380835,-1.422668945802758,0.11120122284094526,-1.5858205355274646,1.305595895235048,Animal Feed,2.16,0.21,51.99,61.34,1.25,0.32,0.49,1
Mixed,1.4971753642376178,0.4557048431989476,0.6792017004938088,0.1424438537071189,-2.726004865006679,Compost,15.21,6.57,53.22,50.78,1.03,0.35,0.51,3
Vegetables,0.8592350315836543,0.6019059086860759,-1.7072376527897208,1.6663022221551538,0.9243780113639227,Biogas,14.72,5.6,-28.45,-57.85,1.52,0.36,0.96,4
Grains,-0.25468517232986326,-1.6873621466597533,-1.6828150278292169,-1.7155839082739817,0.9797875875079817,Animal Feed,8.55,0.52,1.7,1.89,0.9,0.26,0.37,1
Vegetables,-0.007854600161090255,0.8472757766981389,-1.188780214342451,1.0197820552853396,0.3924460803809558,Biogas,9.66,4.1,-7.97,-28.76,1.76,0.44,1.46,4
Vegetables,-0.7250070362044596,1.1265526249852713,1.6285440221728273,0.6672390868501121,1.1659637633520203,Biogas,5.98,2.68,75.86,74.28,1.32,0.5,1.24,4
Vegetables,-0.03543738616275835,1.1743140703189716,1.2663913834727825,0.07928468998093824,0.36363310078604616,Biogas,9.5,4.49,70.6,72.08,1.47,0.48,1.16,4
Meat,-0.4265471466479488,0.1859073657414047,0.5832556738632575,-1.1907886751309884,0.15307671143862164,Biogas,7.31,2.44,62.09,70.71,3.61,0.76,0.55,2
Vegetables,1.4384735376186832,0.6930537051244351,1.4422342831884112,-1.5869688839588496,0.9110797130893481,Donation,17.93,7.05,90.15,107.14,1.59,0.53,1.17,4
Meat,-1.1323835679214032,-0.1032134445610706,-1.670603715348965,0.23201503135515728,-0.9927933232205173,Compost,3.33,1.03,-14.9,-31.59,2.1,1.16,0.38,2
Grains,0.670399035110696,-1.2837597040306987,0.45207128836112204,0.5891513935159249,1.1992095090384538,Compost,13.85,1.6,42.81,35.17,1.03,0.29,0.4,1
Grains,0.6696917841875765,-1.521837748327693,-0.08348198755850053,0.32503125429735064,0.36806586687757004,Compost,13.32,1.15,29.77,21.36,0.88,0.34,0.37,1
Vegetables,1.7100578920966458,1.0828016826948588,-0.9476940165180477,-0.4271369682598933,0.03782479305897995,Biogas,18.66,8.7,11.55,4.74,0.89,0.38,1.43,4
Grains,0.6081609538761628,-1.2874056158882332,0.28913749041033127,-0.9909760480699801,1.1615309972604935,Animal Feed,13.47,1.55,51.91,57.1,1.06,0.24,0.41,1
Vegetables,1.1470861572933697,0.5650821989249786,0.7814278306856327,1.112798278227533,0.05998862351660226,Biogas,15.67,6.12,47.71,37.4,1.31,0.5,1.35,4
Vegetables,-0.9633505972957964,1.1210837571989696,-0.2764207247464818,1.4538577623489095,0.7647984320690333,Biogas,4.56,2.08,14.41,-4.93,1.47,0.46,1.43,4
Mixed,0.986540197745199,0.4294542778247002,-0.48645529940681576,-0.5270432817903975,-1.5579709998899178,Biogas,13.67,5.49,25.64,22.35,1.09,0.41,0.66,3
Grains,-0.11252773678280495,-1.2093831021369976,1.4886372706133686,-1.3102169119950395,0.6451137475978647,Donation,9.2,1.19,89.07,103.91,0.99,0.24,0.38,1
Vegetables,-0.8105843979019426,0.9500904910806078,-1.4026526300680071,0.3525916166505934,0.006795430418306825,Biogas,5.21,2.33,-8.28,-24.5,1.24,0.52,1.06,4
Grains,-0.008561851084209808,-1.7085084354334525,-1.6960730242363475,-1.3044751698381138,0.9132960961351116,Animal Feed,9.89,0.57,-2.25,-5.71,0.81,0.23,0.48,1
Vegetables,0.6300857324928735,0.9555593588669096,-0.43377220842058584,-0.5477135535553294,0.7758803472978445,Biogas,13.36,5.78,27.33,24.51,1.8,0.57,1.29,4
Fruits,-0.8961617595994255,0.09257202218852484,-0.8950109255318177,1.5147202292123199,-2.3447869811355537,Compost,4.22,1.54,-3.84,-27.25,1.15,0.48,0.93,0
Vegetables,0.5841144224900934,0.7444610623156696,1.211963819275088,-1.384859560035071,0.8844831165401988,Donation,13.17,5.28,81.79,95.71,1.3,0.52,1.25,4
Mixed,0.44407873971239403,0.7619614392318347,-0.3214281336022677,-1.2137556437586907,-0.38993713477315645,Animal Feed,11.67,5.0,36.35,39.98,1.34,0.27,0.85,3
Mixed,1.4031109914626987,0.8020664696647125,-1.3782300051075032,1.3665832815636414,0.026742877830168793,Biogas,17.01,7.24,-16.41,-41.3,1.03,0.51,1.06,3
Fruits,0.8719655481998088,0.8574843298992352,-0.44668131018542356,0.45594297547525275,-0.9130035335730726,Biogas,13.55,6.15,18.22,6.59,1.35,0.39,1.23,0
Meat,0.4454932415586334,0.16950076238249998,-1.7243334902620737,-1.274618110622101,-1.3474146105424931,Biogas,11.13,3.97,-3.33,-7.21,2.73,1.14,0.53,2
Vegetables,1.4802013420827453,1.0339464638038982,-0.4180719495174046,-0.129714724531151,1.2058586581757411,Biogas,18.41,8.01,24.15,17.78,1.28,0.74,1.1,4
Vegetables,-0.432912404956026,0.5009141502323741,-1.1116744983957172,-0.5419718113984038,-0.4652941583290742,Biogas,7.06,2.76,7.85,1.1,1.59,0.61,1.08,4
Vegetables,0.2113931860060149,0.9869142008417051,-1.5997781029635034,-1.2654313231710204,1.0152497162401786,Animal Feed,11.17,4.83,0.15,-3.1,1.39,0.59,1.2,4
Grains,-0.9994203943749008,-1.1718302100043938,-0.8548880416681327,0.29402584664995285,0.8401554556249542,Compost,4.38,0.58,7.92,-4.64,1.0,0.26,0.51,1
Meat,-0.4336196558791458,0.1607505739244174,-1.6828150278292169,0.5730745154765334,-0.15056776583081913,Biogas,7.16,2.4,-18.23,-37.97,3.07,0.77,0.63,2
Vegetables,-1.495203291481806,1.0904580975956812,0.10073438357215794,0.6993928429288951,0.5143471478978879,Biogas,1.61,0.74,31.79,21.18,1.3,0.5,1.39,4
Vegetables,-1.5913894170260845,0.6394588008186799,1.3257034726625778,-0.13201142139392114,-0.3766388364985818,Biogas,1.04,0.43,74.14,77.79,1.59,0.48,1.27,4
Grains,-1.2533234757748708,-1.4511070582915262,-1.5415126977005869,1.612329845880054,0.6318154493232931,Compost,2.94,0.28,-23.23,-51.21,0.85,0.34,0.38,1
Vegetables,1.5572916927027918,0.9293087934926623,-1.1842445839926432,-1.3550025008190585,0.651762896735152,Animal Feed,18.37,7.92,12.85,12.77,1.61,0.39,1.12,4
Grains,-0.97820286668131,-1.2713636037150822,0.2528524476118683,-0.38005468257310393,1.159314614214733,Compost,4.56,0.54,45.55,45.21,0.93,0.26,0.42,1
Vegetables,-0.6153831431209071,1.2771287847014405,-0.0761552000703493,-1.0024595323838312,0.742634601611411,Animal Feed,6.47,3.1,41.54,44.73,1.49,0.39,1.43,4
Grains,-0.5616320729638102,-1.2812075657304247,0.02676871940606033,0.6913544039091994,0.6295990662775296,Compost,6.73,0.8,29.74,18.77,0.83,0.35,0.46,1
Grains,-1.3169760588556432,-1.6250170538959154,1.1125288462216076,0.6190084527319379,0.4766686361199275,Compost,2.58,0.18,61.49,57.38,1.02,0.28,0.36,1
Grains,-0.8622137152896803,-1.6472571162268752,0.23575661013951546,1.5767310445071159,0.7116052389707379,Compost,5.11,0.34,28.02,10.54,0.98,0.29,0.41,1
Grains,-0.19456884386468942,-1.2352690763254917,1.5730697740482538,-0.009138139235715036,1.1172033363452487,Compost,8.94,1.1,80.16,84.17,1.1,0.31,0.46,1
Grains,0.3924494223246564,-1.1878722221775448,0.7416538414642405,-1.5938589745471603,1.1149869532994854,Animal Feed,12.24,1.58,70.13,83.16,1.01,0.33,0.45,1
Grains,1.1159671166761034,-1.0766719105227467,-1.6831639224715098,0.7579586129295354,0.45893757175382904,Compost,15.8,2.36,-19.85,-41.19,1.13,0.32,0.43,1
Meat,0.7856809355792063,0.3988286182214119,1.4202539207239573,1.0703093862662842,-1.057068431547624,Biogas,13.01,5.04,66.38,60.11,3.69,1.14,0.51,2
Grains,0.10742730030741975,-1.5181918364701585,0.19598262091812327,0.07813634154955315,0.48110140221145137,Compost,10.33,0.89,39.93,35.28,1.27,0.32,0.41,1
Grains,-1.5178353210216362,-1.1142248026553507,0.290881963621796,0.07469129625539771,0.5542420427216087,Compost,1.49,0.21,42.68,38.6,0.99,0.36,0.48,1
Vegetables,-0.7469318148211701,0.9074333223474557,-0.27153619975438104,-1.3044751698381138,0.8445882217164781,Animal Feed,5.78,2.45,38.57,43.28,1.22,0.47,1.25,4
Grains,-1.0001276452980203,-1.3865744184131679,-0.6364799955927687,0.48465168625988037,0.5431601274927976,Compost,4.31,0.45,12.53,-0.43,0.94,0.33,0.4,1
Vegetables,-1.3360718337798752,1.001862439457596,0.3969459348788417,-0.8428391004213014,1.1260688685282965,Animal Feed,2.55,1.1,53.71,58.23,1.93,0.42,0.92,4
Vegetables,-0.1867890837103726,1.217335830237877,-0.8670993541483846,0.49728351900511647,-0.13283670146472065,Biogas,8.48,4.15,5.8,-8.6,1.86,0.38,1.32,4
Meat,-0.11818574416776238,0.006163911164960427,1.5151532634276303,0.772887142537542,0.004579047372543334,Compost,8.9,2.76,71.7,68.56,3.21,0.86,0.61,2
Vegetables,-0.49444323526743944,0.786389048677315,1.1952168764450284,0.17000421606036167,-0.8354301269713882,Biogas,6.62,2.92,67.77,68.04,1.72,0.61,1.38,4
Meat,-0.6705487151242432,0.3802344677479864,-1.0132862092691155,-1.2390193092491628,-1.2521101395747103,Biogas,5.6,2.17,16.74,16.63,2.99,0.6,0.57,2
Vegetables,-0.04321714631707494,0.9212877874060866,1.5531827794375574,-0.8370973582643759,0.04669032524203076,Animal Feed,9.32,4.12,86.8,97.9,1.66,0.42,1.57,4
Grains,0.3995219315558534,-1.5524634079309816,-1.1263280733720196,-0.18598379766902118,0.6606284289182027,Compost,12.02,0.97,4.34,-5.59,0.89,0.28,0.28,1
Grains,-1.2639322396216661,-1.6622053548427662,-1.4448688817854498,-1.329738835328586,0.9221616283181593,Animal Feed,2.92,0.19,5.16,3.37,0.95,0.31,0.41,1
Vegetables,0.1251085733854121,0.9974873452285545,-1.6817683439023383,1.4768247309766116,-0.008719250902028162,Biogas,10.19,4.63,-26.07,-53.67,1.63,0.6,1.18,4
Vegetables,0.1951264147742619,0.7196688616844361,0.3986904080903062,1.6111814974486687,-0.3589077721324833,Biogas,10.38,4.38,32.39,15.55,1.47,0.45,1.02,4
Grains,0.12652307523165168,-1.7318422713216726,-0.6839296669446049,-0.8083886474797483,1.1349344007113473,Animal Feed,10.75,0.58,22.42,20.44,0.87,0.31,0.41,1
Vegetables,0.3500143669374749,0.5111227034334703,-1.4096305229138655,0.23431172821792742,0.7936114116639429,Biogas,11.82,4.37,-7.45,-22.67,1.5,0.51,1.01,4
Fruits,0.14420434830964404,0.7667011246466291,0.8055015610038437,0.927914180774531,0.07771968788270389,Biogas,10.33,4.33,50.0,41.45,1.45,0.26,1.14,0
Meat,-0.717227276050143,0.32591038107072456,-0.736263863288542,-0.2273243411988849,-0.7955352321476674,Biogas,5.49,2.04,15.87,8.53,2.47,1.04,0.49,2
Vegetables,-1.2391784573124769,0.6201354679737477,-0.5039000315214615,1.3998853860738092,0.3237382059623254,Biogas,2.98,1.17,8.36,-11.82,1.45,0.56,1.34,4
Vegetables,-0.019877865854124918,0.9158189196197849,-1.3157778641370717,1.494049957447388,0.8290735403961399,Biogas,9.79,4.17,-15.73,-41.39,1.13,0.35,1.28,4
Fruits,-1.6394824797982237,0.6839389254805992,0.791545775312127,-1.6811334553324284,-0.7645058695069943,Animal Feed,0.77,0.33,72.32,86.41,1.11,0.4,0.67,0
Meat,-1.6394824797982237,-0.08425470290189202,-0.7585931203952885,1.6858241454887006,-1.4183388680068871,Compost,0.75,0.24,-1.43,-25.55,3.3,0.99,0.38,2
Grains,0.24392672846952085,-1.5965789414071474,-0.45156583517752436,1.6697472674493092,0.656195662826679,Compost,11.16,0.83,7.51,-14.72,1.03,0.28,0.46,1
Vegetables,-1.714451077648911,0.9719659622258143,0.1373683210129138,1.3964403407796542,1.2080750412215047,Biogas,0.43,0.18,26.76,10.29,1.34,0.43,1.25,4
Vegetables,-1.1408705789988396,1.1721265232044509,1.0200717660139853,1.4251490515642817,1.0773084415215248,Biogas,3.63,1.66,51.82,40.16,1.52,0.41,1.43,4
Vegetables,-1.5701718893324936,0.7601384833030675,-0.9815367968204604,-1.7018037270973603,0.5852714053622818,Animal Feed,1.2,0.49,21.67,25.77,1.71,0.56,1.09,4
Grains,0.7984114521953607,-1.5028790066685143,-0.4027205852565165,1.407923825093505,1.0329807806062772,Compost,14.45,1.24,11.19,-8.48,0.88,0.29,0.41,1
Grains,-0.5121245083454318,-1.5032435978542678,1.0427499177630248,-1.0426517274823097,0.35033480251147153,Animal Feed,6.92,0.61,73.96,83.93,0.95,0.38,0.49,1
Vegetables,-1.3827503947057747,0.69888716409649,-1.2442544624670244,-0.8520258878723823,0.044473942196267276,Animal Feed,2.17,0.89,6.75,1.94,1.52,0.53,1.07,4
Vegetables,0.30121405324221595,0.741179741643889,-1.0698071413205674,1.4262973999956667,0.9953022688283166,Biogas,11.66,4.65,-8.09,-31.75,1.72,0.6,1.46,4
Vegetables,0.834481249274465,0.7466486094301902,0.6505923398257901,0.8831285919505119,-0.09072542359523637,Biogas,13.9,5.84,45.95,36.89,1.72,0.49,1.08,4
Fruits,0.8585277806605348,0.8396193617973164,0.629658661288215,1.2907922850922242,-0.13505308451048414,Biogas,14.0,6.08,41.8,29.07,1.16,0.42,0.8,0
Vegetables,1.3019741094565824,1.0656658969644475,1.5193399991351448,-0.141198208845002,-0.5251365005646601,Biogas,16.04,7.65,79.77,84.62,1.55,0.56,1.18,4
Vegetables,-1.1946216491559363,1.3358279656077439,0.11469016926387444,0.44216279429863137,-0.16386606410539378,Biogas,3.14,1.6,34.43,26.14,1.66,0.56,1.13,4
Mixed,0.05791973568904124,0.7112832644121069,-0.6570647794880505,-1.4112715739569286,-1.828369731472925,Animal Feed,8.97,4.06,28.45,31.87,1.47,0.53,0.71,3
Grains,1.7242029105590395,-1.3497507086520706,1.3100032137593967,-0.5637904315947208,0.8091260929842811,Compost,19.42,2.11,77.45,84.78,0.88,0.32,0.4,1
Grains,0.19583366569738145,-1.2578737298422047,-0.9487407004449264,0.25727869684562943,0.966489289233407,Compost,11.06,1.33,5.56,-7.21,1.08,0.3,0.36,1
Vegetables,-0.25114891771426473,0.7298774148855324,-0.32980160501729766,0.28828410449302727,0.9022141809063005,Biogas,8.54,3.4,23.03,13.53,1.5,0.53,1.06,4
Vegetables,0.3938639241708957,1.0441550170049945,0.32402695463962267,-1.6937652880776646,-0.7489911881866561,Animal Feed,11.2,5.36,59.03,70.53,1.55,0.52,1.23,4
Vegetables,1.6386255488615564,0.9362360260219774,0.18656246557621475,-1.2987334276811882,1.163747380306257,Animal Feed,19.26,8.13,51.64,58.92,1.37,0.52,1.12,4
Grains,1.0883843306744352,-1.208653919765491,-1.0617825645478305,-1.1115526333654162,0.4766686361199275,Animal Feed,15.67,2.04,14.25,12.75,0.97,0.34,0.38,1
Vegetables,1.2425650319145285,0.9573823147956767,-1.3960236318644417,0.4823549893971102,-0.33009479253757057,Biogas,15.88,7.24,-9.23,-26.53,1.57,0.54,1.29,4
Meat,0.7616344041931364,0.3598173613457939,-1.6681614528529145,1.2253364245032732,-1.6377607895373625,Biogas,12.51,4.91,-23.49,-48.82,3.44,0.91,0.47,2
Vegetables,-0.5778988441955633,0.7459194270586835,-1.4731293478111758,1.6111814974486687,0.01787734564711798,Biogas,6.46,2.7,-21.25,-48.82,1.61,0.61,0.8,4
Mixed,1.5191001428543285,0.7787326337764925,-0.22931994803693845,0.07124625096124246,-0.48524160574093617,Biogas,17.2,7.45,27.8,20.77,1.11,0.33,0.85,3
Grains,-1.0927775162267004,-1.0774010928942537,0.4339287669618904,-0.07000060609912555,0.7913950286181826,Compost,3.85,0.56,48.03,46.03,1.0,0.31,0.39,1
Grains,0.874087300969168,-1.6450695691123547,-0.4407501012664442,1.6835274486259306,1.1615309972604935,Compost,14.96,0.99,7.7,-14.59,1.01,0.33,0.44,1
Grains,-0.24973441586802536,-1.2637071888142597,0.22075414052092018,1.0060018741087182,0.7825294964351318,Compost,8.5,1.03,32.56,19.97,1.04,0.31,0.39,1
Vegetables,0.14632610107900296,1.128740172099792,-1.3642742194157866,1.2184463339149627,1.285648447823186,Biogas,10.94,4.88,-14.72,-38.24,1.63,0.45,1.11,4
Vegetables,-1.2405929591587164,0.6540424482488176,0.15760421026590296,-1.1632283127777459,0.36584948383180965,Animal Feed,2.97,1.18,49.63,55.56,1.4,0.48,1.4,4
Vegetables,-1.25544522854423,0.8035248344077265,-0.3730645406616188,1.4217040062701265,0.4035279956097701,Biogas,2.9,1.21,11.93,-7.69,1.65,0.45,1.09,4
Grains,-1.57865890040993,-1.7467905099375634,1.1746320925497464,-0.652213260811374,0.4256918260673924,Animal Feed,1.15,0.06,74.34,81.65,0.89,0.29,0.3,1
Vegetables,-0.5778988441955633,0.4378398750970294,1.5039886348742568,-1.3894529537606117,1.2125078073130284,Donation,6.82,2.41,90.2,105.82,1.41,0.43,1.19,4
Grains,-1.6416042325675826,-1.195528637078367,1.4181605528702002,-0.324933957866619,0.915512479180872,Compost,0.82,0.11,78.48,84.34,0.89,0.29,0.49,1
Grains,0.6902020609580475,-1.3781888211408388,-1.3349670694631819,0.4364210521417062,0.4146099108385813,Compost,13.46,1.43,-7.06,-23.61,0.94,0.29,0.5,1
Fruits,-0.5489015563476558,-0.299728093682173,-0.3245681853829038,0.5857063482217695,0.44120650738772743,Compost,6.74,1.75,20.59,8.53,0.83,0.34,0.86,0
Grains,0.42427571386504254,-1.3442818408657695,-0.7648732239565609,1.4848631699963073,1.0883903567503361,Compost,12.4,1.34,0.14,-22.26,1.12,0.25,0.37,1
Vegetables,-0.9661796009882752,0.8698804302148516,-1.5024364977637805,-0.46388411806421664,-0.013152016993555143,Biogas,4.38,1.91,-4.03,-13.69,1.65,0.38,1.3,4
Grains,0.22836720816088743,-1.319125049048782,-0.026612160864755503,-0.6085760204187399,0.8113424760300414,Animal Feed,11.16,1.26,39.53,39.58,1.08,0.26,0.36,1
Grains,-0.5177825157303895,-1.0329209682323344,0.4771917026062118,0.21364145645299557,0.60078608668262,Compost,6.96,1.08,46.82,42.6,1.1,0.34,0.41,1
Grains,0.0013396618394656927,-1.1689134805183663,0.6279141880767505,0.42838261312201037,0.25946309763521563,Compost,9.65,1.32,49.26,44.04,1.02,0.35,0.37,1
Vegetables,0.06428499399711847,0.6824805607375857,0.05119134436656414,0.391635463317687,0.3370365042368969,Biogas,10.03,4.03,33.05,24.83,1.82,0.47,1.24,4
Vegetables,1.5834599768582207,0.9041520016756751,-1.64129656539636,0.2159381533157657,-0.49853990401551085,Biogas,17.52,7.92,-13.93,-30.31,1.52,0.4,0.96,4
Grains,-1.227862442542562,-1.319125049048782,-1.2027360000341676,-0.2032090241397978,1.2590518512740398,Compost,3.17,0.35,2.3,-7.92,0.95,0.27,0.43,1
Grains,1.2284200134521344,-1.5885579353205719,1.6941362149238948,-0.09870931688375319,0.7359854524741236,Compost,16.63,1.25,84.41,89.89,0.93,0.4,0.32,1
Grains,-0.9619360954495569,-1.3829285065556336,-1.738638170596083,0.22742163762961692,0.4877505513487387,Compost,4.51,0.47,-16.83,-33.88,0.97,0.27,0.36,1
Vegetables,1.395331231308382,0.4670071699573042,0.021186405129373583,1.3803634627402626,-0.8088335304222389,Biogas,16.29,6.4,23.58,6.59,1.59,0.55,1.45,4
Vegetables,1.0989930945212305,0.585134714141418,0.6181451380925489,0.15163064115819996,-0.035315847451177454,Biogas,15.34,6.07,51.4,48.53,1.26,0.56,1.02,4
Grains,0.4971225589463713,-1.1915181340350793,0.6638503362329207,0.707431281948591,0.4700194869826402,Compost,12.44,1.65,47.86,40.4,0.89,0.29,0.49,1
Vegetables,0.5756274114126573,0.7648781687178621,0.8686514912588612,1.3861052048971882,1.1881275938096427,Biogas,13.31,5.3,47.82,35.63,1.38,0.61,0.87,4
Grains,-0.47039670388136984,-1.444179825762211,1.383271088640909,-1.3917496506233817,0.5631075749046596,Donation,7.21,0.69,86.76,101.71,1.05,0.31,0.41,1
Grains,1.2793420799167523,-1.101099519968227,-1.2271586249946718,0.9233207870489907,0.773663964252081,Compost,16.94,2.43,-8.22,-28.4,0.9,0.25,0.41,1
Meat,1.2015444783735858,-0.20311142945751232,-0.6640426723339089,0.22627328919823164,-1.5734856812102527,Compost,14.72,4.45,13.99,3.11,3.26,1.16,0.51,2
Grains,-0.5573885674250922,-1.195528637078367,-1.4466133549969142,0.047130933902155156,0.3060071415962238,Compost,6.66,0.89,-6.88,-20.68,1.11,0.36,0.4,1
Vegetables,1.381893463769108,1.1885331265633556,-0.014749743026796566,0.29287749821856796,1.1659637633520203,Biogas,17.82,8.14,32.02,24.29,1.57,0.56,1.08,4
Meat,-0.9329388076016496,-0.1823297318695664,0.2598303404577267,0.8165243829301759,-0.9418165131679822,Compost,4.36,1.29,35.33,24.61,2.54,1.1,0.41,2
Vegetables,1.6237732794760433,0.4298188690104538,0.189353622714558,0.3434048291995124,-0.18381351151725575,Biogas,18.01,6.76,37.44,30.44,1.44,0.51,1.38,4
Vegetables,-1.6543347491837372,0.4495067930411396,1.5626029347794665,-0.48799943512330396,1.0640101432469502,Biogas,0.76,0.27,84.03,92.14,1.54,0.55,1.01,4
Meat,-0.5036374972679953,-0.021545018952300952,1.7059986327618542,-0.46388411806421664,-1.5646201490272051,Compost,6.33,2.1,87.93,96.65,2.72,1.15,0.42,2
Vegetables,1.1492079100627288,0.7141999938981344,-1.5976847351097458,-0.44780724002482514,-0.38550436868162946,Biogas,15.35,6.47,-6.89,-17.25,1.14,0.67,1.07,4
Vegetables,-0.8707007263671165,1.0262900489030762,-1.153192960828574,-1.5410349467034457,-0.261386918118937,Animal Feed,4.83,2.24,15.36,17.07,1.52,0.75,1.06,4
Grains,0.6124044594148811,-1.6366839718400255,-1.5879156851255443,0.9451394072453078,0.8866994995859623,Compost,13.33,0.9,-18.75,-41.18,0.91,0.39,0.4,1
Mixed,-1.412454933476802,0.6850326990378595,-1.6807216599754595,0.7740354909689269,-1.6111641929882132,Biogas,1.85,0.82,-19.92,-41.39,1.19,0.28,0.81,3
Grains,-0.12879450801455794,-1.6148085006948192,-1.0541068824173865,0.38819041802353155,0.6052188527741439,Compost,9.1,0.65,1.4,-13.12,0.92,0.33,0.36,1
Vegetables,0.5572388874115449,0.922381560963347,0.13771721565520686,1.2850505429352987,0.03339202696745612,Biogas,12.51,5.54,27.75,12.25,1.33,0.68,1.31,4
Fruits,0.12369407153917274,-0.551660603037798,0.5092900096971597,0.48580003469126565,-0.8620267235205376,Compost,9.76,2.33,45.37,38.97,1.44,0.46,0.38,0
Grains,0.6343292380315917,-1.677882775830164,-1.0802739805893549,0.18722944253113807,0.4168262938843416,Compost,13.16,0.84,2.4,-10.53,0.88,0.39,0.38,1
Grains,-0.7964393794395486,-1.4598572467496087,-0.8405833613341233,-1.6191226400376328,0.24173203326911716,Animal Feed,5.35,0.51,25.0,29.19,1.03,0.35,0.41,1
Meat,1.2446867846838872,-0.17357954341148388,-1.0328243092375187,-1.329738835328586,-1.1568056686069306,Compost,15.25,4.59,16.97,17.54,3.13,1.02,0.59,2
Meat,-0.4322051540329065,-0.009878101008190966,-0.7034677669130082,0.9635129821474695,-0.5251365005646601,Compost,7.04,2.22,6.43,-11.09,2.92,1.16,0.32,2
Vegetables,0.1343028353859683,0.4509651577841531,0.26297039223836277,0.15277898958958483,0.8512373708537654,Biogas,10.66,3.84,41.2,36.28,1.26,0.55,1.06,4
Vegetables,0.6859585554193292,1.2403050749403437,0.2975109618253613,-1.6685016225871923,-0.8066171473764786,Animal Feed,12.66,6.46,58.06,69.2,1.33,0.68,0.89,4
Vegetables,-1.5051048044054816,0.9482675351518408,-1.0691093520359818,0.15277898958958483,0.5254290631266991,Biogas,1.55,0.68,3.02,-9.54,1.41,0.41,1.4,4
Meat,1.1555731683708057,0.30804541296880583,0.7095555343732924,-1.5042877968991222,-1.3474146105424931,Biogas,14.66,5.55,68.43,80.5,2.73,1.11,0.57,2
Vegetables,0.6902020609580475,1.2909832497600715,0.7357226325452609,0.5902997419473103,0.8113424760300414,Biogas,13.71,6.57,50.94,44.92,1.53,0.63,1.41,4
Mixed,-0.4470574234184201,-0.5990574571857445,1.2981407959214375,-0.6682901388507654,0.5032652326690736,Animal Feed,7.32,1.59,78.02,86.18,0.85,0.45,0.63,3
Fruits,-0.5687045821950073,0.6390942096329263,1.4725881170678943,0.7924090658710886,-2.8412567833863207,Compost,5.61,2.62,70.3,66.75,1.59,0.51,1.2,0
Mixed,-0.16486430509366218,0.20267856028606285,-0.3999294281181733,1.4251490515642817,-2.067739100415259,Compost,7.79,2.93,11.12,-8.68,1.17,0.26,0.61,3
Vegetables,1.4582765634660348,0.8155563435375898,-0.841630045261002,-0.7383393931652569,0.9908695027367929,Animal Feed,18.11,7.4,17.3,13.81,1.11,0.52,0.77,4
Vegetables,-0.555266814655733,0.9989457099715685,-1.1758711125776131,-0.38464807629864445,-0.04639776267998861,Biogas,6.56,2.99,4.64,-3.84,1.21,0.43,0.75,4
Meat,-0.9661796009882752,-0.13347451297860605,0.050493555081978454,-1.274618110622101,-1.178969499064553,Compost,4.14,1.27,47.53,53.82,3.22,1.23,0.55,2
Vegetables,-1.5567341217932193,1.2053043211080137,-1.434750937158955,1.2873472397980688,1.1969931259926936,Biogas,1.31,0.6,-17.34,-41.87,1.01,0.48,1.13,4
Mixed,-0.811998899748182,-0.16592312851066193,-1.399861472929664,1.0151886615597991,-1.6732229182695595,Compost,4.79,1.48,-13.97,-35.93,1.8,0.4,0.93,3
Vegetables,-0.4109876263393156,1.0758744501655437,0.8710937537549114,-0.6303946406150569,1.1548818481232093,Animal Feed,7.74,3.42,65.45,70.83,1.5,0.59,1.35,4
Meat,0.9992707143613534,0.18700113929866508,1.0922929569686188,-0.9301135812065695,-0.8221318286968136,Biogas,14.26,5.0,74.4,83.66,3.34,1.11,0.61,2
Meat,-1.0729744903793488,-0.21441375621586894,1.2552267549194094,1.1690673513654033,-0.737909272957845,Compost,3.68,1.06,60.79,52.7,2.71,1.01,0.63,2
Fruits,0.9448123932811373,0.7189396793129293,-1.112721182322596,1.2919406335236097,-2.417927621645711,Compost,12.87,6.03,-8.15,-30.87,0.89,0.32,0.67,0
Meat,1.3139973751496172,-0.17248576985422379,-1.4267263603862184,0.21478980488438043,-1.1279926890120209,Compost,15.62,4.7,-7.77,-22.92,3.23,0.84,0.35,2
Vegetables,-1.5581486236394586,1.0714993559365023,-1.7379403813114973,0.7131730241055162,0.7116052389707379,Biogas,1.28,0.57,-21.03,-42.3,1.49,0.63,0.8,4
Grains,1.5297089067011238,-1.3245939168350835,1.0319341838519445,0.9726997695985502,1.3033795121892844,Compost,18.77,2.05,56.1,48.45,1.19,0.26,0.38,1
Vegetables,0.9306673748187433,0.9602990442817041,-1.6475766689576326,0.7717387941061568,-0.6603358663561638,Biogas,14.02,6.51,-18.95,-40.22,1.65,0.5,1.5,4
Mixed,0.01194842568626125,-0.10977608590463243,-0.015447532311382255,0.1252186272363425,-0.5406511818849951,Compost,9.34,2.81,33.45,27.17,1.21,0.29,0.74,3
Mixed,-0.2900477184858479,0.2661174266071609,-1.1751733232930275,-0.0033963970787894275,0.41017714474705746,Biogas,8.14,2.78,1.35,-10.45,1.55,0.28,0.65,3
Vegetables,-0.7957321285164289,1.3172338151343188,1.5291090491193466,1.0002601319517925,0.20848628758268056,Biogas,5.34,2.65,70.11,65.07,1.73,0.47,1.28,4
Fruits,-0.3685525709521339,0.13267705262140292,-1.0966720287771219,1.0829412190115204,-0.75342395427818,Biogas,7.29,2.49,-5.88,-26.69,1.34,0.44,0.83,0
Grains,1.1124308620605046,-1.1634446127320646,1.5524849901529718,-0.7142240761061696,0.29935799245893957,Animal Feed,15.67,2.16,85.71,95.74,1.07,0.28,0.52,1
Vegetables,1.3896732239234246,0.5654467901107322,1.6533155417756238,-1.2826565496417968,0.6185171510487185,Donation,17.42,6.63,93.54,109.09,1.62,0.32,0.94,4
Vegetables,-0.22780963725131495,1.005143760129377,-0.1898948534578391,-0.989827699638595,-0.0020701017647439886,Animal Feed,8.31,3.79,38.17,40.61,1.87,0.32,1.01,4
Vegetables,-1.2045231620796122,0.5818533934696369,0.5710443613830057,-1.1574865706208202,-0.4652941583290742,Animal Feed,3.05,1.23,61.44,69.69,1.87,0.38,1.18,4
Fruits,-1.1599663539230711,-0.12909941874956463,-1.3921857907992197,-0.2835934143367551,-1.1612384346984543,Compost,3.17,0.97,-2.44,-13.05,1.3,0.53,1.21,0
Mixed,1.3040958622259415,0.305493274668532,0.8034081931500862,-0.14923664786469776,-0.8376465100171517,Biogas,15.8,5.83,59.31,60.12,1.15,0.38,0.78,3
Vegetables,-0.19669059663404834,0.5782074816121023,0.670828229078779,-0.9496355045401162,0.7603656659775094,Animal Feed,8.79,3.34,62.5,69.52,1.17,0.49,0.95,4
Vegetables,0.23261071369960576,0.4794032702729212,-0.10476456073836823,1.6973076298025516,0.3990952295182431,Biogas,10.97,4.08,17.21,-3.26,1.34,0.62,1.36,4
Vegetables,0.7375878728070671,1.0248316841600622,-1.2871685034690528,1.4779730794079964,1.0285480145147532,Biogas,14.11,6.17,-14.77,-40.12,1.5,0.47,1.1,4
Grains,1.4342300320799655,-1.5429840371013923,1.44328096711529,-0.8945147798336311,0.3436856533741842,Animal Feed,17.44,1.45,84.15,95.12,1.08,0.22,0.38,1
Grains,0.8302377437357467,-1.5579322757172833,1.3944357171942818,1.549170682153873,0.23286650108606635,Compost,14.1,1.15,61.47,50.88,1.11,0.28,0.39,1
Meat,0.7991187031184802,-0.07987960867285061,-0.3200325550330961,-1.2378709608177778,-1.848317178884787,Compost,12.55,4.1,36.61,40.46,3.13,1.27,0.61,2
Meat,-0.14718303201566982,0.45424647845593413,0.8470200234367004,0.24464686410039335,-1.041553750227289,Biogas,8.31,3.28,57.15,54.78,3.35,0.89,0.45,2
Grains,-0.014219858469167488,-1.3570425323671396,-1.1434239108443724,-0.38005468257310393,0.4700194869826402,Compost,9.66,1.05,5.53,-2.81,0.85,0.26,0.4,1
Vegetables,-0.7285432908200581,1.3398384686510316,1.180563301468726,1.4136655672504306,-0.7401256560036085,Biogas,5.45,2.85,56.53,45.89,1.01,0.39,1.29,4
Grains,1.1343556406772153,-1.5754326526334481,-0.31410134611411644,0.7097279788113611,0.35920033469452234,Compost,15.83,1.24,19.81,6.74,0.89,0.24,0.32,1
Vegetables,-1.6550420001068569,0.8760784803726601,1.3134921601823262,-1.1391129957186585,0.08880160311151504,Animal Feed,0.72,0.31,82.56,94.91,1.23,0.34,1.21,4
Vegetables,-0.16840055970926068,1.3285361418926755,-0.8231386292194776,-1.4985460547421967,0.5010488496233133,Animal Feed,8.84,4.34,24.45,27.69,1.21,0.49,1.4,4
Meat,0.30970106431965233,0.46810094351456455,-0.7303326543695625,0.5259922297897441,-1.4360699323729886,Biogas,10.4,4.22,9.48,-4.38,3.91,0.84,0.53,2
Fruits,-0.6068961320434707,0.6467506245337488,-0.019285373376604287,-0.1767970102179403,-0.4165337313223026,Biogas,6.17,2.54,35.98,32.31,1.45,0.37,1.24,0
Fruits,-0.6981315011259113,-0.6037971426005394,-1.1012076591269297,0.5914480903786952,0.39022969733519547,Compost,5.92,1.29,-1.72,-18.28,1.24,0.35,1.02,0
Vegetables,-0.25114891771426473,0.5082059739474429,-1.1378415965676856,-1.3871562568978413,0.4212590599758686,Animal Feed,8.36,3.14,14.46,14.92,1.51,0.47,1.17,4
Vegetables,-0.10686972939784727,1.0153523133304732,-0.19757053558828316,-0.5534552957122548,-0.9019216183442583,Biogas,8.57,4.1,34.15,32.74,1.91,0.6,1.4,4
Fruits,0.9992707143613534,0.9493613087091012,-1.1545885393977455,1.2483033931309753,-1.6377607895373625,Biogas,13.68,6.65,-8.97,-31.56,0.92,0.16,1.21,0
Grains,1.4144270062326139,-1.7559052895813991,0.8466711287944073,-0.9542288982656566,0.9022141809063005,Animal Feed,17.79,0.91,67.57,75.63,0.9,0.31,0.27,1
Vegetables,0.717077596036596,0.9048811840471819,0.8526023377133869,1.3275394348965477,-0.38550436868162946,Biogas,13.09,5.89,47.87,36.11,0.92,0.39,1.55,4
Grains,-0.5326347851159028,-1.6829870524307118,-0.8426767291878806,-1.329738835328586,0.5764058731792342,Animal Feed,6.88,0.43,22.42,24.08,1.14,0.28,0.46,1
Fruits,1.3217771353039338,-0.22717444771723927,-1.225414151783207,-1.6937652880776646,-0.6403884189443018,Animal Feed,16.05,4.57,14.62,17.25,0.95,0.33,0.81,0
Vegetables,-0.6323571652757797,1.0397799227759537,-0.5928681653061546,-0.9852343059130544,-0.45421224310026304,Animal Feed,6.03,2.84,26.58,26.67,1.43,0.47,1.32,4
Vegetables,-1.4626697490183003,0.6985225729107368,-0.9483918058026336,0.7487718254784547,1.001951417965604,Biogas,1.83,0.72,1.29,-15.76,1.65,0.54,1.18,4
Mixed,1.1060656037524275,-0.6059846897150598,-0.6870697187252411,-0.3570877139454019,-1.8571827110678347,Compost,14.04,3.41,18.41,12.48,0.91,0.38,0.72,3
Grains,0.954006655281693,-1.654548939941944,-0.6001949527943058,-0.47192255708391245,0.37914778210638433,Compost,14.87,1.0,21.9,17.47,1.11,0.4,0.41,1
Grains,-0.6012381246585133,-1.3512090733950846,-0.6724161437489388,0.6695357837128822,0.6340318323690535,Compost,6.52,0.71,9.88,-4.91,0.98,0.32,0.39,1
Vegetables,-0.2108356150964424,0.6449276686049816,-1.265188141004599,0.5156570939072782,0.7625820490232698,Biogas,8.71,3.39,-5.77,-22.61,1.5,0.6,1.47,4
Grains,0.8564060278911756,-1.7358527743649603,0.6129117184581555,1.2953856788177647,0.860102903036813,Compost,14.66,0.79,41.28,28.41,1.0,0.36,0.41,1
Fruits,-0.3048999878713616,-0.4386373354542325,1.2492955460004298,-1.457205511212333,-0.6049262902121049,Donation,7.67,1.94,83.5,98.25,0.9,0.41,0.98,0
Vegetables,1.2765130762242736,0.8884745806882771,0.6575702326716479,0.9922216929320972,-0.29906542989689744,Biogas,16.08,7.16,45.2,35.24,1.83,0.55,1.26,4
Vegetables,-0.7186417778963823,1.217335830237877,0.5365037917960069,-1.5915622776843903,0.45893757175382904,Animal Feed,5.83,2.78,64.23,76.06,1.53,0.34,0.99,4
Vegetables,0.6159407140304799,0.5658113812964859,-0.0077718501809381935,-1.0093496229721417,-0.41210096523077877,Animal Feed,12.55,5.02,43.57,47.22,1.64,0.54,1.35,4
Vegetables,0.27080226354806913,0.5712802490827871,0.5396438435766433,-1.3331838806227414,0.16415862666743278,Animal Feed,11.05,4.31,62.07,71.68,1.37,0.25,1.48,4
Vegetables,-0.6323571652757797,0.9726951445973211,-0.9982837396505202,0.23316337978654214,0.38136416515214466,Biogas,6.27,2.78,4.35,-8.5,1.43,0.44,1.41,4
Grains,-0.379868585722049,-1.1390170032865845,1.3529172547614252,-0.5258949333590125,1.2679173834570874,Compost,7.96,1.08,78.34,85.57,0.86,0.41,0.37,1
Grains,0.47873403494525896,-1.6231940979671484,-1.4267263603862184,1.3459130097987093,0.5187799139894118,Compost,12.37,0.88,-17.62,-42.61,1.16,0.3,0.33,1
Vegetables,0.41720320463384575,0.7393567857151214,0.6624547576637488,0.8119309892046356,0.8778339674029146,Biogas,12.24,4.9,46.9,38.53,1.15,0.64,1.24,4
Vegetables,-1.645140487183181,0.4626320757282633,-0.6001949527943058,-0.4615874212014465,1.2945139800062369,Biogas,0.82,0.29,21.81,17.29,1.51,0.42,1.11,4
Meat,1.282878334532351,0.3813282413052468,-0.7617331721759246,0.6040799231239312,-0.580546076708719,Biogas,15.9,5.97,7.9,-6.83,3.39,1.17,0.29,2
Mixed,0.29414154401101894,0.8330567204537549,0.4531179722880008,1.4814181247021518,-3.0628950879625565,Compost,9.46,4.78,35.08,19.68,1.11,0.44,0.87,3
Grains,-0.8855529957526301,-1.6005894444504352,-1.0565491449134368,-1.0518385149333906,0.8202080082130923,Animal Feed,5.0,0.37,13.87,11.88,1.14,0.33,0.33,1
Vegetables,0.39740017878649425,1.056915708506365,1.3236101048088202,1.5629508633304945,0.6539792797809154,Biogas,12.01,5.39,59.32,48.21,1.34,0.56,1.21,4
Vegetables,1.3224843862270534,1.1250942602422573,-0.0025384305465445374,0.6063766199867014,-0.15056776583081913,Biogas,16.44,7.84,29.64,19.25,1.56,0.43,1.12,4
Mixed,0.3365765993982006,0.43747528391127577,1.2412709692276926,-0.38464807629864445,-1.883779307616984,Biogas,10.29,4.22,73.92,79.28,0.98,0.34,1.17,3
Grains,-0.22002987709699837,-1.1663613422180923,-0.025914371580169814,-1.360744242975984,1.2612682343198,Animal Feed,8.86,1.16,46.1,52.71,0.97,0.2,0.43,1
Vegetables,0.18805390554306486,0.8104520669370416,1.7150698934614694,1.430890793721207,-0.48967437183246,Biogas,10.28,4.5,71.7,63.98,1.56,0.5,1.19,4
Grains,1.196593721911748,-1.5714221495901604,1.5448093080225278,-0.9921243965013651,0.8933486487232496,Animal Feed,16.58,1.28,87.91,100.31,1.01,0.28,0.47,1
Meat,-0.7844161137465139,0.4998203766751137,-1.1385393858522717,-1.1919370235623734,-1.7951239857864885,Biogas,4.89,2.05,12.74,11.49,3.09,1.11,0.42,2
Grains,1.1739616923719176,-1.561942778760571,-0.46761498872299845,-0.8290589192446801,1.1371507837571075,Animal Feed,16.63,1.29,28.81,28.25,1.03,0.37,0.38,1
Vegetables,-0.3692598218752537,0.7532112507737523,-1.241114410686388,-1.5306998108209795,0.7116052389707379,Animal Feed,7.82,3.17,12.75,13.86,1.52,0.58,1.24,4
Grains,-1.7158655794951505,-1.1834971279485036,-1.6925840778134185,-1.448018723761252,0.7647984320690333,Animal Feed,0.41,0.05,-0.9,-3.09,0.77,0.29,0.35,1
Grains,-1.1988651546946545,-1.189695178106312,-0.5025044529522898,-1.6145292463120922,0.5076979987606006,Animal Feed,3.22,0.43,34.65,40.73,0.8,0.29,0.38,1
Vegetables,-0.596994619119795,0.7127416291551208,1.0587990713084987,1.5836211350954263,0.8689684352198638,Biogas,6.61,2.62,51.55,38.73,1.42,0.54,1.26,4
Vegetables,-0.2858042129471299,1.09884369486801,-0.7404505989960569,-1.4790241314086499,0.9332435435469736,Animal Feed,8.36,3.76,26.66,30.2,1.32,0.52,1.11,4
Grains,-1.1712823686929863,-1.2203208377096006,-0.4156296870213542,0.11029009762833583,1.0263316314689899,Compost,3.45,0.43,22.12,13.68,0.96,0.35,0.5,1
Grains,-1.1479430882300363,-1.3034476280613843,-1.3593896944236858,-0.052775379628348926,0.6916577915588759,Compost,3.53,0.41,-3.52,-15.95,0.97,0.33,0.45,1
Meat,-1.4181129408617592,0.4228916364811386,-1.7246823849043664,-1.2769148074848713,-1.5202924881119573,Biogas,1.84,0.73,-3.32,-7.19,3.36,1.0,0.32,2
Grains,-0.007854600161090255,-1.4923058622816645,0.23575661013951546,0.08043303841232331,1.2280224886333666,Compost,10.04,0.87,41.05,36.6,1.17,0.32,0.3,1
Grains,-0.551023309117015,-1.0949014698104185,0.9450594179210092,1.2747154070528328,0.702739706787687,Compost,6.81,0.99,50.98,40.2,1.21,0.32,0.51,1
Vegetables,1.092627836213153,0.6657093661929273,-1.6399009868271885,0.4352727037103209,0.5586748088131326,Biogas,15.75,6.23,-15.81,-34.1,1.53,0.47,1.07,4
Vegetables,0.8323594965051058,0.4717468553720992,-0.9808390075358745,1.2884955882294542,-0.4231828804595899,Biogas,13.67,5.28,-4.33,-26.27,1.15,0.36,1.4,4
Vegetables,1.402403740539579,0.741544332829642,-1.3304314391133742,-0.9266685359124143,-0.8841905539781598,Animal Feed,16.27,7.09,4.93,0.28,1.31,0.78,1.58,4
Meat,-1.592096667949204,0.14689610886578697,1.4310696546350377,-1.2998817761125736,-0.8376465100171517,Donation,1.01,0.35,87.33,101.76,2.97,1.0,0.5,2
Vegetables,0.5996739427987267,0.7714408100614242,1.4080426082437054,-1.4181616645452393,0.4766686361199275,Donation,13.01,5.36,87.7,103.03,1.15,0.51,0.76,4
Grains,-0.4109876263393156,-1.5426194459156388,1.2967452173522662,-0.8187237833622142,1.305595895235048,Animal Feed,7.8,0.62,79.29,88.76,0.93,0.37,0.4,1
Vegetables,-0.8622137152896803,0.9205586050345794,1.3619885154610412,1.486011518427692,-0.25917053507317667,Biogas,4.87,2.19,61.09,50.86,1.76,0.53,1.36,4
Grains,0.07843001245951255,-1.1145893938411042,0.5515062614146025,1.2793088007783735,0.8335063064876669,Compost,10.34,1.46,39.66,26.59,0.97,0.25,0.44,1
Meat,-0.645794932815054,0.3558068583025061,0.38647909561005417,1.1070565360706077,-1.58013483034754,Biogas,5.63,2.2,36.43,23.91,2.96,1.26,0.46,2
Vegetables,0.8790380574310058,0.6143020090016929,0.5783711488711567,0.18837779096252338,0.30379075855046345,Biogas,14.41,5.67,49.93,46.52,1.84,0.3,1.13,4
Grains,0.05084722645784445,-1.069380086807678,0.18760914950309351,-1.4066781802313884,1.239104403862178,Animal Feed,10.38,1.5,52.62,60.85,0.91,0.23,0.33,1
Vegetables,-0.9195010400623753,0.6332607506608714,-1.5495372744733238,-1.3687826819956797,0.5121307648521245,Animal Feed,4.75,1.86,2.5,0.43,1.27,0.46,1.14,4
Vegetables,-0.9569853389877192,1.2264506098817127,0.30518664395580536,0.9164306964606802,1.281215681731662,Biogas,4.7,2.16,35.77,24.44,1.7,0.56,1.36,4
Mixed,0.36486663632298827,-0.41019922296546435,0.6118650345312767,-1.7167322567053667,-2.466688048652483,Animal Feed,10.11,2.86,67.47,80.83,0.67,0.49,0.84,3
Grains,-0.22498063355883624,-1.242925491226314,1.7237922595187922,-1.055283560227546,0.6273826832317662,Animal Feed,8.58,1.07,93.59,107.56,1.08,0.33,0.41,1
Fruits,-1.1571373502305924,0.08600938084496298,0.4126461937820227,-0.7234108635572505,-2.7215720989151553,Animal Feed,2.93,1.08,53.12,56.69,1.03,0.63,1.09,0
Fruits,0.1922974110817832,0.13960428515071815,0.6321009237842656,-1.3044751698381138,0.8179916251673287,Animal Feed,10.96,3.48,64.48,74.37,1.52,0.42,0.44,0
Vegetables,1.0586797919034079,0.6456568509764884,-0.3776001710114268,0.6982444944975099,0.18853884017082173,Biogas,15.3,6.12,18.09,4.75,1.79,0.61,1.33,4
Meat,-0.6790357262016794,0.5829471670268973,0.75595852179825,-0.25029130982658715,-0.09515818968676021,Biogas,5.89,2.33,58.84,60.25,3.2,1.2,0.38,2
Fruits,0.6725207878800551,0.4159644039518234,-1.4487067228506718,-0.6763285778704611,-2.23840059493896,Animal Feed,11.7,4.85,-0.64,-8.16,0.77,0.2,0.95,0
Grains,0.8337739983513454,-1.2155811522948061,-0.8597725666602335,0.9543261946963885,0.7470673677029348,Compost,14.46,1.85,2.04,-16.3,1.14,0.28,0.37,1
Vegetables,-0.10828423124408663,1.041238287518967,1.5723719847636681,-0.20091232727702762,1.234671637770654,Biogas,9.48,4.13,81.81,87.47,1.69,0.59,1.31,4
Grains,-0.12384375155272007,-1.2764678803156302,-0.4805240904878362,1.6513736925471474,1.0640101432469502,Compost,9.32,1.09,6.84,-15.4,1.04,0.29,0.45,1
Vegetables,-0.9499128297565221,1.082072500323352,-0.44528573161625196,-0.14349490570777235,-0.5051890531527982,Biogas,4.36,2.09,23.48,17.09,1.18,0.42,1.26,4
Vegetables,0.9419833895886586,0.7167521321984087,-0.13093165891033676,0.08847147743201908,-0.14391861669353181,Biogas,14.43,6.02,30.47,23.85,1.26,0.46,0.88,4
Mixed,1.4158415080788531,0.33575434308606716,1.1742831979074533,1.5112751839181648,-2.9653742339490132,Compost,14.63,6.11,55.49,43.97,0.97,0.42,0.64,3
Grains,-0.12313650062960026,-1.327510646321111,-1.1664509572357047,0.8911670309702076,0.42347544302162893,Compost,9.05,1.03,-6.2,-25.75,1.15,0.29,0.44,1
Vegetables,-1.2222044351576045,0.942798667365539,-0.5028533475945827,1.6169232396055941,0.5830550223165184,Biogas,3.11,1.35,6.5,-15.56,1.88,0.58,1.19,4
Vegetables,-0.6854009845097568,1.2884311114597973,1.0654280695120646,-1.5467766888603711,1.2745665325943747,Donation,6.24,2.92,78.99,93.47,1.3,0.29,1.45,4
Vegetables,-0.02412137139284324,0.5734677961973078,-1.2679792981429423,-0.8393940551271462,0.6318154493232931,Animal Feed,9.68,3.69,5.96,0.9,1.61,0.59,1.4,4
Grains,-1.506519306251721,-1.68809132903126,-1.1270258626566054,-0.43517540727958903,0.6451137475978647,Compost,1.55,0.1,6.48,-1.28,0.98,0.24,0.39,1
Vegetables,-1.4315507084010335,1.0437904258192414,-1.411723890767623,1.427445748427052,0.38358054819790816,Biogas,1.94,0.88,-17.9,-43.52,1.69,0.43,1.19,4
Grains,-0.8629209662127999,-1.3125624077052203,-0.054523732248188746,0.7992991564593991,0.6539792797809154,Compost,5.09,0.58,26.47,14.1,1.15,0.28,0.51,1
Grains,-1.442159472247829,-1.7099668001764663,0.7081599558041206,0.9267658323431461,0.5431601274927976,Compost,1.9,0.11,47.22,38.11,0.83,0.27,0.34,1
Vegetables,0.5360213597179543,1.306296079561716,0.3132112207285425,-1.557111824742837,-0.47637607355788536,Animal Feed,12.09,6.19,57.54,67.8,1.61,0.52,1.36,4
Meat,-0.06160567031818683,0.3579944054170268,1.276160433456984,-1.3102169119950395,-0.2192756402494527,Donation,9.1,3.32,82.99,96.62,2.14,1.03,0.48,2
Vegetables,-0.5609248220406907,1.218794194980891,-0.13093165891033676,0.7384366895959887,0.15529309448438514,Biogas,6.59,3.19,24.81,12.54,1.47,0.44,1.12,4
Vegetables,-1.2681757451603843,0.9901955215134862,0.5103366936240384,-0.7877183757148164,-0.3943699008646803,Animal Feed,2.72,1.26,56.48,61.17,1.37,0.5,1.29,4
Vegetables,1.0579725409802885,1.084624638623626,1.2388287067316426,0.9164306964606802,0.38136416515214466,Biogas,15.43,7.08,62.52,56.55,1.89,0.42,1.25,4
Grains,1.4639345708509923,-1.6348610159112584,1.385713351136959,0.8348979578323376,0.9642729061876467,Compost,18.12,1.23,67.44,63.02,1.02,0.28,0.34,1
Vegetables,-0.7349085491281353,1.1006666507967775,-0.9532763307947344,1.2012211074441859,0.9509746079130721,Biogas,5.87,2.64,-2.79,-23.82,1.4,0.59,1.47,4
Meat,0.07347925599767467,0.16694862408222588,0.43078871518125433,1.2081111980324968,-0.7512075712324197,Biogas,9.56,3.31,36.83,23.68,3.27,1.15,0.5,2
Vegetables,-0.18042382540229535,0.9956643892997874,-0.7652221185988538,0.296322543512723,1.1238524854825362,Biogas,9.03,3.89,10.47,-1.59,1.73,0.43,0.97,4
Fruits,0.48792829694581513,-0.26764406933587076,0.8295752913220547,0.25038860625731896,0.3259545890080857,Compost,12.31,3.28,56.6,54.08,0.83,0.46,1.04,0
Vegetables,1.0643377992883654,0.7101894908548465,-1.007355000350136,-1.284953246504567,0.8069097099385176,Animal Feed,15.78,6.27,17.31,17.63,1.39,0.37,1.36,4
Vegetables,-1.1726968705392258,0.992383068628007,-1.4752227156649333,-1.3228487447402755,0.42347544302162893,Animal Feed,3.35,1.49,4.23,2.19,1.86,0.61,1.29,4
Grains,-0.033315633393399186,-1.2046434167222029,0.9370348411482721,0.45594297547525275,0.6761431102385378,Compost,9.65,1.25,57.88,54.18,0.86,0.3,0.27,1
Fruits,-0.033315633393399186,0.9311317494214293,0.4196240866278811,0.8739418044994312,0.05777224047084192,Biogas,9.37,4.16,39.41,29.1,0.7,0.26,0.84,0
Grains,-1.1677461140773877,-1.5251190689994738,0.888538485869557,-1.1701184033660565,0.8224243912588557,Animal Feed,3.44,0.29,70.65,80.84,1.05,0.3,0.38,1
Vegetables,1.178205197910636,0.992383068628007,-1.2044804732456322,1.1415069890121605,-0.5118382022900855,Biogas,15.4,7.17,-9.47,-31.41,1.61,0.61,0.98,4
Grains,0.21068593508289507,-1.1134956202838437,0.4632359169144953,-1.0104979714035267,0.2217845858572552,Animal Feed,10.76,1.57,57.06,63.42,0.85,0.3,0.39,1
Vegetables,-1.2144246750032877,1.2986396646608935,1.7342590987875797,0.8647550170483501,0.6340318323690535,Biogas,3.16,1.53,77.16,74.47,1.15,0.58,1.03,4
Grains,0.3174808244739689,-1.389855739084949,-1.503483181690659,-1.4801724798400349,0.4899669343945022,Animal Feed,11.48,1.2,4.79,3.96,0.99,0.31,0.32,1
Grains,1.4681780763897105,-1.0908909667671307,-1.0488734627829928,-1.4859142219969605,0.21513543671996788,Animal Feed,17.52,2.61,17.87,19.71,1.02,0.25,0.42,1
Vegetables,0.4016436843252123,0.4626320757282633,1.4146716064472709,0.06205946351016161,0.7337690694283602,Biogas,12.07,4.39,75.0,77.48,1.67,0.46,1.24,4
Mixed,1.4052327442320578,-0.3405623064865581,-1.0220085753264383,0.635085330771329,-1.6022986608051655,Compost,15.7,4.42,0.17,-16.32,1.31,0.35,0.96,3
Mixed,0.5862361752594526,-0.5512960118520442,1.0036737178262185,-0.4489555884562102,-0.7733714016900419,Compost,12.18,2.9,67.67,72.23,1.2,0.28,0.63,3
Meat,-1.6628217602611735,-0.2858736286235426,-0.5119246082941986,-1.5444799919976009,-1.9480544159440905,Compost,0.61,0.18,33.77,39.19,2.71,0.75,0.51,2
Vegetables,1.3917949766927837,1.0671242617074614,0.05258692293573577,0.13899880841296347,0.8468046047622415,Biogas,17.62,7.87,35.28,29.28,1.51,0.56,0.96,4
Vegetables,0.4822702895608577,0.4691947170718249,-1.6856061849675603,-1.4640956018006435,1.2967303630520002,Animal Feed,12.84,4.57,-0.57,-2.58,1.69,0.45,1.16,4
Grains,-1.0460989553008007,-1.251311088498643,0.9454083125633018,-1.3331838806227414,1.0750920584757646,Animal Feed,4.16,0.5,73.7,85.63,0.83,0.33,0.4,1
Grains,1.4773723383902668,-1.436888002047142,0.52010574360824,0.8096342923418655,1.1327180176655838,Compost,18.33,1.74,42.85,33.69,0.9,0.3,0.41,1
Grains,-0.379868585722049,-1.5994956708931751,1.7269323112994286,-0.4133567870832721,1.230238871679127,Compost,7.95,0.57,88.09,96.5,0.99,0.16,0.51,1
Fruits,1.268733316069957,-0.28222771676600816,0.41229729913972984,0.9371009682256121,-2.741519546327017,Compost,14.14,4.37,38.65,27.75,1.18,0.44,0.8,0
Mixed,1.4519113051579577,0.8786306186729345,-1.0938808716387785,1.0209304037167248,-2.9919708304981625,Compost,14.78,7.55,-5.25,-25.51,1.16,0.3,0.95,3
Grains,1.4568620616197951,-1.7267379947211243,-0.05208146975213834,1.5020883964670837,1.092823122841863,Compost,18.18,1.0,20.42,1.94,0.98,0.29,0.28,1
Grains,-0.7129837705114248,-1.6315796952394774,-0.8203474720811341,0.9083922574409844,0.6694939611012505,Compost,5.91,0.41,3.57,-14.13,0.95,0.41,0.35,1
Vegetables,0.22270920077593,0.9982165276000617,1.425138445716058,0.654607254104876,-0.4453467109172154,Biogas,10.48,4.87,70.14,67.52,1.58,0.61,1.19,4
Vegetables,-0.8926255049838271,0.49471610007456557,-1.4305642014514404,0.3101027246893444,-0.5384347988392316,Biogas,4.65,1.82,-8.71,-24.7,1.94,0.55,1.18,4
Mixed,1.571436711165186,0.724043955913477,0.25250355296957544,0.6431237697910248,0.2949252263674126,Biogas,18.14,7.42,36.63,27.38,0.85,0.46,0.46,3
Vegetables,0.7729504189630517,0.9654033208822522,0.42660197947373946,0.2836907107674869,0.45228842261654173,Biogas,13.93,6.14,44.76,39.64,1.54,0.42,1.11,4
Vegetables,-0.693887995587193,0.7462840182444371,0.7671231503516229,-0.2835934143367551,0.18188969103353442,Biogas,5.88,2.44,59.46,61.23,1.5,0.62,0.91,4
Meat,-0.30207098417888284,-0.20055929115723825,-0.8259297863578208,1.4653412466627602,-1.6288952573543116,Compost,7.3,2.22,-1.45,-24.04,3.06,0.88,0.58,2
Grains,-1.3233413171637207,-1.6530905751989302,-1.3674142711964228,-1.0208331072859929,0.5054816157148372,Animal Feed,2.54,0.17,4.69,0.65,1.15,0.33,0.43,1
Mixed,-1.2526162248517512,0.7933162812066302,0.06235597291993739,1.4745280341138414,-0.31236372817147207,Biogas,2.82,1.22,23.93,6.35,1.08,0.4,0.64,3
Grains,-0.1712295634017394,-1.6756952287156432,0.30413996002892657,0.546662501554676,0.9132960961351116,Compost,8.99,0.56,38.95,30.83,1.04,0.26,0.41,1
Grains,1.113845363906744,-1.3592300794816603,-0.32701044787895417,-0.23651112864996576,1.2213733394960793,Compost,16.36,1.72,27.68,22.77,0.96,0.37,0.4,1
Fruits,-1.3459733467035506,0.26283610593537987,1.4244406564314724,-0.4627357696328316,-0.2237084063409797,Biogas,2.34,0.82,79.85,86.94,1.36,0.55,0.47,0
Meat,-1.6097779410271964,-0.08790061475942644,-1.6039648386710184,-1.1368162988558883,-1.245460990437426,Compost,0.9,0.28,-1.08,-5.47,2.82,0.76,0.61,2
Vegetables,-1.1090442874584532,0.6153957825589532,1.4882883759710757,-0.7061856370864739,0.8002605608012302,Animal Feed,3.76,1.45,83.79,93.38,1.16,0.34,1.19,4
Grains,-0.34592054141230366,-1.3595946706674136,-0.016145321595968192,-1.7121388629798262,0.8512373708537654,Animal Feed,8.0,0.85,49.44,59.16,1.05,0.34,0.37,1
Grains,1.0459492752872535,-1.5750680614476948,0.9932068785574312,-1.6397929118025647,0.246164799360641,Animal Feed,15.27,1.2,77.74,92.62,1.05,0.29,0.44,1
Vegetables,0.10247654384558212,0.5479464131945672,-0.042661314410229564,-0.412208438651887,0.11761458270642468,Biogas,10.13,3.92,37.36,35.61,1.56,0.5,1.22,4
Grains,-1.04751345714704,-1.5681408289183796,0.7946858270927633,-0.40187330276942107,1.1548818481232093,Compost,4.17,0.32,61.27,64.23,1.05,0.33,0.39,1
Vegetables,-0.3558220543359794,0.5745615697545682,-0.48715308869140167,0.6947994492033549,-0.037532230496940946,Biogas,7.62,3.0,14.99,1.05,1.81,0.58,0.88,4
Grains,1.467470825466591,-1.691372649703041,-1.1469128572673013,-0.8221688286563695,0.966489289233407,Animal Feed,18.13,1.09,9.28,4.77,1.04,0.31,0.33,1
Grains,1.1838632052955935,-1.550275860816461,1.4847994295481466,1.2701220133272924,0.37914778210638433,Compost,16.11,1.32,66.49,58.85,0.9,0.27,0.39,1
Vegetables,-0.8636282171359196,1.254888722370481,-0.9846768486010965,1.4412259296036734,-0.899705235298498,Biogas,4.72,2.43,-5.79,-29.08,1.65,0.52,1.17,4
Vegetables,-0.35157854879726136,1.1495218696877376,0.34391394925031876,-0.8279105708132951,0.9531909909588324,Animal Feed,8.01,3.65,52.06,56.14,1.5,0.34,1.17,4
Vegetables,1.079190068673879,0.5705510667112803,0.5665087310331975,0.4226408709650848,-0.8908397031154471,Biogas,14.62,5.99,47.56,42.03,1.48,0.29,1.39,4
Grains,-0.7787581063615563,-1.4788159884087875,-0.33049939430188335,0.10110331017725518,0.8866994995859623,Compost,5.61,0.5,24.64,16.76,1.07,0.29,0.38,1
Grains,0.769414164347453,-1.412460392601662,-0.8650059862946271,0.1367021115501933,1.2058586581757411,Compost,14.41,1.41,9.01,-2.23,1.05,0.18,0.38,1
Vegetables,0.12298682061605318,0.7065435789973123,-0.19198822131159665,0.253833651551474,-0.05526329486303942,Biogas,10.15,4.2,27.29,18.88,1.67,0.56,1.42,4
Meat,0.8648930389686117,-0.13055778349257835,-0.5562342278653984,0.3594817072389039,-1.3451982274967298,Compost,13.22,4.1,15.92,4.5,2.46,0.89,0.52,2
Meat,-0.4909069806518409,0.12538522890633408,-0.23594894624050372,-0.2801483690425998,-1.8704810093424094,Biogas,6.29,2.26,30.67,26.67,3.68,0.66,0.62,2
Grains,0.2644370052399919,-1.4500132847342657,0.13318158530539892,-0.9232234906182588,0.2217845858572552,Animal Feed,11.05,1.07,46.85,50.56,1.09,0.31,0.38,1
Vegetables,-0.3254102646418326,0.6919599315671747,-1.2965886588109616,-0.979492563756129,-0.3190128773087594,Animal Feed,7.67,3.2,6.36,2.35,1.4,0.56,1.38,4
Meat,-0.7674420915916411,0.5953432673425143,-0.6061261617132851,0.9106889543037545,-0.8132662965137659,Biogas,5.23,2.16,9.7,-6.8,3.18,0.94,0.38,2
Vegetables,-0.396135356953802,0.4578923903134683,0.27483281007632193,0.6925027523405843,0.9288107774554466,Biogas,7.75,2.79,36.84,27.29,1.3,0.38,1.05,4
Fruits,-0.514246261114791,0.6686260956789547,-1.7288691206118814,1.2632319227389819,-1.265408437849285,Biogas,6.38,2.76,-25.56,-51.57,1.86,0.5,0.82,0
Vegetables,0.01972818584057784,0.6164895561162136,0.4395110812385772,1.101314793913682,-0.245872236798602,Biogas,9.52,3.84,38.01,25.84,1.64,0.43,1.56,4
Vegetables,0.2502919867775981,1.1385841341151346,-0.5314627082626016,0.6718324805756525,0.6805758763300648,Biogas,11.21,5.16,13.91,-0.08,1.05,0.58,0.92,4
Vegetables,1.6336747923997186,1.139677907672395,1.4443276510421688,-0.8451357972840717,-0.24365585375283852,Animal Feed,18.0,8.66,83.75,94.3,1.11,0.47,1.16,4
Meat,-1.5093483099442,0.3937243416208637,1.3190744744590126,0.3101027246893444,-1.7308488774593818,Biogas,1.37,0.55,70.1,69.87,3.16,1.38,0.46,2
Grains,-1.2639322396216661,-1.4011580658433054,-1.5345348048547285,0.49154177684819084,0.6451137475978647,Compost,2.89,0.29,-13.27,-31.45,0.98,0.35,0.36,1
Fruits,1.4250357700794092,0.5599779223244304,1.2210350799747038,-1.5042877968991222,-1.9945984599051019,Donation,15.47,6.69,83.09,98.1,0.89,0.43,0.86,0
Vegetables,0.24039047385392234,0.62888565643183,0.15516194776985257,1.2345232119543543,0.45228842261654173,Biogas,11.04,4.33,28.69,13.74,1.33,0.47,1.15,4
Grains,1.118088869445462,-1.5634011435035848,-0.8402344666918302,0.21938319860992117,1.1859112107638823,Compost,16.35,1.26,9.0,-2.83,1.1,0.28,0.31,1
Vegetables,1.5035406225456953,0.6773762841370375,1.0762438034231445,-1.5950073229785455,-0.15943329801386996,Donation,17.39,7.15,79.73,94.7,1.46,0.58,1.53,4
Mixed,-0.5729480877337254,0.8341504940110153,0.36135868136496446,-1.64553465395949,-2.6927591193202423,Animal Feed,5.64,2.79,59.68,70.98,1.35,0.56,0.67,3
Grains,0.374768149246664,-1.2236021583813819,-0.558327595719156,0.7843706268513928,1.3033795121892844,Compost,12.24,1.51,12.17,-2.96,0.98,0.26,0.34,1
Mixed,1.6570140728626688,0.8877453983167704,0.840042130590842,-1.2493544451316287,0.388013314289432,Animal Feed,18.68,8.05,69.95,80.55,1.4,0.33,0.55,3
Fruits,1.032511507747979,0.931860931792936,-0.2966566139994708,-0.1228246339428403,-2.5198812417507814,Compost,13.2,6.69,27.55,21.82,1.38,0.37,0.94,0
Grains,1.7277391651746383,-1.3202188226060425,1.6599445399791892,0.763700355086461,1.230238871679127,Compost,19.82,2.19,75.92,73.68,0.94,0.23,0.3,1
Grains,0.8839888138928437,-1.4168354868307032,1.6749470095977848,-1.5961556714099305,0.22400096890301868,Donation,14.38,1.46,96.9,115.3,1.01,0.41,0.44,1
Grains,-1.3792141400901763,-1.6490800721556425,-0.02556547693787672,-1.7328091347447583,0.880050350448675,Animal Feed,2.28,0.15,49.35,59.2,1.08,0.26,0.32,1
Fruits,-1.6755522768773279,-0.6522877703057464,0.436022134815648,1.0978697486195266,-0.6802833137680225,Compost,0.59,0.13,37.93,25.78,1.22,0.32,0.67,0
Vegetables,-0.2207371280201179,0.535185721693197,-0.1996639034420407,-1.5789304449391541,-0.5650313953883809,Animal Feed,8.12,3.23,43.02,50.53,1.32,0.52,1.07,4
Grains,1.4992971170069769,-1.739863277408248,-1.2896107659651033,-1.5869688839588496,0.9022141809063005,Animal Feed,18.26,0.98,11.85,13.18,0.93,0.28,0.44,1
Grains,0.1944191638511421,-1.5903808912493391,0.6076782988237616,-1.327442138465816,1.1260688685282965,Animal Feed,11.13,0.82,63.97,73.92,0.91,0.35,0.36,1
Grains,-0.8919182540607073,-1.3402713378224815,-1.1713354822278055,-1.1023658459143353,0.3946624634267193,Animal Feed,4.87,0.54,11.02,8.8,1.08,0.29,0.41,1
Vegetables,0.8627712861992526,1.3237964564778806,-1.2152962071567124,-0.4868510866919187,0.8202080082130923,Biogas,14.67,7.09,4.4,-3.42,1.53,0.4,1.0,4
Meat,-1.6090706901040768,0.4772157231584005,-1.0966720287771219,-0.1974672819828722,0.0755033048369404,Biogas,0.97,0.36,5.29,-4.37,2.82,1.18,0.47,2
Vegetables,-1.580780653179289,1.2895248850170575,0.9098210590494247,-0.06540721237358502,0.8933486487232496,Biogas,1.16,0.55,61.64,62.32,1.91,0.74,1.04,4
Grains,1.624480530399163,-1.4139187573446756,-0.5471629671657828,-0.9082949610102524,0.6672775780554902,Animal Feed,18.75,1.88,27.21,26.89,1.12,0.3,0.41,1
Vegetables,0.7991187031184802,0.642740121490461,-0.2041995337918487,-0.499482919437155,0.44120650738772743,Biogas,14.07,5.55,33.49,31.58,1.53,0.62,1.28,4
Grains,0.5430938689491513,-1.490118315167144,1.6184260775463326,0.4088606897884634,1.06179376020119,Compost,13.05,1.14,77.82,78.44,1.03,0.29,0.43,1
Fruits,-1.359411114242825,-0.251237465976966,1.6117970793427672,0.273355574885021,-1.839451646701736,Compost,2.09,0.63,78.81,80.57,0.93,0.35,0.75,0
Vegetables,0.1724943852344317,1.3354633744219908,0.04874908187051374,-0.6154661110070506,0.3481184194657112,Animal Feed,10.62,5.26,41.75,42.28,1.71,0.58,0.99,4
Vegetables,1.4992971170069769,1.2610867725282895,-0.6745095116026962,-1.5915622776843903,0.23286650108606635,Animal Feed,17.7,8.63,29.52,34.42,1.41,0.47,1.22,4
Grains,0.8663075408148514,-1.107662161311789,-0.017192005522846974,0.7774805362630823,0.8534537538995288,Compost,14.71,2.09,27.74,15.77,0.88,0.26,0.47,1
Meat,-0.24831991402178602,0.196115918942501,0.07596286396936104,1.56869260548742,0.035608410013216456,Biogas,8.22,2.77,23.51,5.18,3.71,1.26,0.47,2
Vegetables,-0.6974242502027916,0.9777994211978692,0.27448391543402884,0.338811435473972,-0.41431734827654226,Biogas,5.7,2.63,39.91,33.43,1.55,0.38,1.24,4
Grains,-0.39330635326132324,-1.578713973305229,-0.8088339488854681,-1.4009364380744627,0.5697567240419469,Animal Feed,7.64,0.59,24.01,26.47,0.83,0.3,0.44,1
Vegetables,0.3485998650912353,0.6223230150882685,0.6586169165985267,1.2184463339149627,-0.8753250217951122,Biogas,10.9,4.55,43.26,31.33,1.69,0.54,1.18,4
Vegetables,-1.465498752710779,0.4403920133973037,-0.6668338294722522,0.10799340076556567,1.214724190358792,Biogas,1.83,0.65,14.93,5.07,1.42,0.31,1.5,4
Mixed,-0.18042382540229535,0.24059604360442022,-1.1538907501131597,0.8613099717541951,-1.1146943907374463,Biogas,8.11,2.95,-5.58,-24.79,0.99,0.34,0.96,3
Grains,1.44696054869612,-1.28813479825974,-0.8137184738775689,1.5250553650947858,0.8290735403961399,Compost,17.91,2.09,-1.61,-24.66,1.02,0.29,0.45,1
Vegetables,-1.1917926454634573,1.3296299154499358,-1.4305642014514404,-1.4342385425846307,0.7492837507486951,Animal Feed,3.3,1.6,6.48,5.67,1.78,0.57,1.17,4
Grains,-1.102679029150376,-1.0890680108383637,1.515851052712216,1.210407894895267,1.1349344007113473,Compost,3.86,0.55,67.89,60.94,1.07,0.28,0.4,1
Vegetables,-1.0857050069955034,0.6215938327167617,-0.3053789800567936,1.1242817625413841,0.23729926717759334,Biogas,3.79,1.5,16.44,-0.2,1.38,0.46,1.22,4
Grains,-1.133090818844523,-1.0613590807211024,-0.0018406412619586011,0.04253754017661483,0.4988324665775498,Compost,3.58,0.54,34.57,29.09,0.94,0.33,0.38,1
Vegetables,0.0685284995358368,0.8687866566575918,-1.1905246875539155,0.22053154704130604,-0.4409139448256884,Biogas,9.68,4.31,-1.05,-14.9,0.96,0.53,1.34,4
Fruits,-1.5850241587180072,0.14944824716606106,-0.8876841380436665,0.3686684946899845,-1.5402399355238192,Biogas,1.01,0.36,6.34,-7.05,1.04,0.27,0.97,0
Fruits,0.21068593508289507,0.5391962247364848,1.086012853407346,0.5351790172408252,-1.3119524818102963,Biogas,9.98,4.13,61.46,57.92,0.73,0.59,0.85,0
Mixed,1.1216251240610606,0.6110206883299119,1.208474872852159,-1.64323795709672,0.2505975654521648,Animal Feed,15.68,6.17,83.93,100.07,1.04,0.23,0.52,3
Vegetables,1.335922153766328,0.4837783645019626,0.206100565544618,1.5526157274480286,-0.40101905000196764,Biogas,16.31,6.32,27.38,9.95,1.98,0.63,1.05,4
Vegetables,1.302681360379702,0.6875848373381334,-1.1898268982693299,1.2287814697974286,-0.3611241551782437,Biogas,16.17,6.74,-9.81,-32.44,1.34,0.5,0.89,4
Vegetables,1.6831823570180973,1.2497844457699328,1.1090398997986788,1.3149076021513115,-0.47194330746636154,Biogas,18.06,9.09,55.33,45.14,1.25,0.75,1.23,4
Grains,-1.5977546753341616,-1.406626933629607,1.6288929168151198,1.4262973999956667,1.183694827718119,Compost,1.08,0.11,69.26,61.08,1.07,0.32,0.39,1
Vegetables,-1.328999324548678,0.9212877874060866,0.03304882296733277,-0.5729772190458016,0.773663964252081,Biogas,2.55,1.09,40.93,41.01,1.52,0.4,1.14,4
Vegetables,0.5155110829474833,1.2370237542685627,-0.43028326199765665,-0.6487682155172185,0.3348201211911365,Animal Feed,12.47,6.01,28.31,26.39,1.72,0.63,0.83,4
Mixed,1.1449644045240106,0.28653453300935294,0.3770589402681456,0.7912607174397037,0.5187799139894118,Biogas,16.01,5.48,38.91,29.08,1.35,0.47,0.61,3
Vegetables,0.6887875591118079,0.8035248344077265,0.17225778524220514,0.18378439723698264,0.9443254587757848,Biogas,13.79,5.62,38.33,32.62,1.38,0.56,1.32,4
Meat,1.243272282837648,-0.08170256460161796,-0.7456840186304508,-1.3779694694467606,-0.7800205508273292,Compost,15.54,4.8,25.62,28.24,2.58,1.02,0.51,2
Vegetables,1.5572916927027918,0.8512862797414268,-0.5199491850669354,1.0622709472465885,0.024526494784405304,Biogas,17.83,7.72,10.84,-6.49,1.68,0.67,1.01,4
Vegetables,1.3394584083819263,0.5406545894794987,-0.598799374225134,0.5317339719466697,-0.529569266656184,Biogas,16.23,6.46,13.21,0.05,1.54,0.57,1.19,4
Grains,-1.2009869074640134,-1.5768910173764619,-0.9752566932591878,-1.3262937900344307,1.234671637770654,Animal Feed,3.32,0.25,18.59,19.45,1.06,0.25,0.33,1
Grains,0.8670147917379709,-1.2640717800000132,-0.546116283238904,-0.9370036717948802,1.2280224886333666,Animal Feed,14.97,1.77,27.49,27.42,0.95,0.28,0.36,1
Vegetables,-0.03260838247027938,1.1903560824921229,-1.3646231140580796,1.6743406611748495,1.2125078073130284,Biogas,9.89,4.52,-18.7,-46.2,1.53,0.48,1.12,4
Grains,1.684596858864337,-1.4051685688865931,-0.8363966256266082,0.4502012333183271,0.6428973645521043,Compost,19.06,1.93,7.1,-6.71,1.12,0.18,0.41,1
Vegetables,-0.3254102646418326,0.4509651577841531,-1.1790111643582495,0.25268530312008913,0.4013116125640066,Biogas,7.94,2.92,-1.0,-15.06,1.44,0.46,1.01,4
Vegetables,-0.7801726082077958,0.9960289804855411,-0.16337886064357773,0.9772931633240904,0.7359854524741236,Biogas,5.56,2.44,21.8,7.26,1.73,0.49,1.54,4
Vegetables,-1.1917926454634573,1.035769419732666,-0.2771185140310675,0.2997675888068785,0.004579047372543334,Biogas,3.18,1.47,24.44,15.14,1.3,0.59,1.34,4
Vegetables,-1.0998500254578973,0.4626320757282633,0.3247247439242086,-0.4661808149269868,0.035608410013216456,Biogas,3.68,1.38,48.35,49.17,1.44,0.6,1.27,4
Vegetables,0.5438011198722709,0.6059164117293637,0.17714231023430596,-0.8692511143431589,0.020093728692881473,Animal Feed,12.43,4.94,47.64,51.13,1.47,0.52,1.13,4
Grains,-0.6726704678936022,-1.3887619655276886,0.8459733395098216,0.6775742227325781,0.5121307648521245,Compost,6.09,0.64,53.35,47.2,0.95,0.3,0.42,1
Grains,-0.8919182540607073,-1.3854806448559076,0.7360715271875535,1.0726060831290545,0.9576237570503594,Compost,5.0,0.51,46.75,36.52,0.92,0.3,0.38,1
Grains,-1.091363014380461,-1.5601198228318038,-1.2882151873959315,1.4102205219562751,0.6672775780554902,Compost,3.84,0.3,-14.21,-38.98,0.88,0.23,0.34,1
Vegetables,-0.19456884386468942,1.3234318652921273,-1.6604857707224703,0.762552006655076,0.5586748088131326,Biogas,8.72,4.26,-19.24,-40.49,1.31,0.46,1.35,4
Mixed,0.4971225589463713,0.01637246436605644,0.3023954868174621,-1.6041941104296262,0.36806586687757004,Animal Feed,12.39,3.79,57.63,68.24,1.31,0.56,0.87,3
Vegetables,-1.4464029777865473,0.5271647156066215,0.25145686904269665,-0.051627031196963845,-0.8708922557035852,Biogas,1.75,0.71,42.65,39.44,1.25,0.47,1.29,4
Vegetables,-0.07362893601122175,1.014258539773213,0.8428332877291852,0.18952613939390825,0.8290735403961399,Biogas,9.5,4.18,57.5,55.59,1.62,0.52,1.11,4
Vegetables,0.14915510477148192,0.8881099895025235,-0.8932664523203531,-1.0093496229721417,0.1508603283928613,Animal Feed,10.39,4.53,18.18,16.75,1.3,0.49,1.04,4
Meat,1.1173816185223424,-0.0011279125501084117,-0.7247503400928759,0.7223598115565972,-1.336332695313682,Compost,14.48,4.78,7.94,-7.6,2.56,1.08,0.61,2
Vegetables,0.31323731893525064,1.3347341920504834,0.9841356178578152,-1.5261064170954393,-0.23479032156979085,Animal Feed,11.07,5.64,76.48,90.31,1.46,0.55,0.78,4
Grains,0.9165223563563497,-1.4135541661589222,1.3755954065104647,-0.2835934143367551,0.3215218229165619,Compost,14.62,1.49,76.9,82.16,1.21,0.34,0.34,1
Grains,-0.9279880511398118,-1.4573051084493347,-0.8869863487590807,-1.142558041012814,0.5764058731792342,Animal Feed,4.71,0.44,19.53,19.3,0.95,0.33,0.36,1
Vegetables,0.6329147361853521,0.884828668830743,-0.5974037956559622,-0.9232234906182588,1.163747380306257,Animal Feed,13.61,5.65,25.91,25.42,1.53,0.44,0.96,4
Mixed,-0.37774683295269007,0.8789952098586876,-0.8852418755476162,0.39048711488630167,-1.5624037659814416,Biogas,6.95,3.29,6.21,-7.36,1.11,0.38,0.78,3
Vegetables,-1.4690350073263774,1.1841580323343144,-1.5341859102124356,-0.4696258602211423,0.03782479305897995,Biogas,1.71,0.82,-4.89,-14.7,1.6,0.37,1.21,4
Grains,0.9334963785112219,-1.3924078773852229,-1.6402498814694813,0.6247501948888631,1.0706592923842375,Compost,15.23,1.54,-17.46,-37.4,1.05,0.27,0.37,1
Fruits,0.8938903268165195,-0.33108293565696856,0.09270980679942104,-0.6533616092427591,-0.7911024660561404,Animal Feed,13.74,3.73,43.34,44.46,1.32,0.32,0.97,0
Vegetables,1.6407473016309155,1.261451363714043,-0.4173741602328189,0.08961982586340417,0.08436883701998805,Biogas,18.33,9.0,22.26,13.99,1.58,0.43,1.06,4
Vegetables,0.26231525247063275,0.4436733340690842,-0.1208137142838423,-0.8577676300293078,1.072875675430001,Animal Feed,11.48,4.08,39.01,40.69,1.4,0.52,1.27,4
Meat,1.5099058808537722,-0.15498539293805866,-0.8461656756108098,-0.038995198451727754,-0.9794950249459426,Compost,16.73,5.04,11.08,1.48,2.47,0.72,0.56,2
Mixed,-0.06938543047250367,0.7528466595879987,-0.2369956301673825,-0.8726961596373143,-2.8855844443015686,Animal Feed,7.89,3.84,35.81,36.96,1.17,0.22,0.69,3
Mixed,-0.6599399512774478,0.4079433978652478,-1.0666670895399313,-0.544268508261174,-2.573074434849077,Compost,5.27,2.22,9.16,2.69,1.25,0.53,0.79,3
Meat,0.5650186475658615,0.410130944979768,-1.3719499015462309,-1.4112715739569286,-1.8505335619305474,Biogas,11.42,4.63,7.96,7.29,3.17,1.14,0.51,2
Meat,-0.6274064088139418,0.30075358925373696,0.29367312076013924,0.9830349054810161,-0.8044007643307151,Biogas,5.95,2.19,34.86,22.88,2.42,1.17,0.55,2
Grains,-1.3622401179353036,-1.5152751069841313,-1.439984356793349,0.40426729606292305,0.38358054819790816,Compost,2.32,0.2,-9.8,-26.67,0.97,0.34,0.45,1
Fruits,0.6972745701892445,0.1746050389830481,1.0992708498144772,1.6731923127434647,-1.8771301584796967,Biogas,12.04,4.43,51.93,38.56,1.14,0.5,0.88,0
Meat,-1.6012909299497602,-0.11196363301915314,-0.09953114110397458,1.3608415394067157,-1.934756117669519,Compost,0.91,0.29,20.29,2.78,3.24,0.9,0.5,2
Meat,1.5516336853178343,-0.09264030017422095,-0.9344360201109171,0.6913544039091994,-0.8354301269713882,Compost,17.07,5.26,2.18,-14.3,2.97,0.6,0.45,2
Meat,0.2538282413931964,-0.052535269741342865,-0.9375760718915532,1.482566473133537,-1.1146943907374463,Compost,10.3,3.28,-4.79,-28.17,3.03,1.06,0.38,2
Meat,-0.7723928480534791,-0.2938946347101181,0.6076782988237616,-0.1848354492376361,-0.24143947070707816,Compost,5.35,1.44,54.02,54.02,3.94,0.8,0.43,2
Vegetables,-1.2427147119280755,0.9588406795386907,-1.1095811305419596,-0.5706805221830314,0.7049560898334506,Biogas,3.01,1.31,8.16,1.67,1.41,0.6,1.02,4
Meat,0.5685549021814602,-0.05289986092709649,0.14783516028170135,-1.42505175513355,-1.741930792688193,Compost,11.5,3.79,51.64,59.8,2.84,0.69,0.43,2
Grains,-1.1040935309966156,-1.6038707651222162,-0.3004944550646928,-1.327442138465816,0.6096516188656677,Animal Feed,3.76,0.28,37.94,42.68,1.08,0.34,0.44,1
Vegetables,0.03175145153361275,1.222440106838425,0.4339287669618904,-0.8968114766964015,1.2413207869079412,Animal Feed,10.27,4.73,55.23,60.43,1.22,0.63,0.99,4
Vegetables,-1.4584262434795818,0.8126396140515624,1.7140232095345906,-1.4342385425846307,0.46558672089111636,Donation,1.8,0.75,96.61,113.83,1.75,0.56,1.31,4
Grains,0.0876242744600685,-1.171101027632887,-1.633969777908209,-0.6533616092427591,0.4988324665775498,Animal Feed,10.23,1.39,-6.15,-14.92,0.98,0.28,0.45,1
Meat,-0.9520345825258812,-0.118526274362715,-0.6626470937647372,1.2953856788177647,-0.10180733882404754,Compost,4.44,1.3,4.72,-15.46,2.87,0.93,0.41,2
Vegetables,-0.49444323526743944,0.5599779223244304,1.3797821422179795,-1.501991100036352,0.8135588590758049,Donation,7.16,2.7,87.62,103.52,1.1,0.38,1.15,4
Vegetables,-0.8699934754439969,1.2982750734751398,0.6150050863119125,0.6844643133208885,-0.7157454425002227,Biogas,4.73,2.44,46.66,39.13,1.46,0.35,1.03,4
Meat,1.1591094229864045,-0.05472281685586357,-1.4815028192262056,-1.065618696110012,-0.48967437183246,Compost,15.32,4.73,1.81,-2.5,3.02,0.78,0.39,2
Grains,1.3571396814599186,-1.3698032238685098,0.16388431382717542,1.2999790725433054,1.0329807806062772,Compost,17.58,1.84,28.37,12.9,1.04,0.26,0.35,1
Grains,0.07843001245951255,-1.7544469248383858,0.3191424296475219,0.14014715684434875,0.24173203326911716,Compost,10.06,0.53,42.92,38.44,1.02,0.27,0.33,1
Vegetables,0.49995156263885004,1.1291047632855458,0.8916785376501933,1.4044787797993499,-0.2680360672562243,Biogas,12.03,5.78,48.32,36.1,1.49,0.4,1.32,4
Grains,-0.8714079772902362,-1.4667844792789242,1.4984063205975704,-1.4790241314086499,0.48110140221145137,Donation,5.0,0.47,90.82,107.2,1.09,0.36,0.41,1
Grains,0.8083129651190365,-1.2709990125293285,1.5877233490245564,0.9083922574409844,0.45450480566230206,Compost,14.13,1.72,72.6,68.69,0.94,0.32,0.37,1
Mixed,0.3768899020160232,0.8604010593852627,-0.6378755741619404,-1.5858205355274646,-0.3655569212697675,Animal Feed,11.33,5.01,30.52,35.58,1.05,0.45,0.8,3
Mixed,0.5904796807981704,0.8155563435375898,-1.1067899734036164,0.03909249488245959,0.86453566912834,Biogas,13.19,5.42,2.93,-8.85,1.06,0.26,0.67,3
Grains,-0.08211594708865814,-1.475170076551253,0.9555262571897966,-0.6591033513996845,0.39022969733519547,Animal Feed,9.26,0.86,68.12,74.23,0.92,0.29,0.36,1
Vegetables,0.12227956969293337,1.2650972755715773,-1.6426921439655318,-1.2815082012104118,1.1105541872079614,Animal Feed,10.72,5.02,-0.93,-4.28,1.45,0.58,1.01,4
Grains,-0.9265735492935723,-1.175476121861928,0.9844845125001083,-1.0380583337567695,1.2368880208164144,Animal Feed,4.87,0.63,72.25,81.84,1.19,0.21,0.33,1
Mixed,-1.6988915573402779,0.2708571120219554,0.6575702326716479,0.97040307273578,-2.7681161428761634,Compost,0.42,0.17,45.39,35.62,1.43,0.57,0.56,3
Grains,-0.848775947750406,-1.1091205260548027,-0.7652221185988538,0.3537399650819783,1.103905038070674,Compost,5.28,0.74,9.98,-2.58,1.03,0.28,0.4,1
Vegetables,0.6230132232616764,0.9263920640066348,0.7814278306856327,-0.6992955464981634,1.1548818481232093,Animal Feed,13.55,5.71,63.48,68.96,1.55,0.37,1.31,4
Vegetables,-0.3614800617209371,0.4407566045830568,0.2305231905051218,-0.2755549753170593,1.2435371699537017,Biogas,8.05,2.84,43.99,42.61,1.81,0.52,1.37,4
Mixed,-0.007854600161090255,0.414870630394563,0.8997031144229305,0.1125867944911064,-3.0584623218710325,Compost,8.09,3.51,59.79,58.87,0.94,0.47,0.73,3
Mixed,-0.03473013523963855,0.26538824423565366,-1.3600874837082717,-1.3733760757212201,-1.5956495116678782,Animal Feed,8.63,3.25,7.97,7.04,0.74,0.5,0.88,3
Vegetables,-0.6104323866590693,0.7929516900208765,0.871791543039497,1.6261100270566753,-0.6935816120425973,Biogas,6.07,2.67,45.82,31.57,1.48,0.72,1.46,4
Grains,-1.3325355791642766,-1.693195605631808,0.2270342440821926,0.2790973170419466,1.0662265262927137,Compost,2.56,0.15,39.07,32.84,0.9,0.32,0.44,1
Vegetables,0.46034551094414705,1.1323860839573263,0.6007004059779032,-0.06540721237358502,1.0573609941096629,Biogas,12.58,5.68,52.77,51.68,1.33,0.55,1.52,4
Vegetables,1.3380439065356866,0.9154543284340313,-0.7425439668498145,1.7064944172536325,0.4123935277928178,Biogas,16.97,7.37,-1.15,-25.36,1.41,0.51,1.33,4
Vegetables,0.2495847358544783,0.8997769074466337,-0.9452517540219973,-0.4133567870832721,-0.3389603247206214,Biogas,10.68,4.78,11.5,4.58,1.47,0.51,1.31,4
Meat,-0.6875227372791158,0.5023725149753875,1.737748045210509,-1.4112715739569286,-1.6444099386746498,Donation,5.4,2.24,97.09,114.24,2.67,0.91,0.47,2
Vegetables,-0.7780508554384366,0.994206024556774,0.05782034257012967,-0.4294336651226634,0.7470673677029348,Biogas,5.58,2.45,40.39,39.37,1.38,0.62,1.49,4
Meat,-0.5276840286540649,-0.08972357068819352,0.32926037427401633,-0.1974672819828722,-1.325250780084871,Compost,6.29,1.99,46.15,44.66,2.28,0.94,0.59,2
Meat,0.8726727991229284,0.03533120602523526,-0.47040614586134166,-1.372227727289835,-0.6736341646307352,Compost,13.71,4.46,33.45,37.61,3.13,0.82,0.58,2
Mixed,-1.4216491954773578,-0.38722997826299776,0.47998285974455507,1.174809093522329,-1.2055660956137022,Compost,1.85,0.5,38.52,25.94,1.09,0.49,0.95,3
Vegetables,1.5007116188532166,1.1856163970773284,-1.039802202083377,-0.6361363827719825,1.174829295535068,Animal Feed,18.5,8.44,10.73,5.22,1.72,0.53,1.25,4
Vegetables,-1.341022590241713,1.0948331918247223,1.34873051905391,-0.025215017275106374,-0.6027099071663413,Biogas,2.32,1.12,73.87,76.73,1.54,0.53,1.27,4
Mixed,-1.3608256160890642,0.6635218190784066,1.1833544586070692,1.2368199088171246,-0.5605986292968571,Biogas,2.22,0.93,58.14,49.06,1.56,0.56,0.92,3
Vegetables,-1.0369046933002446,0.4444025164405915,-0.05103478582525956,0.17804265508005743,-0.6115754393493922,Biogas,3.89,1.5,31.99,25.05,1.68,0.4,1.52,4
Vegetables,0.9716879283596853,1.1207191660132165,1.090897378399447,0.8371946546951078,-0.2214920232952162,Biogas,14.54,6.95,58.97,52.84,1.47,0.39,1.06,4
Grains,-0.8919182540607073,-1.6323088776109844,0.3243758492819155,0.5340306688094398,0.25946309763521563,Compost,4.84,0.34,39.63,31.74,1.01,0.25,0.36,1
Grains,-0.8155351543637804,-1.1674551157753523,1.4425831778307039,-0.989827699638595,1.2213733394960793,Animal Feed,5.49,0.72,84.96,96.75,0.8,0.27,0.45,1
Fruits,-1.4817655239425318,-0.2362892273610752,0.46812044190659613,0.7120246756741313,0.7625820490232698,Compost,1.7,0.45,42.21,33.59,1.05,0.36,0.74,0
Fruits,0.15481311215643934,-0.01862828946627326,1.4104848707397561,1.5847694835268116,-1.6887375995898974,Compost,9.51,3.17,61.62,50.81,1.0,0.45,0.95,0
Vegetables,0.11591431138485614,1.0058729425008837,-1.2407655160440951,0.3790036305724509,-0.5406511818849951,Biogas,9.88,4.63,-3.87,-19.38,1.99,0.62,1.52,4
Grains,1.388965973000305,-1.3789180035123458,1.3051186887672959,0.27680062017917645,1.2479699360452254,Compost,17.93,1.83,69.99,69.96,1.03,0.31,0.4,1
Vegetables,-0.41664563372427305,1.1342090398860933,1.0553101248855699,-0.5270432817903975,0.38358054819790816,Biogas,7.44,3.47,69.83,75.37,1.84,0.38,1.12,4
Vegetables,-0.044631648163314296,1.338380103908018,0.00025272659179871246,0.8992054699899034,-0.13062031841896032,Biogas,9.23,4.69,27.17,14.24,1.2,0.55,1.04,4
Fruits,-0.8494831986735256,0.4564340255704548,1.5971435043664648,-1.6857268490579689,-0.6957979950883607,Donation,4.84,1.88,95.45,114.19,1.14,0.51,0.82,0
Vegetables,-0.6238701541983435,1.1280109897282853,-1.5865201065563728,-1.1482997831697397,-0.18824627760877957,Animal Feed,6.15,2.94,-0.48,-4.67,1.38,0.57,0.95,4
Grains,-0.48737072603624243,-1.5047019625972813,-1.1776155857890778,-1.4962493578794265,0.3237382059623254,Animal Feed,7.04,0.62,14.27,15.45,1.12,0.27,0.48,1
Fruits,-0.5708263349643665,-0.08899438831668653,0.6310542398573868,-1.372227727289835,0.38136416515214466,Animal Feed,6.61,1.92,65.03,75.49,0.7,0.5,0.96,0
Mixed,1.4314010283874863,-0.27639425779395305,-1.3067066034374557,0.11143844605972111,0.08658522006575155,Compost,17.21,4.61,-3.42,-16.98,1.71,0.32,0.83,3
Vegetables,-0.1514265375543879,1.0386861492186932,0.03967782117089805,1.2345232119543543,1.0396299297435645,Biogas,9.15,4.02,25.39,9.77,1.25,0.61,1.13,4
Grains,0.043774717226647414,-1.5298587544142686,1.7053008434772678,-0.7750865429695803,1.2767829156401382,Animal Feed,10.35,0.84,90.63,102.05,0.95,0.36,0.42,1
Mixed,-1.285149767315257,0.8983185427036198,0.4963809079323222,0.30895437625795913,-0.1461349997392953,Biogas,2.67,1.18,46.54,41.6,1.03,0.27,0.59,3
Mixed,0.9363253822037007,0.22273107550250149,-0.11418471608027678,-0.04588528904003824,0.5808386392707581,Biogas,14.91,4.96,32.12,26.77,1.53,0.43,0.83,3
Grains,1.183155954372474,-1.5254836601852275,0.5556929971221176,-1.3331838806227414,0.7160380050622617,Animal Feed,16.36,1.38,62.53,72.23,0.93,0.27,0.36,1
Vegetables,0.1102563039998987,0.4695593082575785,1.0005336660455826,1.5422805915655626,-0.6226573545782034,Biogas,9.81,3.82,50.24,37.44,1.24,0.37,1.56,4
Vegetables,-0.202348604019006,1.0416028787047207,1.240573179943107,-1.4422769816043264,1.239104403862178,Donation,8.95,3.9,83.12,97.69,1.8,0.53,1.35,4
Vegetables,-1.6741377750310884,0.5916973554849796,0.5713932560252983,-0.1710552680610147,0.4921833174402625,Biogas,0.63,0.24,52.86,52.52,1.56,0.59,1.06,4
Grains,-0.5892148589654784,-1.3337086964789195,-0.3674822263849323,-0.44665889159344,0.6739267271927775,Compost,6.6,0.73,28.35,25.04,1.03,0.24,0.41,1
Meat,0.7283936108065109,0.5289876715353885,0.8592313359169521,-1.2792115043476415,-0.6115754393493922,Biogas,13.01,5.18,70.77,81.74,3.52,0.86,0.36,2
Vegetables,0.9101570980482722,1.1316569015858196,0.7730543592706025,1.1369135952866203,0.8490209878080018,Biogas,14.95,6.82,47.25,36.68,1.5,0.57,1.12,4
Meat,0.28919078754918104,-0.19983010878573151,0.20330940840627448,-0.4696258602211423,-0.4364811787341646,Compost,10.83,3.1,44.91,45.07,2.44,1.23,0.54,2
Vegetables,-0.9675941028345145,1.130563128028559,1.4854972188327322,0.329624648022891,-0.3034981959884244,Biogas,4.31,2.08,74.7,75.25,1.83,0.56,0.97,4
Meat,1.664086582093866,0.4848721380592229,1.2028925585754724,0.3215862090031956,-0.7755877847358055,Biogas,17.7,6.99,66.67,65.67,2.85,0.55,0.52,2
Grains,-0.6401369254300963,-1.7551761072098924,1.194519087160442,-1.5559634763114518,1.0507118449723756,Donation,6.43,0.33,82.78,98.08,1.02,0.25,0.34,1
Mixed,-1.714451077648911,0.8768076627441674,0.6638503362329207,1.637593511370526,-1.3053033326730088,Biogas,0.38,0.18,39.75,24.2,1.29,0.33,0.77,3
Vegetables,1.12374687683042,0.69888716409649,-1.730613593823346,-0.6912571074784676,0.04004117610474344,Animal Feed,15.54,6.38,-8.59,-17.6,1.69,0.46,0.85,4
Grains,0.47166152571406217,-1.2928744836745347,0.1862135709339219,0.8440847452834183,0.8512373708537654,Compost,12.53,1.45,32.98,21.61,1.02,0.29,0.33,1
Vegetables,-0.7617840842066838,1.1816058940340406,-1.436146515728127,0.3847453727293761,0.21956820281149173,Biogas,5.53,2.64,-9.51,-26.19,1.4,0.57,1.17,4
Vegetables,-1.4739857637882152,0.6245105622027891,-0.12569823927594312,-0.3823513794358743,0.4877505513487387,Biogas,1.72,0.67,34.72,32.23,1.52,0.46,1.02,4
Mixed,1.7107651430197655,0.009809823022494587,-0.18466143382344544,1.3711766752891816,-2.5265303908880656,Compost,16.37,5.79,17.76,-0.33,1.08,0.17,0.84,3
Vegetables,1.0763610649814004,0.44622547236935856,-0.7673154864526113,-1.4330901941532457,1.1371507837571075,Animal Feed,16.08,5.71,25.48,28.46,1.19,0.5,1.34,4
Grains,0.2368542192383238,-1.4277732224033062,-1.285772924899881,-1.0575802570903161,0.7116052389707379,Animal Feed,11.15,1.09,7.34,4.08,0.87,0.34,0.52,1
Vegetables,0.6831295517268504,0.9114438253907435,0.8487644966481648,0.6592006478304163,0.048906708287791104,Biogas,13.19,5.82,53.58,47.62,1.38,0.61,1.05,4
Fruits,1.3458236666900039,0.5796658463551163,1.5462048865916995,1.4148139156818158,0.2483811824064045,Biogas,16.88,6.57,66.99,58.44,1.24,0.27,0.55,0
Grains,-0.44917917618777903,-1.126256311785214,1.069614805219579,-0.7188174698317101,0.5631075749046596,Animal Feed,7.33,1.04,71.91,79.21,1.04,0.25,0.39,1
Mixed,1.5933614897818966,0.6744595546510096,1.1690497782730598,-0.038995198451727754,0.8202080082130923,Biogas,18.71,7.34,68.83,70.77,1.06,0.65,1.02,3
Grains,0.41083794632576853,-1.2782908362443972,-1.277748348127144,0.9692547243043947,1.0351971636520405,Compost,12.29,1.44,-10.07,-30.93,1.12,0.34,0.39,1
Vegetables,1.7199594050203217,1.184887214705821,-1.5516306423270814,0.19067448782529353,0.5830550223165184,Biogas,19.2,9.0,-11.14,-26.79,1.91,0.51,1.28,4
Vegetables,-0.4392776632641033,0.8487341414411524,-0.8817529291246871,-0.8370973582643759,0.8135588590758049,Animal Feed,7.47,3.11,17.01,14.15,0.81,0.54,1.28,4
Meat,-0.5326347851159028,-0.2526958307199797,1.607610343635252,0.8348979578323376,-1.24989375652895,Compost,6.29,1.82,73.81,70.66,2.07,1.22,0.55,2
Grains,-0.682571980817278,-1.6632991284000265,-0.7292859704426837,1.0117436162656437,0.8999977978605369,Compost,6.15,0.39,5.28,-12.81,1.2,0.31,0.36,1
Vegetables,0.38962041863217767,0.47648654078689373,-0.5492563350195404,1.1105015813647627,0.3148726737792746,Biogas,11.77,4.39,9.58,-8.34,1.28,0.47,1.04,4
Vegetables,-1.4202346936311185,0.97998696831239,0.08468523002668389,-1.2309808702294671,0.6185171510487185,Animal Feed,2.03,0.89,48.14,54.24,1.66,0.34,1.07,4
Vegetables,1.6817678551718582,0.7028976671397777,0.7283958450571095,0.8934637278329778,-0.2857671316223228,Biogas,18.22,7.61,48.09,39.39,1.74,0.67,1.34,4
Vegetables,-0.28863321663960856,0.69888716409649,0.48172733295601977,0.2595753937083996,-0.7467748051408958,Biogas,7.7,3.29,46.54,41.94,1.86,0.37,1.09,4
Fruits,1.0226099948243037,0.9201940138488263,1.1823077746801904,0.7395850380273736,-0.737909272957845,Biogas,14.44,6.64,62.44,57.68,0.93,0.48,0.89,0
Grains,-0.7723928480534791,-1.1182353056986385,1.176725460403504,1.3401712676417838,1.0640101432469502,Compost,5.69,0.79,57.05,47.03,0.98,0.31,0.36,1
Vegetables,0.6597902712639007,0.5009141502323741,1.3637329886725056,-0.5741255674771869,0.004579047372543334,Biogas,13.04,4.98,79.08,86.8,1.15,0.66,1.18,4
Grains,0.5239980940249194,-1.5181918364701585,0.046655714016756424,0.6178601043005526,1.2967303630520002,Compost,13.08,1.08,30.95,20.74,0.96,0.33,0.32,1
Vegetables,1.296316102071625,0.9708721886685541,-0.5785634849721449,1.311462556857156,1.2900812139147129,Biogas,17.44,7.4,6.99,-12.85,1.51,0.46,1.26,4
Grains,-0.3289465192574311,-1.0974536081106927,0.21691629945569815,0.7051345850858208,0.30822352464198727,Compost,7.89,1.16,35.07,25.08,1.21,0.28,0.33,1
Grains,0.6527177620327036,-1.571057558404407,-1.6671147689260357,-0.42598861982850816,1.1260688685282965,Compost,13.7,1.04,-9.08,-20.02,1.07,0.31,0.4,1
Vegetables,0.2057351786210572,0.6514903099485433,-0.9773500611129453,-0.270961581591519,0.7293363033368363,Biogas,10.99,4.29,9.34,1.0,1.45,0.53,1.01,4
Vegetables,0.5883579280288117,0.8844640776449894,-0.8430256238301737,1.482566473133537,0.8423718386707145,Biogas,13.17,5.55,-2.08,-24.93,1.11,0.51,0.8,4
Grains,-1.1182385494590092,-1.55866145808879,-1.1507506983325233,0.9991117835204076,0.2949252263674126,Compost,3.63,0.29,-6.68,-27.07,1.0,0.28,0.41,1
Vegetables,-0.9449620732946844,1.3135879032767843,1.7105342631116618,0.30780602782657424,0.8756175843571512,Biogas,4.69,2.25,81.34,83.37,1.48,0.64,1.39,4
Vegetables,-1.4944960405586865,1.037592375661433,0.5180123757544826,-1.6156775947434774,0.5542420427216087,Animal Feed,1.61,0.72,63.91,75.86,1.41,0.53,1.22,4
Mixed,0.2304889609302466,0.26028396763510553,-1.682466133186924,-0.9094433094416375,0.6428973645521043,Animal Feed,11.08,3.73,-5.31,-12.12,1.4,0.41,0.85,3
Grains,0.30050680231909616,-1.2462068118980947,1.0881062212611037,-0.9726024731678183,0.43677374129620355,Animal Feed,11.36,1.42,74.65,84.26,1.03,0.31,0.43,1
Meat,1.5841672277813403,-0.17394413459723748,0.9516884161245744,0.9864799507751716,0.1575094775301486,Compost,18.09,5.1,53.68,45.44,3.11,1.0,0.46,2
Meat,0.1152070604617366,0.29382635672442176,0.07700954789623983,-1.7075454692542857,-0.4608613922375504,Biogas,9.91,3.57,52.07,62.28,4.28,0.97,0.45,2
Grains,-1.042562700685202,-1.4069915248153604,-0.26630278011998737,-0.27210993002290407,0.43677374129620355,Compost,4.06,0.41,29.73,25.47,1.09,0.3,0.38,1
Vegetables,1.5629497000877492,0.43310018968223485,0.497427591859201,-1.2975850792498032,1.072875675430001,Animal Feed,18.76,6.65,60.55,69.6,1.35,0.55,1.26,4
Grains,-0.09696821647417152,-1.1725593923759003,-0.7073056079782302,1.6950109329397813,1.219156956450316,Compost,9.54,1.25,-0.04,-23.95,1.0,0.29,0.37,1
Grains,1.3295568954582506,-1.4470965552482382,-0.8559347255950115,0.6534589056734907,1.0041678010113675,Compost,17.4,1.63,4.77,-10.92,1.05,0.29,0.47,1
Grains,-1.6104851919503163,-1.456575926077828,-0.1263960285605288,-0.5557519925750252,0.8135588590758049,Compost,0.99,0.09,36.2,35.22,0.98,0.28,0.38,1
Grains,-0.1224292497064807,-1.655642713499204,1.6295907060997055,-1.5088811906246626,0.4057443786555305,Donation,9.05,0.6,94.84,112.22,0.98,0.31,0.36,1
Fruits,-0.01634161123852665,-0.6552044997917738,-0.48401303691076536,1.4217040062701265,-2.067739100415259,Compost,8.5,2.02,8.74,-11.51,1.74,0.23,0.63,0
Vegetables,-0.2681229398691375,1.123635895499244,-0.8248831024309421,-1.5812271418019244,0.8556701369452892,Animal Feed,8.43,3.83,25.12,29.06,1.55,0.45,0.98,4
Vegetables,-0.8346309292880122,0.7780034514049857,0.6184940327348419,1.246006696268205,0.38136416515214466,Biogas,5.18,2.15,41.87,29.47,1.49,0.57,1.5,4
Fruits,1.263782559608119,-0.4127513612657384,1.6547111203447957,-0.5408234629670188,-2.1187159104677944,Compost,14.6,4.05,87.14,96.24,0.53,0.4,0.72,0
Grains,-1.6974770554940386,-1.2330815292109711,1.593654557943536,-0.3329723968863146,0.6628448119639632,Compost,0.51,0.06,83.56,90.5,0.93,0.34,0.44,1
Meat,-1.0050784017598584,0.3361189342718208,0.0756139693270682,0.40541564449430795,-1.9813001616305272,Biogas,3.78,1.5,33.63,25.44,2.9,0.8,0.5,2
Vegetables,-1.0920702653035808,0.9887371567704722,0.9904157214190878,-1.4985460547421967,0.5542420427216087,Animal Feed,3.81,1.68,76.43,90.05,1.44,0.5,1.11,4
Grains,-0.5878003571192391,-1.0916201491386377,-1.6332719886236233,1.657115434704073,0.41017714474705746,Compost,6.52,0.96,-26.24,-55.13,1.07,0.28,0.42,1
Fruits,0.479441285868379,-0.5644212945391682,0.4245086116199819,0.32503125429735064,-2.821309335974462,Compost,10.44,2.74,44.33,38.84,0.59,0.22,0.87,0
Fruits,-0.7441028111286914,0.2839823947090791,1.5416692562418914,-0.5924991423793484,-0.019801166130842467,Animal Feed,5.56,1.95,84.34,93.24,1.59,0.4,0.88,0
Vegetables,-1.4301362065547942,1.0146231309589666,1.3082587405479322,-0.3628294561023273,0.3193054398707984,Biogas,1.95,0.88,75.65,81.21,1.38,0.3,1.6,4
Grains,0.4129596990951274,-1.4864724033096095,-0.3025878229184504,-0.7681964523812697,0.29935799245893957,Animal Feed,11.89,1.09,33.01,32.86,0.99,0.28,0.47,1
Grains,-0.8947472577531861,-1.6910080585172877,-0.9299003897611091,-1.3550025008190585,0.33038735509960954,Animal Feed,4.84,0.3,20.14,21.51,0.99,0.33,0.37,1
Mixed,0.4377134814043168,-0.5655150680964284,-0.2122241105645856,-0.8749928565000844,-2.872286146026994,Animal Feed,10.22,2.69,36.53,37.83,1.44,0.63,0.82,3
Vegetables,-0.3239957627955933,1.270566143357879,0.29192864754867454,-0.07000060609912555,-0.7955352321476674,Biogas,7.5,3.86,43.97,41.16,1.65,0.45,1.18,4
Grains,0.16117837046451658,-1.467513661650431,1.0116982945989557,-1.2459093998374735,1.0218988653774659,Animal Feed,10.89,0.99,74.84,86.39,1.0,0.28,0.39,1
Mixed,1.3599686851523973,0.01673705555181006,-1.1388882804945644,1.420555657838741,-3.096140833648993,Compost,14.27,5.23,-10.01,-34.0,0.91,0.43,0.85,3
Mixed,-0.08635945262737621,0.6452922597907348,-1.7435226955881837,0.2607237421397849,-1.3451982274967298,Biogas,8.48,3.66,-17.25,-34.61,0.65,0.47,0.9,3
Fruits,-0.952741833449001,-0.11779709199120826,-0.46935946193446315,0.26761383272809536,-0.7778041677815689,Compost,4.29,1.3,19.21,9.1,1.0,0.46,0.71,0
Vegetables,-1.575829896717451,0.5880514436274454,0.44265113301921327,-1.3756727725839903,-0.8021843812849547,Animal Feed,1.1,0.45,59.66,69.08,1.99,0.41,1.49,4
Fruits,1.460398316235394,-0.13092237467833195,0.02641982476376724,1.5709893023501902,-0.6625522494019241,Compost,16.74,5.02,22.08,3.45,1.18,0.47,0.8,0
Vegetables,-0.5220260212691076,1.1418654547869158,-0.14732970709810367,-0.1274180276683808,0.8335063064876669,Biogas,7.02,3.21,31.88,27.05,1.63,0.54,1.39,4
Grains,0.42993372125000023,-1.4613156114926225,-0.33259276215564093,-1.3320355321913564,0.36806586687757004,Animal Feed,12.02,1.14,37.06,41.66,1.14,0.22,0.38,1
Vegetables,1.055143537287809,1.1218129395704768,-0.8063916863894177,0.5501075468488315,-0.6736341646307352,Biogas,14.65,7.16,7.09,-7.42,1.71,0.66,1.16,4
Vegetables,-0.9605215936033176,0.8024310608504661,1.1540473086544643,1.3011274209746901,0.7869622625266556,Biogas,4.58,1.88,56.74,46.93,1.86,0.31,1.15,4
Grains,-0.4208891392629914,-1.3111040429622065,-1.6479255635999255,0.45938802076940816,0.26832862981826644,Compost,7.38,0.86,-16.24,-34.78,1.1,0.33,0.34,1
Vegetables,-0.11182048585968514,0.7820139544482736,0.42904424196978963,-0.8681027659117738,-0.5162709683816094,Animal Feed,8.71,3.78,54.86,59.78,1.43,0.19,1.33,4
Vegetables,1.1025293491368289,1.0696764000077352,1.3640818833147983,1.1300235046983098,0.8069097099385176,Biogas,15.99,7.16,64.25,57.14,1.44,0.46,1.42,4
Vegetables,1.125161378676659,1.2494198545841797,-0.9361804933223815,0.04368588860799991,-0.7778041677815689,Biogas,14.93,7.62,7.77,-3.07,1.55,0.6,0.72,4
Fruits,1.2850000873017096,0.8779014363014278,0.7632853092864009,-0.7681964523812697,-1.1900514142933671,Animal Feed,15.43,7.16,63.56,69.53,1.72,0.31,0.69,0
Vegetables,-1.6479694908756597,1.2785871494444545,-0.11732476786091312,-1.4652439502320287,-0.3456094738579087,Animal Feed,0.74,0.38,44.39,51.39,1.48,0.56,1.19,4
Grains,-1.4138694353230412,-1.6884559202170135,0.058169237212422516,-1.4985460547421967,1.148232698985922,Animal Feed,2.11,0.13,49.71,58.0,1.1,0.24,0.32,1
Vegetables,0.09257503092190637,0.6380004360756659,0.7461894718140483,-0.25488470355212745,0.5586748088131326,Biogas,10.29,4.03,58.6,60.0,1.51,0.5,1.07,4
Fruits,0.47166152571406217,0.908527095904716,0.17470004773825556,1.2345232119543543,-1.9879493107678146,Biogas,10.89,5.32,29.25,14.41,1.25,0.46,0.88,0
Grains,0.3570868761686717,-1.433242090189608,0.998091403549532,0.838343003126493,0.36584948383180965,Compost,11.63,1.15,56.29,49.61,1.03,0.32,0.4,1
Grains,-0.5135390101916711,-1.6341318335397514,-0.7292859704426837,-0.18253875237486591,0.45228842261654173,Compost,6.94,0.48,15.68,7.99,0.94,0.34,0.39,1
Vegetables,-0.5418290471164591,1.2570762694850017,-0.5708878028417009,1.0806445221487502,-0.16164968105963345,Biogas,6.59,3.27,9.22,-8.56,1.37,0.56,1.45,4
Grains,-1.689697295339722,-1.7077792530619458,1.0350742356325808,1.1196883688158439,1.037413546697804,Compost,0.56,0.03,54.9,45.99,0.78,0.24,0.39,1
Grains,-0.6967169992796718,-1.0777656840800072,-0.5684455403456505,0.7671454003806164,0.8955650317690131,Compost,6.07,0.89,12.03,-3.01,0.98,0.35,0.39,1
Grains,-1.1917926454634573,-1.1926119075923396,-1.7257290688312452,1.395291992348269,0.3281709720538492,Compost,3.23,0.43,-26.61,-53.75,1.2,0.32,0.41,1
Grains,-0.8261439182105758,-1.4704303911364582,0.29437091004472493,0.9485844525394629,1.1460163159401584,Compost,5.41,0.49,35.17,23.49,0.91,0.32,0.47,1
Vegetables,0.12086506784669401,0.7207626352416965,1.4052514511053622,0.4214925225336995,-0.6935816120425973,Biogas,9.83,4.21,71.6,70.88,1.33,0.52,1.58,4
Mixed,-1.6118996937965555,0.4914347794027845,0.38438572775629687,-0.6694384872821506,-3.0141346609557846,Animal Feed,0.81,0.36,51.84,54.78,1.66,0.33,1.09,3
Vegetables,0.7878026883485654,1.2545241311847277,0.8791183305276484,0.5420691078291356,-0.49632352096974736,Biogas,13.39,6.75,55.48,50.71,1.46,0.39,0.98,4
Mixed,-1.0765107449949474,0.22747076091729654,0.4339287669618904,-0.49603787414299955,-1.3296835461763947,Biogas,3.55,1.3,51.75,53.46,0.72,0.4,0.86,3
Fruits,0.22836720816088743,0.4236208188526453,1.2133593978442598,0.36063005567028916,-0.5317856497019443,Biogas,10.47,3.99,66.63,65.35,1.01,0.38,0.68,0
Vegetables,0.34011285401379915,1.0182690428165007,1.5455070973071134,-0.3203405641410785,0.6628448119639632,Biogas,11.69,5.19,82.09,88.65,1.68,0.46,1.27,4
Fruits,-0.9555708371414797,-0.6161932429161561,-0.9330404415417453,-1.1023658459143353,-0.8332137439256279,Animal Feed,4.26,0.98,17.85,17.0,1.26,0.67,0.66,0
Meat,0.9837111940527202,0.4090371714225082,-0.3008433497069857,1.418258960975971,0.13534564707252314,Biogas,14.85,5.45,14.02,-5.15,2.88,1.0,0.6,2
Grains,-0.698838752049031,-1.3461047967945365,1.333030260150729,-1.599600716704086,1.3033795121892844,Donation,6.17,0.66,87.13,103.6,0.95,0.34,0.42,1
Grains,-0.6613544531236871,-1.2658947359287802,1.4666569081489154,1.6192199364683644,1.2169405734045524,Compost,6.36,0.75,62.93,52.14,0.98,0.17,0.4,1
Vegetables,1.4787868402365059,0.505289244461415,-0.5213447636361072,-1.165525009640516,-0.15721691496810647,Animal Feed,17.26,6.66,30.19,32.26,1.65,0.57,1.29,4
Fruits,1.7065216374810472,-0.5819216714553331,-0.5408828636045103,0.7258048568507527,-0.9107871505273091,Compost,17.79,4.18,13.17,-1.35,1.51,0.47,0.7,0
Grains,0.1569348649257985,-1.132089770757269,-0.009516323392402663,-0.08837418100128726,0.7249035372453093,Compost,10.72,1.5,35.48,31.1,0.96,0.35,0.39,1
Fruits,0.23756147016144363,0.7936808723923838,1.281393853091378,-1.5421832951348307,-1.068150346776435,Donation,10.24,4.59,85.15,100.83,0.81,0.35,0.73,0
Vegetables,-1.4987395460974045,0.8159209347233434,1.147418310450899,0.6236018464574782,0.27719416200131414,Biogas,1.57,0.66,62.45,58.5,1.5,0.46,1.47,4
Grains,-0.9704231065269934,-1.1401107768438448,1.6554089096293814,1.3573964941125607,0.5830550223165184,Compost,4.48,0.62,70.62,63.18,0.95,0.33,0.39,1
Mixed,1.2920725965329067,0.4917993705885381,-0.728239286515805,1.642186905096067,-1.9480544159440905,Biogas,14.87,6.25,-0.18,-23.75,1.18,0.24,0.49,3
Grains,-0.2617576815610603,-1.3931370597567299,0.03793334795943358,-0.499482919437155,0.3126562907335111,Compost,8.26,0.86,40.43,39.89,1.04,0.31,0.36,1
Grains,-1.4676205054801381,-1.069380086807678,1.4921262170362977,-0.717669121400325,0.529861829218223,Animal Feed,1.76,0.26,84.0,93.7,1.16,0.27,0.38,1
Meat,-1.1726968705392258,-0.13675583365038682,-1.5711687422954845,0.3215862090031956,-1.001658855403565,Compost,3.13,0.95,-12.84,-29.75,2.17,1.06,0.48,2
Grains,-1.4902525350199682,-1.2236021583813819,-0.8384899934803658,-1.0415033790509247,0.722687154199549,Animal Feed,1.65,0.21,20.03,19.2,1.08,0.33,0.39,1
Vegetables,1.6202370248604445,0.8315983557107409,-0.3200325550330961,1.1461003827377012,-0.8753250217951122,Biogas,17.38,7.81,15.84,-1.08,1.09,0.57,1.25,4
Vegetables,0.9759314338984036,0.4870596851737431,-0.8241853131463563,0.48005829253434007,0.9531909909588324,Biogas,15.39,5.6,7.19,-6.81,1.55,0.53,1.25,4
Grains,-1.7010133101096367,-1.4099082543013879,-0.24432241765553372,1.5859178319581964,0.9265943944096863,Compost,0.5,0.05,14.18,-6.13,1.13,0.25,0.42,1
Fruits,-0.2957057258708056,-0.09008816187394689,0.5071966418434026,-0.2732582784542892,-2.6262676279473722,Compost,6.95,2.36,51.91,52.11,1.04,0.51,0.86,0
Grains,0.8684292935842105,-1.1867784486202846,-0.8046472131779531,-1.4216067098393945,0.7603656659775094,Animal Feed,14.66,1.93,24.31,26.98,0.89,0.24,0.44,1
Vegetables,1.718544903174082,0.8082645198225209,0.4981253811437867,-0.28244506590537,1.1526654650774457,Biogas,19.7,7.98,51.73,51.95,1.41,0.45,0.8,4
Fruits,-0.22356613171259687,0.2752322062509968,-0.3632954906774172,-0.7854216788520463,-1.839451646701736,Animal Feed,7.6,2.91,31.42,31.08,1.43,0.5,1.06,0
Grains,1.5488046816253556,-1.6611115812855057,1.1491627836623635,0.03564744958830414,1.0906067397960995,Compost,18.7,1.19,67.62,68.79,1.16,0.43,0.41,1
Vegetables,0.6873730572655687,1.2712953257293858,0.05502918543178617,0.23316337978654214,0.9598401400961197,Biogas,13.79,6.52,34.54,27.73,1.59,0.44,1.0,4
Vegetables,-0.9223300437548542,1.1214483483847233,-0.7990648989012664,-0.8072402990483633,0.7138216220164982,Animal Feed,4.78,2.18,19.12,16.47,1.66,0.46,1.26,4
Meat,1.4978826151607378,0.4520589313414134,1.046587758828247,0.8590132748914249,-0.40101905000196764,Biogas,17.16,6.57,57.51,50.93,3.06,1.3,0.42,2
Grains,-1.5560268708700997,-1.2768324715013832,0.5406905275035221,-0.6499165639486036,0.7337690694283602,Animal Feed,1.29,0.15,56.15,59.82,1.01,0.32,0.39,1
Vegetables,1.3741137036147915,0.9577469059814303,0.1917958852106084,-1.1391129957186585,-0.6758505476764988,Animal Feed,16.29,7.56,50.41,56.34,1.4,0.45,1.16,4
Fruits,0.28141102739486445,-0.5666088416536887,-0.5272759725550867,-0.5787189612027273,-1.919241436349181,Compost,10.01,2.5,24.93,21.85,0.73,0.51,0.98,0
Fruits,-0.6146758921977873,-0.5359831820504002,-1.269025982069821,0.5880030450845397,-2.397980174233849,Compost,5.53,1.45,-6.5,-24.0,1.21,0.43,0.5,0
Vegetables,-1.5468326088695437,1.1816058940340406,-1.3014731838030622,-1.524958068664054,-0.18381351151725575,Animal Feed,1.28,0.62,10.97,11.69,1.65,0.61,1.2,4
Vegetables,-1.418820191784879,0.9180064667343056,-0.46342825301548357,0.5891513935159249,-0.8731086387493486,Biogas,1.89,0.88,16.58,3.69,1.68,0.37,1.15,4
Vegetables,-0.5361710397315014,1.3329112361217164,-1.468244822819075,0.5007285642992719,0.6894414085131124,Biogas,6.89,3.36,-11.45,-29.32,2.03,0.55,1.15,4
Vegetables,-1.5270295830221923,0.7010747112110106,0.07247391754643186,0.2480919093945488,-0.616008205440916,Biogas,1.36,0.58,34.91,28.07,1.51,0.54,1.0,4
Grains,-0.10050447108977004,-1.189695178106312,-1.079925085947062,-1.666204925724422,0.44785565652501474,Animal Feed,9.18,1.22,18.54,21.76,1.05,0.29,0.37,1
Vegetables,-1.5581486236394586,0.570915657897034,1.6871583220780364,0.6029315746925463,-0.0995909557782872,Biogas,1.23,0.48,78.1,77.42,1.32,0.46,1.47,4
Meat,-1.0531714645319974,0.4640904404712768,-0.09115766968894459,-1.3997880896430777,0.08215245397422771,Biogas,3.94,1.48,44.57,51.15,3.38,0.78,0.42,2
Vegetables,-1.5058120553286014,0.9402465290652652,-0.8391877827649517,-1.5318481592523647,0.48110140221145137,Animal Feed,1.55,0.67,24.28,27.7,1.71,0.51,1.37,4
Fruits,-0.06019116847194748,0.545758866080047,1.0629858070160139,-0.1963189335514871,-3.0628950879625565,Compost,7.85,3.58,67.17,69.88,0.59,0.39,0.38,0
Vegetables,1.5537554380871936,0.6627926367068999,-0.09464661611187378,-1.5973040198413158,0.9376763096384974,Animal Feed,18.59,7.22,46.19,54.47,1.53,0.46,1.28,4
Vegetables,0.8139709725039939,0.646021442162242,0.6792017004938088,1.1759574419537138,-0.6448211850358256,Biogas,13.43,5.59,44.22,32.77,2.13,0.56,1.43,4
Vegetables,0.25524274323943597,0.7579509361885468,0.9349414732945145,0.7384366895959887,1.2280224886333666,Biogas,11.52,4.57,55.35,49.18,1.65,0.55,1.19,4
Grains,-0.1825455781716545,-1.3738137269117976,-0.44214567983561587,1.2620835743075967,0.529861829218223,Compost,8.77,0.93,11.33,-7.3,0.97,0.37,0.41,1
Meat,-1.215839176849527,0.24898164087674943,-0.9532763307947344,-0.9232234906182588,-0.47859245660364885,Biogas,2.99,1.06,15.71,13.19,2.76,1.11,0.78,2
Meat,-1.6543347491837372,0.4104955361655216,-1.4023037354257142,0.25727869684562943,-0.844295659154439,Biogas,0.69,0.27,-7.44,-22.82,2.53,1.35,0.36,2
Fruits,-0.811998899748182,0.024393470452632262,-1.6105938368745836,0.5236955329269739,-0.9063543844357853,Compost,4.98,1.63,-15.73,-34.62,1.16,0.42,0.78,0
Grains,-0.39118460049196413,-1.4164708956449499,0.25564360475021153,1.4366325358781327,1.1504490820316824,Compost,7.85,0.77,29.81,13.67,0.95,0.27,0.27,1
Mixed,-0.9223300437548542,-0.16811067562518237,-0.1794280141890518,1.02896884273642,-2.4733371977897702,Compost,4.07,1.32,20.89,5.81,1.31,0.38,0.94,3
Grains,-1.3042455422394887,-1.438346366790156,0.8110838752805302,1.29653402724915,0.9022141809063005,Compost,2.7,0.26,46.95,35.22,1.09,0.37,0.38,1
Vegetables,-1.5730008930249724,1.0164460868877336,1.6515710685641594,0.437569400573091,0.31043990768775076,Biogas,1.17,0.53,78.52,79.08,1.36,0.52,0.96,4
Grains,1.1485006591396087,-1.6024124003792026,-1.5512817476847884,1.420555657838741,0.6628448119639632,Compost,16.13,1.18,-21.84,-48.2,1.05,0.47,0.39,1
Vegetables,-0.4060368698774777,0.9136313725052642,0.28774191184115966,1.6077364521545137,1.2590518512740398,Biogas,7.81,3.26,29.24,11.79,1.59,0.26,1.52,4
Fruits,-1.1337980697676426,0.6540424482488176,0.825039660972247,-1.3136619572891948,0.23508288413182984,Animal Feed,3.53,1.41,70.07,81.14,1.52,0.53,1.2,0
Vegetables,-1.0468062062239203,1.1965541326499312,0.752469575375321,1.4113688703876606,0.6030024697283803,Biogas,4.07,1.91,44.27,31.2,1.33,0.63,1.16,4
Vegetables,0.04518921907288677,1.0740514942367765,-0.028705528718513066,-0.2514396582579722,-0.4453467109172154,Biogas,9.56,4.55,36.36,33.29,1.33,0.32,1.19,4
Vegetables,1.4794940911596255,0.7196688616844361,1.4049025564630693,1.692714236077011,0.352551185557235,Biogas,17.69,7.21,60.52,48.73,1.79,0.48,0.97,4
Vegetables,-1.1854273871553802,0.716387541012655,-0.8716349844981925,0.9658096790102397,-0.17938074542573193,Biogas,3.19,1.33,1.6,-16.9,1.49,0.72,1.35,4
Fruits,0.354257872476193,0.8582135122707419,0.34635621174636916,0.05976276664739145,0.002362664326782993,Biogas,11.41,4.96,44.4,40.77,1.5,0.48,0.84,0
Vegetables,1.3401656593050457,0.5417483630367587,-0.8524457791720823,1.2161496370521927,0.1464275623013343,Biogas,16.77,6.47,-0.03,-20.6,1.97,0.66,1.22,4
Grains,1.2545882976075629,-1.5564739109742693,1.0853150641227605,-1.7270673925878326,0.9110797130893481,Donation,16.91,1.34,81.15,97.32,1.22,0.26,0.47,1
Grains,0.4065944407870502,-1.368344859125496,-0.586239167102589,-0.10330271060929351,0.9022141809063005,Compost,12.2,1.28,19.09,11.54,1.05,0.25,0.37,1
Grains,1.1859849580649526,-1.4051685688865931,-0.5387894957507527,-0.3088570798272275,0.5631075749046596,Compost,16.26,1.66,22.24,16.75,0.8,0.4,0.39,1
Grains,-0.7002532538952703,-1.60532912986523,-0.43167884056682826,-0.8083886474797483,0.35920033469452234,Animal Feed,5.9,0.44,29.66,29.13,0.96,0.29,0.34,1
Grains,1.2277127625290147,-1.2957912131605622,-1.3199645998445866,-1.4089748770941584,0.8046933268927541,Animal Feed,16.68,1.93,9.44,9.05,1.03,0.3,0.4,1
Vegetables,-0.8169496562100198,0.9147251460625245,1.0005336660455826,-1.559408521605607,-0.6492539511273495,Animal Feed,5.02,2.29,77.25,91.47,1.57,0.54,1.21,4
Vegetables,-1.308489047778207,1.2636389108285637,1.7307701523646506,1.2907922850922242,-0.7689386355985182,Biogas,2.47,1.26,73.35,66.93,1.69,0.5,1.12,4
Vegetables,-0.3805758366451688,0.7834723191912876,-1.4804561352993268,0.9853316023437863,0.722687154199549,Biogas,7.76,3.18,-16.02,-38.19,1.31,0.46,1.14,4
Grains,-0.023414120469723434,-1.2666239183002872,0.39206140988674093,0.5363273656722101,0.7647984320690333,Compost,9.74,1.17,41.56,34.05,1.16,0.34,0.42,1
Grains,0.12157231876981382,-1.6323088776109844,-1.7288691206118814,0.6029315746925463,0.5764058731792342,Compost,10.45,0.73,-19.81,-40.07,0.93,0.39,0.47,1
Grains,-0.4138166300317943,-1.5094416480120763,-0.22234205519108008,0.5799646060648443,0.3946624634267193,Compost,7.46,0.65,23.58,12.16,0.95,0.25,0.32,1
Grains,1.040291267902296,-1.291416118931521,1.6023769240008587,0.8371946546951078,0.4146099108385813,Compost,15.36,1.82,73.63,70.42,0.96,0.29,0.41,1
Grains,-0.8841384939063907,-1.5542863638597488,-1.326593598048152,1.4814181247021518,1.0196824823317057,Compost,5.06,0.4,-15.92,-41.52,0.92,0.31,0.48,1
Fruits,-1.23210594808128,-0.5709839358827301,-0.6131040545591435,1.2655286196017521,-0.981711407991703,Compost,2.83,0.67,6.41,-13.22,0.9,0.3,0.87,0
Grains,1.2213475042209374,-1.4153771220876894,0.23261655835887937,1.526203713526171,0.758149282931746,Compost,16.61,1.65,28.36,11.31,1.08,0.26,0.32,1
Grains,-1.20876666761833,-1.7526239689096184,-0.3828335906458204,0.8796835466563567,1.1460163159401584,Compost,3.26,0.17,16.36,1.4,0.86,0.25,0.36,1
Mixed,1.7411769327139122,0.1753342213545551,-1.7365448027423254,-0.6751802294390761,0.16194224362167245,Animal Feed,18.94,6.29,-8.9,-18.07,1.36,0.42,0.79,3
Mixed,-0.6564036966618493,-0.2946238170816249,-0.4637771476577764,1.043897372344427,-0.20819372502064154,Compost,5.97,1.61,12.61,-4.23,1.14,0.57,0.84,3
Vegetables,-1.2653467414679056,1.2774933758871942,-0.263860517623937,0.12062523351080216,-0.6935816120425973,Biogas,2.7,1.38,26.38,18.71,1.56,0.5,1.36,4
Vegetables,-0.6868154863559962,0.5216958478203197,-0.6738117223181105,1.3240943896023922,0.08436883701998805,Biogas,5.89,2.26,4.15,-16.34,1.63,0.52,1.38,4
Mixed,1.511320382700012,-0.6001512307430049,1.7140232095345906,-0.7325976510083313,-0.7090962933629353,Animal Feed,16.97,3.9,90.51,101.62,1.49,0.26,0.99,3
Vegetables,-0.04180264447083558,0.7244085470992306,0.8916785376501933,0.9106889543037545,1.1437999328943949,Biogas,9.81,3.86,52.62,44.7,1.09,0.36,1.06,4
Grains,1.5926542388587765,-1.3351670612219335,-0.2418801551594833,-1.6512763961164156,0.9753548214164578,Animal Feed,18.84,2.06,42.44,50.33,1.02,0.31,0.43,1
Meat,1.624480530399163,0.12939573194962187,-1.3213601784137583,0.5776679092020738,-1.2587592887119976,Biogas,17.07,5.96,-7.92,-25.62,3.88,1.03,0.51,2
Vegetables,0.03953121168792934,0.5151332064767581,1.042401023120732,1.703049371959477,0.4013116125640066,Biogas,9.92,3.74,50.04,36.09,1.7,0.59,1.1,4
Vegetables,-1.5051048044054816,0.8337859028252617,-0.20315284986496993,0.09076817429478924,-0.7201782085917465,Biogas,1.46,0.65,28.38,21.34,1.57,0.38,1.1,4
Vegetables,1.302681360379702,0.5767491168690888,0.7723565699860168,-0.26177479414043814,-0.3411767077663817,Biogas,16.19,6.47,59.41,61.02,1.52,0.46,1.32,4
Grains,1.4971753642376178,-1.1419337327726118,1.5667896704869813,-1.4124199223883136,0.27941054504707763,Donation,17.73,2.5,92.2,108.38,0.98,0.36,0.47,1
Meat,-1.0142726637604143,0.046998123969345246,0.023977562267716832,0.9841832539124014,-0.07521074227490139,Compost,4.11,1.31,27.12,13.59,2.42,0.85,0.51,2
Grains,-1.1408705789988396,-1.433242090189608,0.28041512435300847,-0.44091714943651467,1.2280224886333666,Compost,3.66,0.35,46.88,47.23,1.13,0.34,0.4,1
Vegetables,-1.0171016674528932,1.1418654547869158,-1.5788444244259285,-0.14464325413915743,-0.5473003310222824,Biogas,4.01,1.96,-9.0,-21.89,1.51,0.39,1.0,4
Meat,-1.6423114834907022,-0.19691337929970384,-0.07406183221659175,0.3663717978272144,-0.4165337313223026,Compost,0.77,0.22,29.68,20.97,3.8,1.14,0.57,2
Vegetables,-1.0086146563754568,1.1345736310718468,0.16318652454258947,0.3583333588075186,-0.40766819913925495,Biogas,4.08,1.97,36.56,29.28,1.38,0.52,1.04,4
Grains,0.01407017845562041,-1.3975121539857709,-1.6632769278608137,0.18378439723698264,1.2280224886333666,Compost,10.17,1.01,-14.28,-30.51,1.23,0.33,0.43,1
Vegetables,0.3733536474004247,0.7579509361885468,1.1519539408007067,-0.8738445080686993,0.6872250254673521,Animal Feed,11.89,4.83,75.62,84.74,1.42,0.49,1.14,4
Vegetables,0.0013396618394656927,1.3197859534345928,1.1491627836623635,-1.0506901665020054,-0.7622894864612308,Animal Feed,9.18,4.78,77.09,87.73,1.53,0.43,1.09,4
Meat,0.028922447841133788,0.5253417596778543,0.8536490216402657,-0.6384330796347526,0.14421117925557397,Biogas,9.75,3.74,65.02,70.38,2.25,1.52,0.45,2
Vegetables,1.6237732794760433,0.824306531995672,1.5085242652240645,-0.6648450935566101,-0.899705235298498,Animal Feed,17.38,7.8,84.02,93.36,1.57,0.61,1.28,4
Fruits,-0.1882035855566122,0.4097663537940149,-1.5352325941393143,-1.2562445357199394,-1.7862584536034407,Animal Feed,7.79,3.15,1.93,-1.03,1.14,0.21,0.83,0
Vegetables,1.664086582093866,1.30994199141925,-1.5917535261907663,0.10569670390279551,0.93102716050121,Biogas,19.2,9.2,-11.55,-26.69,1.43,0.35,0.79,4
Vegetables,1.0593870428265275,1.0598324379923925,-0.8227897345771845,-0.6545099576741442,-0.1217547862359095,Animal Feed,15.07,7.03,17.1,12.98,1.28,0.38,1.34,4
Meat,-0.989518881451225,0.21361629585866557,0.7681698342785017,-0.9783442153247439,-1.569052915118729,Biogas,3.94,1.45,65.53,73.36,2.52,0.84,0.54,2
Vegetables,0.63857274357031,0.5344565393216903,0.4353243455310623,-1.1012174974829503,-0.3589077721324833,Animal Feed,12.7,5.01,57.06,64.05,1.93,0.61,1.03,4
Grains,0.7347588691145883,-1.4740763029939927,-0.044056892979401185,0.8590132748914249,0.4766686361199275,Compost,13.74,1.27,26.25,13.42,1.1,0.38,0.41,1
Vegetables,-0.8247294163643364,0.9249336992636208,0.2221497190900918,0.710876327242746,0.16415862666743278,Biogas,5.18,2.28,35.17,25.15,1.38,0.64,1.07,4
Vegetables,0.8068984632727968,0.85055709736992,1.0675214373658215,-0.8164270864994441,-0.8287809778341009,Animal Feed,13.27,5.99,72.7,80.84,1.11,0.45,1.2,4
Grains,-0.3579438071053386,-1.6326734687967377,0.7566563110828356,1.437780884309518,0.28384331113860145,Compost,7.73,0.54,44.16,30.87,1.13,0.25,0.41,1
Vegetables,-0.08706670355049602,1.1032187890970513,1.519688893777438,1.0014084803831778,-0.2680360672562243,Biogas,8.94,4.26,69.83,64.73,1.38,0.49,0.9,4
Grains,-0.7334940472818959,-1.2462068118980947,-0.0433591036948155,0.8923153794015929,0.5254290631266991,Compost,5.76,0.72,25.98,12.86,1.09,0.3,0.37,1
Fruits,-0.4909069806518409,0.07361328052934601,0.5204546382505332,-1.0059045776779862,-1.2432446073916628,Animal Feed,6.5,2.21,58.67,65.32,1.55,0.32,0.97,0
Vegetables,-0.42866889941730796,0.7459194270586835,-1.702702022439913,-0.3341207453176997,-0.0020701017647439886,Biogas,7.24,3.03,-10.9,-22.85,1.51,0.54,1.01,4
Vegetables,-0.3954281060306824,0.8837348952734826,1.6055169757814947,1.5273520619575562,0.4256918260673924,Biogas,7.57,3.25,67.71,58.51,1.86,0.62,1.14,4
Meat,0.07347925599767467,-0.0707648290290147,0.4464889740844353,-1.0713604382669373,-0.3367439416748579,Compost,9.76,2.97,57.12,63.91,3.09,1.07,0.58,2
Vegetables,0.7863881865023258,0.4451316988120982,0.719324584357494,1.0783478252859802,0.5165635309436483,Biogas,14.05,5.13,46.22,35.85,1.36,0.62,1.13,4
Fruits,0.11874331507733485,0.11663504044825153,-0.23420447302903924,-0.45240063375036565,0.26389586372673945,Biogas,10.29,3.32,32.21,29.71,0.91,0.6,1.12,0
Grains,-0.45483718357273667,-1.5072541008975555,1.4300229707081589,0.9784415117554758,1.305595895235048,Compost,7.55,0.64,67.46,62.05,0.88,0.26,0.45,1
Fruits,1.257417301300042,0.8461820031408785,-0.4159785816636473,0.5110637001817379,-2.182991018794901,Compost,14.52,7.02,18.62,6.69,0.67,0.18,0.64,0
Grains,0.41649595371072595,-1.4788159884087875,1.1568384657928075,-0.06311051551081485,0.5498092766300849,Compost,12.05,1.1,68.69,70.77,1.11,0.27,0.42,1
Vegetables,0.6159407140304799,1.0922810535244485,-0.8629126184408697,1.5020883964670837,0.124263731843712,Biogas,12.88,6.0,-2.82,-25.94,1.51,0.53,0.9,4
Grains,-0.7080330140495869,-1.6005894444504352,-0.4920376136835025,1.492901609016003,0.9975186518740802,Compost,6.04,0.44,7.89,-13.03,1.07,0.38,0.47,1
Grains,-1.6486767417987795,-1.5036081890400212,-1.669208136779793,1.2620835743075967,0.3481184194657112,Compost,0.76,0.07,-23.84,-49.49,1.16,0.36,0.32,1
Grains,-0.6960097483565522,-1.5309525279715288,0.006881724795364241,-1.1184427239537267,0.7204707711537855,Animal Feed,6.02,0.5,44.93,49.61,0.99,0.29,0.38,1
Vegetables,0.8620640352761331,0.5435713189655262,-0.2261798962563021,-0.7406360900280271,-0.8465120422001994,Animal Feed,13.54,5.48,34.96,35.02,1.64,0.48,1.21,4
Vegetables,-1.7059640665714746,1.3088482178619898,0.9108677429763035,-0.1905771913945615,0.24173203326911716,Biogas,0.45,0.22,62.76,64.54,1.87,0.58,1.29,4
Vegetables,1.1329411388309756,1.2184296037951372,-1.4567312996234087,1.4664895950941457,-0.5982771410748176,Biogas,15.11,7.58,-19.53,-45.74,1.75,0.69,1.29,4
Grains,0.5176328357168424,-1.627933783381943,0.11364348533699567,-0.8945147798336311,0.4966160835317863,Animal Feed,12.57,0.89,46.04,49.38,0.96,0.27,0.46,1
Vegetables,0.43629897955807745,0.8126396140515624,-1.7058420742205491,0.9428427103825372,1.2767829156401382,Biogas,12.57,5.07,-22.11,-45.2,1.49,0.56,1.31,4
Vegetables,0.3104083152427719,0.8377964058685494,0.9638997286048262,-0.12052793708007013,0.36363310078604616,Biogas,11.37,4.82,63.66,65.14,1.47,0.39,1.28,4
Vegetables,-1.5630993801012965,0.5738323873830614,0.71164890222705,0.34914657135643795,1.2590518512740398,Biogas,1.28,0.47,52.35,48.29,1.53,0.61,1.13,4
Mixed,-0.9209155419086148,0.08236346898742856,-1.7037487063667915,1.4136655672504306,0.33038735509960954,Biogas,4.7,1.49,-26.15,-53.32,0.72,0.43,0.93,3
Vegetables,0.46741802017534406,0.9810807418696503,0.5518551560568956,0.9577712399905439,0.37693139906062084,Biogas,12.23,5.43,42.48,32.21,1.35,0.62,1.18,4
Vegetables,-1.546125357946424,0.4557048431989476,-0.46796388336529127,1.3240943896023922,-0.5783296936629555,Biogas,1.26,0.49,10.04,-9.27,1.49,0.71,1.05,4
Mixed,1.4745433346977874,0.6784700576942974,1.5796987722518192,-1.6512763961164156,-0.3744224534528183,Animal Feed,17.06,7.09,94.65,112.99,1.38,0.42,0.89,3
Mixed,0.20644242954417702,-0.48056532181587763,0.05223802829344292,0.4456078395927868,-2.2627808084423457,Compost,9.47,2.54,32.61,23.93,1.21,0.52,0.45,3
Grains,-1.7151583285720309,-1.6928310144460548,-0.46761498872299845,-0.1848354492376361,0.24394841631488065,Compost,0.4,0.03,23.2,17.03,0.91,0.28,0.44,1
Fruits,-1.67060152041549,-0.469262995057521,1.6533155417756238,0.08272973527509347,-0.38772075172739295,Compost,0.63,0.15,81.66,85.31,1.23,0.43,0.83,0
Vegetables,-0.39047734956884456,1.311400356162264,0.20365830304856758,-0.5075213584568508,0.6894414085131124,Biogas,7.69,3.73,45.25,45.73,1.16,0.39,1.35,4
Vegetables,1.3840152165384672,0.7790972249622461,-0.019285373376604287,1.5170169260750899,-0.2769015994392751,Biogas,16.67,7.14,21.22,2.8,1.66,0.63,0.99,4
Vegetables,1.033218758671099,0.6595113160351188,0.19354035842207287,1.0599742503838183,-0.49410713792398697,Biogas,14.67,6.09,31.31,18.1,1.73,0.68,1.24,4
Fruits,-0.9124285308311784,0.09038447507400413,0.9764599357273711,-1.2723214137593308,-0.5871952258460033,Animal Feed,4.54,1.51,74.06,85.64,1.47,0.42,0.51,0
Vegetables,0.38962041863217767,0.8126396140515624,0.13248379602081298,0.7602553097923055,1.1814784446723554,Biogas,12.25,4.96,32.17,21.21,1.21,0.5,1.32,4
Grains,-1.060951224686314,-1.213029013994532,0.5263858471695128,-0.9312619296379546,1.0218988653774659,Animal Feed,4.07,0.51,58.2,64.23,1.07,0.27,0.33,1
Vegetables,1.219225751451578,1.2771287847014405,1.4875905866864898,-0.902553218853327,-0.33452755862909755,Animal Feed,15.76,7.93,85.49,96.78,1.62,0.44,0.92,4
Vegetables,0.8245797363507892,0.7050852142542984,-0.14977196959415406,0.6063766199867014,0.6118680019114312,Biogas,14.32,5.73,25.43,14.19,1.23,0.47,1.01,4
Grains,0.34011285401379915,-1.3231355520920698,-0.0349856322797855,-1.1012174974829503,0.6185171510487185,Animal Feed,11.67,1.32,43.58,47.87,0.86,0.26,0.41,1
Grains,-1.065901981148152,-1.2443838559693277,1.640755334653079,-1.0885856647377141,0.29270884332165226,Animal Feed,3.91,0.49,91.49,105.28,1.06,0.31,0.42,1
Fruits,-1.0489279589932792,-0.2924362699671044,-0.1808235927582234,0.9887766476379417,-2.7858472072422615,Compost,3.42,1.05,21.2,6.45,1.17,0.44,0.59,0
Vegetables,1.6372110470153174,0.4753927672296334,-0.8077872649585893,-1.6903202427835091,-0.7645058695069943,Animal Feed,17.57,6.91,26.56,31.55,1.63,0.53,1.19,4
Grains,-0.07079993231874303,-1.506889509711802,-0.8297676274230429,0.28024566547333146,0.8445882217164781,Compost,9.52,0.82,8.77,-3.53,1.14,0.35,0.45,1
Vegetables,-1.2978802839314114,1.146240549015957,-1.3806722676035537,-0.7486745290477228,0.6340318323690535,Animal Feed,2.7,1.25,1.94,-4.55,1.39,0.54,1.13,4
Vegetables,-0.019170614931005366,1.2953583439891123,0.44997792050736446,-0.48799943512330396,-0.17716436237996844,Biogas,9.34,4.7,52.14,53.88,1.68,0.59,1.25,4
Mixed,-1.07014548668687,0.19465755419948702,-1.3402004890975758,-0.4822576929663784,0.05777224047084192,Biogas,3.84,1.29,0.78,-7.81,0.97,0.35,0.76,3
Grains,1.2857073382248296,-1.0533380746345267,-1.4902251852835287,0.3169928152776549,1.037413546697804,Compost,17.18,2.55,-10.48,-26.88,1.03,0.25,0.41,1
Grains,1.2128604931435012,-1.5225669306992,-0.4756395654957356,-0.5419718113984038,0.2483811824064045,Compost,16.17,1.4,26.07,22.97,1.04,0.3,0.4,1
Grains,0.11945056600045466,-1.279020018615904,1.1857967211031193,0.5489591984174461,0.8401554556249542,Compost,10.57,1.25,64.21,61.13,1.11,0.28,0.37,1
Grains,-1.086412257918623,-1.752259377723865,1.2095215567790376,0.6913544039091994,0.5498092766300849,Compost,3.84,0.2,63.64,59.46,1.0,0.27,0.37,1
Vegetables,0.5140965811012436,0.5679989284110065,0.22842982265136424,-1.5628535668997625,0.5475928935843214,Animal Feed,12.58,4.81,55.15,64.97,1.67,0.47,0.99,4
Vegetables,-0.6090178848128299,0.8512862797414268,0.43462655624647634,-0.8520258878723823,0.9975186518740802,Animal Feed,6.59,2.72,54.88,59.69,1.39,0.39,0.83,4
Meat,0.03104420061049295,-0.22061180637367744,-1.7093310206434784,-1.04494842434508,-0.6226573545782034,Compost,9.4,2.69,-4.91,-10.7,2.89,0.62,0.58,2
Grains,-1.026295929453449,-1.336625425964947,1.6899494792163798,-0.8370973582643759,0.9930858857825563,Animal Feed,4.26,0.47,90.72,102.6,1.04,0.35,0.45,1
Vegetables,-1.2816135126996584,0.872432568515126,1.5926078740166572,1.5836211350954263,-0.691365228996837,Biogas,2.62,1.18,66.85,57.08,1.82,0.49,0.85,4
Meat,-0.37067432372149306,0.48924723228826383,-1.6716503992758436,1.3884019017599585,-0.0729943592291379,Biogas,7.53,2.88,-25.01,-51.78,3.12,1.14,0.49,2
Vegetables,-1.620386704873992,1.3354633744219908,0.5651131524640262,-0.9059982641474822,-0.21484287415792888,Animal Feed,0.89,0.45,59.08,65.11,1.12,0.49,1.41,4
Grains,-0.8268511691336955,-1.06427581020713,0.525339163242634,-1.491655964153886,0.2705450128640268,Animal Feed,5.19,0.79,63.04,73.95,1.05,0.28,0.52,1
Vegetables,1.5304161576242437,0.6773762841370375,0.8093394020690657,-0.15727508688439354,-0.06191244400032674,Biogas,17.62,7.21,59.56,60.47,1.4,0.39,1.35,4
Fruits,-0.7540043240523671,-0.3296245709139548,-0.20733958557248477,-0.8749928565000844,0.1974043723538694,Animal Feed,5.56,1.44,36.68,38.01,0.94,0.23,0.91,0
Meat,-1.0941920180729396,0.5468526396373068,-1.099463185915465,-0.3501976233570912,-1.6798720674068468,Biogas,3.41,1.44,6.53,-1.82,3.6,0.93,0.63,2
Vegetables,-1.248372719313033,0.6478443980910091,0.8051526663615506,-0.544268508261174,1.0174660992859421,Biogas,3.02,1.16,62.81,67.07,1.59,0.42,1.14,4
Vegetables,-1.3169760588556432,0.49034100584552415,0.23296545300117222,0.7809255815572378,-0.6492539511273495,Biogas,2.44,0.96,34.87,24.3,1.34,0.6,1.35,4
Grains,-0.1408177737075926,-1.4788159884087875,-0.016145321595968192,0.875090152930816,1.2479699360452254,Compost,9.3,0.82,26.91,14.11,1.01,0.31,0.39,1
Grains,0.06499224492023828,-1.2615196416997392,0.5417372114304009,-1.3435190165052073,0.23065011804030602,Animal Feed,9.98,1.24,62.22,71.93,0.86,0.27,0.43,1
Vegetables,-1.5956329225648025,1.259628407785276,-0.049290312613794844,-1.708693817685671,0.43677374129620355,Animal Feed,1.06,0.51,48.47,57.97,1.74,0.44,1.48,4
Vegetables,-1.3417298411648324,1.0335818726181452,-1.2487900928168323,1.5652475601932645,-0.352258622995196,Biogas,2.35,1.1,-14.43,-40.32,1.8,0.29,1.06,4
Mixed,-1.4258927010160758,0.6934182963101887,1.2876739566526503,0.5627393795940675,-1.1723203499272656,Biogas,1.83,0.79,66.99,64.37,1.04,0.44,0.78,3
Vegetables,-0.5793133460418026,0.5537798721666225,0.5399927382189365,0.8337496094009523,0.8113424760300414,Biogas,6.69,2.51,43.2,33.94,1.69,0.5,1.26,4
Vegetables,-0.555266814655733,0.8057123815222471,-1.443473303216278,0.031054055862763816,0.4146099108385813,Biogas,6.7,2.81,-6.65,-20.29,1.41,0.56,1.53,4
Vegetables,0.14915510477148192,1.1298339456570523,-1.0827162430854054,-0.13315976982530622,-0.37885521954434215,Biogas,10.13,4.89,5.12,-5.03,1.46,0.46,1.38,4
Fruits,-1.4803510220962925,-0.12654728044929056,1.6288929168151198,-1.599600716704086,-0.5140545853358458,Donation,1.61,0.48,95.61,113.78,1.02,0.38,1.0,0
Grains,-1.354460357780987,-1.2615196416997392,1.5940034525858284,1.6582637831354579,0.21291905367420755,Compost,2.34,0.29,66.25,55.85,0.95,0.29,0.38,1
Vegetables,0.22412370262216935,0.9395173466937585,-0.23315778910216048,-0.05736877335388946,0.09766713529456271,Biogas,10.77,4.78,28.81,22.87,1.52,0.52,1.04,4
Vegetables,-1.3905301548600912,0.5450296837085397,-0.8569814095218902,-0.16646187433547438,-0.5029726701070346,Biogas,2.07,0.83,11.87,3.31,1.68,0.44,1.05,4
Grains,-0.6486239365075327,-1.095995243367679,-1.7173555974162154,1.0749027799918247,0.8179916251673287,Compost,6.31,0.91,-23.59,-47.89,0.97,0.24,0.3,1
Vegetables,1.730568168867117,1.1342090398860933,-0.837443309553487,-0.8669544174803886,0.38136416515214466,Animal Feed,19.08,8.89,18.54,16.19,1.32,0.51,0.96,4
Fruits,-0.4003788624925203,0.07543623645811336,1.1467205211663134,1.5124235323495496,0.24173203326911716,Biogas,7.48,2.37,54.69,43.0,1.25,0.32,0.46,0
Grains,-0.13869602093823344,-1.391678695013716,-1.5254635441551128,1.5342421525458667,1.006384184057131,Compost,9.21,0.94,-22.09,-49.29,1.18,0.24,0.43,1
Vegetables,0.49358630433077255,1.184887214705821,1.009604926745198,-1.31940369944612,-0.23922308766131467,Animal Feed,12.01,5.86,75.41,87.59,1.34,0.53,1.48,4
Grains,-0.6804502280479189,-1.5302233456000218,-0.2579293087049574,1.6042914068603582,1.0662265262927137,Compost,6.2,0.51,13.63,-6.92,0.76,0.23,0.46,1
Fruits,-0.11323498770592451,0.883370304087729,1.0144894517372989,0.5547009405743717,0.16194224362167245,Biogas,8.99,3.91,59.24,55.13,1.29,0.46,0.66,0
Fruits,-0.3310682720267903,-0.05144149618408277,-0.6975365579940286,-0.14234655727638706,-2.994187213543926,Compost,6.65,2.34,16.24,8.38,0.62,0.58,0.74,0
Vegetables,0.9589574117435309,0.4848721380592229,0.34251837068114716,0.7855189752827781,0.6584120458724393,Biogas,15.09,5.56,37.97,28.0,1.41,0.49,1.19,4
Grains,0.8132637215808743,-1.2017266872361756,1.4017625046824334,1.6054397552917434,0.8578865199910527,Compost,14.42,1.86,61.19,50.15,1.12,0.23,0.37,1
Vegetables,-1.3304138263949175,0.6325315682893647,-0.2997966657801069,0.6752775258698078,0.5830550223165184,Biogas,2.52,0.98,20.52,7.83,1.6,0.44,1.13,4
Mixed,-1.1507720919225153,-0.4543147564416302,1.4195561314393716,0.7958541111652441,-1.2365954582543752,Compost,3.2,0.83,68.76,64.87,1.26,0.33,0.58,3
Mixed,1.3755282054610305,-0.31103042044052964,1.3201211583858914,1.069161037834899,-0.0885090405494729,Compost,16.77,4.45,63.52,56.67,1.35,0.41,0.79,3
Mixed,0.42286121201880317,-0.24285186870463704,1.4834038509789749,-0.6303946406150569,-3.020783810093072,Animal Feed,10.07,3.23,83.0,91.9,0.83,0.47,0.58,3
Fruits,-0.35087129787414156,-0.1582667136098397,1.1913790353798064,1.7041977203908625,-1.0903141772340605,Compost,7.26,2.19,54.29,41.18,1.45,0.39,0.45,0
Grains,-0.8516049514428848,-1.5834536587200236,0.687226277266546,1.1931826684244906,0.26832862981826644,Compost,5.06,0.39,44.3,32.75,0.97,0.3,0.35,1
Vegetables,-0.202348604019006,0.6591467248493658,-1.0966720287771219,1.5951046194092775,-0.3367439416748579,Biogas,8.31,3.43,-10.33,-35.61,1.65,0.33,1.19,4
Grains,1.289243592840428,-1.6151730918805727,0.9073787965533746,0.8888703341074374,1.1016886550249108,Compost,17.25,1.21,53.26,45.63,0.97,0.24,0.38,1
Mixed,0.987247448668319,-0.4255120527671088,1.5465537812339922,0.29402584664995285,-1.8328024975644488,Compost,13.48,3.65,76.77,77.98,0.88,0.39,0.83,3
Grains,-1.471864011018856,-1.648715480969889,1.0779882766346094,0.4260859162592398,1.1460163159401584,Compost,1.79,0.12,62.18,59.56,1.15,0.3,0.41,1
Mixed,-0.8940400068300663,0.23002289921757033,-1.4651047710384388,0.8234144735184864,-1.4892631254712843,Biogas,4.43,1.63,-14.17,-34.83,0.69,0.43,1.27,3
Meat,1.3316786482276097,0.08892611033099042,0.5103366936240384,-1.5743370512136137,-1.8749137754339331,Biogas,15.12,5.35,63.33,74.87,2.98,0.78,0.49,2
Vegetables,-1.4322579593241533,0.43273559849648124,1.4718903277833086,1.2081111980324968,1.2258061055876033,Biogas,2.02,0.71,66.67,59.49,1.5,0.51,1.25,4
Grains,-1.460547996248941,-1.693195605631808,-0.6033350045749419,0.4823549893971102,1.1969931259926936,Compost,1.85,0.11,13.49,0.73,0.98,0.29,0.45,1
Fruits,0.8160927252733531,0.3459628962871635,-1.0949275555656572,0.6075249684180867,-2.1962893170694757,Compost,12.41,4.99,-1.68,-18.35,1.47,0.31,0.75,0
Vegetables,0.23261071369960576,0.9901955215134862,0.1401594781512573,-1.3102169119950395,0.8157752421215684,Animal Feed,11.18,4.88,50.42,57.54,1.54,0.44,1.37,4
Fruits,1.210738740374142,-0.17248576985422379,0.6174473488079633,0.3790036305724509,-2.4799863469270576,Compost,14.07,4.54,49.39,44.54,1.24,0.33,0.85,0
Fruits,-0.4081586226468369,0.8162855259090965,0.32402695463962267,-1.624864382194558,-2.974239766132064,Animal Feed,6.3,3.15,58.43,69.34,1.02,0.38,0.61,0
Grains,-0.6542819438924903,-1.1109434819835697,-0.0845286714853793,0.4961351705737316,0.7958277947097064,Compost,6.28,0.89,28.25,18.35,1.06,0.31,0.38,1
Vegetables,-1.412454933476802,0.7134708115266276,-0.9843279539588037,0.6029315746925463,0.8202080082130923,Biogas,2.09,0.83,1.53,-14.46,1.8,0.44,1.12,4
Grains,0.6661555295719777,-1.522931521884953,0.14085726743584298,-0.6774769263018462,1.2014258920842174,Animal Feed,13.82,1.14,44.93,46.54,1.08,0.15,0.42,1
Vegetables,0.2177584443140921,0.9814453330554034,-0.7945292685514586,-1.708693817685671,0.07107053874541656,Animal Feed,10.72,4.83,27.1,32.33,1.53,0.48,1.4,4
Mixed,1.137184644369694,0.3459628962871635,-0.22931994803693845,-0.7257075604200206,0.19297160626234558,Animal Feed,15.72,5.6,34.74,34.65,1.51,0.19,0.75,3
Grains,-1.534102092253389,-1.0343793329753481,-0.7369616525731278,-0.9714541247364332,0.6739267271927775,Animal Feed,1.41,0.22,22.33,21.47,0.69,0.31,0.42,1
Mixed,0.9561284080510521,-0.25451878664874705,0.6216340845154783,-0.07803904511882132,-2.852338698615135,Compost,12.62,3.98,53.48,52.63,0.88,0.51,0.94,3
Mixed,0.6357437398778308,0.8017018784789594,-0.6856741401560695,1.6111814974486687,-2.360301662455889,Compost,11.45,5.5,1.3,-21.76,0.94,0.34,0.74,3
Mixed,0.9158151054332296,0.19101164234195286,-0.8213941560080129,-1.0357616368939992,-0.00650286785626782,Animal Feed,14.39,4.85,20.48,19.69,1.18,0.4,1.31,3
Vegetables,0.44195698694303487,0.5628946518104584,1.0678703320081147,0.0069387388036765045,0.6916577915588759,Biogas,12.27,4.65,65.54,66.5,1.51,0.31,1.0,4
Vegetables,1.3238988880732931,0.7656073510893688,-1.2348343071251158,-1.4376835878787861,0.9997350349198436,Animal Feed,17.36,6.97,12.12,12.47,1.21,0.5,0.9,4
Vegetables,0.8330667474282258,1.1936374031639039,-0.9445539647374115,0.4088606897884634,1.006384184057131,Biogas,14.63,6.75,4.35,-9.72,1.66,0.59,0.95,4
Fruits,-1.5779516494868102,0.9526426293808822,0.39345698845591254,-0.575273915908572,0.17967330798777092,Biogas,1.14,0.51,51.28,53.46,1.43,0.51,0.67,0
Mixed,1.40028198777022,0.26721120016442124,0.2734372315071503,-0.07689069668743624,-0.00428648481050433,Biogas,16.97,5.91,43.5,40.63,1.57,0.38,0.86,3
Meat,-0.40532961895435815,0.3466920786586702,0.3369360564044606,-1.229832521798082,-1.1191271568289702,Biogas,6.97,2.65,55.36,62.9,4.01,1.08,0.53,2
Grains,0.8974265814321177,-1.7453321451945498,1.2039392425023512,1.1656223060712478,0.36584948383180965,Compost,14.55,0.79,59.35,51.01,0.9,0.41,0.37,1
Vegetables,-0.0170488621616462,1.0113418102871854,-1.3356648587477677,-1.600749065135471,-0.7445584220951323,Animal Feed,9.1,4.31,10.65,11.84,1.48,0.56,1.35,4
Grains,-0.38481934218388686,-1.2002683224931618,0.8320175538181048,-0.9530805498342716,0.27941054504707763,Animal Feed,7.58,1.0,67.15,75.12,0.98,0.23,0.37,1
Grains,1.1187961203685821,-1.090161784395624,1.3518705708345464,1.471082988819686,1.0041678010113675,Compost,16.22,2.33,60.93,50.77,1.18,0.21,0.44,1
Fruits,-1.210888420387689,0.5625300606247048,-1.7149133349201648,0.2366084250806976,0.12869649793523583,Biogas,3.1,1.21,-16.23,-33.22,1.31,0.62,0.83,0
Grains,1.6152862683986067,-1.10037033759672,-1.2955419748840828,-1.559408521605607,1.0883903567503361,Animal Feed,19.07,2.7,11.44,12.49,0.99,0.27,0.42,1
Grains,1.5608279473183906,-1.1492255564876805,1.5542294633644362,-0.2663681878659785,1.2834320647774256,Compost,18.93,2.53,81.86,88.0,0.97,0.28,0.48,1
Vegetables,-0.16627880693990152,1.1717619320186974,-0.4348188923474646,-0.1963189335514871,1.1305016346198236,Biogas,9.11,4.15,24.24,18.37,1.39,0.29,1.15,4
Grains,0.9023773378939556,-1.081047004751788,-0.594612638517619,0.2871357560616424,0.7492837507486951,Compost,14.84,2.17,15.45,4.44,1.15,0.33,0.44,1
Grains,-1.6380679779519842,-1.4689720263934445,-0.34724633713194336,-1.0702120898355525,1.3033795121892844,Animal Feed,0.86,0.08,34.37,36.6,0.86,0.36,0.36,1
Vegetables,-0.4576661872652154,0.9829036977984174,0.13318158530539892,-0.16646187433547438,-0.580546076708719,Biogas,6.89,3.21,40.25,37.37,1.37,0.42,1.08,4
Vegetables,1.1690109359100804,0.8899329454312911,0.09864101571840038,-0.935855323363495,-0.7002307611798846,Animal Feed,15.22,6.91,45.97,49.59,1.5,0.37,0.69,4
Vegetables,0.25736449600879485,1.279680923001715,-0.7226569722391184,1.2023694558755713,-0.5982771410748176,Biogas,10.58,5.4,3.8,-15.91,1.39,0.45,1.55,4
Grains,0.3019213041653355,-1.4347004549326217,-1.713866650993286,-1.0173880619918374,0.2949252263674126,Animal Feed,11.29,1.12,-5.27,-11.33,0.85,0.39,0.41,1
Meat,-1.587853162410486,0.2901804448668876,0.2594814458154336,-0.1848354492376361,0.09323436920303887,Biogas,1.08,0.38,44.04,42.03,2.61,0.94,0.38,2
Grains,-0.3190450063337554,-1.649444663341396,-1.5757043726452922,-1.0426517274823097,0.30379075855046345,Animal Feed,7.94,0.54,-1.09,-6.14,0.92,0.34,0.42,1
Vegetables,0.3408201049369187,1.1681160201611631,-1.1085344466150808,0.1424438537071189,-0.7711550186442816,Biogas,10.92,5.44,1.98,-10.71,1.63,0.43,0.93,4
Grains,-0.6224556523521039,-1.380740959441113,-1.0635270377592951,-1.6914685912148943,0.5985697036368566,Animal Feed,6.39,0.67,19.24,22.78,0.87,0.26,0.29,1
Vegetables,-1.5708791402556133,0.8232127584384122,0.12864595495559095,0.7579586129295354,-0.40545181609349146,Biogas,1.14,0.5,32.09,21.13,1.83,0.32,1.03,4
Grains,-1.5043975534823621,-1.744967554008796,-1.4344020425166624,1.5319454556830967,0.44120650738772743,Compost,1.55,0.08,-19.45,-46.11,0.94,0.3,0.44,1
Fruits,1.1633529285251223,0.7528466595879987,1.1481160997354847,-0.8681027659117738,-2.8013618885626,Animal Feed,13.6,6.59,75.46,84.51,1.1,0.37,0.65,0
Vegetables,0.6230132232616764,0.5180499359627856,-1.298333132022426,1.4641928982313754,-0.10624010491557452,Biogas,12.77,4.94,-14.96,-40.25,1.66,0.45,1.64,4
Vegetables,0.73051536357587,1.3000980294039075,-0.38667143171104246,1.200072759012801,0.22400096890301868,Biogas,13.55,6.69,13.45,-4.31,1.54,0.4,1.2,4
Vegetables,1.460398316235394,1.0379569668471864,-0.40586063703715286,1.418258960975971,0.028959260875929135,Biogas,17.32,7.97,11.02,-8.75,1.27,0.52,1.06,4
Vegetables,0.09611128553750489,0.5774782992405956,1.5563228312181938,1.3321328286220881,0.7271199202910729,Biogas,10.39,3.95,68.0,60.22,1.31,0.31,1.58,4
Grains,1.4752505856209075,-1.3457402056087828,-0.5708878028417009,-0.739487741596642,1.1194197193910091,Animal Feed,18.31,1.97,25.07,23.14,0.92,0.29,0.37,1
Grains,1.7341044234827152,-1.7194461710060556,-1.1333059662178777,-0.5591970378691804,1.0662265262927137,Compost,19.71,1.1,7.38,0.66,0.95,0.34,0.42,1
Vegetables,1.4222067663869304,0.6762825105797772,-0.9449028593797043,1.6766373580376197,0.08215245397422771,Biogas,17.16,6.97,-6.68,-31.79,1.53,0.59,1.67,4
Vegetables,0.9950272088226356,0.714929176269641,-0.8943131362472319,-1.2252391280725414,-0.21041010806640503,Animal Feed,14.67,6.13,20.03,20.48,1.28,0.51,1.01,4
Vegetables,-0.8494831986735256,0.8892037630597839,1.6515710685641594,-1.395194695917537,-0.0486141457257521,Donation,4.99,2.2,94.48,111.0,1.51,0.42,1.27,4
Fruits,0.03316595337985211,0.19174082471345957,0.4559091294263441,-1.5823754902333094,-1.0504192824103367,Animal Feed,9.21,3.27,61.84,73.14,1.62,0.28,0.56,0
Grains,0.7913389429641636,-1.497774730067966,-0.3549220192623874,-0.6177628078698207,0.4456392734792544,Animal Feed,14.03,1.25,30.2,28.45,1.0,0.23,0.4,1
Fruits,1.1506224119089679,0.9570177236099231,0.3153045885822998,1.351654751955635,-2.2295350627559123,Compost,13.97,7.02,32.26,17.2,0.84,0.41,1.0,0
Mixed,0.7991187031184802,-0.09336948254572794,-0.29037651043819834,-1.5628535668997625,-1.1678875838357416,Animal Feed,13.01,4.08,40.27,47.12,1.54,0.44,0.56,3
Mixed,-1.4138694353230412,0.28762830656661326,1.0560079141701555,-1.5295514623895945,0.35698395164875885,Animal Feed,2.04,0.7,78.59,92.87,1.63,0.53,0.73,3
Grains,0.6753497915725338,-1.4496486935485127,-1.2264608357100857,0.02875735899999345,0.8091260929842811,Compost,13.63,1.29,-0.41,-12.78,0.89,0.31,0.38,1
Grains,-1.2123029222339288,-1.2068309638367236,-1.2257630464255,0.875090152930816,0.616300768002955,Compost,3.16,0.41,-7.76,-27.5,0.99,0.29,0.44,1
Grains,-0.37916133479892944,-1.4981393212537197,1.026351869575258,-1.6374962149397945,0.3702822499233335,Animal Feed,7.64,0.68,78.68,93.73,0.98,0.3,0.45,1
Fruits,-0.15213378847750772,-0.3507708596876541,-1.1856401625618147,-0.05966547021665962,-0.11953840319014601,Compost,8.67,2.25,1.53,-9.84,1.2,0.29,0.64,0
Vegetables,1.0035142199000717,0.8589426946422487,-0.1413984981791241,-1.110404284934031,0.08658522006575155,Animal Feed,14.92,6.46,40.61,44.37,0.92,0.47,1.41,4
Vegetables,-0.6790357262016794,1.3340050096789768,-0.2788629872425322,-0.20665406943395304,-0.18159712847149226,Biogas,5.86,2.98,28.8,23.91,1.12,0.55,1.1,4
Grains,0.34506361047563705,-1.327146055135358,0.9279635804486561,0.2745039233164063,0.24173203326911716,Compost,11.49,1.32,59.2,57.03,0.95,0.33,0.36,1
Meat,0.5452156217185105,-0.20456979420052604,-1.0251486271070744,1.2597868774448264,-1.3451982274967298,Compost,11.62,3.47,-5.36,-27.31,2.73,0.61,0.51,2
Meat,-0.5227332721922271,0.39809943584990465,-1.0010748967888634,-1.1356679504245033,-0.6204409715324398,Biogas,6.54,2.48,16.19,15.24,2.52,0.86,0.62,2
Fruits,-0.0014893418530130217,0.8046186079649867,-1.2062249464570969,0.6178601043005526,-2.8700697629812333,Compost,8.21,4.06,-4.96,-22.36,1.19,0.38,0.96,0
Meat,-1.5553196199469799,0.6004475439430624,-0.024169898368705096,0.9577712399905439,-0.4675105413748377,Biogas,1.22,0.5,25.96,12.38,2.56,0.91,0.37,2
Grains,-0.20871386232708325,-1.6709555433008485,0.5037076954204731,0.9187273933234503,1.2657010004113272,Compost,8.93,0.55,41.43,31.23,0.95,0.25,0.35,1
Mixed,1.6393327997846765,0.8352442675682756,-0.4599393065925544,1.1265784594041544,-1.3828767392746901,Biogas,17.04,7.87,12.0,-5.54,1.29,0.28,0.32,3
Grains,1.5261726520855254,-1.4328774990038542,1.18823898359917,-1.1035141943457205,0.5054816157148372,Animal Feed,18.07,1.77,78.66,89.98,0.94,0.32,0.36,1
Fruits,0.10459829661494104,-0.4276995998816295,0.189353622714558,-0.7647514070871142,-0.5561658632053332,Animal Feed,9.81,2.49,47.08,49.73,1.06,0.4,1.07,0
Mixed,-0.8954545086763057,-0.2494145100481989,0.6317520291419726,1.62725837548806,-1.706468663955996,Compost,4.37,1.3,38.93,23.29,1.06,0.4,0.99,3
Meat,-1.121067553151488,0.41924572462360393,-1.0220085753264383,0.6867610101836591,-0.3544750060409564,Biogas,3.5,1.32,-0.29,-17.23,2.63,0.78,0.4,2
Fruits,-1.4591334944027017,0.06777982155729115,1.7046030541926822,-1.5272547655268243,-0.698014378134121,Donation,1.7,0.56,97.15,115.13,1.44,0.5,1.1,0
Vegetables,0.22341645169904956,0.7568571626312866,0.5797667274403286,0.1562240348837403,-0.6891488459510734,Biogas,10.36,4.5,50.25,47.11,1.72,0.38,0.83,4
Mixed,-1.5885604133336055,0.10715566961866226,1.4310696546350377,-0.3639778045337126,-2.351436130272841,Compost,0.95,0.35,79.18,85.46,1.31,0.52,0.82,3
Fruits,-0.7476390657442897,-0.6537461350487601,-0.825231997073235,0.026460662137223288,0.29049246027588876,Compost,5.63,1.19,11.12,1.06,0.82,0.25,0.75,0
Meat,1.420792264540691,0.585134714141418,1.1962635603719072,1.3826601596030328,-1.0659339637306746,Biogas,16.21,6.74,57.24,46.96,1.72,1.04,0.47,2
Grains,0.7184920978828351,-1.2020912784219289,-0.5705389081994081,-1.4319418457218605,0.966489289233407,Animal Feed,13.97,1.79,31.11,35.21,1.07,0.4,0.41,1
Meat,-0.97820286668131,0.1862719569271581,0.7730543592706025,-0.9967177902269057,-1.7995567518780153,Biogas,3.95,1.45,65.83,73.85,3.0,1.11,0.52,2
Mixed,-0.6549891948156099,0.052466991755646744,-0.9096645005081202,0.8877219856760525,-1.1324254551035449,Compost,5.71,1.91,1.19,-16.85,0.9,0.54,1.1,3
Fruits,-0.22639513540507558,0.27450302387948955,0.5703465720984195,0.9658096790102397,0.7559328998859824,Biogas,8.62,2.91,42.93,32.69,1.36,0.38,1.03,0
Vegetables,0.31960257724332786,1.3270777771496616,-0.5311138136203087,0.8785351982249715,1.19477674294693,Biogas,11.87,5.64,12.12,-3.67,1.64,0.39,1.02,4
Vegetables,1.5954832425512553,1.336557147979251,0.27308833686485723,-0.44665889159344,-0.20154457588335423,Biogas,17.84,9.08,46.71,47.08,1.21,0.79,1.29,4
Vegetables,-1.5305658376377909,0.5268001244208679,-1.5038320763329522,0.40541564449430795,1.092823122841863,Biogas,1.45,0.53,-11.64,-28.89,1.42,0.48,1.07,4
Grains,-1.575829896717451,-1.4219397634312512,-0.7617331721759246,-0.2456979161010466,0.6872250254673521,Compost,1.18,0.12,15.3,7.97,1.02,0.38,0.42,1
Meat,1.4780795893133862,0.5129456593622375,-0.4260965262901418,-0.7429327868907972,-0.9528984283967934,Biogas,16.59,6.68,29.25,28.17,4.32,1.38,0.41,2
Mixed,-0.797853881285788,-0.36681287186080547,-0.21641084627210072,0.31354776998349987,0.4678031039368767,Compost,5.4,1.35,26.06,16.99,1.05,0.38,0.73,3
Vegetables,0.0006324109163461397,0.6110206883299119,0.3177468510783502,-1.3113652604264243,0.36806586687757004,Animal Feed,9.7,3.8,55.52,63.67,1.72,0.47,0.92,4
Vegetables,1.019073740208705,0.6791992400658047,1.3714086708029496,-1.7018037270973603,0.6140843849571915,Donation,15.39,6.1,89.12,106.71,1.08,0.21,1.26,4
Grains,0.5416793671029118,-1.4788159884087875,-0.6779984580256254,-0.8221688286563695,0.44785565652501474,Animal Feed,12.67,1.16,22.73,20.91,1.07,0.27,0.41,1
Grains,1.3925022276159034,-1.3070935399189187,-0.23978678730572575,1.4538577623489095,1.0773084415215248,Compost,17.81,2.01,15.46,-3.67,0.93,0.38,0.44,1
Grains,0.19300466200490274,-1.3749075004690579,0.22773203336677855,-1.4020847865058477,0.5542420427216087,Animal Feed,10.83,1.15,53.73,62.15,0.9,0.35,0.44,1
Meat,-0.8318019255955333,0.20450151621482993,-1.0111928414153581,-1.4009364380744627,-0.8819741709323995,Biogas,4.88,1.73,18.21,19.51,2.9,0.91,0.47,2
Vegetables,1.736933427175194,0.7962330106926576,0.03235103368274683,1.2988307241119201,1.0108169501486548,Biogas,19.68,7.98,24.61,8.38,1.89,0.56,1.1,4
Vegetables,0.03740945891857018,0.47648654078689373,-1.265188141004599,-1.1620799643463608,0.10874905052337386,Animal Feed,9.77,3.68,8.86,6.63,1.35,0.64,1.34,4
Grains,1.739055179944553,-1.4981393212537197,0.7067643772349492,-0.09985766531513826,0.6783594932843012,Compost,19.39,1.71,56.11,55.93,0.92,0.29,0.36,1
Grains,-1.5326875904071497,-1.1087559348690492,0.13562384780144932,-0.5741255674771869,0.47445225307416405,Compost,1.4,0.2,43.88,44.56,1.08,0.35,0.43,1
Mixed,-0.7547115749754867,0.8924850837315649,-0.3577131764007307,1.1300235046983098,-2.497717411293156,Compost,4.85,2.42,14.9,-2.08,0.9,0.37,0.94,3
Grains,0.5459228726416301,-1.3224063697205628,-1.5718665315800702,0.28828410449302727,0.9110797130893481,Compost,12.97,1.45,-12.57,-29.18,0.89,0.27,0.33,1
Grains,0.9172296072794692,-1.6071520857939972,1.5458559919494066,1.6111814974486687,0.6872250254673521,Compost,14.88,1.08,65.27,55.0,1.04,0.24,0.42,1
Meat,-0.7257142871275792,-0.09956753270353642,1.001580349972461,1.167919002934018,-1.0193899197696634,Compost,5.39,1.67,53.52,43.99,3.29,1.31,0.41,2
Fruits,1.1789124488337557,0.43127723375346777,-0.5492563350195404,0.16311412547205079,-1.5092105728831462,Biogas,14.65,5.88,17.83,8.17,1.49,0.45,0.53,0
Vegetables,0.980174939437122,0.5563320104668963,-0.7519641221917231,-0.4684775117897572,-0.6093590563036286,Biogas,14.31,5.76,17.51,12.18,1.3,0.53,0.93,4
Mixed,1.2163967477590993,0.7342525091145733,-0.2617671497701794,0.029905707431378735,-0.8154826795595262,Biogas,15.37,6.66,27.23,20.37,1.3,0.45,0.83,3
Fruits,1.5007116188532166,0.53336276576443,1.3400081529965873,0.9715514211671649,-0.0885090405494729,Biogas,17.43,6.78,64.94,59.07,1.4,0.36,0.41,0
Grains,-1.493081538712447,-1.728925541835645,-0.7226569722391184,-1.1804535392485225,0.3481184194657112,Animal Feed,1.61,0.09,24.55,25.59,1.11,0.42,0.41,1
Fruits,-0.12667275524519878,0.4083079890510009,0.6024448791893677,0.44216279429863137,-0.8664594896120613,Biogas,8.48,3.27,48.41,42.92,1.3,0.25,0.54,0
Mixed,1.2545882976075629,0.15090661190907476,0.2518057636849895,0.3227345574345805,-1.1257763059662576,Biogas,15.32,5.37,39.41,32.94,0.98,0.43,0.62,3
Meat,-1.5524906162545014,0.12574982009208746,1.5995857668625149,0.6592006478304163,0.03339202696745612,Biogas,1.27,0.41,75.1,73.43,3.09,0.9,0.58,2
Vegetables,-0.7455173129749307,0.6441984862334744,1.6676202221096332,0.8739418044994312,0.6052188527741439,Biogas,5.72,2.24,75.18,72.03,1.55,0.54,1.29,4
Vegetables,1.0240244966705427,0.7233147735419703,-0.913851236215635,0.5328823203780549,1.3033795121892844,Biogas,15.91,6.21,4.17,-10.8,1.61,0.35,1.03,4
Vegetables,1.58487447870446,0.6981579817249832,-0.21745753019897926,-0.7348943478711015,-0.2503050028901258,Animal Feed,17.74,7.38,35.16,35.21,1.13,0.39,1.4,4
Vegetables,0.20219892400545894,0.7054498054400521,-0.18849927488866747,-1.5938589745471603,0.494399700486026,Animal Feed,10.85,4.37,43.46,51.16,1.36,0.46,1.12,4
Grains,1.500004367930097,-1.7493426482378376,-1.7135177563509933,1.025523797442265,0.6074352358199042,Compost,18.02,0.95,-23.06,-46.91,0.94,0.32,0.41,1
Vegetables,0.09752578738374425,1.1043125626543118,-1.0572469341980226,0.730398250576293,-0.367773304315531,Biogas,9.87,4.72,-1.67,-19.2,1.37,0.54,1.35,4
Meat,1.7383479290214336,0.05757126835619488,-0.6828829830177262,0.31928951214042506,-0.09515818968676021,Compost,18.69,5.97,12.64,0.84,3.46,0.97,0.53,2
Vegetables,-1.6833320370316445,0.45351729608442737,-1.2463478303207818,1.5055334417612392,-0.7844533169188531,Biogas,0.55,0.21,-13.84,-39.19,1.57,0.34,1.33,4
Vegetables,0.6166479649535994,1.2446801691693847,0.1869113602185076,1.536538849408637,-0.5406511818849951,Biogas,12.47,6.28,26.97,9.57,1.57,0.36,1.85,4
Vegetables,0.9158151054332296,0.6416463479332006,1.0574034927393274,-1.3963430443489224,-0.07521074227490139,Donation,14.35,5.8,77.46,90.58,1.76,0.49,1.03,4
Vegetables,-0.4265471466479488,0.5246125773063471,-0.8322098899190932,0.5202504876328184,0.7847458794808952,Biogas,7.53,2.8,6.6,-7.8,1.61,0.55,1.25,4
Grains,1.644990807169634,-1.0518797098915131,1.2266173942513903,0.7751838394003122,1.2080750412215047,Compost,19.34,2.85,63.39,58.57,1.27,0.23,0.33,1
Meat,-0.7504680694367686,0.46007993742798897,-0.12290708213759961,0.30550933096380406,-0.7290437407747942,Biogas,5.34,2.08,28.81,20.34,3.54,0.97,0.66,2
Vegetables,-0.1217219987833609,0.9369652083934842,1.3361703119313653,-0.34675257806293597,0.18853884017082173,Biogas,8.96,3.96,76.3,81.88,1.28,0.45,1.37,4
Grains,-1.418820191784879,-1.611891771208792,-1.2034337893187534,0.07583964468678278,1.0484954619266154,Compost,2.07,0.15,-0.16,-12.81,1.28,0.33,0.39,1
Grains,0.7397096255764263,-1.1171415321413782,1.207079294282987,-1.2332775670922371,0.722687154199549,Donation,13.93,1.97,80.33,92.9,0.93,0.26,0.34,1
Grains,-1.6741377750310884,-1.578713973305229,-0.768711065021783,0.6213051495947081,0.860102903036813,Compost,0.64,0.05,7.55,-7.37,0.95,0.15,0.34,1
Grains,-1.6691870185692506,-1.2688114654148077,0.0731717068310178,-1.0311682431684588,0.8911322656774862,Animal Feed,0.67,0.08,46.07,50.37,1.07,0.31,0.39,1
Grains,0.34435635955251725,-1.086880463723843,-1.1367949126408068,-1.522661371801284,1.0263316314689899,Animal Feed,11.92,1.71,15.67,17.31,0.93,0.28,0.41,1
Meat,0.7849736846560862,-0.1378496072076472,-0.6162441063397796,0.056317721353236004,-0.5317856497019443,Compost,13.35,3.96,16.84,7.72,3.08,0.81,0.41,2
Fruits,0.00841217107066273,-0.17503790815449785,0.20156493519481003,-1.577782096507769,0.4057443786555305,Animal Feed,9.76,2.72,54.51,64.3,0.99,0.48,0.86,0
Fruits,-0.5100027555760727,-0.10248426218956386,-1.2484411981745394,0.16655917076620622,-0.5539494801595698,Compost,6.63,2.01,-2.24,-15.94,1.13,0.28,1.07,0
Grains,1.2616608068387598,-1.4044393865150862,1.4645635402951578,1.0611225988152033,0.919945245272399,Compost,16.95,1.7,67.73,61.78,1.11,0.23,0.47,1
Grains,0.5636041457196224,-1.650173845712903,0.5619731006833898,-1.2229424312097712,0.7249035372453093,Animal Feed,12.96,0.86,61.75,70.52,1.09,0.27,0.31,1
Vegetables,-0.3437987886429448,0.7233147735419703,0.40950614200138663,0.5294372750838996,0.026742877830168793,Biogas,7.71,3.19,42.12,34.76,1.54,0.54,1.0,4
Grains,-0.9817391212969084,-1.7369465479222206,1.2304552353166123,-0.3134504735527678,0.4988324665775498,Compost,4.4,0.24,72.99,77.67,0.95,0.37,0.39,1
Meat,1.7227884087128003,0.353983902373739,1.086361748049639,-0.36627450139648277,-0.39658628391044065,Biogas,18.34,6.75,69.32,73.65,2.87,1.13,0.65,2
Grains,0.15198410846396063,-1.5973081237786544,-0.5408828636045103,-1.0954757553260246,0.3348201211911365,Animal Feed,10.5,0.79,29.03,30.37,1.0,0.25,0.41,1
Meat,1.302681360379702,0.22747076091729654,-0.8262786810001137,-0.848580842578227,-1.1036124755086352,Biogas,15.59,5.64,18.7,16.25,2.46,0.81,0.38,2
Grains,-0.3643090654134158,-1.291416118931521,-0.1009267196731462,-1.208013901601765,0.773663964252081,Animal Feed,7.87,0.92,42.62,47.47,0.93,0.32,0.38,1
Vegetables,1.0424130206716546,1.0704055823792418,0.19109809592602273,-0.7831249819892759,0.21956820281149173,Animal Feed,15.23,7.01,47.28,50.1,1.42,0.31,1.37,4
Vegetables,-1.1111660402278123,1.0222795458597884,-0.6731139330335246,0.5684811217509931,-0.5495167140680459,Biogas,3.52,1.66,10.75,-3.16,1.56,0.69,1.16,4
Grains,-0.1981050984802877,-1.103651658268501,0.48800743651729195,-0.4294336651226634,0.9709220553249308,Compost,8.86,1.26,52.71,54.15,1.12,0.27,0.44,1
Vegetables,0.5473373744878691,0.5490401867518274,-0.007074060896352505,0.05287267605908076,0.9132960961351116,Biogas,12.98,4.84,34.33,28.73,1.63,0.64,0.92,4
Meat,0.45256575078983047,-0.07112942021476833,-1.0338709931643975,-1.1620799643463608,-1.848317178884787,Compost,10.87,3.57,15.48,14.58,2.75,0.82,0.53,2
Vegetables,0.8097274669652755,1.2392113013830834,-1.016077366407459,-1.5157712812129733,-0.03309946440541396,Animal Feed,13.81,6.78,19.07,21.34,1.47,0.52,0.99,4
Fruits,1.298437854840984,0.9373297995792378,-0.8562836202373043,1.5422805915655626,-1.229946309117088,Biogas,15.47,7.33,-2.98,-26.42,1.5,0.32,0.69,0
Meat,-1.2561524794673495,-0.2147783474016223,-1.064224827043881,-0.08148409041297656,-0.14391861669353181,Compost,2.82,0.79,5.2,-5.28,2.65,1.12,0.61,2
Grains,1.5106131317768923,-1.6341318335397514,-0.8597725666602335,-0.2996702923761466,0.7758803472978445,Compost,18.22,1.25,12.96,5.54,0.98,0.24,0.42,1
Grains,1.282878334532351,-1.2050080079079564,-0.25618483549349264,-0.7865700272834314,0.26832862981826644,Animal Feed,16.56,2.19,34.5,34.79,0.96,0.3,0.36,1
Meat,-1.2738337525453418,0.5884160348131986,0.8201551359801461,-0.5040763131626953,-1.9591363311729049,Biogas,2.49,1.09,62.9,66.89,2.82,0.86,0.35,2
Vegetables,1.3224843862270534,1.2902540673885643,-0.8105784220969326,-0.6154661110070506,0.4678031039368767,Animal Feed,16.93,8.24,17.13,12.74,1.51,0.48,1.24,4
Mixed,0.055797982919682326,-0.651923179119993,-0.3371283925054486,0.7832222784200079,-1.604515043850926,Compost,9.07,2.11,18.51,4.66,0.62,0.35,1.17,3
Vegetables,-1.2964657820851722,1.1950957679069172,-0.26874504261603777,-1.7247706957250624,-0.15278414887658262,Animal Feed,2.61,1.27,42.31,50.68,1.6,0.56,1.18,4
Mixed,-1.67060152041549,0.422527045295385,1.4987552152398629,-1.4388319363101711,-1.8328024975644488,Animal Feed,0.58,0.24,90.48,106.5,1.95,0.24,1.08,3
Fruits,-1.2738337525453418,-0.5323372701928657,0.24029224048932343,-0.8290589192446801,0.6916577915588759,Animal Feed,2.84,0.64,49.1,52.6,1.06,0.28,0.79,0
Grains,0.4454932415586334,-1.12370417348494,-1.5446527494812232,-1.3251454416030457,0.20848628758268056,Animal Feed,12.01,1.73,2.26,-0.16,0.98,0.29,0.45,1
Vegetables,1.1654746812944816,0.8604010593852627,1.3490794136962032,-0.6005375813990441,0.21291905367420755,Animal Feed,15.89,6.84,78.9,86.77,1.58,0.57,0.96,4
Grains,-0.5687045821950073,-1.1798512160909693,-0.9763033771860666,0.5535525921429869,0.7293363033368363,Compost,6.72,0.89,2.19,-13.32,0.91,0.21,0.4,1
Grains,-0.8452396931348076,-1.7296547242071518,-0.21396858377605033,0.8590132748914249,1.1903439768554063,Compost,5.32,0.29,21.39,7.59,1.06,0.33,0.42,1
Grains,-0.4208891392629914,-1.1433920975156255,1.2297574460320266,-0.03784685002034267,1.3100286613265717,Compost,7.75,1.04,70.57,72.85,1.02,0.31,0.44,1
Vegetables,0.9419833895886586,1.2680140050576045,1.54027367767272,0.6178601043005526,-0.1483513827850588,Biogas,14.44,7.19,73.76,72.1,1.75,0.43,1.38,4
Grains,0.9830039431296007,-1.1649029774750783,-1.7184022813430941,-0.6246528984581314,1.1925603599011665,Animal Feed,15.6,2.06,-8.82,-18.33,1.01,0.3,0.39,1
Vegetables,0.9179368582025887,0.4732052201151127,0.5637175738948543,-1.48132082827142,-0.43204841264264077,Animal Feed,14.11,5.45,64.05,75.09,1.56,0.43,1.46,4
Vegetables,-0.24761266309866645,1.211137780080069,-0.013703059099917786,-0.32263726100384865,0.3436856533741842,Biogas,8.34,3.99,37.42,35.05,1.49,0.35,1.22,4
Vegetables,1.3267278917657719,1.1615533788176011,-1.245998935678489,1.4768247309766116,0.4988324665775498,Biogas,16.98,7.94,-13.58,-38.68,1.35,0.68,1.33,4
Vegetables,0.5558243855653058,0.9829036977984174,-1.4828983977953774,-0.31000542825861255,0.5076979987606006,Biogas,12.79,5.65,-4.82,-15.72,1.43,0.57,1.32,4
Fruits,-0.6266991578908222,0.12720818483510143,-1.1430750162020793,0.002345345078136181,-1.1701039668815052,Biogas,5.84,2.03,2.22,-9.45,1.64,0.49,0.85,0
Grains,-0.693887995587193,-1.0872450549095964,1.1554428872236362,-0.858915978460693,0.21291905367420755,Animal Feed,5.89,0.88,75.59,84.59,1.04,0.27,0.45,1
Vegetables,-1.215839176849527,0.6121144618871721,-1.7421271170190122,1.2747154070528328,-0.31236372817147207,Biogas,3.01,1.22,-26.04,-52.23,1.31,0.54,1.3,4
Vegetables,0.5515808800265875,0.5679989284110065,-1.5139500209594468,0.8119309892046356,-0.7667222525527546,Biogas,12.0,4.89,-15.47,-36.32,1.46,0.66,0.92,4
Fruits,-1.575829896717451,-0.04743099314079499,0.6690837558673146,1.5939562709778923,-0.8974888522527344,Compost,1.09,0.34,40.29,25.14,1.77,0.54,1.17,0
Vegetables,0.20927143323665573,1.0671242617074614,-1.0328243092375187,0.0069387388036765045,0.407960761701294,Biogas,10.85,4.95,5.33,-5.75,1.81,0.36,1.4,4
Fruits,1.2906580946866675,0.5679989284110065,-1.3611341676351505,1.079496173717365,-0.3389603247206214,Biogas,16.13,6.43,-13.42,-35.72,1.74,0.39,0.56,0
Vegetables,0.9384471349730599,1.1721265232044509,-1.1308637037218277,-1.2861015949359522,1.072875675430001,Animal Feed,15.26,6.97,13.78,13.4,1.58,0.66,0.87,4
Vegetables,1.5169783900849692,0.5796658463551163,-0.3371283925054486,1.0760511284232095,0.7005233237419236,Biogas,18.19,6.93,15.96,-0.45,1.68,0.38,0.84,4
Vegetables,1.1605239248326438,1.0288421872033506,0.6666414933712639,0.5294372750838996,-0.4165337313223026,Biogas,15.39,7.21,49.49,43.6,1.57,0.48,1.26,4
Vegetables,1.3147046260727369,1.1316569015858196,1.5545783580067294,1.351654751955635,0.22621735194877904,Biogas,16.7,7.84,67.78,59.82,1.31,0.63,1.6,4
Vegetables,-0.8084626451325834,1.3245256388493878,-0.08697093398142972,1.1334685499924648,-0.37885521954434215,Biogas,5.13,2.62,22.62,7.15,1.53,0.54,1.17,4
Vegetables,-0.6429659291225752,1.268743187429112,-1.5484905905464452,-1.4342385425846307,-0.7290437407747942,Animal Feed,5.89,3.02,3.1,1.61,1.42,0.52,1.8,4
Vegetables,-1.25473797762111,0.8655053359858108,-0.8848929809053232,-0.29163185335645087,0.4456392734792544,Biogas,2.91,1.24,12.17,4.53,1.59,0.69,1.01,4
Mixed,-1.0171016674528932,0.014184917251535993,0.16527989239634702,1.3596931909753307,-0.19932819283759073,Compost,4.07,1.28,27.88,11.89,1.11,0.31,0.71,3
Grains,-1.2490799702361526,-1.6731430904153692,0.8969119572845867,-0.11248949806037437,1.214724190358792,Compost,3.05,0.19,61.69,62.71,1.08,0.3,0.39,1
Vegetables,-0.8841384939063907,0.7918579164636167,1.5796987722518192,0.253833651551474,-0.6581194833104003,Biogas,4.67,2.05,78.06,79.81,1.7,0.5,0.93,4
Grains,-0.8784804865214331,-1.6148085006948192,-1.545001644123516,-0.5270432817903975,0.9332435435469736,Compost,5.07,0.36,-4.7,-14.06,0.97,0.35,0.49,1
Meat,0.6534250129558232,-0.2508728747912126,1.0929907462532045,-1.634051169645639,-1.4848303593797603,Donation,12.07,3.55,80.56,95.96,3.22,0.77,0.59,2
Vegetables,-0.7448100620518111,1.2731182816581528,-0.35282865140862985,1.6892691907828556,0.860102903036813,Biogas,5.79,2.75,10.16,-11.67,1.47,0.6,1.26,4
Fruits,1.656306821939549,0.7575863450027932,0.9844845125001083,-1.0024595323838312,-0.0242339322223663,Animal Feed,18.32,7.7,71.95,81.23,1.28,0.39,0.93,0
Meat,1.0020997180538322,0.3536193111879854,-1.0600380913363658,-0.8979598251277865,-0.12840393537319683,Biogas,14.77,5.36,12.43,9.07,3.59,0.55,0.59,2
Vegetables,0.763048906039376,0.9854558360986911,0.5954669863435098,-1.3113652604264243,-0.7489911881866561,Animal Feed,13.1,6.16,63.48,73.21,1.9,0.42,1.38,4
Mixed,-1.4407449704015896,0.5530506897951153,-1.4780138728032766,1.417110612544586,-0.9617639605798441,Biogas,1.77,0.72,-19.71,-45.62,1.55,0.35,0.55,3
Vegetables,-1.3332428300873962,1.0510822495343102,1.7161165773883482,-0.19402223668871693,-0.4231828804595899,Biogas,2.38,1.12,85.87,92.3,1.67,0.44,1.19,4
Mixed,-0.38269758941452797,-0.09336948254572794,0.1307393228093485,-1.524958068664054,0.5276454461724595,Animal Feed,7.68,2.21,52.02,60.95,0.98,0.21,0.82,3
Vegetables,1.522636397469927,1.1061355185830788,0.6237274523692354,0.3594817072389039,0.616300768002955,Biogas,18.15,8.3,49.74,45.09,1.47,0.35,1.13,4
Meat,-0.4520081798802577,0.6000829527573088,-1.67479045105648,0.5064703064561975,-1.863831860205122,Biogas,6.48,2.83,-17.42,-36.53,2.32,1.23,0.47,2
Vegetables,-1.319805062548122,0.6350837065896385,0.6484989719720325,1.0347105848933458,0.1508603283928613,Biogas,2.52,1.01,44.57,34.19,1.81,0.32,1.3,4
Grains,-1.0178089183760128,-1.677153593458657,-0.1068579285921258,0.9795898601868607,1.1570982311689697,Compost,4.34,0.27,23.4,9.16,0.9,0.32,0.46,1
Grains,-1.620386704873992,-1.0657341749501437,-1.12039686445304,-1.2367226123863926,1.1570982311689697,Animal Feed,0.95,0.14,13.65,12.9,1.04,0.23,0.38,1
Vegetables,0.18876115646618466,1.0529052054630772,-0.08348198755850053,0.9175790448920651,-0.20819372502064154,Biogas,10.42,4.87,24.61,11.04,1.1,0.56,1.13,4
Grains,1.5763874676270238,-1.7176232150772883,0.07910291574999738,-1.2596895810140947,0.5276454461724595,Animal Feed,18.37,1.06,48.23,54.55,1.02,0.34,0.36,1
Vegetables,0.09186777999878656,1.3376509215365116,-0.12011592499925636,0.6385303760654845,-0.0973745727325237,Biogas,9.97,5.05,25.99,14.64,1.5,0.38,1.33,4
Mixed,-1.02417417668409,0.6832097431090924,1.1191578444251729,0.6787225711639633,0.6672775780554902,Biogas,4.2,1.67,61.16,56.56,0.66,0.31,0.74,3
Vegetables,-0.1761803198635773,0.9566531324241699,0.2552947101079187,0.3973772054746122,-0.5273528836104204,Biogas,8.37,3.85,38.85,31.75,1.7,0.61,1.23,4
Vegetables,0.9094498471251526,1.0335818726181452,-1.1870357411309866,1.4297424452898222,0.9554073740045959,Biogas,15.02,6.61,-11.49,-35.84,1.69,0.57,1.45,4
Vegetables,1.6223587776298038,0.7962330106926576,-0.10720682323441864,1.4102205219562751,-0.580546076708719,Biogas,17.65,7.72,19.64,1.65,1.54,0.53,1.25,4
Grains,-1.2582742322367086,-1.3789180035123458,1.022514028510036,1.0186337068539542,0.9088633300435878,Compost,2.95,0.31,55.43,47.32,1.1,0.29,0.43,1
Vegetables,-1.6599927565686947,0.959934453095951,-1.650018931453683,-1.4307934972904754,0.8445882217164781,Animal Feed,0.72,0.31,0.16,-1.94,1.77,0.52,1.5,4
Meat,0.9243021165106663,0.19465755419948702,0.5818600952940861,-0.08837418100128726,-0.7046635272714084,Biogas,13.95,4.88,52.44,51.44,3.6,0.83,0.52,2
Grains,0.23190346277648594,-1.201362096050422,-1.1305148090795345,1.6502253441157622,0.5564584257673723,Compost,11.05,1.44,-11.78,-37.73,0.86,0.22,0.38,1
Grains,-1.341022590241713,-1.2688114654148077,-1.1458661733404225,-0.4684775117897572,1.0241152484232294,Compost,2.51,0.3,6.23,-1.35,1.15,0.41,0.4,1
Vegetables,-0.37774683295269007,0.942798667365539,-0.8667504595060918,-1.04494842434508,0.07771968788270389,Animal Feed,7.54,3.36,19.25,18.28,1.51,0.76,1.03,4
Meat,1.1223323749841803,0.3572652230455201,0.36275425993413607,-1.5743370512136137,-0.5849788428002429,Biogas,15.06,5.6,59.1,69.8,2.79,1.22,0.4,2
Mixed,-1.442159472247829,0.1607505739244174,-0.04615026083315875,1.3573964941125607,-1.0725831128679622,Biogas,1.76,0.62,21.86,4.68,1.23,0.47,0.68,3
Grains,-1.4782292693269334,-1.6115271800230384,-0.5865880617448821,-0.6372847312033676,0.6805758763300648,Animal Feed,1.71,0.12,23.73,20.82,1.03,0.27,0.33,1
Vegetables,1.3394584083819263,1.061290802735406,1.4324652332042096,0.5627393795940675,0.4766686361199275,Biogas,17.03,7.73,71.15,69.36,1.19,0.66,0.97,4
Vegetables,-0.2801462055621722,1.059467846806639,-1.503483181690659,-0.20895076629672318,-0.5916279919375302,Biogas,7.81,3.73,-6.28,-18.17,1.65,0.7,0.99,4
Vegetables,0.006997669224423373,0.8895683542455375,1.352568360119132,1.0381556301875012,0.8357226895334272,Biogas,9.95,4.2,64.72,58.33,1.68,0.48,1.24,4
Vegetables,-1.1295545642289244,0.7043560318827917,0.339378318900511,-1.0839922710121737,-0.40101905000196764,Animal Feed,3.45,1.45,54.16,60.45,1.73,0.63,1.56,4
Meat,-0.21649362248139983,0.13121868787838922,-1.30600881415287,0.7958541111652441,0.1974043723538694,Biogas,8.45,2.75,-9.37,-28.89,2.63,0.69,0.58,2
Mixed,-0.2539779214067437,-0.19363205862792304,1.3808288261448582,0.2974708919441083,-0.4165337313223026,Compost,8.01,2.3,71.98,72.21,1.31,0.34,0.52,3
Vegetables,-0.5764843423493239,1.0014978482718428,1.4429320724729968,-1.5295514623895945,0.16194224362167245,Donation,6.51,2.94,89.67,106.17,1.74,0.57,1.26,4
Vegetables,-0.6776212243554401,0.5978954056427881,-1.3042643409414056,-1.404381483368618,-0.2126264911121654,Animal Feed,5.86,2.35,9.84,9.5,1.5,0.44,1.18,4
Vegetables,-0.05099690647139153,0.7342525091145733,-1.5338370155701428,1.5457256368597176,1.1681801463977808,Biogas,9.77,3.85,-22.43,-49.77,1.54,0.43,1.34,4
Vegetables,-0.8841384939063907,0.8527446444844402,0.8937719055039509,0.7682937488120013,0.7714475812063206,Biogas,5.0,2.09,53.92,47.25,1.39,0.49,1.32,4
Grains,0.6753497915725338,-1.7300193153929053,-1.609547152947705,-0.8359490098329908,0.6938741746046362,Animal Feed,13.55,0.75,-3.86,-10.9,0.99,0.37,0.33,1
Vegetables,-0.3529930506435007,1.3110357649765103,1.082175012342124,1.3929952954854987,0.6428973645521043,Biogas,7.88,3.83,53.88,42.86,1.34,0.46,1.56,4
Mixed,-1.3763851363976976,0.7790972249622461,-1.3677631658387157,0.960067936853314,-2.222885913618625,Compost,1.97,0.93,-12.57,-33.88,0.7,0.29,0.99,3
Grains,-1.7116220739564323,-1.4554821525205675,-0.42539873700555586,0.1367021115501933,0.7758803472978445,Compost,0.43,0.04,21.61,12.88,1.17,0.31,0.35,1
Grains,-1.5524906162545014,-1.527671207299748,1.2716248031071764,1.0668643409721288,0.3436856533741842,Compost,1.28,0.11,62.15,55.05,1.09,0.3,0.35,1
Grains,-0.07928694339617917,-1.5644949170608449,-1.3695076390501804,1.6708956158806945,0.5232126800809356,Compost,9.33,0.74,-18.8,-46.29,1.09,0.27,0.36,1
Mixed,0.19371191292802253,0.4728406289293596,-0.517506922570885,0.6729808290070377,-0.13726946755624764,Biogas,10.49,3.99,14.31,0.39,0.93,0.41,1.11,3
Fruits,0.9554211571279326,0.3904430209490827,-0.7261459186620475,1.4814181247021518,-1.077015878959486,Biogas,13.85,5.35,1.27,-20.89,0.72,0.37,0.47,0
Mixed,-1.1790621288473029,0.6857618814093662,-1.5062743388290025,-1.5754853996449987,-0.3167964942629959,Animal Feed,3.2,1.33,5.54,5.52,1.19,0.44,0.83,3
Vegetables,-0.6931807446640734,0.6660739573786809,0.38996804203298335,-0.0298084110006469,0.7093888559249744,Biogas,6.04,2.37,46.43,43.82,1.86,0.54,1.17,4
Grains,0.716370345113476,-1.6323088776109844,1.6261017596767766,1.112798278227533,1.037413546697804,Compost,14.0,0.95,71.91,66.44,1.03,0.33,0.41,1
Meat,-1.3332428300873962,0.4575277991277152,-0.5426273368159749,-0.6671417904193803,-1.4515846136933237,Biogas,2.26,0.91,25.25,22.86,3.05,0.6,0.64,2
Fruits,0.9462268951273765,0.19502214538524063,1.5172466312813873,-0.5247465849276272,-0.4697269244206012,Biogas,14.23,4.92,83.05,91.22,1.19,0.42,1.12,0
Mixed,-0.6634762058930462,-0.48530500723067244,0.05468029078949333,-0.43976880100512955,-2.3580852794101284,Compost,5.32,1.43,40.39,39.44,1.93,0.59,0.61,3
Grains,1.1873994599111923,-1.1459442358158998,1.4087403975282913,1.1506937764632417,1.0086005671028913,Compost,16.61,2.25,65.35,58.3,1.01,0.33,0.43,1
Vegetables,0.08055176522887146,1.0306651431321177,1.6990207399159956,1.6307034207822155,1.285648447823186,Biogas,10.57,4.57,69.49,59.94,1.11,0.5,1.1,4
Vegetables,-1.7194018341107489,0.9646741385107456,0.7706120967745523,-0.5465652051239444,1.0174660992859421,Biogas,0.4,0.17,61.84,65.92,1.59,0.48,1.41,4
Vegetables,-0.09060295816609429,1.1910852648636294,0.19807598877188085,1.4883082152904623,-0.6802833137680225,Biogas,8.75,4.37,27.71,10.79,1.18,0.65,1.42,4
Grains,0.479441285868379,-1.3202188226060425,-1.6064071011670689,-1.2573928841513244,1.0041678010113675,Animal Feed,12.66,1.41,-0.09,-3.44,1.01,0.28,0.34,1
Vegetables,1.3373366556125672,1.209679415337055,-0.9225736022729578,1.6950109329397813,-0.7622894864612308,Biogas,16.03,8.08,-6.21,-31.36,1.6,0.56,1.13,4
Vegetables,0.8422610094287816,0.8100874757512886,-1.031428730668347,-0.1905771913945615,-0.6027099071663413,Biogas,13.6,5.99,7.1,-2.25,1.67,0.38,1.41,4
Grains,-0.28863321663960856,-1.6133501359518057,-0.7969715310475091,-1.4652439502320287,0.7160380050622617,Animal Feed,8.26,0.59,24.91,27.99,0.84,0.27,0.42,1
Vegetables,-0.8508977005197651,0.6117498707014185,0.6533834969641333,-0.9220751421868737,-0.4298320295968773,Animal Feed,4.9,1.99,61.75,68.43,1.35,0.4,1.12,4
Vegetables,-1.4845945276350105,0.8855578512022497,0.521501322177412,0.3043609825324188,0.9620565231418832,Biogas,1.7,0.71,47.29,42.53,1.37,0.51,1.06,4
Fruits,1.282878334532351,-0.5698901623254697,-0.7742933792984695,0.894612076264363,-1.6798720674068468,Compost,15.03,3.7,5.01,-12.31,1.3,0.41,0.7,0
Grains,0.17744514169626957,-1.3136561812624805,0.5539485239106526,-1.0828439225807887,0.3193054398707984,Animal Feed,10.63,1.23,60.3,67.81,1.05,0.41,0.37,1
Vegetables,-1.6479694908756597,1.2618159548997963,0.2755305993609076,0.5248438813583592,-0.13726946755624764,Biogas,0.75,0.37,38.32,30.24,1.49,0.41,1.67,4
Grains,-0.218615375250759,-1.2884993894454935,-0.6001949527943058,-0.914036703167178,0.5409437444470341,Animal Feed,8.58,1.02,25.75,25.18,0.7,0.2,0.34,1
Vegetables,0.033873204302971666,0.9194648314773196,-1.0858562948660415,1.6215166333311346,-0.15943329801386996,Biogas,9.63,4.3,-10.25,-35.69,1.51,0.54,1.23,4
Fruits,-0.08635945262737621,-0.2650919310355967,-1.1116744983957172,0.6925027523405843,-2.2317514458016725,Compost,8.1,2.45,-2.9,-20.4,1.49,0.54,1.07,0
Meat,-0.5064665009604744,0.14106264989373185,1.733910204145287,0.09536156802032957,-0.16608244715115728,Biogas,6.78,2.25,83.86,87.88,4.17,1.09,0.39,2
Vegetables,0.7545618949619394,0.9956643892997874,-0.6382244688042332,1.1105015813647627,-0.38772075172739295,Biogas,13.29,6.15,7.03,-11.4,1.44,0.45,1.68,4
Grains,0.9129861017407509,-1.4554821525205675,-0.8510502006029107,-0.2456979161010466,1.2479699360452254,Compost,15.24,1.4,12.74,4.9,1.04,0.19,0.47,1
Grains,-1.5942184207185632,-1.4274086312175531,1.2580179120577528,-0.4696258602211423,0.7359854524741236,Compost,1.08,0.11,75.14,81.35,0.66,0.31,0.5,1
Grains,0.2609007506243934,-1.6100688152800244,-1.2118072607337833,-0.05736877335388946,0.6406809815063408,Compost,11.25,0.82,0.75,-10.79,0.92,0.39,0.41,1
Meat,0.5098530755625258,0.5074767915759356,0.3023954868174621,0.9933700413634821,-0.3500422399494325,Biogas,12.03,4.69,35.02,23.01,3.39,0.75,0.57,2
Grains,-0.2794389546390526,-1.286311842330973,1.0343764463479952,0.023015616843068045,0.36363310078604616,Compost,8.18,0.98,64.44,65.07,1.1,0.35,0.31,1
Vegetables,1.4639345708509923,1.1294693544712988,0.9555262571897966,0.10684505233418079,0.3924460803809558,Biogas,17.64,8.21,61.45,60.9,1.52,0.55,1.19,4
Grains,-0.7462245638980505,-1.6151730918805727,0.07770733718082576,-0.41106009022050194,0.5076979987606006,Compost,5.69,0.41,40.8,39.73,1.1,0.26,0.42,1
Vegetables,0.059334237535280596,0.7193042704986825,0.8613247037707097,0.7200631146938271,0.04669032524203076,Biogas,9.86,4.08,53.41,46.98,1.4,0.57,1.48,4
Fruits,-1.0206379220684916,0.9686846415540333,-1.3028687623722337,-1.109255936502646,-1.2232971599798006,Animal Feed,3.86,1.85,7.32,4.42,1.49,0.52,0.72,0
Meat,-1.7024278119558764,0.5118518858049771,-1.3077532873643345,1.438929232740903,-0.6093590563036286,Biogas,0.45,0.18,-15.02,-40.14,2.3,0.62,0.43,2
Meat,-0.5538523128094937,-0.23483086261806121,1.3421015208503448,-1.1138493302281864,-1.2897886513526708,Compost,6.17,1.81,83.16,95.46,3.27,0.88,0.5,2
Grains,0.7432458801920245,-1.708143844247699,-0.07301514828971296,0.3583333588075186,0.616300768002955,Compost,13.88,0.81,29.78,21.14,1.18,0.2,0.45,1
Vegetables,-1.3523386050116277,0.557061192838403,-1.193315844692259,0.38015197900383574,0.26389586372673945,Biogas,2.36,0.91,-2.52,-17.77,1.41,0.6,1.23,4
Grains,-1.4287217047085548,-1.5284003896712548,0.45032681514965756,-1.0506901665020054,0.21070267062844406,Animal Feed,1.94,0.17,57.05,63.68,1.13,0.24,0.34,1
Vegetables,-0.6252846560445828,1.1823350764055471,-1.4298664121668543,-1.0254265010115333,-0.019801166130842467,Animal Feed,6.19,2.98,2.94,-1.43,1.32,0.25,1.17,4
Vegetables,0.0409457135341687,0.4571632079419616,0.7207201629266654,-0.3880931215927997,-0.2746852163935116,Biogas,9.61,3.66,59.03,61.45,1.83,0.34,1.44,4
Mixed,1.625895032245402,0.6482089892767622,-0.4438901530470803,-0.739487741596642,0.6872250254673521,Animal Feed,18.78,7.34,28.71,27.5,1.4,0.32,1.03,3
Mixed,-0.9923478851437039,0.5807596199123767,-1.249836776743711,1.437780884309518,-0.4298320295968773,Biogas,4.16,1.67,-13.34,-38.12,0.92,0.36,0.43,3
Mixed,0.8189217289658317,0.7295128236997788,0.21726519409799125,0.5179537907700483,-2.7902799733337886,Compost,12.02,5.77,36.71,28.34,0.73,0.29,0.54,3
Vegetables,-1.2632249886985465,0.4622674845425097,0.9663419911008769,-1.2424643545433183,0.7825294964351318,Animal Feed,2.91,1.06,73.51,84.78,1.55,0.39,1.06,4
Grains,0.8613567843530134,-1.3391775642652213,1.2838361155874283,-0.5293399786531677,0.8179916251673287,Compost,14.66,1.61,76.4,83.27,0.97,0.28,0.38,1
Grains,-0.8240221654412168,-1.118599896884392,-0.421212001298041,-0.13201142139392114,0.915512479180872,Compost,5.37,0.75,24.07,17.71,1.01,0.41,0.34,1
Vegetables,-0.29641297679392514,0.7167521321984087,-0.5635610153535497,-0.3524943202198614,-0.7312601238205577,Biogas,7.67,3.29,21.91,16.65,1.59,0.47,1.29,4
Meat,0.2835327801642236,0.18189686269811695,0.5825578845786719,1.561802514899109,-0.7356928899120815,Biogas,10.64,3.71,38.09,22.73,3.06,1.29,0.55,2
Mixed,-0.25751417602234195,-0.605255507343553,0.044911240805291706,-1.3814145147409158,-3.076193386237131,Animal Feed,6.95,1.8,48.3,55.49,1.04,0.39,0.56,3
Fruits,0.9837111940527202,-0.02993061622462988,0.15620863169673135,-0.6005375813990441,0.5121307648521245,Animal Feed,15.12,4.5,44.7,45.73,1.34,0.45,0.7,0
Vegetables,-1.1260183096133258,1.2162420566806165,-0.48680419404910885,1.5330938041144815,0.44120650738772743,Biogas,3.61,1.72,7.68,-13.56,1.49,0.34,1.18,4
Vegetables,-0.5538523128094937,0.6784700576942974,0.5337126346576637,0.9795898601868607,0.3481184194657112,Biogas,6.69,2.69,41.76,31.19,1.68,0.47,1.21,4
Grains,1.2949016002253855,-1.556109319788516,0.8853984340889207,-0.0022480486474043466,0.4168262938843416,Compost,16.74,1.35,60.39,60.38,0.91,0.33,0.37,1
Vegetables,0.8811598102003649,1.1137919334839013,1.5085242652240645,-1.558260173174222,0.2550303315436918,Donation,14.39,6.7,91.8,108.93,1.42,0.56,0.88,4
Vegetables,-0.7320795454356565,1.0058729425008837,1.5113154223624083,1.121985065678614,0.5387273614012738,Biogas,5.78,2.57,68.54,62.33,1.37,0.44,1.21,4
Grains,-1.2971730330082918,-1.2987079426465897,1.5189911044928524,-1.4985460547421967,0.5941369375453327,Donation,2.7,0.32,91.59,108.25,1.01,0.21,0.31,1
Vegetables,0.3874986658628185,1.2352007983397957,-0.0042829037580090065,0.7671454003806164,1.1305016346198236,Biogas,12.21,5.67,28.2,16.4,1.4,0.51,1.34,4
Vegetables,-1.6324099705670265,0.9570177236099231,1.12718242119791,-1.6685016225871923,0.9465418418215451,Donation,0.88,0.38,81.82,97.71,1.46,0.71,1.41,4
Mixed,0.12157231876981382,0.8979539515178667,-0.21571305698751478,0.34455317763089766,-0.0707779761833744,Biogas,10.14,4.48,25.81,16.48,1.12,0.37,0.54,3
Grains,-1.5242005793297133,-1.0464108421052114,0.6219829791577709,0.5432174562605209,0.6761431102385378,Compost,1.46,0.22,48.09,41.82,0.92,0.28,0.42,1
Mixed,-0.6083106338897101,-0.48530500723067244,-0.712190132970331,-0.40876339335773154,0.3281709720538492,Compost,6.39,1.5,18.14,12.52,0.86,0.33,0.57,3
Vegetables,-0.15920629770870473,0.7805555897052601,0.6020959845470751,-0.6223562015953613,0.8135588590758049,Animal Feed,9.02,3.67,57.67,61.44,1.49,0.6,1.1,4
Meat,0.04660372091912613,-0.12727646282079755,-1.12039686445304,-0.2571814004148976,-1.6266788743085514,Compost,9.01,2.84,5.13,-4.15,3.5,1.2,0.52,2
Fruits,1.2425650319145285,0.42033949818086425,-0.12220929285301392,0.938249316656997,0.8578865199910527,Biogas,16.8,5.98,23.32,9.35,2.2,0.3,0.75,0
Vegetables,1.3316786482276097,0.9486321263375944,-1.047477884213821,-1.0644703476786268,0.7559328998859824,Animal Feed,17.21,7.44,14.24,12.41,1.72,0.54,1.28,4
Fruits,-1.3268775717793189,0.46153830217100295,1.5493449383723354,1.2310781666601989,-0.9927933232205173,Biogas,2.35,0.93,68.68,61.74,1.43,0.25,0.39,0
Fruits,-0.310557995256319,-0.4885863279024532,-0.6846274562291909,1.3539514488184052,0.860102903036813,Compost,8.2,1.88,3.59,-17.22,1.22,0.28,0.82,0
Mixed,-0.2985347295632843,-0.5487438735517705,-0.10476456073836823,-0.7808282851265057,-0.47415969051212503,Animal Feed,7.76,1.82,38.79,39.9,0.68,0.5,0.96,3
Vegetables,-0.5481943054245363,0.6350837065896385,-1.4923185531372862,1.3470613582300948,0.9820039705537452,Biogas,6.92,2.66,-19.51,-44.89,1.47,0.43,1.27,4
Grains,0.5409721161797921,-1.1145893938411042,-0.8503524113183248,0.9026505152840588,1.1814784446723554,Compost,13.11,1.82,2.76,-15.07,1.07,0.23,0.37,1
Mixed,-1.4690350073263774,-0.6391624876186227,1.6411042292953721,1.6295550723508303,0.16194224362167245,Compost,1.72,0.37,67.83,57.95,0.76,0.32,0.69,3
Vegetables,1.6202370248604445,0.7032622583255314,-0.514366870790249,-1.0621736508158566,0.9886531196910325,Animal Feed,19.01,7.47,29.5,30.7,1.28,0.56,1.1,4
Mixed,-0.9767883648350706,0.9632157737677316,-0.3748090138730835,-0.07000060609912555,-2.6883263532287187,Compost,3.77,1.95,24.86,18.23,0.71,0.58,0.83,3
Grains,0.49853706079261045,-1.0573485776778146,-0.08348198755850053,-0.8428391004213014,0.93102716050121,Animal Feed,12.72,1.89,39.94,41.7,0.92,0.24,0.34,1
Vegetables,1.198715474681107,1.2133253271945892,0.8257374502568327,-1.6145292463120922,0.4877505513487387,Animal Feed,16.28,7.73,72.72,86.41,1.18,0.68,1.43,4
Meat,0.7757794226555305,-0.20930947961532081,1.118111160498294,-1.100069149051565,-1.6798720674068468,Compost,12.55,3.81,76.62,87.51,3.26,1.06,0.64,2
Vegetables,-1.157844601153712,0.8421715000975908,0.6366365541340734,-1.2792115043476415,0.2550303315436918,Animal Feed,3.4,1.45,64.38,74.07,1.59,0.57,0.86,4
Vegetables,-0.12455100247583961,0.7725345836186845,0.008626198006828711,-1.4101232255255436,0.9332435435469736,Animal Feed,9.26,3.74,47.51,54.74,1.56,0.53,1.46,4
Meat,-1.5128845645597986,-0.046337219583534636,1.6048191864969088,0.885425288813282,-1.8017731349237758,Compost,1.35,0.45,73.28,69.68,4.08,1.09,0.53,2
Vegetables,0.17815239261938912,0.8472757766981389,-1.458824667477166,0.8360463062637224,0.35033480251147153,Biogas,10.65,4.53,-14.1,-34.84,1.6,0.67,1.32,4
Vegetables,-1.6288737159514282,0.9026936369326611,0.7343270539760891,-1.011646319834912,0.38358054819790816,Animal Feed,0.88,0.38,64.85,72.77,1.5,0.45,1.07,4
Meat,-0.6422586781994554,0.13632296447893735,-1.188780214342451,-1.5708920059194584,-0.035315847451177454,Biogas,6.1,2.01,14.6,16.36,3.03,1.12,0.56,2
Grains,-0.29641297679392514,-1.0949014698104185,1.5374825205343767,0.1240702788049572,0.5919205544995692,Compost,8.17,1.19,77.98,80.62,1.07,0.18,0.37,1
Fruits,0.10247654384558212,0.6026350910575826,-0.18047469811593056,-1.3515574555249033,-2.914397423896478,Animal Feed,8.66,4.0,41.59,47.23,1.45,0.41,1.08,0
Meat,-1.264639490544786,-0.1239951421490165,0.007928408722243022,-0.47077420865252734,-1.7330652605051422,Compost,2.56,0.81,39.33,38.38,2.65,0.91,0.5,2
Grains,-0.23841840109811024,-1.157975744945763,0.7699143074899667,-0.34101083590601033,0.23729926717759334,Compost,8.35,1.16,60.03,62.31,0.8,0.28,0.43,1
Vegetables,0.4129596990951274,1.130563128028559,-0.6553203062765861,0.7797772331258525,0.09323436920303887,Biogas,11.78,5.56,9.42,-6.23,1.36,0.49,1.48,4
Grains,-0.1224292497064807,-1.716529441520028,-0.6846274562291909,-0.7383393931652569,1.2745665325943747,Animal Feed,9.41,0.52,21.8,19.21,0.95,0.32,0.43,1
Grains,1.2128604931435012,-1.0763073193369932,-1.0942297662810714,0.6718324805756525,0.5010488496233133,Compost,16.37,2.44,-2.22,-19.44,1.15,0.34,0.38,1
Fruits,1.3217771353039338,0.4352877367967556,0.4353243455310623,-0.3134504735527678,-1.7352816435509058,Biogas,15.18,6.17,50.2,50.33,0.78,0.49,0.88,0
Mixed,1.1753761942181573,0.7838369103770406,0.46986491511806056,-0.11478619492314472,0.48331778525721486,Biogas,16.14,6.68,49.47,48.06,1.51,0.37,0.7,3
Vegetables,1.6435763053233943,0.4801324526444279,-0.29281877293424874,0.7820739299886227,1.1925603599011665,Biogas,19.31,6.93,19.79,6.21,1.52,0.46,0.99,4
Vegetables,1.698034626403611,1.112698159926641,1.4977085313129845,-0.05966547021665962,0.8468046047622415,Biogas,19.31,8.75,78.44,82.44,1.49,0.4,1.19,4
Grains,0.5338996069485952,-1.0744843634082262,-0.9483918058026336,0.15392733802097014,0.25946309763521563,Compost,12.52,1.89,6.47,-5.4,0.88,0.29,0.37,1
Vegetables,-0.3148015007950373,1.2884311114597973,1.1020620069528204,0.03909249488245959,-0.5583822462510936,Biogas,7.64,3.9,66.24,67.12,1.21,0.43,1.53,4
Fruits,1.0013924671307126,-0.4061887199221766,1.2838361155874283,-1.0483934696392354,-2.1408797409254166,Animal Feed,13.33,3.72,80.92,92.32,1.3,0.27,0.68,0
Grains,-1.6005836790266403,-1.7438737804515358,0.11364348533699567,-0.674031881007691,0.7049560898334506,Animal Feed,1.04,0.06,44.12,45.55,0.91,0.32,0.38,1
Meat,1.067166802980844,-0.23920595684710264,-0.085226460769965,-1.1574865706208202,-1.584567596439064,Compost,14.05,4.17,42.63,47.13,3.18,0.96,0.59,2
Mixed,1.4794940911596255,-0.6606733675780753,-1.6479255635999255,0.9864799507751716,-0.9240854488018837,Compost,16.63,3.71,-20.83,-43.96,1.14,0.5,0.4,3
Grains,0.12086506784669401,-1.5714221495901604,1.4076937136014125,-1.3366289259168966,1.072875675430001,Donation,10.69,0.82,86.99,101.6,0.89,0.31,0.47,1
Meat,0.21634394246785277,-0.08862979713093318,-1.4333553585897836,1.5526157274480286,-1.7197669622305707,Compost,9.8,3.16,-19.61,-46.45,3.39,0.91,0.56,2
Vegetables,0.38396241124721997,1.1619179700033546,-1.3932324747260985,0.7545135676353804,-0.6093590563036286,Biogas,11.23,5.54,-11.52,-31.17,1.74,0.48,1.22,4
Vegetables,-0.1825455781716545,0.6562299953633378,1.2747648548878128,-1.0954757553260246,0.028959260875929135,Animal Feed,8.57,3.46,81.06,92.81,1.52,0.48,1.02,4
Vegetables,-1.244129213774315,0.7776388602192327,0.5260369525272197,-1.6822818037638134,1.2834320647774256,Animal Feed,3.08,1.23,64.71,77.28,1.86,0.53,1.13,4
Mixed,1.6456980580927536,0.8534738268559474,0.72246463613813,1.0048535256773332,-1.1191271568289702,Biogas,17.3,7.93,46.95,37.25,1.04,0.27,0.49,3
Vegetables,-0.31621600264127664,1.3026501677041813,-0.5886814295986394,-0.45814237590729107,-0.3500422399494325,Biogas,7.71,3.92,22.11,17.63,1.79,0.47,1.18,4
Vegetables,-1.714451077648911,0.9544655853096493,-0.9550208040061989,1.3459130097987093,-0.23479032156979085,Biogas,0.4,0.18,-4.09,-26.38,1.26,0.53,1.12,4
Vegetables,1.3267278917657719,1.1615533788176011,0.19319146377978003,-1.0196847588546076,-0.21705925720369237,Animal Feed,16.41,7.94,49.42,54.31,1.62,0.46,1.18,4
Vegetables,-1.1620881066924305,1.1243650778707506,-1.6493211421690972,-0.14808829943331267,-0.9019216183442583,Biogas,3.2,1.58,-10.99,-24.26,1.33,0.49,0.8,4
Grains,-0.8607992134434408,-1.199539140121655,1.2845339048720144,0.1481855958640445,0.616300768002955,Compost,5.09,0.66,70.52,71.49,1.07,0.32,0.48,1
Vegetables,1.1315266369847365,1.1436884107156828,1.6714580631748552,0.09765826488309994,1.250186319090989,Biogas,16.48,7.4,82.05,85.69,1.54,0.42,1.61,4
Grains,-0.5163680138841499,-1.5397027164296115,-0.1407007088945384,0.9003538184212886,0.5764058731792342,Compost,6.97,0.58,23.13,9.39,0.99,0.29,0.34,1
Grains,-0.11464948955216386,-1.5889225265063252,0.1858646762916288,-1.2906949886614925,1.148232698985922,Animal Feed,9.41,0.69,51.56,58.76,0.86,0.29,0.38,1
Grains,1.2064952348354236,-1.3402713378224815,-0.08662203933913662,-1.384859560035071,0.5320782122639864,Animal Feed,16.35,1.82,44.57,51.03,0.9,0.34,0.47,1
Vegetables,1.1053583528293074,0.8673282919145778,1.597492399008758,1.0875346127370606,1.230238871679127,Biogas,16.32,6.71,71.31,65.91,1.33,0.42,1.45,4
Grains,-1.1337980697676426,-1.6301213304964637,0.3058844332403913,-0.0918192262954425,0.7492837507486951,Compost,3.62,0.25,44.56,42.01,0.9,0.27,0.36,1
Vegetables,-0.4392776632641033,1.3000980294039075,-1.565237533376505,-0.9760475184619738,1.203642275129981,Animal Feed,7.6,3.59,-1.37,-6.94,1.9,0.59,1.34,4
Vegetables,-0.38269758941452797,1.2049397299222604,-0.8318609952768004,0.056317721353236004,1.2745665325943747,Biogas,7.95,3.63,10.66,0.31,1.33,0.62,1.36,4
Meat,0.004168665531944659,-0.2187888504449101,0.44753565801131406,0.4697231566518741,-0.3699896873612945,Compost,9.38,2.65,43.73,37.1,2.89,0.97,0.42,2
Vegetables,1.6230660285529233,1.1812413028482869,0.8693492805434468,1.0220787521481096,-0.6603358663561638,Biogas,17.59,8.75,51.01,41.99,1.49,0.42,1.46,4
Vegetables,0.5742129095664177,1.2162420566806165,1.7122787363231262,1.3677316299950266,-0.18824627760877957,Biogas,12.47,6.12,72.16,64.97,1.26,0.4,1.26,4
Vegetables,0.9490558988198551,1.2836914260450027,-0.7261459186620475,-1.448018723761252,1.103905038070674,Animal Feed,15.35,7.24,26.79,30.15,1.34,0.52,1.27,4
Grains,-1.529858586714671,-1.0296396475605534,1.1470694158086059,1.637593511370526,0.60078608668262,Compost,1.43,0.22,53.61,40.83,0.9,0.29,0.44,1
Vegetables,-1.1790621288473029,0.46846553470031815,0.16318652454258947,-0.19861563041425725,-0.32787840949181024,Biogas,3.2,1.23,41.39,38.96,1.27,0.45,1.3,4
Vegetables,0.423568462941923,0.8877453983167704,0.7950347217350564,-0.2950768986506061,-0.16164968105963345,Biogas,11.69,5.17,60.34,62.37,1.28,0.6,1.28,4
Meat,1.0848480760588364,-0.0022216861073687632,-0.7177724472470176,1.494049957447388,-0.4497794770087392,Compost,14.97,4.73,1.4,-20.82,3.06,1.26,0.47,2
Grains,-0.49515048619055924,-1.4518362406630332,-1.0122395253422367,-1.3205520478775055,0.5897041714538057,Animal Feed,7.09,0.67,17.48,18.08,0.95,0.2,0.34,1
Grains,-1.3898229039369716,-1.5706929672186534,-0.5527452814424693,1.2287814697974286,0.7049560898334506,Compost,2.2,0.17,8.46,-10.51,1.02,0.29,0.34,1
Meat,1.7213739068665608,0.18262604506962365,0.15620863169673135,-1.458353859643718,-0.737909272957845,Biogas,18.02,6.28,52.16,60.66,2.93,1.12,0.29,2
Meat,1.6952056227111323,-0.239570548032856,0.670828229078779,-1.5846721870960796,-0.23700670461555118,Compost,18.33,5.09,68.01,80.56,3.48,0.85,0.44,2
Grains,-1.714451077648911,-1.3533966205096053,1.5018952670204992,0.762552006655076,0.7160380050622617,Compost,0.42,0.05,71.4,68.27,1.02,0.32,0.38,1
Grains,0.2177584443140921,-1.467513661650431,1.6351730203763926,-0.9117400063044078,0.8534537538995288,Animal Feed,11.12,1.02,89.8,102.02,0.91,0.28,0.42,1
Grains,-1.640896981644463,-1.3563133499956328,-0.3769023817268408,-0.5775706127713421,0.6273826832317662,Compost,0.82,0.09,29.22,26.99,0.81,0.22,0.35,1
Grains,1.2489302902226054,-1.61699604780934,-0.09918224646168149,-1.4801724798400349,0.8778339674029146,Animal Feed,16.85,1.19,45.04,52.26,0.99,0.3,0.39,1
Grains,-0.6436731800456947,-1.0336501506038411,-1.2016893161072888,-0.35134597178847626,0.9022141809063005,Compost,6.36,0.97,3.61,-5.32,0.96,0.29,0.44,1
Vegetables,0.5140965811012436,0.5964370408997741,0.8065482449307225,0.7131730241055162,1.2080750412215047,Biogas,12.97,4.86,51.9,45.21,1.59,0.56,0.88,4
Vegetables,1.7404696817907928,1.275670419958427,-0.9686276950556225,-1.6191226400376328,-0.6381720358985383,Animal Feed,18.21,9.3,21.34,24.79,1.12,0.54,1.27,4
Vegetables,-1.587145911487366,0.558519557581417,0.34600731710407634,-1.198827114150684,0.5054816157148372,Animal Feed,1.11,0.42,55.35,62.68,1.64,0.48,1.53,4
Vegetables,0.7510256403463411,0.7623260304175883,-1.345433908731969,1.1518421248946265,-0.13062031841896032,Biogas,13.44,5.69,-13.6,-36.44,1.58,0.37,1.17,4
Vegetables,-0.08494495078113685,0.667896913307448,0.5815112006517931,0.09880661331448502,1.1703965294435443,Biogas,9.58,3.69,50.79,48.17,1.77,0.55,1.52,4
Vegetables,0.7382951237301867,0.8789952098586876,0.4555602347840512,-1.53299650768375,0.5010488496233133,Animal Feed,13.78,5.88,61.4,72.26,1.29,0.73,1.05,4
Grains,0.09328228184502592,-1.5331400750860493,1.4771237474177026,0.6833159648895036,1.1127705702537218,Compost,10.56,0.86,71.38,68.8,0.92,0.28,0.49,1
Mixed,-0.08140869616553834,0.07908214831564778,0.27483281007632193,-0.14808829943331267,-1.0038752384493286,Biogas,8.65,2.92,44.16,41.93,1.53,0.55,0.9,3
Mixed,1.2270055116058947,0.4790386790871676,-0.8782639827017579,-0.1848354492376361,-1.5934331286221146,Biogas,14.83,6.09,11.43,2.9,1.0,0.44,1.21,3
Vegetables,0.014777429378739963,1.0864475945523935,-0.29177208900736995,-1.5077328421932774,-0.8221318286968136,Animal Feed,9.22,4.49,39.75,46.11,2.04,0.56,1.36,4
Grains,0.051554477380964005,-1.5149105157983775,-0.1487252856672753,-0.09067087786405742,0.46337033784535286,Compost,10.02,0.87,31.52,26.36,1.08,0.28,0.37,1
Grains,-0.4633241946501728,-1.086880463723843,0.28669522791428087,1.321797692739622,0.7537165168402221,Compost,7.32,1.07,31.7,16.74,0.94,0.3,0.48,1
Meat,1.2864145891479493,-0.2450394158191575,-0.18326585525427383,0.9416943619511524,-1.3075197157187692,Compost,15.34,4.48,21.54,7.19,3.78,1.22,0.37,2
Vegetables,-0.9513273316027616,0.6948766610532021,-0.457497044096504,1.3826601596030328,-0.5007562870612743,Biogas,4.36,1.83,9.84,-9.92,1.38,0.44,1.14,4
Grains,1.7001563791729701,-1.3639697648964546,0.6938552754701113,1.6628571768609988,1.270133766502851,Compost,19.7,2.05,40.39,24.79,0.99,0.27,0.35,1
Fruits,0.19936992031297998,-0.5243162641062902,1.1728876193382818,-1.218349037484231,-1.6665737691322722,Donation,9.74,2.47,79.22,91.45,1.12,0.34,0.67,0
Vegetables,-0.8148279034406608,0.6996163464679972,-0.11662697857632717,-1.1012174974829503,-0.10402372186981103,Animal Feed,5.17,2.14,41.23,45.05,1.21,0.4,1.16,4
Vegetables,-0.7313722945125368,0.5435713189655262,-1.1758711125776131,-0.3674228498278678,0.6938741746046362,Biogas,5.82,2.19,4.49,-4.14,1.41,0.63,1.02,4
Grains,-1.5772443985636904,-1.280478383358918,0.08922086037649185,-0.707333985517859,1.0263316314689899,Animal Feed,1.19,0.14,43.72,45.3,1.16,0.3,0.46,1
Fruits,1.1562804192939253,-0.0204512453950406,0.5044054847050589,-0.8198721317935993,-1.8062059010152995,Animal Feed,14.32,4.8,56.6,61.53,1.15,0.51,1.18,0
Mixed,1.6987418773267304,0.1990326484285284,1.5493449383723354,-0.8933664314022461,-0.8819741709323995,Animal Feed,17.78,6.28,87.18,98.74,1.0,0.33,1.37,3
Vegetables,1.5021261206994556,0.6241459710170355,1.4425831778307039,-0.9748991700305885,0.7559328998859824,Animal Feed,18.15,7.01,84.83,96.49,1.89,0.41,1.08,4
Fruits,0.05721248476592169,0.1815322715123633,-0.2596737819164218,-0.0860774841385171,-1.6288952573543116,Biogas,9.06,3.3,28.3,22.47,1.42,0.37,0.65,0
Meat,-0.49939399172927734,0.07106114222907195,-0.7659199078834397,-0.8566192815979227,-0.00428648481050433,Biogas,6.87,2.2,20.5,18.47,2.29,1.16,0.63,2
Vegetables,0.5027805663313287,0.6970642081677229,1.6219150239692615,-0.10559940747206388,0.3281709720538492,Biogas,12.39,5.01,82.4,87.52,1.71,0.47,1.32,4
Vegetables,-1.5284440848684318,0.7386276033436147,-0.2289710533946456,-0.803795253754208,-0.33009479253757057,Animal Feed,1.37,0.58,35.43,36.02,1.6,0.57,1.24,4
Grains,0.42215396109568365,-1.4711595735079652,0.4161351402049519,-0.6453231702230633,1.2413207869079412,Animal Feed,12.47,1.12,52.54,55.45,1.09,0.35,0.42,1
Meat,-0.9216227928317345,0.244606546647708,1.1257868426287383,-0.018324926686795685,-1.1213435398747336,Biogas,4.37,1.59,67.43,68.94,2.86,0.78,0.43,2
Vegetables,0.030336949687373143,1.1174378453414355,1.3675708297377276,0.17919100351144232,-0.8642431065662979,Biogas,9.29,4.58,72.63,73.81,1.43,0.38,1.75,4
Vegetables,-0.37208882556773243,0.9960289804855411,-1.128421441225777,1.4561544592116797,-0.8021843812849547,Biogas,7.25,3.43,-10.03,-34.28,1.41,0.69,1.08,4
Meat,0.7892171901948045,-0.2592584720635415,-0.6256642616816884,1.1989244105814159,-0.8531611913374867,Compost,13.16,3.73,6.62,-12.51,2.47,0.62,0.62,2
Vegetables,0.44761499432799257,0.7893057781633424,1.6522688578487452,-0.8784379017942398,0.5719731070877072,Animal Feed,12.23,5.05,90.0,102.02,1.38,0.43,1.26,4
Vegetables,0.32667508647452487,0.8126396140515624,0.5071966418434026,-1.3010301245439584,0.7847458794808952,Animal Feed,11.69,4.82,60.85,69.99,1.51,0.62,1.83,4
Grains,-0.02624312416220215,-1.1597987008745303,0.6554768648178909,1.4550061107802943,0.35698395164875885,Compost,9.55,1.32,41.11,27.1,1.02,0.29,0.44,1
Vegetables,-1.4053824242456048,1.1611887876318479,1.4436298617575827,-1.1287778598361926,0.8778339674029146,Animal Feed,2.13,0.98,86.2,99.2,1.52,0.62,1.57,4
Grains,-1.5468326088695437,-1.6549135311276975,-1.6193162029319064,-0.8256138739505249,0.6894414085131124,Animal Feed,1.34,0.09,-4.24,-11.43,1.06,0.34,0.35,1
Vegetables,-0.26387943433041944,0.5574257840241567,1.1899834568106344,1.035858933324731,0.17967330798777092,Biogas,8.19,3.17,60.08,52.78,1.43,0.52,1.25,4
Vegetables,0.7375878728070671,1.1174378453414355,-1.007355000350136,-0.07459399982466587,-0.4475630939629757,Biogas,13.16,6.35,6.77,-3.45,1.47,0.61,1.31,4
Grains,1.658428574708908,-1.1565173802027495,-0.4236542637940914,-0.038995198451727754,1.0484954619266154,Compost,19.27,2.58,23.19,16.01,1.19,0.27,0.35,1
Vegetables,0.3358693484750808,0.7561279802597798,1.2342930763818343,-1.710990514548441,0.3414692703284239,Donation,11.5,4.75,85.27,102.14,1.5,0.66,1.34,4
Vegetables,0.18239589815810744,1.2877019290882905,-0.027658844791634284,-0.21698920531641896,0.6030024697283803,Biogas,10.8,5.22,36.09,32.72,1.7,0.39,1.17,4
Meat,-0.2872187147933692,-0.008784327450930614,0.7353737379029679,-1.598452368272701,-1.8128550501525869,Compost,7.3,2.46,69.99,83.03,2.96,0.88,0.57,2
Grains,1.2680260651468374,-1.4259502664745392,-1.3642742194157866,-1.3010301245439584,0.7825294964351318,Animal Feed,16.88,1.65,7.22,5.63,0.8,0.18,0.39,1
Vegetables,1.0275607512861415,0.6806576048088181,-1.6119894154437553,-0.7337459994397164,1.1969931259926936,Animal Feed,15.85,6.13,-4.82,-12.77,1.62,0.6,1.33,4
Vegetables,0.25524274323943597,0.5359149040647038,0.8871429073003856,-1.5284031139582093,0.1575094775301486,Animal Feed,10.96,4.22,73.73,87.03,1.52,0.42,1.3,4
Vegetables,-0.7483463166674095,1.155355328659793,-1.1975025803997739,0.18493274566836793,0.9797875875079817,Biogas,5.8,2.65,-0.95,-14.52,1.46,0.49,1.28,4
Fruits,-1.4782292693269334,-0.5265038112208106,1.0999686390990628,0.8486781390089589,-2.0300605886372987,Compost,1.5,0.39,59.12,52.94,1.49,0.29,0.9,0
Grains,-1.3169760588556432,-1.0372960624613754,-0.287236458657562,-1.4055298318000031,0.7470673677029348,Animal Feed,2.61,0.4,39.0,44.5,1.01,0.3,0.39,1
Mixed,1.204373482066065,-0.15534998412381204,0.3927591991713266,-0.8577676300293078,-0.11510563709862218,Animal Feed,15.85,4.57,53.71,58.34,1.53,0.32,0.95,3
Meat,-1.1861346380784998,0.3102329600833265,0.6683859665827284,-0.03784685002034267,-1.2897886513526708,Biogas,3.01,1.14,54.48,53.55,2.39,1.14,0.38,2
Vegetables,-1.2137174240801678,0.7408151504581354,0.5692998881715413,-1.1184427239537267,0.5032652326690736,Animal Feed,3.14,1.28,61.05,68.96,1.86,0.43,1.3,4
Vegetables,0.12157231876981382,0.6934182963101887,-1.3171734427062434,0.4754648988087997,0.5631075749046596,Biogas,10.45,4.18,-6.9,-23.69,1.65,0.51,1.11,4
Grains,0.5819926697207343,-1.3625114001534413,1.5350402580383262,1.1242817625413841,1.0307643975605167,Compost,13.25,1.4,69.2,63.11,0.89,0.28,0.39,1
Meat,-1.3565821105503462,0.436746101539769,-1.557561851246061,-1.3527058039562883,-0.6625522494019241,Biogas,2.23,0.86,2.12,-0.13,3.01,0.72,0.46,2
Grains,-0.7313722945125368,-1.657101078242218,-1.0213107860418524,1.2884955882294542,0.5808386392707581,Compost,5.79,0.38,-5.5,-27.67,1.16,0.32,0.48,1
Grains,-1.1189458003821289,-1.444909008133718,1.5168977366390948,-0.5373784176728634,0.4190426769301051,Compost,3.64,0.35,83.15,91.42,0.99,0.18,0.47,1
Vegetables,0.8394320057363028,0.9132667813195111,-0.12151150356842799,0.0011969966467511,0.04669032524203076,Biogas,14.02,6.19,31.5,25.69,1.25,0.38,1.27,4
Grains,-0.8098771469788228,-1.4131895749731689,-0.34968859962799353,-0.4604390727700614,0.6983069406961632,Compost,5.39,0.54,28.98,25.89,1.01,0.3,0.42,1
Meat,0.3882059167859383,0.24788786731948906,-1.4490556174929647,-0.5672354768888762,-1.737498026596669,Biogas,10.62,4.0,-1.59,-10.05,3.22,1.16,0.52,2
Grains,0.6576685184945416,-1.6924664232603013,-1.2027360000341676,-1.1356679504245033,1.1703965294435443,Animal Feed,13.76,0.82,10.41,8.3,1.04,0.32,0.36,1
Vegetables,1.3755282054610305,0.5450296837085397,1.7349568880721657,-0.5396751145356337,0.4899669343945022,Biogas,17.24,6.55,89.42,98.97,1.51,0.38,1.3,4
Mixed,1.5671932056264675,0.8928496749173186,1.1509072568738279,0.8303045641067973,-0.11732202014438567,Biogas,17.76,7.85,60.75,55.03,1.04,0.37,0.41,3
Vegetables,-1.6607000074918141,0.646021442162242,0.5951180917012168,-1.15289317689528,0.352551185557235,Animal Feed,0.7,0.28,62.09,70.44,1.69,0.52,1.08,4
Grains,0.38396241124721997,-1.4091790719298811,-0.26700056940457306,0.566184424888223,1.2612682343198,Compost,12.27,1.2,22.42,10.86,0.98,0.25,0.39,1
Grains,-1.640189730721343,-1.4255856752887857,0.5225480061042908,0.5156570939072782,0.5741894901334708,Compost,0.82,0.08,45.47,38.88,1.09,0.35,0.5,1
Vegetables,-0.8650427189821589,0.7674303070181364,-0.14104960353683124,-1.2987334276811882,-0.367773304315531,Animal Feed,4.83,2.07,42.25,47.66,1.68,0.66,1.27,4
Vegetables,0.15127685754084083,0.738263012157861,-1.3932324747260985,0.5673327733196079,0.9820039705537452,Biogas,10.82,4.31,-9.88,-27.9,1.45,0.59,1.2,4
Fruits,-0.7044967594339885,-0.44118947375450657,-1.609547152947705,-0.20091232727702762,-1.2986541835357215,Compost,5.42,1.42,-9.39,-21.97,1.23,0.44,1.07,0
Vegetables,-0.6245774051214631,1.178689164548013,-0.9958414771544698,-1.2068655531703798,0.5498092766300849,Animal Feed,6.36,2.98,16.96,16.66,1.73,0.62,1.12,4
Grains,-0.38977009864572476,-1.0431295214334304,1.3033742155558314,-0.7291526057141761,0.7093888559249744,Animal Feed,7.71,1.17,78.7,87.42,1.05,0.26,0.38,1
Vegetables,-0.5962873681966754,0.6124790530729258,1.4485143867496835,-0.5660871284574911,0.05998862351660226,Biogas,6.37,2.53,81.44,89.57,1.45,0.31,0.9,4
Vegetables,-1.1012645273041366,1.087541368109654,0.06863607648120983,0.555849289005757,0.4057443786555305,Biogas,3.74,1.72,32.12,22.58,1.52,0.52,1.15,4
Vegetables,0.36557388724610806,1.2184296037951372,-1.3852078979533613,-1.034613288462614,0.7093888559249744,Animal Feed,11.86,5.59,4.29,0.26,1.46,0.61,1.33,4
Vegetables,-1.2172536786957666,1.2621805460855497,-0.05243036439443119,-0.2893351564936807,-0.41210096523077877,Biogas,2.99,1.5,36.02,33.14,1.75,0.61,1.35,4
Mixed,-1.6861610407241234,-0.5760882124832782,1.7328635202184082,0.9336559229314566,-1.154589285561167,Compost,0.52,0.12,76.53,73.23,1.81,0.31,0.46,3
Fruits,-0.44210666695658224,-0.27092539000765153,0.055726974716372106,1.6731923127434647,-0.057479677908802915,Compost,7.15,1.94,22.03,2.68,1.27,0.54,0.5,0
Vegetables,0.4207394592494443,1.0623845762926662,1.2318508138857842,0.7258048568507527,-0.4298320295968773,Biogas,11.52,5.46,63.98,59.62,1.47,0.33,1.36,4
Fruits,-1.0277104312996885,-0.6070784632723202,-1.2247163624986213,0.2159381533157657,0.2727613959097903,Compost,4.11,0.9,-1.99,-15.99,0.85,0.36,0.81,0
Meat,0.13501008630908784,0.5242479861205941,1.3075609512633466,1.4756763825452262,-1.6665737691322722,Biogas,9.42,3.95,59.62,49.17,2.55,0.75,0.5,2
Vegetables,-0.6599399512774478,0.6843035166663528,0.6108183506043979,1.3539514488184052,1.001951417965604,Biogas,6.3,2.46,40.71,27.32,1.65,0.54,1.19,4
Vegetables,-0.6344789180451388,1.2618159548997963,-1.2386721481903378,-0.3754612888475636,-0.7977516151934277,Biogas,5.91,3.03,2.76,-6.17,1.29,0.22,0.93,4
Meat,-0.44776467434153966,-0.017169924723259546,0.6345431862803158,0.8865736372446673,-0.2791179824850386,Compost,7.05,2.19,45.46,36.29,3.4,1.24,0.56,2
Vegetables,1.443424294080521,0.8374318146827963,-1.1060921841190305,-0.8531742363037673,-0.5473003310222824,Animal Feed,16.75,7.42,10.72,6.72,1.56,0.44,1.43,4
Vegetables,-1.4053824242456048,0.9701430062970468,0.5344104239422499,-0.5293399786531677,1.0152497162401786,Biogas,2.15,0.92,54.92,57.49,1.92,0.41,1.1,4
Grains,-0.9654723500651554,-1.0445878861764444,0.34775179031554077,-0.2606264457090531,0.28827607723012527,Compost,4.45,0.69,47.23,46.4,1.11,0.21,0.4,1
Vegetables,-0.8530194532891242,0.5960724497140211,-1.1713354822278055,1.3401712676417838,0.8312899234419033,Biogas,5.19,1.98,-10.24,-33.72,1.64,0.43,1.04,4
Grains,-1.0807542505336656,-1.2443838559693277,-0.7247503400928759,-1.4606505565064882,1.1172033363452487,Animal Feed,3.98,0.48,26.94,30.41,1.0,0.33,0.3,1
Vegetables,0.8846960648159633,0.8480049590696457,-1.5265102280819915,1.0450457207758117,-0.00650286785626782,Biogas,14.23,6.16,-17.87,-40.82,1.37,0.28,1.39,4
Vegetables,0.4759050312527802,0.8399839529830702,0.6143072970273269,-1.0816955741494032,0.8091260929842811,Animal Feed,12.53,5.21,62.02,69.87,1.19,0.45,1.31,4
Vegetables,1.5042478734688147,0.5796658463551163,0.1422528460050146,-0.3191922157096934,-0.39880266695620414,Biogas,17.2,6.9,41.84,40.33,1.48,0.39,1.16,4
Vegetables,0.2637297543168721,0.9391527555080048,0.3543807885191063,-0.2893351564936807,-0.10845648796133486,Biogas,10.87,4.88,47.67,47.13,1.57,0.58,1.32,4
Grains,-1.398309915014408,-1.2050080079079564,-1.5467461173349806,0.8314529125381821,0.8024769438469938,Compost,2.16,0.28,-16.58,-37.79,1.01,0.32,0.4,1
Grains,-0.4385704123409837,-1.0515151187057596,1.1048531640911636,1.2953856788177647,1.2457535529994652,Compost,7.62,1.12,55.38,45.34,0.88,0.23,0.42,1
Meat,-0.7023750066646294,-0.12545350689203022,0.41229729913972984,-0.4696258602211423,-0.6293065037154907,Compost,5.61,1.69,50.91,52.27,4.03,0.96,0.37,2
Grains,0.9448123932811373,-1.6213711420383812,1.422696183220008,-0.8198721317935993,1.2235897225418397,Animal Feed,15.41,1.06,82.92,93.12,0.92,0.33,0.46,1
Grains,-1.4223564464004776,-1.4252210841030324,-1.0886474520043847,0.8773868497935866,0.7647984320690333,Compost,2.03,0.2,-3.85,-22.83,0.94,0.31,0.4,1
Grains,-0.5899221098885982,-1.7241858564208503,1.27685822274157,-1.5697436574880732,0.4057443786555305,Donation,6.51,0.37,85.26,101.16,0.95,0.35,0.37,1
Mixed,-0.10404072570536856,0.9180064667343056,-0.3134035568295305,1.612329845880054,-0.9728458758086553,Biogas,8.55,3.98,11.97,-8.97,1.34,0.37,0.9,3
Vegetables,-0.3027782351020024,1.012800175030199,-0.1372117624716092,-0.8658060690490036,1.2634846173655636,Animal Feed,8.39,3.62,38.6,40.25,1.31,0.42,0.88,4
Fruits,-1.400431667783767,0.4925285529600449,-1.323104651625223,-1.5961556714099305,-0.9905769401747538,Animal Feed,1.97,0.79,10.97,12.18,1.19,0.24,0.76,0
Meat,-0.5743625895799648,0.5494047779375811,-0.1536098106593761,1.383808508034418,-0.6448211850358256,Biogas,6.27,2.52,18.54,0.51,3.63,1.37,0.32,2
Grains,-1.3587038633197053,-1.3224063697205628,1.6707602738902696,1.6100331490172837,0.8933486487232496,Compost,2.39,0.27,68.86,59.32,0.8,0.26,0.45,1
Vegetables,0.002754163685705301,0.6664385485644341,-0.7756889578676412,-0.9427454139518057,-0.0885090405494729,Animal Feed,9.5,3.88,20.97,19.64,1.5,0.33,0.95,4
Meat,-0.698838752049031,0.3445045315441495,1.4436298617575827,-1.243612702974703,-1.1944841803848911,Donation,5.47,2.09,87.2,101.21,2.76,1.09,0.55,2
Vegetables,1.519807393777448,0.536644086436211,0.23331434764346506,-1.4870625704283456,-0.3500422399494325,Animal Feed,17.32,6.83,54.64,63.83,1.32,0.54,1.17,4
Meat,0.14278984646340442,0.22236648431674838,0.6711771237210716,0.566184424888223,0.1907552232165821,Biogas,10.38,3.52,49.31,43.13,3.21,0.81,0.33,2
Fruits,1.3260206408426523,0.2577318293348317,-0.7805734828597422,0.16426247390343607,-1.8217205823356377,Biogas,15.13,5.75,11.19,0.19,1.11,0.18,0.89,0
Grains,0.3273823373976447,-1.061723671906856,1.1819588800378973,1.2483033931309753,0.5342945953097468,Compost,11.56,1.74,58.0,48.81,1.15,0.24,0.34,1
Vegetables,-1.365776372550902,0.6168541473019666,-0.07441072685888483,-0.6349880343405974,-0.5118382022900855,Animal Feed,2.2,0.9,38.39,38.4,1.33,0.42,1.05,4
Grains,-0.5269767777309454,-1.163809203917818,-0.5454184939543183,0.48580003469126565,1.2568354682282763,Compost,7.13,0.94,15.12,2.66,0.94,0.29,0.38,1
Grains,-0.8777732355983134,-1.198080775378641,-1.0603869859786588,0.6017832262611611,0.35033480251147153,Compost,4.94,0.65,-0.64,-17.06,0.98,0.34,0.34,1
Mixed,1.1619384266788833,-0.40144903450738184,-0.7477773864842082,1.2035178043069565,-1.0437701332730493,Compost,14.92,3.94,3.08,-16.78,1.24,0.4,0.58,3
Vegetables,1.1110163602142655,1.3361925567934976,0.1143412746215816,0.9738481180299354,0.9598401400961197,Biogas,16.15,7.78,29.8,16.88,1.23,0.63,1.01,4
Vegetables,0.49217180248453346,1.1349382222576005,-1.1340037555024636,1.0645676441093588,0.7825294964351318,Biogas,12.6,5.77,-6.78,-27.64,1.44,0.29,0.98,4
Mixed,-1.4343797120935122,-0.409834631779711,-1.4989475513408514,0.45709132390663804,-2.2095876153440503,Compost,1.69,0.47,-11.96,-29.63,0.87,0.55,0.81,3
Vegetables,1.647112559938993,1.249055263398426,-0.9365293879646744,0.9187273933234503,1.2014258920842174,Biogas,19.34,8.99,0.15,-18.31,1.49,0.4,1.27,4
Grains,0.2616080015475132,-1.156152789016996,1.590863400805192,0.3342180417484317,0.758149282931746,Compost,11.31,1.54,77.67,78.78,0.89,0.34,0.33,1
Grains,1.519807393777448,-1.3818347329983733,-1.153192960828574,-0.9691574278736631,1.3078122782808115,Animal Feed,18.72,1.9,10.38,7.12,1.01,0.24,0.39,1
Vegetables,-0.6104323866590693,0.5526860986093621,-1.6922351831711255,-1.3745244241526051,0.8889158826317258,Animal Feed,6.55,2.45,-1.54,-4.37,1.21,0.46,0.92,4
Fruits,1.1817414525262349,0.7156583586411484,-0.6284554188200316,-1.3883046053292265,-1.4803975932882334,Animal Feed,14.69,6.54,29.08,32.47,1.55,0.44,0.74,0
Meat,-0.7639058369760428,0.13887510277921142,-1.201340421464996,1.2678253164645223,0.04669032524203076,Biogas,5.47,1.8,-10.48,-33.51,3.28,1.35,0.54,2
Meat,1.367748445306714,0.011632778951261925,1.3550106226151828,1.0576775535210479,-1.4006078036407885,Compost,15.67,5.23,64.63,58.09,2.97,0.99,0.56,2
Grains,1.7249101614821596,-1.707414661876192,-1.3032176570145269,-1.6214193369004029,1.1659637633520203,Animal Feed,19.75,1.13,11.76,13.31,0.93,0.23,0.29,1
Vegetables,-1.1132877929971714,0.8702450214006053,-0.5963571117290835,-1.197678765719299,-0.5783296936629555,Animal Feed,3.5,1.57,28.33,30.25,1.72,0.57,1.29,4
Vegetables,1.1930574672961496,1.064207532221434,-0.2289710533946456,-0.6556583061055292,0.10653266747761352,Animal Feed,15.95,7.37,34.14,33.44,1.7,0.51,1.55,4
Grains,1.6294312868610008,-1.1007349287824735,-1.0506179359944572,0.9566228915591586,0.23729926717759334,Compost,18.4,2.71,-3.44,-22.89,0.79,0.29,0.52,1
Grains,1.718544903174082,-1.7394986862224946,0.28285738684905887,1.612329845880054,0.4146099108385813,Compost,19.04,1.04,29.06,11.54,1.02,0.36,0.45,1
Grains,-0.27448819817721476,-1.0938076962531582,-0.7090500811896948,-0.37316459198479346,0.8002605608012302,Compost,8.38,1.21,17.92,12.01,1.13,0.26,0.32,1
Vegetables,1.547390179779116,0.5968016320855277,0.8222485038339037,-0.4443621947306699,-0.47415969051212503,Biogas,17.35,7.04,62.43,65.92,1.69,0.63,1.37,4
Fruits,0.16612912692635445,0.0557483124274278,-1.0450356217177705,1.4883082152904623,0.11318181661490084,Compost,10.46,3.3,-7.92,-31.97,1.37,0.36,0.99,0
Grains,0.423568462941923,-1.4500132847342657,0.9782044089388361,-0.7544162712046483,1.2634846173655636,Animal Feed,12.49,1.15,69.6,76.69,1.01,0.3,0.25,1
Vegetables,0.9674444228209675,0.5468526396373068,1.0601946498776706,-0.07229730296189571,0.919945245272399,Biogas,15.32,5.71,66.01,67.62,1.64,0.72,1.34,4
Vegetables,-0.8664572208283983,1.1174378453414355,1.3295413137278,-1.5318481592523647,0.5121307648521245,Donation,5.04,2.32,86.44,102.31,1.37,0.56,1.08,4
Meat,1.236199773606451,0.6044580469863502,0.019441931917909116,0.3537399650819783,-1.4848303593797603,Biogas,14.95,6.4,32.48,24.42,3.18,0.98,0.51,2
Vegetables,1.4893956040833012,0.6759179193940236,-1.0893452412889706,1.559505818036339,0.5365109783555103,Biogas,17.9,7.12,-9.81,-34.73,1.32,0.33,1.19,4
Grains,0.374768149246664,-1.1867784486202846,1.1561406765082218,0.6098216652808568,0.2949252263674126,Compost,11.68,1.57,62.82,59.04,0.92,0.33,0.37,1
Vegetables,-0.47605471126632753,0.5654467901107322,-0.9232713915575438,1.6961592813711666,1.0994722719791503,Biogas,7.36,2.74,-6.24,-31.4,1.59,0.49,0.99,4
Grains,-1.2009869074640134,-1.2709990125293285,-0.9522296468678556,0.17115256449174654,1.3033795121892844,Compost,3.33,0.39,6.22,-5.83,0.91,0.41,0.37,1
Meat,1.3231916371501735,0.42398541003839896,-0.11174245358422662,0.2366084250806976,-1.7352816435509058,Biogas,15.19,6.15,29.73,21.93,2.86,1.09,0.64,2
Vegetables,-1.4845945276350105,0.9092562782762234,1.074848224853973,-1.2815082012104118,-0.5184873514273728,Donation,1.58,0.72,76.96,89.19,1.08,0.56,1.22,4
Grains,1.5070768771612935,-1.3639697648964546,0.9373837357905651,0.06780120566708722,0.41017714474705746,Compost,17.89,1.94,61.27,60.95,1.04,0.39,0.41,1
Vegetables,1.49222460777578,1.1349382222576005,1.2981407959214375,-0.3639778045337126,-0.3034981959884244,Biogas,17.21,8.29,75.37,80.88,1.39,0.61,1.36,4
Vegetables,-1.0729744903793488,1.2585346342280157,-0.6923031383596349,1.3550997972497905,1.0883903567503361,Biogas,4.02,1.88,3.36,-17.5,1.42,0.31,1.11,4
Vegetables,0.05367623015032317,1.0962915565677362,0.1589997888350746,-1.2780631559162563,-0.4409139448256884,Animal Feed,9.6,4.6,50.68,57.63,1.35,0.37,1.41,4
Grains,-1.2766627562378206,-1.693195605631808,1.3815266154294439,0.8578649264600396,0.8578865199910527,Compost,2.84,0.17,67.13,62.49,1.05,0.34,0.44,1
Grains,-0.45554443449585624,-1.6840808259879723,-0.12430266070677148,1.4722313372510711,0.7160380050622617,Compost,7.34,0.45,18.6,-0.03,1.01,0.34,0.43,1
Vegetables,0.7481966366538624,1.0510822495343102,-1.662230243933935,-1.3125136088578095,1.2767829156401382,Animal Feed,14.33,6.25,-1.22,-4.41,1.28,0.6,1.24,4
Vegetables,0.4271047175575215,0.8392547706115634,1.4858461134750254,0.3043609825324188,-0.45421224310026304,Biogas,11.54,5.09,74.93,75.71,1.79,0.7,1.02,4
Vegetables,0.6626192749563794,0.7196688616844361,1.7196055238112777,-1.1804535392485225,0.21735181976573137,Donation,13.19,5.41,94.56,109.61,1.51,0.58,1.13,4
Vegetables,-0.9591070917570782,0.967590867996773,1.4031580832516046,-1.6156775947434774,-0.5184873514273728,Donation,4.31,1.99,89.28,106.29,1.43,0.63,1.02,4
Meat,0.5409721161797921,0.2927325831671614,0.38299014918712526,0.97040307273578,-1.0947469433255843,Biogas,11.75,4.37,37.53,26.18,4.11,0.76,0.48,2
Grains,-0.6175048958902662,-1.6560073046849577,-0.231413315890696,-0.8646577206176185,1.0839575906588121,Animal Feed,6.57,0.42,35.89,36.99,0.85,0.32,0.39,1
Grains,0.18168864723498762,-1.1809449896482296,-1.6768838189102375,0.5363273656722101,0.7116052389707379,Compost,10.85,1.44,-17.74,-37.11,1.02,0.34,0.41,1
Vegetables,-0.751882571283008,0.6347191154038854,1.4474677028228047,1.079496173717365,0.919945245272399,Biogas,5.77,2.22,67.08,60.88,1.38,0.48,1.17,4
Fruits,-0.7257142871275792,-0.2187888504449101,-1.5627952708804544,1.6111814974486687,-0.8864069370239233,Compost,5.42,1.57,-23.83,-51.91,1.47,0.43,0.27,0
Vegetables,-1.0998500254578973,1.0481655200482822,0.4007837759440638,-0.9404487170890354,-0.5583822462510936,Animal Feed,3.58,1.7,54.68,60.07,1.5,0.32,0.98,4
Vegetables,1.3267278917657719,1.007695898429651,-1.2191340482219346,1.601994709997588,-0.7689386355985182,Biogas,15.97,7.57,-13.9,-39.94,0.98,0.5,1.21,4
Vegetables,1.6923766190186535,0.5238833949348404,-0.6441556777232128,0.5305856235152844,-0.5495167140680459,Biogas,18.04,7.15,11.91,-1.5,1.7,0.48,1.38,4
Vegetables,-0.945669324217804,0.5038308797184015,-1.031079836026054,-0.7050372886550887,-0.7755877847358055,Animal Feed,4.32,1.72,11.59,6.72,1.0,0.61,1.02,4
Mixed,0.4957080571001317,0.8450882295836183,0.40427272236699296,-0.270961581591519,0.5143471478978879,Biogas,12.46,5.26,48.94,48.52,1.71,0.64,0.93,3
Vegetables,1.0155374855931067,0.5468526396373068,0.3903169366752762,0.9244691354803759,0.7049560898334506,Biogas,15.43,5.81,38.13,27.22,1.57,0.27,1.31,4
Mixed,-0.8020973868245062,0.8899329454312911,0.258085867246262,0.838343003126493,0.7138216220164982,Biogas,5.44,2.31,35.09,24.18,1.25,0.41,0.79,3
Mixed,0.25736449600879485,0.6390942096329263,0.8714426483972044,-0.9312619296379546,-0.30793096207994824,Animal Feed,10.73,4.39,68.08,76.08,1.21,0.32,0.7,3
Vegetables,0.5119748283318845,1.1491572785019846,1.1453249425971415,0.12177358194218704,0.3857969312436685,Biogas,12.48,5.84,66.76,67.16,1.45,0.53,1.35,4
Vegetables,0.6265494778772751,1.1713973408329441,-1.6011736815326751,-0.30311533767030185,-0.2901998977138498,Biogas,12.68,6.17,-8.26,-19.9,1.24,0.5,1.07,4
Vegetables,-0.9400113168328466,0.7842015015627942,-1.0666670895399313,0.47316820194602915,-0.6559031002646368,Biogas,4.38,1.92,0.29,-15.05,1.51,0.48,1.15,4
Vegetables,-0.06867817954938388,1.1918144472351369,-1.5477928012618594,-1.5295514623895945,-0.5982771410748176,Animal Feed,8.9,4.43,3.95,3.3,1.55,0.56,1.23,4
Grains,1.60750650824429,-1.596943532592901,0.18970251735685084,1.6226649817625198,0.5697567240419469,Compost,18.57,1.38,26.3,8.16,0.97,0.26,0.39,1
Fruits,1.1294048842153772,-0.28951954048107675,0.05363360686261455,-1.360744242975984,-2.7725489089676905,Animal Feed,13.47,4.15,48.38,55.44,1.05,0.45,1.29,0
Grains,-1.1981579037715346,-1.4500132847342657,-0.2279243694677668,1.407923825093505,0.2727613959097903,Compost,3.19,0.31,16.21,-2.45,1.02,0.28,0.31,1
Grains,-1.396188162245049,-1.0744843634082262,0.8459733395098216,0.6752775258698078,0.41017714474705746,Compost,2.14,0.32,53.36,47.23,1.14,0.32,0.44,1
Grains,-0.768149342514761,-1.5499112696307078,0.8623713876975885,-1.3733760757212201,1.0152497162401786,Animal Feed,5.7,0.45,71.67,83.48,1.12,0.39,0.46,1
Vegetables,-0.804926390516985,0.9205586050345794,-0.8015071613973168,0.960067936853314,-0.7689386355985182,Biogas,5.05,2.33,3.66,-14.4,1.63,0.46,1.25,4
Vegetables,0.5685549021814602,1.272389099286646,-0.6699738812528884,-0.8772895533628545,0.46558672089111636,Animal Feed,12.83,6.21,23.42,22.12,1.68,0.57,1.28,4
Vegetables,0.30970106431965233,1.153896963916779,0.6495456558989113,0.9520294978336183,1.037413546697804,Biogas,11.73,5.34,45.32,35.66,1.22,0.31,0.98,4
Vegetables,-0.6889372391253552,0.9158189196197849,-1.573611004791535,0.7832222784200079,0.07993607092846423,Biogas,5.88,2.59,-16.94,-37.88,1.51,0.69,1.16,4
Grains,0.3599158798611504,-1.3913141038279624,0.21935856195174855,-1.6593148351361113,1.2789992986858987,Animal Feed,12.14,1.22,55.73,66.34,1.03,0.3,0.35,1
Grains,0.993612706976396,-1.4142833485304291,0.8662092287628105,0.6592006478304163,1.174829295535068,Compost,15.64,1.53,54.08,48.21,1.12,0.33,0.43,1
Grains,0.24392672846952085,-1.6191835949238604,-0.8779150880594649,0.6614973446931866,1.1216361024367727,Compost,11.4,0.79,4.08,-11.81,1.1,0.32,0.3,1
Mixed,1.0600942937496471,0.3517963552592183,1.5472515705185779,-0.2698132331601339,-0.8553775743832501,Biogas,14.54,5.47,81.69,87.81,0.76,0.39,0.59,3
Grains,1.4773723383902668,-1.3796471858838528,0.7451427878871695,-0.7165207729689398,0.48331778525721486,Animal Feed,17.79,1.88,62.59,68.0,0.83,0.23,0.33,1
Meat,1.3620904379217564,0.006893093536467155,-0.3259637639520754,1.4492643686233688,-1.7131178130932834,Compost,15.4,5.21,13.03,-6.55,2.31,1.27,0.72,2
Vegetables,-0.6542819438924903,1.2370237542685627,0.11887690497138957,-1.5754853996449987,-0.6027099071663413,Animal Feed,5.87,2.96,52.11,61.41,1.61,0.45,1.12,4
Grains,-0.15001203570814856,-1.2906869365600142,-0.35003749427028663,-1.1804535392485225,0.5187799139894118,Animal Feed,8.95,1.06,35.24,38.41,0.97,0.32,0.43,1
Vegetables,1.6181152720910854,1.1258234426137645,-1.3192668105600007,1.4653412466627602,1.1327180176655838,Biogas,19.12,8.59,-15.58,-41.0,1.53,0.4,1.46,4
Grains,-0.3452132904891841,-1.3362608347791938,-1.095974239492536,-1.622567685331788,0.3215218229165619,Animal Feed,7.81,0.88,17.71,20.46,1.1,0.23,0.52,1
Mixed,-1.62392295948959,-0.6606733675780753,1.3714086708029496,-0.0791873935502064,-1.8305861145186886,Compost,0.81,0.19,74.99,78.44,1.26,0.44,0.51,3
Meat,1.4314010283874863,-0.1269118716350442,-0.2792118818848251,-1.4330901941532457,-0.930734597939171,Compost,16.38,4.99,39.47,45.25,2.31,1.23,0.59,2
Vegetables,-0.4392776632641033,0.5045600620899082,-0.5398361796776315,1.0060018741087182,0.8290735403961399,Biogas,7.47,2.75,10.76,-6.19,1.71,0.62,0.95,4
Fruits,1.183155954372474,0.1308540966926356,0.48730964723270626,0.9577712399905439,-2.7858472072422615,Compost,13.71,5.2,40.62,29.98,0.86,0.21,0.82,0
Grains,0.3549651233993125,-1.578713973305229,-0.31096129433348013,0.155075686452355,0.26832862981826644,Compost,11.56,0.9,24.73,16.51,1.05,0.34,0.42,1
Vegetables,-0.15920629770870473,0.6201354679737477,-1.0411977806525485,-0.41565348394604223,0.7803131133893683,Biogas,9.0,3.47,8.76,1.32,2.1,0.45,1.22,4
Grains,-0.16415705417054263,-1.5918392559923527,0.39345698845591254,0.3548883135133636,1.1460163159401584,Compost,9.13,0.67,43.18,37.25,0.96,0.4,0.34,1
Grains,1.1315266369847365,-1.1652675686608318,1.3923423493405243,0.503025261162042,0.6672775780554902,Compost,16.04,2.17,70.52,69.02,0.92,0.31,0.4,1
Grains,-1.1726968705392258,-1.4270440400317994,0.13283269066310607,1.4033304313679646,0.6473301306436281,Compost,3.39,0.33,26.58,10.02,0.91,0.28,0.42,1
Fruits,1.2340780208370918,-0.04888935788380871,0.6621058630214562,0.2044546690019145,0.6340318323690535,Compost,16.58,4.86,52.19,49.11,1.32,0.44,0.7,0
Vegetables,0.6527177620327036,0.4863305028022364,0.7587496789365932,1.5296487588203265,-0.7999679982391913,Biogas,12.5,4.94,43.41,29.35,1.43,0.39,1.09,4
Grains,0.5494591272572283,-1.7529885600953719,1.616332709692575,-0.7750865429695803,0.7714475812063206,Animal Feed,12.91,0.67,88.07,98.99,1.05,0.35,0.43,1
Vegetables,-0.5460725526551771,0.48742427635949676,0.918194530464455,0.5673327733196079,1.0307643975605167,Biogas,6.95,2.52,56.37,51.6,1.41,0.52,1.32,4
Vegetables,0.4709542747909423,1.19217903842089,0.000950515876384649,-0.5316366755159379,0.8911322656774862,Biogas,12.54,5.81,39.65,39.18,1.49,0.42,1.49,4
Meat,-0.07787244154993982,-0.0652959612427132,0.12864595495559095,0.41689912880815916,-0.03974861354270129,Compost,9.09,2.73,35.06,27.07,2.71,0.96,0.48,2
Grains,-1.0121509109910551,-1.6614761724712592,-1.6528100885920263,0.013828829391987194,0.7492837507486951,Compost,4.29,0.28,-12.5,-27.2,0.82,0.33,0.36,1
Grains,-0.23346764463627237,-1.677153593458657,-0.4198164227288693,-1.198827114150684,1.0396299297435645,Animal Feed,8.69,0.54,33.4,36.34,1.12,0.26,0.48,1
Meat,0.35850137801491105,-0.22134098874518415,-1.0401510967256697,0.06780120566708722,-1.1745367329730292,Compost,10.79,3.17,4.58,-7.07,2.95,1.18,0.61,2
Grains,1.243272282837648,-1.2527694532416567,-0.08138861970474297,-1.720177301999522,0.6295990662775296,Animal Feed,16.63,2.05,47.64,57.06,0.86,0.32,0.41,1
Fruits,-1.1458213354606774,-0.45686689474190434,0.4705627044026465,0.5765195607706889,-1.8926448398000315,Compost,3.12,0.83,43.46,36.04,1.57,0.35,0.69,0
Fruits,-0.3374335303348675,-0.5228578993632764,0.08328965145751226,0.5478108499860612,-0.9130035335730726,Compost,7.39,1.8,32.62,23.23,1.16,0.35,1.07,0
Grains,-1.5418818524077056,-1.5736096967046809,1.5500427276569217,-1.6283094274887135,0.4190426769301051,Donation,1.35,0.11,93.6,111.57,0.93,0.3,0.41,1
Mixed,-0.4003788624925203,-0.3135825587408037,1.1557917818659287,-0.9576739435598121,-2.712706566732104,Animal Feed,6.43,1.95,76.46,86.32,1.16,0.38,1.11,3
Grains,-1.3099035496244464,-1.6921018320745478,0.9161011626106974,-0.7521195743418781,0.352551185557235,Animal Feed,2.6,0.16,67.8,74.5,1.05,0.35,0.38,1
Mixed,1.4504968033117183,0.24314818190469403,-0.47389509228427085,-1.2677280200337904,-0.5982771410748176,Animal Feed,16.75,5.95,32.45,35.68,0.87,0.27,0.96,3
Mixed,0.7892171901948045,-0.5877551304273879,-1.1702887983009267,0.18837779096252338,-0.9285182148934076,Compost,13.11,3.07,-0.19,-13.64,1.52,0.35,1.05,3
Vegetables,-1.1479430882300363,0.994206024556774,1.1414871015319195,0.15392733802097014,0.5121307648521245,Biogas,3.5,1.55,66.37,66.47,1.23,0.59,1.21,4
Grains,1.545268427009757,-1.3078227222904257,1.216150554982603,0.6454204666537949,0.9953022688283166,Compost,18.59,2.11,64.23,60.49,1.02,0.28,0.37,1
Grains,-0.22427338263571645,-1.6140793183233126,-0.2771185140310675,1.1357652468552353,0.21513543671996788,Compost,8.42,0.62,17.16,0.58,0.97,0.25,0.38,1
Vegetables,-1.4011389187068868,1.2519719928844535,1.6281951275305342,0.6557556025362609,0.7470673677029348,Biogas,2.14,1.02,75.95,74.47,1.3,0.65,1.07,4
Vegetables,-0.5743625895799648,0.9435278497370463,-1.4242840978901679,0.5547009405743717,-0.5894116088917667,Biogas,6.29,2.89,-10.66,-28.76,1.81,0.73,1.28,4
Grains,1.5374886668554404,-1.1448504622586395,0.025373140836888707,-1.217200689052846,1.250186319090989,Animal Feed,18.77,2.52,46.32,51.97,0.99,0.32,0.31,1
Grains,-1.6331172214901464,-1.5860057970202979,-0.6459001509346773,1.703049371959477,0.4345573582504432,Compost,0.85,0.07,1.65,-21.98,0.99,0.23,0.46,1
Vegetables,-1.0171016674528932,0.9668616856252662,-0.9888635843086115,0.5765195607706889,0.738201835519884,Biogas,4.26,1.85,1.63,-14.15,1.09,0.64,1.53,4
Vegetables,-0.021292367700364273,0.6668031397501877,-1.706539863505135,-1.2861015949359522,-0.21041010806640503,Animal Feed,9.32,3.83,-2.72,-6.39,1.81,0.44,1.23,4
Vegetables,-1.033368438684646,1.1353028134433536,-1.7400337491652547,-1.567446960625303,0.08658522006575155,Animal Feed,4.04,1.91,-1.23,-2.65,1.93,0.45,1.27,4
Vegetables,1.2135677440666206,1.0244670929743092,-0.663344883049323,1.2873472397980688,0.08436883701998805,Biogas,16.05,7.33,4.77,-15.34,1.33,0.36,0.71,4
Grains,-0.04250989539395514,-1.4186584427594702,1.6948340042084806,-0.30541203453307203,1.2413207869079412,Compost,9.85,0.95,86.22,93.5,0.93,0.32,0.31,1
Vegetables,-0.29429122402456626,0.7225855911704635,-0.5332071814740663,1.1380619437180055,0.4256918260673924,Biogas,8.12,3.3,9.8,-8.27,1.4,0.47,1.1,4
Vegetables,-1.6104851919503163,1.141500863601162,-1.633969777908209,1.7076427656850175,1.0218988653774659,Biogas,1.0,0.46,-26.71,-56.05,1.13,0.49,0.85,4
Meat,-0.5453653017320573,-0.2818631255802548,-1.3674142711964228,1.4056271282307349,-0.596060758029054,Compost,6.43,1.78,-16.45,-41.63,3.18,0.96,0.42,2
Vegetables,0.8224579835814301,0.5071122003901826,0.4126461937820227,1.0071502225401034,-0.6204409715324398,Biogas,13.49,5.33,38.05,26.55,1.68,0.55,1.13,4
Grains,-1.3884084020907324,-1.3617822177819343,1.7255367327302569,-1.3745244241526051,1.183694827718119,Donation,2.26,0.24,96.42,113.18,0.87,0.31,0.45,1
Grains,0.9667371718978475,-1.6549135311276975,0.2668082333035848,-0.2571814004148976,1.281215681731662,Compost,15.57,1.0,44.88,43.55,0.87,0.23,0.37,1
Vegetables,1.0848480760588364,0.48669509398799,-0.4187697388019906,0.2297183344923871,0.9465418418215451,Biogas,15.99,5.82,20.99,11.49,1.31,0.5,0.84,4
Meat,1.7093506411735258,-0.0204512453950406,0.8864451180157995,1.1759574419537138,-0.7844533169188531,Compost,17.92,5.7,50.17,39.92,2.79,1.25,0.34,2
Mixed,0.24180497570016168,0.4363815103540159,0.8253885556145396,-1.6581664867047263,-1.3407654614052058,Animal Feed,10.11,4.03,73.09,87.16,1.16,0.24,1.03,3
Vegetables,0.7623416551162565,1.278222558258701,1.5071286866548932,1.4974950027415435,0.4966160835317863,Biogas,13.91,6.73,65.15,55.66,1.66,0.56,1.04,4
Grains,-0.9668868519113948,-1.106932978940282,-1.1050455001921518,-0.9370036717948802,0.9886531196910325,Animal Feed,4.59,0.65,11.47,8.2,0.97,0.32,0.31,1
Vegetables,-0.7851233646696335,1.1619179700033546,-0.08836651255060134,1.1656223060712478,0.20405352149115671,Biogas,5.4,2.56,22.31,6.55,1.31,0.39,1.08,4
Vegetables,-0.5213187703459877,1.2257214275102062,1.5741164579751326,1.0852379158742906,1.0130333331944184,Biogas,7.08,3.3,70.66,65.14,1.57,0.52,1.4,4
Grains,0.4624672637135062,-1.668767996186328,-0.06882841258219809,0.33192134488566155,0.8157752421215684,Compost,12.45,0.79,30.13,21.75,0.91,0.25,0.38,1
Vegetables,1.026146249439902,0.9045165928614283,0.42974203125437554,1.2345232119543543,0.509914381806361,Biogas,15.35,6.61,36.56,23.17,1.32,0.58,1.08,4
Vegetables,-0.4003788624925203,0.5329981745786764,0.8574868627054877,-1.6685016225871923,-0.4253992635053534,Animal Feed,7.24,2.86,74.1,88.45,1.67,0.48,0.82,4
Vegetables,0.3627448835536294,0.9613928178389645,1.5018952670204992,1.6192199364683644,0.4434228904334909,Biogas,11.7,5.15,63.94,53.35,1.63,0.44,0.98,4
Vegetables,0.5140965811012436,0.6496673540197762,0.44579118479984964,-1.6191226400376328,-0.08629265750371255,Animal Feed,12.21,4.95,61.88,73.44,1.5,0.65,1.27,4
Meat,1.6697445894788234,0.13194787024989593,-1.3618319569197364,-0.989827699638595,-1.6599246199949849,Biogas,16.94,6.05,4.59,0.31,3.51,0.85,0.48,2
Grains,0.2135149387753738,-1.3158437283770013,-1.294146396314911,-0.27210993002290407,0.8512373708537654,Compost,11.1,1.25,0.27,-9.88,1.14,0.3,0.39,1
Vegetables,1.3415801611512854,0.6482089892767622,-1.6123383100860484,0.9118373027351394,0.3126562907335111,Biogas,16.91,6.73,-19.16,-41.45,1.55,0.51,1.0,4
Mixed,-0.6556964457387296,-0.24029973040436298,-1.7292180152541745,0.07009790252985738,-1.3341163122679185,Compost,5.65,1.66,-15.18,-30.8,0.84,0.45,0.69,3
Vegetables,0.7001035738817233,0.5825825758411437,-1.0973698180617077,-1.2309808702294671,0.9066469469978242,Animal Feed,13.83,5.22,14.26,13.59,1.61,0.75,0.97,4
Grains,-0.8339236783648925,-1.4762638501085135,1.4527011224571986,1.3045724662688456,0.7359854524741236,Compost,5.27,0.48,65.27,57.14,1.07,0.27,0.39,1
Vegetables,-1.1182385494590092,0.8651407448000572,-0.24327573372865494,0.6419754213596399,0.2616794806809791,Biogas,3.62,1.56,22.42,10.34,1.64,0.37,0.98,4
Vegetables,0.7432458801920245,1.274212055215413,-1.249487882101418,0.7235081599879825,0.7891786455724191,Biogas,13.99,6.67,-7.12,-25.67,1.62,0.5,1.25,4
Fruits,1.5212218956236876,0.3404940285008617,0.44300002766150637,-0.848580842578227,-1.068150346776435,Animal Feed,16.72,6.32,55.08,59.92,1.59,0.46,0.83,0
Grains,1.3295568954582506,-1.3442818408657695,-0.32666155323666135,1.5055334417612392,0.7603656659775094,Compost,17.2,1.88,12.53,-7.55,1.09,0.36,0.4,1
Mixed,-0.16415705417054263,0.9256628816351276,-1.2425099892555598,1.24256165097405,-1.8815629245712204,Biogas,7.87,3.84,-11.44,-34.47,1.16,0.35,0.84,3
Fruits,0.12652307523165168,-0.10649476523285165,1.5148043687853372,-1.415864967682469,-1.3208180139933439,Donation,9.55,3.0,90.74,106.66,1.11,0.44,0.99,0
Fruits,0.5162183338706028,-0.28550903743778894,0.004090567657020743,0.8762385013622013,-0.10624010491557452,Compost,12.21,3.29,27.48,14.77,0.99,0.33,0.89,0
Vegetables,-0.11535674047528366,0.5399254071079915,-0.7882491649901862,0.8337496094009523,-0.2237084063409797,Biogas,8.81,3.46,5.13,-11.74,1.51,0.35,1.13,4
Grains,-1.3905301548600912,-1.0624528542783627,-1.1277236519411913,1.5778793929385007,1.0285480145147532,Compost,2.23,0.33,-11.07,-36.37,0.9,0.28,0.52,1
Vegetables,0.6803005480343717,0.8924850837315649,1.590863400805192,-0.21698920531641896,1.0972558889333868,Biogas,13.84,5.78,82.48,88.4,1.57,0.26,1.45,4
Vegetables,1.2743913234549142,1.1994708621359587,-1.1259791787297266,-1.5858205355274646,0.48110140221145137,Animal Feed,16.68,7.9,16.53,18.79,1.6,0.55,1.15,4
Meat,0.2340252155458451,-0.07477533207230275,-1.02340415389561,-0.28589011119952523,-0.5251365005646601,Compost,10.5,3.21,8.15,-0.33,3.29,1.09,0.62,2
Vegetables,-1.673430524107969,1.2486906722126725,-0.7795267989328634,1.5055334417612392,-0.6049262902121049,Biogas,0.6,0.31,-0.46,-23.14,1.51,0.43,1.44,4
Grains,0.6612047731101398,-1.2039142343506959,-0.8991976612393328,1.363138236269486,0.5808386392707581,Compost,13.41,1.75,-2.65,-24.78,0.83,0.32,0.42,1
Grains,-0.003611094622371932,-1.7325714536931796,-0.20454842843414153,-0.49718622257438483,1.2125078073130284,Compost,10.06,0.54,33.46,31.53,1.11,0.3,0.43,1
Vegetables,0.2715095144711887,0.5464880484515536,0.19807598877188085,0.8992054699899034,1.1327180176655838,Biogas,11.57,4.27,32.83,21.04,1.61,0.43,0.99,4
Meat,-0.9095995271386997,0.0017888169359190197,-0.8102295274546397,0.9922216929320972,-0.08629265750371255,Compost,4.67,1.45,3.13,-15.25,2.64,1.19,0.6,2
Vegetables,-0.32823926833431133,0.6919599315671747,1.603423607927737,-1.4652439502320287,-0.635955652852778,Donation,7.54,3.19,93.72,110.57,1.44,0.5,1.55,4
Vegetables,-0.0071473492379704505,0.585134714141418,1.1132266355061933,1.700752675096707,-0.6448211850358256,Biogas,9.19,3.74,52.09,38.56,1.43,0.72,0.94,4
Meat,-0.9520345825258812,0.38242201486250715,-1.7072376527897208,1.243709999405435,-0.8221318286968136,Biogas,4.28,1.63,-24.78,-50.49,3.36,0.98,0.6,2
Meat,-0.6832792317403976,-0.033211936896410936,-1.0987653966308792,1.4458193233292138,-1.894861222845795,Compost,5.35,1.79,-9.08,-33.06,3.58,1.03,0.46,2
Fruits,-0.5100027555760727,-0.04050376061147951,0.04874908187051374,-1.1161460270909564,-1.8150714331983504,Animal Feed,6.22,2.07,46.1,51.0,1.4,0.39,1.0,0
Grains,1.4710070800821893,-1.7435091892657824,-0.9616498022097643,-0.4133567870832721,0.48331778525721486,Compost,17.75,0.96,11.03,4.02,1.04,0.28,0.39,1
Mixed,1.2616608068387598,0.8881099895025235,-0.9490895950872194,-0.4363237557109741,-2.639565926221947,Compost,14.18,7.13,11.6,4.86,0.76,0.44,0.63,3
Grains,-0.09272471093545345,-1.0690154956219244,-0.17524127848153667,0.9749964664613203,0.6850086424215885,Compost,9.33,1.39,21.47,6.88,1.06,0.31,0.33,1
Mixed,1.1789124488337557,-0.025555521995588734,0.6935063808278181,-1.067915392972782,-2.2583480423508218,Animal Feed,14.09,4.83,64.17,72.35,1.14,0.47,0.66,3
Grains,-0.6373079217376175,-1.6381423365830392,1.2974430066368519,-0.9771958668933587,0.880050350448675,Animal Feed,6.39,0.43,80.69,91.53,1.26,0.37,0.42,1
Meat,-0.4463501724953003,0.27377384150798284,0.6840862254859096,0.9152823480292949,-0.12840393537319683,Biogas,7.11,2.5,46.64,37.49,3.31,0.7,0.65,2
Vegetables,0.7213211015753138,0.9821745154269106,-1.7145644402778721,-1.151744828463895,0.10874905052337386,Animal Feed,13.43,6.05,-4.12,-9.01,1.48,0.35,0.98,4
Vegetables,1.2206402532978178,1.2136899183803427,0.9024942715612737,-1.7305124378819878,0.9709220553249308,Animal Feed,16.77,7.79,75.92,91.06,1.39,0.56,1.38,4
Grains,-1.6826247861085248,-1.5531925903024886,-0.4836641422684725,-0.04588528904003824,0.6872250254673521,Compost,0.59,0.05,21.53,14.06,1.0,0.32,0.44,1
Fruits,-0.6811574789710386,0.3452337139156567,0.4328820830350119,0.7441784317529143,-2.0743882495525465,Compost,5.31,2.12,40.92,31.82,1.07,0.4,0.66,0
Vegetables,-1.5687573874862542,1.1579074669600669,0.871791543039497,-0.43058201355404874,0.6739267271927775,Biogas,1.22,0.56,63.73,67.38,1.27,0.55,1.39,4
Grains,1.0714103085195623,-1.6323088776109844,-1.6357142511196736,-1.6363478665084095,0.6717103441470139,Animal Feed,15.72,1.09,2.36,2.13,1.02,0.38,0.34,1
Mixed,1.5537554380871936,-0.3172284705983381,1.033678657063409,0.8452330937148035,-2.533179540025353,Compost,15.63,4.68,57.26,50.72,1.51,0.28,0.65,3
Vegetables,0.6972745701892445,0.9041520016756751,1.5277134705501751,0.6683874352814974,-0.6115754393493922,Biogas,12.85,5.84,72.96,70.79,1.43,0.52,1.14,4
Grains,1.1301121351384968,-1.600224853264682,1.0239096070792073,0.48465168625988037,1.2368880208164144,Compost,16.46,1.18,60.12,56.67,0.97,0.33,0.49,1
Fruits,1.1541586665245667,-0.33946853292929774,1.1833544586070692,-1.7052487723915157,-2.1652599544288025,Donation,14.04,4.07,83.77,100.31,1.15,0.39,1.01,0
Vegetables,-1.2123029222339288,1.2249922451386994,-1.2285542035638433,0.2423501672376232,0.13534564707252314,Biogas,3.09,1.5,-2.32,-16.57,1.35,0.52,1.2,4
Vegetables,-0.3749178292602111,1.2417634396833572,1.6383130721570283,1.5939562709778923,0.3990952295182431,Biogas,7.67,3.69,68.07,58.48,1.65,0.61,1.49,4
Meat,-0.030486629700920472,-0.15061029870901751,-1.2955419748840828,-0.9622673372853524,-1.914808670257657,Compost,8.5,2.69,6.24,2.1,3.07,0.86,0.38,2
Vegetables,0.09540403461438508,0.5450296837085397,1.3434970994195168,0.31814116370904016,0.742634601611411,Biogas,10.39,3.9,70.74,70.58,1.75,0.38,1.17,4
Vegetables,1.5396104196247995,1.1473343225732175,-0.748126281126501,0.27565227174779117,0.7271199202910729,Biogas,18.34,8.45,11.16,-0.62,1.43,0.53,1.28,4
Fruits,-1.0927775162267004,-0.39634475790683366,0.4391621865962843,-0.7842733304206612,-2.486635496064345,Animal Feed,3.27,0.93,54.41,58.67,1.31,0.44,0.89,0
Vegetables,-0.8508977005197651,1.0959269653819825,-0.09883335181938865,1.5124235323495496,-0.1971118097918304,Biogas,4.95,2.34,18.99,0.16,1.34,0.52,1.27,4
Vegetables,0.6187697177229585,0.7080019437403259,-0.5007599797408253,0.881980243519127,-0.20597734197487808,Biogas,12.69,5.29,12.96,-2.69,1.58,0.55,1.11,4
Vegetables,0.6095754557224023,1.240669666126097,-0.19652385166140462,-1.034613288462614,-0.5074054361985585,Animal Feed,12.46,6.26,38.36,41.15,1.45,0.61,1.33,4
Mixed,-1.650091243645019,0.24679409376222872,0.6230296630846497,-1.6707983194499625,-1.6333280234458387,Animal Feed,0.69,0.26,67.4,80.42,1.81,0.18,0.51,3
Vegetables,-0.06089841939506728,0.9238399257063604,-0.53006712969343,0.5087670033189676,-0.2946326638053736,Biogas,9.07,4.08,15.37,2.8,1.53,0.59,1.77,4
Mixed,-0.01846336400788556,0.6256043357600495,-0.934087125468624,-0.46732916335837194,-2.132014208742369,Compost,8.46,3.78,12.28,5.9,1.41,0.52,0.96,3
Vegetables,0.7969969503491211,1.1991062709502052,-1.4846428710068418,-0.7234108635572505,-0.00428648481050433,Animal Feed,13.76,6.66,-1.26,-8.56,1.56,0.64,0.95,4
Vegetables,0.07772276153639274,0.8640469712427968,0.5030099061358875,0.41689912880815916,-0.4409139448256884,Biogas,9.73,4.33,45.79,39.95,1.66,0.51,1.33,4
Meat,-0.7914886229777108,0.24351277309044767,-0.7275414972312191,-0.7716414976754249,-0.8620267235205376,Biogas,5.1,1.83,20.86,18.32,3.1,0.84,0.49,2
Meat,1.4710070800821893,-0.08899438831668653,-0.7174235526047247,-0.989827699638595,-1.8461007958390234,Compost,15.82,5.14,23.04,22.45,3.27,1.1,0.48,2
Mixed,-0.46190969280393346,0.585134714141418,-1.3722987961885236,-0.3685711982592529,0.09101798615727538,Biogas,7.1,2.79,-1.13,-10.88,1.13,0.56,0.61,3
Mixed,-1.135212571613882,-0.031024389781890233,-1.6918862885288326,0.18952613939390825,0.03339202696745612,Compost,3.49,1.06,-15.15,-31.6,1.55,0.55,0.88,3
Vegetables,-1.5432963542539453,0.8104520669370416,1.240573179943107,-1.31710700258335,0.5232126800809356,Donation,1.35,0.56,82.03,95.51,1.56,0.52,1.34,4
Vegetables,1.6428690544002749,1.2388467101973297,0.8184106627686811,-0.915185051598563,-0.38328798563586913,Animal Feed,17.93,8.95,66.42,73.98,1.2,0.63,1.43,4
Vegetables,-0.7151055232807839,1.141500863601162,0.017348564064151552,-0.8623610237548482,0.18188969103353442,Animal Feed,5.77,2.72,43.0,45.51,1.48,0.56,1.07,4
Vegetables,1.6492343127083522,0.870974203772112,-1.4975519727716797,-0.7750865429695803,0.6916577915588759,Animal Feed,18.91,7.99,-1.18,-8.11,1.04,0.46,1.29,4
Grains,-0.6224556523521039,-1.186413857434531,-0.7387061257845924,-0.5500102504180996,0.33038735509960954,Compost,6.31,0.85,18.6,14.06,1.04,0.32,0.46,1
Vegetables,-0.843825191288568,1.0835308650663662,0.8909807483656077,-0.7107790308120143,-0.0707779761833744,Animal Feed,5.02,2.35,66.72,72.92,1.53,0.7,1.2,4
Grains,-1.0298321840690476,-1.6589240341709852,-0.1431429713905888,-1.4560571627809478,0.6030024697283803,Animal Feed,4.16,0.27,43.57,50.34,0.88,0.37,0.37,1
Grains,-0.09343196185857325,-1.5160042893556378,-0.6654382509030805,0.014977177823372274,1.092823122841863,Compost,9.5,0.8,15.78,6.73,0.95,0.2,0.41,1
Meat,-7.484000677366448e-05,-0.23446627143230786,-0.08069083042015728,0.48465168625988037,-0.8376465100171517,Compost,9.14,2.62,28.46,18.68,2.63,1.0,0.49,2
Grains,-1.1924998963865772,-1.0781302752657604,0.21866077266716286,-0.6292462921836718,0.9243780113639227,Animal Feed,3.32,0.48,46.74,48.38,1.08,0.4,0.37,1
Fruits,-1.3806286419364158,0.8356088587540287,0.7461894718140483,-0.22502764433611475,0.23286650108606635,Biogas,2.2,0.94,58.33,59.47,0.99,0.31,0.98,0
Grains,-0.6358934198913782,-1.1481317829304203,-0.7540574900454806,0.0379441464510743,0.2483811824064045,Compost,6.21,0.87,13.05,3.3,1.09,0.33,0.34,1
Vegetables,-1.7024278119558764,0.4670071699573042,-1.3105444445026777,1.4561544592116797,0.7980441777554699,Biogas,0.48,0.18,-15.24,-40.53,1.61,0.66,1.13,4
Vegetables,-1.5737081439480922,0.4794032702729212,0.9523862054091602,1.3929952954854987,-0.6758505476764988,Biogas,1.12,0.44,50.16,38.39,1.8,0.49,1.4,4
Vegetables,-1.2497872211592722,0.5410191806652519,-0.8517479898874964,0.40656399292569323,-0.10845648796133486,Biogas,2.86,1.12,7.05,-6.47,1.33,0.19,1.03,4
Vegetables,-0.45059367803401834,0.5260709420493611,-0.926062548695887,-0.9243718390496439,0.407960761701294,Animal Feed,7.27,2.75,16.5,14.15,1.74,0.57,1.24,4
Mixed,1.019073740208705,0.619406285602241,-1.249836776743711,-0.5304883270845527,-0.2503050028901258,Biogas,14.77,5.97,3.79,-3.85,1.29,0.47,0.71,3
Vegetables,0.2220019498528102,0.852380053298687,1.009953821387491,-0.0860774841385171,0.11539819966066119,Biogas,10.76,4.64,64.69,66.14,1.07,0.64,1.36,4
Grains,0.13571733723220764,-1.714706485591261,0.14329952993189338,1.3585448425439455,0.6739267271927775,Compost,10.58,0.61,27.27,11.16,0.88,0.25,0.4,1
Vegetables,1.6853041097874566,1.3041085324471953,-0.47075504050363476,-1.4020847865058477,0.8357226895334272,Animal Feed,19.23,9.24,33.71,38.13,1.43,0.63,1.31,4
Vegetables,0.7425386292689049,0.7787326337764925,0.23191876907429343,-1.2057172047389948,-0.46307777528331384,Animal Feed,13.18,5.7,52.15,58.88,1.48,0.5,1.47,4
Vegetables,-1.283028014545898,0.8986831338893734,-1.7166578081316297,-1.4135682708196988,0.8157752421215684,Animal Feed,2.8,1.19,-1.9,-4.53,1.32,0.59,1.36,4
Grains,-1.087119508841743,-1.737311139107974,1.1083421105140925,0.38015197900383574,0.7204707711537855,Compost,3.87,0.21,63.45,61.39,0.9,0.35,0.37,1
Vegetables,-0.11960024601400174,1.0700409911934887,-1.4124216800522087,0.9405460135197671,-0.7512075712324197,Biogas,8.57,4.14,-13.68,-35.06,1.7,0.45,1.54,4
Vegetables,1.2659043123774782,0.5271647156066215,1.2053348210715227,-1.700655378665975,1.0706592923842375,Donation,17.1,6.28,84.35,100.97,1.24,0.63,0.91,4
Vegetables,1.4285720246950075,0.7834723191912876,-0.6186863688358301,-0.13086307296253608,0.6606284289182027,Biogas,17.67,7.25,18.41,10.91,1.58,0.42,1.24,4
Vegetables,0.45610200540542895,0.7375338297863543,1.2241751317553402,0.8107826407732502,-0.05526329486303942,Biogas,11.92,4.98,63.02,57.88,1.43,0.39,1.3,4
Grains,-1.2745410034684617,-1.2567799562849444,0.5427838953572797,1.0932763548939863,0.22400096890301868,Compost,2.77,0.35,41.03,29.52,0.94,0.35,0.42,1
Vegetables,-0.32682476648807196,0.9989457099715685,-0.6919542437173419,-0.6315429890464421,-0.02201754917660281,Animal Feed,7.78,3.54,20.66,17.1,1.37,0.4,1.58,4
Meat,0.8076057141959164,0.44695465474086526,-1.4043971032794718,1.6467802988216071,-0.32344564340028326,Biogas,13.61,5.18,-19.6,-47.09,2.6,1.17,0.52,2
Fruits,0.12935207892413042,-0.08607765883065911,-1.4912718692104074,1.037007281756116,-1.0193899197696634,Compost,9.71,3.03,-16.78,-39.45,1.09,0.49,0.96,0
Grains,-1.57865890040993,-1.5294941632285153,-1.0303820467414684,0.8165243829301759,0.7692311981605572,Compost,1.17,0.1,-1.65,-19.77,0.96,0.28,0.39,1
Meat,1.074239312212041,0.26283610593537987,-1.346480592658848,0.622453498026093,-0.7002307611798846,Biogas,14.73,5.3,-9.01,-27.25,2.74,1.35,0.38,2
Vegetables,1.2673188142237173,0.8906621278027979,-0.7425439668498145,-1.295288382387033,0.2705450128640268,Animal Feed,16.48,7.14,24.99,26.92,1.78,0.54,0.67,4
Vegetables,-1.7172800813413898,1.222440106838425,0.9590152036127254,-0.34790092649432103,0.7913950286181826,Biogas,0.4,0.19,65.51,68.95,1.34,0.24,1.15,4
Fruits,-1.3869939002444929,-0.06383759649969949,1.5210844723466095,1.18858927469895,0.6052188527741439,Compost,2.21,0.64,68.24,61.51,1.27,0.23,0.93,0
Vegetables,1.711472393942885,1.0999374684252703,0.7936391431658846,-1.3148103057205798,-0.11510563709862218,Animal Feed,18.53,8.75,69.18,80.08,1.42,0.53,1.07,4
Grains,1.7015708810192092,-1.5200147923989256,0.7126955861539288,-0.05622042492250417,0.5387273614012738,Compost,19.06,1.63,55.91,55.39,0.93,0.29,0.4,1
Meat,0.6046246992605645,0.22273107550250149,-0.9033843969468477,0.7223598115565972,0.13091288098099932,Biogas,12.82,4.36,2.81,-13.76,2.92,1.08,0.52,2
Grains,1.4837375966983437,-1.3854806448559076,1.3658263565262632,-1.0748054835610927,0.5143471478978879,Animal Feed,17.85,1.87,83.5,95.6,0.87,0.27,0.39,1
Vegetables,1.2369070245295706,0.7389921945293683,-1.414863942548259,1.6823791001945452,1.2280224886333666,Biogas,17.05,6.72,-20.2,-48.06,1.2,0.46,0.87,4
Fruits,1.113845363906744,-0.4058241287364232,1.2793004852376204,-0.09526427158959794,0.7470673677029348,Compost,16.01,3.87,72.48,75.54,1.17,0.47,0.61,0
Mixed,0.18946840738930423,-0.6154640605446493,0.4953342240054434,1.561802514899109,-1.1590220516526941,Compost,9.95,2.31,35.59,19.73,1.13,0.29,0.74,3
Grains,0.6887875591118079,-1.4686074352076912,1.670062484605684,1.1173916719530737,0.8290735403961399,Compost,13.71,1.26,73.13,67.88,1.16,0.31,0.42,1
Vegetables,0.03953121168792934,1.2530657664417137,-0.316194713967874,-1.3102169119950395,1.1881275938096427,Animal Feed,10.29,4.79,37.34,41.85,1.68,0.64,1.05,4
Fruits,1.5106131317768923,0.16403189459619846,-0.703816661555301,-1.2964367308184181,-3.047380406642221,Animal Feed,14.99,5.85,26.11,28.27,1.17,0.53,0.89,0
Mixed,1.5954832425512553,-0.43644978833971176,-1.1950603179037236,-0.576422264339957,-2.202938466206763,Compost,16.11,4.43,5.76,-1.16,0.94,0.29,0.86,3
Mixed,1.6159935193217263,0.7171167233841618,0.803059298507793,-1.4020847865058477,-0.3456094738579087,Animal Feed,17.82,7.5,70.22,81.94,1.13,0.58,1.24,3
Vegetables,1.6174080211679658,0.7353462826718337,-1.4302153068091474,-1.0196847588546076,-0.3101473451257086,Animal Feed,17.86,7.55,2.88,-1.54,1.6,0.33,1.07,4
Grains,-0.945669324217804,-1.2855826599594662,1.087757326618811,0.27680062017917645,0.3148726737792746,Compost,4.56,0.55,63.76,62.49,1.07,0.36,0.38,1
Meat,0.5140965811012436,0.08054051305866149,-1.5924513154753523,-0.4271369682598933,-1.3651456749085917,Biogas,11.46,3.94,-6.92,-17.43,3.16,1.21,0.56,2
Vegetables,0.21917294616033148,0.533727356950183,-1.2868196088267598,1.2310781666601989,1.163747380306257,Biogas,11.29,4.14,-12.6,-35.79,1.66,0.51,1.1,4
Grains,-1.6507984945681387,-1.0766719105227467,1.1226467908481024,-1.3561508492504435,0.7293363033368363,Donation,0.77,0.11,78.98,92.13,1.05,0.31,0.3,1
Vegetables,-0.6146758921977873,1.1950957679069172,1.7098364738270762,0.10914174919695095,0.8202080082130923,Biogas,6.5,3.03,83.05,86.81,1.83,0.4,1.46,4
Mixed,0.8698437954304497,-0.46598167438574023,0.39101472595986214,1.3378745707790136,0.055555857425078424,Compost,14.19,3.42,34.56,20.06,0.62,0.41,0.55,3
Vegetables,1.3161191279189766,1.281503878930482,0.18063125665723515,-1.001311183952446,-0.7068799103171719,Animal Feed,15.97,8.2,48.89,53.55,1.43,0.55,1.52,4
Grains,-1.559563125485698,-1.6097042240942712,-1.1584263804629675,-0.2835934143367551,1.250186319090989,Compost,1.3,0.09,4.26,-5.01,0.86,0.3,0.43,1
Fruits,-1.476107516557574,-0.4543147564416302,1.3710597761606567,1.1759574419537138,0.45228842261654173,Compost,1.71,0.41,64.05,56.57,0.96,0.38,0.55,0
Vegetables,0.29414154401101894,0.6525840835058037,0.3515896313807628,0.12062523351080216,0.27719416200131414,Biogas,11.24,4.49,44.02,39.89,1.49,0.4,0.97,4
Vegetables,-1.3466805976266705,1.3135879032767843,-0.9476940165180477,0.4926901252795761,-0.5162709683816094,Biogas,2.3,1.18,3.54,-11.28,1.36,0.52,1.08,4
Vegetables,0.12723032615477126,0.5432067277797726,-1.6779305028371159,-1.4078265286627734,-0.45642862614602653,Animal Feed,9.98,3.96,-0.84,-3.3,1.56,0.48,1.14,4
Vegetables,-1.3976026640912882,1.2191587861666444,0.590582461351409,0.40197059920015293,-0.757856720369707,Biogas,2.01,1.02,48.42,43.2,1.55,0.53,1.22,4
Grains,-1.113995043920291,-1.144485871072886,-0.8308143113499216,1.344764661367324,0.5675403409961834,Compost,3.7,0.51,-0.53,-22.09,0.94,0.3,0.4,1
Grains,0.7821446809636075,-1.4598572467496087,1.5821410347478693,0.4077123413570785,1.1859112107638823,Compost,14.47,1.32,76.79,77.2,0.99,0.34,0.44,1
Mixed,-0.5276840286540649,0.8374318146827963,0.5302236882347348,-0.7234108635572505,-2.67059528886262,Animal Feed,5.86,2.9,56.49,60.72,0.83,0.39,0.35,3
Mixed,1.4115980025401353,0.6474798069052555,0.48940301508646383,0.08272973527509347,-2.663946139725333,Compost,14.86,6.88,48.31,45.3,1.2,0.32,0.71,3
Meat,-0.2108356150964424,0.3324730224142861,-0.599148268867427,1.6594121315668433,-1.6577082369492244,Biogas,7.74,3.01,3.37,-19.61,3.16,1.04,0.49,2
Vegetables,-0.0007820909298932175,0.7258669118422446,1.26848475132654,-1.5180679780757433,1.3033795121892844,Donation,10.12,3.95,84.57,99.97,1.68,0.42,1.26,4
Grains,0.7071760831129202,-1.618819003738107,-0.005329587684887787,-1.1907886751309884,1.0662265262927137,Animal Feed,13.97,0.97,45.21,50.45,1.08,0.26,0.34,1
Mixed,-1.1592591029999517,0.585134714141418,0.6143072970273269,0.9428427103825372,-1.757445474008528,Biogas,3.07,1.32,44.39,34.61,1.03,0.41,0.75,3
Vegetables,-1.1910853945403375,1.0948331918247223,-1.4413799353625205,-1.218349037484231,0.8977814148147735,Animal Feed,3.33,1.5,4.29,1.55,1.22,0.42,1.05,4
Vegetables,0.3245533337051657,1.2537949488132205,1.082175012342124,-0.5270432817903975,-0.5716805445256682,Biogas,10.94,5.54,70.61,76.31,1.59,0.65,1.28,4
Vegetables,1.4427170431574017,1.0992082860537635,-0.7076545026205231,0.4111573866512336,-0.702447144225648,Biogas,16.62,8.08,11.13,-1.61,1.7,0.46,1.38,4
Grains,0.14561885015588338,-1.5717867407759138,0.7057176933080704,-0.01487988139264044,1.2679173834570874,Compost,10.93,0.83,55.35,54.43,0.96,0.29,0.46,1
Vegetables,-0.7964393794395486,0.6664385485644341,-1.7121221777818216,0.37670693370968034,0.3414692703284239,Biogas,5.37,2.15,-17.36,-35.55,1.51,0.46,1.12,4
Mixed,1.3620904379217564,0.49398691770305886,0.46288702227220246,-1.133371253561733,0.013444579555594149,Animal Feed,16.78,6.4,58.13,65.56,0.7,0.33,0.66,3
Meat,-1.060951224686314,-0.09154652661696061,-1.5296502798626277,-1.42505175513355,0.10874905052337386,Compost,3.9,1.15,3.56,2.1,2.89,1.0,0.4,2
Grains,0.46671076925222427,-1.61699604780934,0.8110838752805302,-1.2240907796411566,1.1703965294435443,Animal Feed,12.68,0.88,68.9,79.1,0.89,0.35,0.44,1
Vegetables,-0.9683013537576343,0.6977933905392296,-1.74666274736882,-1.5364415529779052,-0.265819684210464,Animal Feed,4.32,1.8,-1.69,-3.43,1.34,0.43,1.38,4
Grains,-0.7299577926662975,-1.61699604780934,0.888538485869557,-0.739487741596642,0.25946309763521563,Animal Feed,5.71,0.42,66.9,73.33,1.03,0.35,0.41,1
Vegetables,1.1018220982137092,0.7302420060712854,-1.1217924430222117,0.578816257633459,0.9731384383706944,Biogas,16.1,6.4,-2.2,-18.77,1.42,0.5,1.08,4
Mixed,-0.2900477184858479,-0.49952406347505646,0.24831681726206034,-0.18139040394348085,-1.8527499449763107,Compost,7.27,1.89,43.69,41.6,1.28,0.44,0.58,3
Fruits,-0.5269767777309454,0.7714408100614242,1.636917493587857,0.15392733802097014,0.11983096575218817,Biogas,6.76,2.84,80.57,83.52,1.32,0.28,0.97,0
Mixed,-0.9718376083732326,0.9493613087091012,1.571674195479082,0.5627393795940675,0.13534564707252314,Biogas,4.38,1.95,75.15,74.16,0.93,0.38,0.72,3
Vegetables,1.5884107333200586,1.103947971468558,-0.9002443451662115,1.6973076298025516,1.1061214211164345,Biogas,18.93,8.46,-5.58,-30.62,1.36,0.51,1.23,4
Vegetables,0.6081609538761628,1.1998354533217124,0.4185774027010023,1.1185400203844584,-0.5162709683816094,Biogas,12.45,6.18,37.25,24.81,1.18,0.64,1.25,4
Grains,-0.48100546772816516,-1.656371895870711,0.34530952781949037,-0.22273094747334457,0.8357226895334272,Compost,7.24,0.47,46.82,45.64,1.1,0.21,0.42,1
Fruits,0.21917294616033148,0.8680574742860846,-0.35213086212404393,1.4779730794079964,-1.0548520485018635,Biogas,10.15,4.66,12.02,-7.97,1.22,0.5,0.39,0
Vegetables,-1.2985875348545313,1.1867101706345886,0.08294075681521942,0.3032126341010339,0.37471501601485735,Biogas,2.66,1.26,34.73,27.46,1.68,0.45,0.86,4
Fruits,-0.3529930506435007,0.44586088118360495,1.3421015208503448,0.9864799507751716,0.21070267062844406,Biogas,7.72,2.86,64.86,58.87,1.06,0.47,1.02,0
Grains,1.6895476153261748,-1.437617184418649,-1.0659693002553454,-0.14808829943331267,1.1371507837571075,Compost,19.53,1.85,5.74,-4.18,0.83,0.3,0.42,1
Fruits,1.178205197910636,-0.11269281539066013,-1.3942791586529772,1.2287814697974286,-2.9321284882625798,Compost,13.57,4.63,-15.67,-39.46,0.25,0.52,0.98,0
Meat,-0.37350332741397174,0.27450302387948955,-1.6866528688944389,0.28024566547333146,-1.5978658947136386,Biogas,6.96,2.63,-15.79,-32.99,2.33,0.9,0.54,2
Vegetables,0.9851256958989598,0.8089937021940282,0.7681698342785017,1.5572091211735688,-0.15278414887658262,Biogas,14.66,6.31,43.46,29.21,1.29,0.34,1.27,4
Fruits,0.8953048286627585,0.4794032702729212,0.5127789561200891,0.0379441464510743,0.3348201211911365,Biogas,14.52,5.42,49.36,46.88,1.15,0.3,0.92,0
Mixed,0.048018222765365486,-0.6008804131145119,1.7394925184219736,1.2586385290134412,-2.065522717369496,Compost,8.81,2.17,73.89,67.8,1.17,0.4,0.8,3
Mixed,0.44124973601991535,0.7455548358729299,0.5508084721300168,-1.1919370235623734,-1.8461007958390234,Animal Feed,10.82,4.96,61.15,69.59,1.07,0.47,0.62,3
Vegetables,-0.5793133460418026,1.119625392455956,0.516267902543018,1.6042914068603582,-0.8176990626052897,Biogas,6.19,3.05,35.82,19.72,1.84,0.4,0.9,4
Vegetables,1.4080617479245365,0.8246711231814257,-1.4089327336292796,-1.251651141994399,0.5675403409961834,Animal Feed,17.48,7.31,5.51,3.24,1.34,0.52,1.43,4
Meat,-0.9251590474473329,0.21944975483072096,-0.44807688875459517,-0.9565255951284268,-1.0637175806849113,Biogas,4.37,1.57,30.47,31.13,3.5,0.86,0.58,2
Grains,1.1124308620605046,-1.338083790707961,-0.5796101688990237,0.014977177823372274,1.2789992986858987,Compost,16.39,1.77,18.24,9.69,1.13,0.34,0.43,1
Meat,0.9165223563563497,0.005070137607700075,1.3731531440144142,0.6167117558691674,-1.2942214174441977,Compost,13.51,4.47,68.98,66.38,3.26,1.04,0.3,2
Vegetables,-1.5206643247141152,1.087541368109654,-0.6214775259741735,-0.5706805221830314,-0.1217547862359095,Biogas,1.42,0.67,22.15,18.45,1.34,0.52,1.07,4
Grains,0.7672924115780938,-1.556109319788516,0.5501106828454306,-0.7877183757148164,0.29270884332165226,Animal Feed,13.8,1.12,57.61,62.53,0.94,0.29,0.4,1
Vegetables,-0.9124285308311784,0.631802385917858,-1.5324414370009711,1.0335622364619608,-0.20819372502064154,Biogas,4.62,1.87,-17.93,-40.81,1.5,0.53,1.38,4
Vegetables,-1.3509241031653885,0.7262315030279977,-0.049290312613794844,-1.609935852586552,0.051123091333554596,Animal Feed,2.34,0.97,47.59,56.23,1.29,0.46,0.95,4
Grains,-0.857970209750962,-1.3216771873490563,-0.1312805535526296,1.5778793929385007,0.8844831165401988,Compost,5.17,0.58,17.49,-2.1,0.94,0.27,0.43,1
Meat,1.6605503274782671,0.545758866080047,0.6861795933396672,0.3778552821410656,-0.6581194833104003,Biogas,17.78,7.14,51.38,46.92,3.44,0.84,0.57,2
Grains,-0.27802445279281324,-1.7252796299781106,-0.8137184738775689,-1.6397929118025647,1.163747380306257,Animal Feed,8.5,0.47,25.94,30.46,1.17,0.31,0.45,1
Vegetables,-1.4669132545570183,0.7579509361885468,1.5022441616627924,-0.522449888064857,-0.48745798878669966,Biogas,1.68,0.72,82.6,90.66,1.68,0.39,1.25,4
Vegetables,-0.8798949883676725,0.5716448402685407,-0.9218758129883721,0.8004475048907843,0.11539819966066119,Biogas,4.87,1.9,1.6,-15.76,1.5,0.62,1.04,4
Vegetables,0.3344548466288415,1.0117064014729387,-1.484293976364549,0.04942763076492552,0.5852714053622818,Biogas,11.62,5.17,-7.97,-22.01,1.39,0.42,1.29,4
Vegetables,-0.551023309117015,1.0558219349491047,0.8344598163141554,-0.858915978460693,0.011228196509830658,Animal Feed,6.59,3.05,66.39,73.56,1.19,0.58,0.9,4
Vegetables,0.49924431171572997,1.3095774002334963,0.5783711488711567,-1.6283094274887135,-0.4298320295968773,Animal Feed,11.93,6.09,65.74,78.14,1.64,0.53,0.81,4
Vegetables,-0.825436667287456,0.6347191154038854,0.759796362863472,0.1183285366480316,-0.5051890531527982,Biogas,5.01,2.06,55.75,53.98,1.42,0.45,1.17,4
Meat,0.5261198467942785,0.5260709420493611,1.4160671850164426,1.2678253164645223,-1.702035897864469,Biogas,11.32,4.76,64.54,56.52,2.76,0.8,0.58,2
Vegetables,0.809020216042156,0.7794618161479997,1.19068124609522,0.7338432958704484,1.159314614214733,Biogas,14.6,5.85,62.73,58.07,1.5,0.45,1.13,4
Fruits,-1.1719896196161061,0.7878474134203284,-1.2850751356152952,0.12177358194218704,-0.4165337313223026,Biogas,3.22,1.4,-2.9,-16.42,1.5,0.58,0.71,0
Meat,-1.1868418890016197,-0.09519243847449502,1.3546617279728896,-1.1816018876799075,-0.4675105413748377,Donation,3.14,0.95,84.11,97.07,3.73,0.85,0.45,2
Vegetables,-0.234882146482512,0.8636823800570437,0.006532830153071149,-1.6202709884690178,-0.10402372186981103,Animal Feed,8.24,3.6,49.29,58.33,1.55,0.57,0.93,4
Mixed,-0.945669324217804,0.48049704383018155,0.12411032460578322,-1.448018723761252,-0.017584783085078975,Animal Feed,4.49,1.71,51.16,59.38,0.8,0.36,0.87,3
Fruits,-0.033315633393399186,-0.4040011728076559,1.5667896704869813,-0.49144448041745925,-0.2525213859358893,Compost,9.23,2.34,84.18,92.34,0.97,0.37,0.49,0
Grains,1.5671932056264675,-1.470794982322212,-0.5876347456717607,1.4159622641132008,0.60078608668262,Compost,18.38,1.7,5.82,-14.97,0.98,0.27,0.43,1
Grains,0.20856418231353618,-1.2852180687737125,-1.0701560359628604,-1.567446960625303,1.0484954619266154,Animal Feed,11.17,1.3,17.97,20.39,1.05,0.32,0.31,1
Meat,-1.4640842508645395,0.561800878253198,-1.6437388278924105,0.522547184495589,-1.3540637596797804,Biogas,1.62,0.68,-16.67,-35.75,2.47,0.58,0.55,2
Mixed,-1.681917535185405,-0.2202472151879238,-0.07406183221659175,-1.2459093998374735,-0.31458011121723556,Animal Feed,0.57,0.16,43.72,49.05,1.13,0.43,0.63,3
Grains,-1.6882827934934823,-1.5830890675342704,-1.0464312002869423,0.8647550170483501,0.6140843849571915,Compost,0.56,0.04,-2.53,-21.15,0.8,0.31,0.39,1
Grains,-0.05665491385634896,-1.2874056158882332,0.6132606131004481,-1.7339574831761433,0.2528139484979283,Animal Feed,9.33,1.12,67.67,81.18,0.98,0.27,0.32,1
Mixed,-1.1147022948434109,-0.25597715139176075,0.06061149970847292,-1.3756727725839903,0.4921833174402625,Animal Feed,3.68,0.98,48.7,55.93,0.63,0.36,0.49,3
Vegetables,-1.6090706901040768,0.6638864102641603,1.3864111404215447,0.14588889900127436,1.139367166802871,Biogas,1.02,0.39,73.46,75.04,1.78,0.44,1.46,4
Vegetables,-1.3396080883954733,1.0386861492186932,1.248248862073551,0.2159381533157657,-0.28355074857656243,Biogas,2.36,1.1,68.89,69.07,1.54,0.53,1.42,4
Meat,-0.6995460029721506,0.1592922091814037,0.44125555445004166,-1.5410349467034457,-1.970218246401716,Biogas,5.26,1.93,61.06,71.91,3.36,1.47,0.58,2
Mixed,-1.657163752876216,0.6540424482488176,0.508592220412574,-0.48455438982914856,-1.2077824786594658,Biogas,0.67,0.29,53.8,55.84,1.47,0.39,1.07,3
Meat,-0.8388744348267303,0.35617144948825974,1.0905484837571542,0.6454204666537949,-1.584567596439064,Biogas,4.68,1.83,60.63,56.16,2.52,1.21,0.58,2
Mixed,-1.178354877924183,-0.22207017111669114,0.683388436201324,-0.803795253754208,-1.9480544159440905,Animal Feed,2.95,0.9,61.58,67.4,1.02,0.29,0.56,3
Vegetables,0.25736449600879485,0.6059164117293637,-1.0736449823857896,0.6580522993990314,-0.09515818968676021,Biogas,10.84,4.33,-1.51,-18.49,1.67,0.46,0.89,4
Mixed,-1.0849977560723836,-0.4747318628438228,-0.1124402428688123,-1.5215130233698988,-1.5757020642560162,Animal Feed,3.47,0.9,45.02,52.52,1.25,0.52,0.71,3
Mixed,-0.4258398957248292,0.43273559849648124,-1.7463138527265272,-0.2583297488462829,-0.4586450091917869,Biogas,7.1,2.7,-12.82,-25.68,1.09,0.43,1.1,3
Meat,-1.0722672394562291,0.4761219496011401,0.9987891928341176,-0.7670481039498845,-0.5495167140680459,Biogas,3.72,1.45,70.31,77.62,3.76,1.25,0.4,2
Vegetables,0.04660372091912613,0.9610282266532109,-0.6005438474365986,-1.0885856647377141,-0.2569541520274132,Animal Feed,9.65,4.39,27.26,28.2,1.67,0.37,1.42,4
Vegetables,1.6916693680955335,0.7572217538170402,-0.9358315986800887,0.38704206959214627,-0.41431734827654226,Biogas,18.16,7.78,4.8,-9.04,1.46,0.31,1.19,4
Vegetables,0.044481968149767216,0.7831077280055339,-0.9197824451346146,-0.2273243411988849,0.27719416200131414,Biogas,9.89,4.13,10.61,2.21,1.64,0.32,1.16,4
Vegetables,0.46812527109846364,1.0029562130148564,1.6236594971807263,-1.0977724521887948,0.011228196509830658,Animal Feed,12.02,5.47,91.09,104.86,1.36,0.53,0.95,4
Vegetables,-0.8028046377476259,0.8060769727080003,0.8742338055355476,-0.6591033513996845,-0.22592478938674004,Animal Feed,5.2,2.24,65.78,71.43,1.49,0.63,1.16,4
Meat,0.9235948655875462,-0.08279633815887831,-1.6590901921532986,-0.6453231702230633,-0.8642431065662979,Compost,13.84,4.29,-6.94,-15.93,2.94,1.22,0.51,2
Fruits,-0.8989907632919043,-0.4393665178257395,0.051540239008857236,-0.7773832398323505,-0.8221318286968136,Animal Feed,4.56,1.16,43.24,45.22,1.1,0.21,0.82,0
Meat,0.8443827621981407,-0.08607765883065911,-0.340268444286085,-0.48110934453499327,-1.3030869496272455,Compost,13.14,4.16,29.42,26.56,3.67,0.88,0.62,2
Vegetables,-0.5382927925008605,1.1615533788176011,-0.3207303443176817,-0.7877183757148164,0.18410607407929475,Animal Feed,6.72,3.19,32.66,32.59,1.26,0.49,1.2,4
Mixed,-0.34026253402734624,0.630344021174844,-1.7344514348885682,-1.676540061606888,-2.280511872808444,Animal Feed,6.87,3.1,-0.12,-0.56,1.1,0.44,0.49,3
Vegetables,-0.9463765751409238,0.9110792342049904,0.6181451380925489,1.4722313372510711,0.616300768002955,Biogas,4.62,1.99,39.89,25.52,1.28,0.42,1.12,4
Vegetables,-1.4181129408617592,1.32270268292062,-0.9421117022413611,1.6846757970573154,-0.3034981959884244,Biogas,1.95,0.99,-6.68,-31.85,1.57,0.49,0.84,4
Vegetables,-0.15496279216998643,0.9296733846784153,0.17574673166513435,-1.7351058316075283,0.13091288098099932,Animal Feed,8.76,3.87,55.14,66.16,1.56,0.5,1.13,4
Grains,-1.1514793428456351,-1.2389149881830261,1.4816593777675102,-0.2020606757084127,0.45007203957077824,Compost,3.47,0.44,79.22,84.37,1.07,0.26,0.46,1
Fruits,0.4575165072516683,0.9395173466937585,-1.6810705546177522,0.7120246756741313,-0.15721691496810647,Biogas,11.87,5.34,-19.39,-40.32,0.92,0.49,0.43,0
Vegetables,-0.3423842867967054,0.6894077932669009,-1.4633602978269742,0.1252186272363425,-0.4608613922375504,Biogas,7.53,3.16,-8.04,-22.61,1.51,0.48,1.1,4
Vegetables,1.5381959177785605,1.3106711737907568,0.38019899204878177,1.3505064035242498,-0.2281411724325035,Biogas,17.52,8.86,34.14,19.46,1.4,0.47,1.24,4
Mixed,1.151329662832088,0.6048226381721034,1.6477332274989374,0.7062829335172057,0.37914778210638433,Biogas,15.94,6.22,76.07,74.26,1.45,0.37,0.98,3
Vegetables,-0.18749633463349238,1.0561865261348584,-1.2156451017990053,1.2195946823463477,-0.10402372186981103,Biogas,8.49,3.95,-10.47,-33.16,1.44,0.53,1.15,4
Vegetables,1.203666231142945,0.6999809376537502,-1.4923185531372862,-0.6005375813990441,1.1659637633520203,Animal Feed,16.82,6.55,-2.55,-10.98,1.61,0.49,1.04,4
Vegetables,0.35850137801491105,1.3194213622488395,-0.3399195496437921,1.5353905009772517,-0.5273528836104204,Biogas,11.14,5.74,11.88,-8.54,1.68,0.33,1.31,4
Grains,-0.46120244188081394,-1.2330815292109711,-0.29351656221883443,-0.1779453586493254,1.1327180176655838,Compost,7.46,0.92,28.13,22.91,0.92,0.27,0.44,1
Vegetables,-0.6422586781994554,1.1159794805984216,0.9108677429763035,1.6031430584289728,-0.8775414048408725,Biogas,5.85,2.88,47.13,33.29,1.35,0.46,1.12,4
Grains,-0.5446580508089377,-1.1532360595309685,-0.18396364453885952,1.012891964697029,0.27941054504707763,Compost,6.72,0.94,20.91,5.94,0.94,0.29,0.37,1
Mixed,0.12157231876981382,0.14908365598030743,-0.5715855921262869,0.03679579801968922,-2.2716463406253964,Compost,9.07,3.37,18.29,9.6,1.44,0.39,0.54,3
Grains,-0.2207371280201179,-1.2046434167222029,1.271973697749469,-1.034613288462614,0.8512373708537654,Animal Feed,8.69,1.12,80.46,91.67,0.95,0.34,0.42,1
Grains,0.7644634078856151,-1.651267619270163,-1.2316942553444794,-0.4317303619854338,1.1371507837571075,Compost,14.33,0.93,3.45,-4.95,1.05,0.27,0.42,1
Vegetables,-0.7808798591309154,1.3270777771496616,-1.4183528889711883,-1.360744242975984,-0.6647686324476876,Animal Feed,5.2,2.7,6.19,4.81,1.36,0.67,1.02,4
Vegetables,0.5155110829474833,1.2585346342280157,-1.5830311601334435,1.121985065678614,0.9265943944096863,Biogas,12.81,6.05,-20.16,-44.1,1.51,0.53,0.83,4
Vegetables,0.8097274669652755,0.8009726961074526,1.6173793936194538,0.5409207593977503,-0.8908397031154471,Biogas,13.24,5.9,76.64,76.1,1.22,0.4,0.94,4
Grains,-1.2787845090071797,-1.472617938250979,-0.46970835657675597,0.44331114273001665,0.24394841631488065,Compost,2.75,0.26,17.67,6.03,0.94,0.32,0.48,1
Meat,-1.0814615014567852,0.24825245850524216,-0.7502196489802586,1.4779730794079964,-0.38550436868162946,Biogas,3.7,1.3,0.62,-21.65,3.39,0.79,0.46,2
Vegetables,-1.3459733467035506,0.505289244461415,1.3257034726625778,-0.10559940747206388,-0.5051890531527982,Biogas,2.31,0.9,73.91,77.33,1.5,0.39,1.4,4
Fruits,-0.15849904678558493,0.38934924739182236,-1.1430750162020793,-1.2861015949359522,-2.4711208147440065,Animal Feed,7.65,3.18,13.43,12.98,1.07,0.48,0.63,0
Mixed,0.6675700314182172,0.11262453740496375,-1.5715176369377775,1.0817928705801352,-2.741519546327017,Compost,11.36,4.26,-19.47,-43.0,1.68,0.51,0.96,3
Grains,0.3988146806327336,-1.0380252448328824,1.0751971194962662,0.885425288813282,0.8490209878080018,Compost,12.12,1.84,58.1,51.45,0.98,0.28,0.42,1
Mixed,1.5233436483930467,-0.3128533763692967,-0.5209958689938142,0.555849289005757,-1.265408437849285,Compost,16.56,4.65,15.22,2.3,1.27,0.47,0.6,3
Meat,-0.16981506155550005,-0.24832073649093855,1.4907306384671262,-0.5167081459079316,-0.6093590563036286,Compost,8.37,2.36,82.22,90.16,2.95,1.0,0.58,2
Fruits,1.0056359726694308,0.9139959636910178,-1.5879156851255443,-0.4753676023780677,0.035608410013216456,Biogas,14.9,6.58,-6.38,-16.43,1.4,0.37,0.61,0
Meat,0.42286121201880317,0.18116768032660996,-0.16233217671669894,1.6800824033317752,-2.0034639920881494,Biogas,10.64,3.95,15.7,-4.96,3.24,0.76,0.48,2
Fruits,-0.6429659291225752,0.3098683688975729,-0.9731633254054305,-1.0725087866983227,-1.1169107737832067,Animal Feed,5.78,2.16,16.45,15.11,1.26,0.13,0.58,0
Vegetables,-1.0277104312996885,1.274212055215413,0.3983415134480134,-1.0943274068946396,0.6783594932843012,Animal Feed,4.19,2.01,55.94,62.66,1.61,0.4,1.36,4
Vegetables,0.4730760275603015,0.9993103011573221,-0.08662203933913662,-1.4066781802313884,-0.5561658632053332,Animal Feed,11.72,5.48,44.77,51.43,1.39,0.48,1.34,4
Meat,-0.830387423749294,0.05465453887016745,1.6065636597083734,0.05516937292185092,-0.45421224310026304,Compost,5.0,1.62,80.56,84.2,3.24,0.99,0.59,2
Vegetables,0.07701551061327294,1.2144191007518494,-1.0460823056446493,-0.7750865429695803,0.28827607723012527,Animal Feed,10.07,4.83,11.76,7.42,1.56,0.66,0.85,4
Grains,1.086262577905076,-1.1532360595309685,0.24343229226995977,0.4949868221423463,0.3857969312436685,Compost,15.59,2.16,37.66,29.65,1.04,0.19,0.47,1
Vegetables,1.4660563236203514,1.2825976524877423,1.2901162191487008,-1.665056577293037,-0.6714177815849749,Donation,16.77,8.6,86.47,103.28,1.28,0.62,1.38,4
Fruits,1.2376142754526904,0.31314968956935396,-0.037079000133543066,1.243709999405435,-1.2055660956137022,Biogas,15.18,5.72,23.1,6.95,1.34,0.37,0.71,0
Fruits,-0.0007820909298932175,0.6248751533885423,-1.723286806335195,-1.458353859643718,-0.06634521009185058,Animal Feed,9.49,3.81,-1.7,-3.97,0.77,0.44,0.6,0
Meat,-1.603412682719119,0.06522768325701708,-0.7899936382016508,0.47431655037741444,0.1730241588504836,Compost,1.0,0.32,8.22,-5.54,2.77,1.13,0.58,2
Grains,0.4426642378661547,-1.4398047315331697,1.0636835963005995,-0.28244506590537,0.7913950286181826,Compost,12.33,1.18,67.94,71.39,0.97,0.23,0.36,1
Grains,0.5636041457196224,-1.1940702723353533,-1.161217537601311,1.2988307241119201,1.2967303630520002,Compost,13.3,1.7,-9.6,-32.66,1.01,0.28,0.35,1
Grains,1.234785271760212,-1.0394836095758961,-1.3782300051075032,-1.709842166117056,0.8135588590758049,Animal Feed,16.72,2.54,10.39,12.28,0.97,0.26,0.4,1
Vegetables,0.19300466200490274,0.4983620119320997,1.0197228713716928,-0.48340604139776344,0.45893757175382904,Biogas,10.78,4.03,68.43,73.39,1.45,0.52,1.38,4
Grains,-0.3218740100262341,-1.51199378631235,-1.1538907501131597,-0.42254357453435293,1.0108169501486548,Compost,8.19,0.7,5.6,-2.44,0.91,0.23,0.45,1
Fruits,-1.6663580148767718,0.8910267189885515,1.709487579184783,0.17574595821728686,0.46558672089111636,Biogas,0.67,0.29,82.46,85.63,1.1,0.58,0.61,0
Vegetables,1.2390287772989297,0.5519569162378549,0.9021453769189807,-0.935855323363495,-0.33452755862909755,Animal Feed,15.86,6.28,69.0,77.23,1.43,0.56,1.13,4
Grains,-0.6167976449671465,-1.576161835004955,0.11189901212553119,-0.14464325413915743,0.5520256596758453,Compost,6.41,0.5,39.46,36.26,1.16,0.31,0.39,1
Grains,1.7326899216364762,-1.2812075657304247,-0.5464651778811969,0.841788048420648,0.9842203535995055,Compost,19.63,2.3,12.0,-3.56,0.97,0.2,0.43,1
Vegetables,-0.32116675910311454,0.8593072858280023,0.15271968527380217,0.5122120486131228,-0.5340020327477077,Biogas,7.62,3.4,34.91,26.23,1.31,0.48,1.1,4
Grains,0.01407017845562041,-1.3617822177819343,0.8965630626422941,0.2595753937083996,0.7714475812063206,Compost,9.96,1.06,58.42,56.2,0.98,0.26,0.41,1
Vegetables,-0.9994203943749008,0.46336125809977,0.918194530464455,-0.4053183480635763,0.04004117610474344,Biogas,4.22,1.59,64.83,68.52,1.21,0.35,1.12,4
Grains,0.49853706079261045,-1.3169375019342617,-0.7735955900138838,-0.5637904315947208,1.2102914242672682,Compost,12.89,1.43,17.73,13.1,0.91,0.37,0.42,1
Mixed,-1.6281664650283085,0.20778283688661073,-1.277748348127144,-1.6179742916062476,-1.7840420705576772,Animal Feed,0.79,0.29,12.45,14.11,0.83,0.28,0.65,3
Mixed,0.5692621531045798,0.6110206883299119,-0.3953937977683653,-0.412208438651887,-2.8612042307981826,Compost,10.83,5.0,27.24,23.46,1.21,0.38,0.66,3
Vegetables,0.8931830758933994,0.6259689269458026,-1.568377585157141,0.3020642856696486,-0.18602989456301924,Biogas,14.15,5.72,-12.59,-29.3,1.8,0.53,1.25,4
Grains,-1.4478174796327865,-1.260425868142479,0.8449266555829428,-1.1551898737580502,0.8822667334944385,Animal Feed,1.9,0.23,69.27,79.07,1.11,0.33,0.45,1
Mixed,-0.5411217961933392,0.5071122003901826,-0.7865046917787216,-0.9289652327751844,-0.11288925405286183,Animal Feed,6.61,2.55,20.54,19.02,0.85,0.29,0.8,3
Grains,-0.814120652517541,-1.3588654882959066,-1.3220579676983442,0.48005829253434007,0.5232126800809356,Compost,5.32,0.58,-7.08,-23.94,1.14,0.33,0.4,1
Mixed,1.3536034268443204,0.46846553470031815,-0.5405339689622175,1.4400775811722881,-1.077015878959486,Biogas,15.86,6.32,6.96,-13.78,1.66,0.29,0.52,3
Vegetables,-0.40957312449307626,0.8235773496241654,0.5720910453098845,0.5581459858685272,0.002362664326782993,Biogas,7.35,3.15,46.54,39.86,1.82,0.5,0.81,4
Vegetables,-1.3601183651659443,1.1619179700033546,0.925521317952606,0.5145087454758933,0.2705450128640268,Biogas,2.32,1.1,57.04,52.77,1.74,0.44,1.05,4
Mixed,-0.10828423124408663,-0.5782757595977986,1.1456738372394346,0.25038860625731896,-0.32566202644604675,Compost,8.81,2.01,65.65,64.93,0.95,0.28,0.68,3
Vegetables,0.31323731893525064,1.0073313072438976,0.6453589201913962,0.6304919370457887,1.0573609941096629,Biogas,11.76,5.11,48.0,41.12,1.3,0.55,1.1,4
Mixed,-0.3614800617209371,-0.6584858204635549,0.4548624454994653,-1.1402613441500438,-0.5672477784341444,Animal Feed,7.39,1.62,57.96,65.39,1.53,0.35,0.78,3
Grains,1.3274351426888913,-1.18203876320549,-1.068411562751396,-1.0162397135604524,0.8357226895334272,Animal Feed,17.25,2.27,13.23,10.86,1.01,0.28,0.42,1
Meat,1.3684556962298335,0.21361629585866557,-1.4337042532320763,-1.1574865706208202,0.11096543356913735,Biogas,16.89,5.72,3.98,0.74,3.23,1.33,0.61,2
Vegetables,1.3811862128459884,1.2909832497600715,-0.09708887860792417,1.1323202015610798,-0.11510563709862218,Biogas,16.78,8.4,22.34,6.83,1.57,0.51,1.36,4
Grains,-0.1443540283231911,-1.7460613275660566,-0.15151644280561855,0.7085796303799758,0.21735181976573137,Compost,8.85,0.48,24.48,12.34,0.93,0.31,0.44,1
Mixed,-0.8657499699052786,0.25007541443400927,-1.4473111442815,-0.3329723968863146,0.24173203326911716,Biogas,4.98,1.7,-3.59,-14.09,1.62,0.67,1.02,3
Grains,-0.2532706704836239,-1.2469359942696017,1.2883717459372364,-0.0791873935502064,1.0595773771554264,Compost,8.59,1.04,72.61,75.58,0.76,0.24,0.42,1
Grains,-1.2731265016222224,-1.1481317829304203,-1.7449182741573555,-0.3570877139454019,0.6717103441470139,Compost,2.84,0.39,-11.91,-23.9,1.18,0.27,0.48,1
Vegetables,-0.3381407812579871,0.7225855911704635,-0.020680951945775912,-0.13775316355084674,-0.45421224310026304,Biogas,7.56,3.2,35.6,31.58,1.57,0.44,1.04,4
Vegetables,-0.7575405786679655,0.5993537703858021,0.7678209396362091,-0.01947327511818097,1.0307643975605167,Biogas,5.77,2.18,57.17,56.64,1.68,0.47,1.44,4
Vegetables,1.1308193860616165,0.6296148388033372,-1.633969777908209,-1.5950073229785455,0.6628448119639632,Animal Feed,16.03,6.23,2.06,1.49,1.89,0.53,1.57,4
Fruits,0.8790380574310058,0.6952412522389557,-0.898150977312454,0.7912607174397037,-1.2986541835357215,Biogas,13.32,5.83,2.36,-14.77,1.12,0.59,0.34,0
Fruits,1.4243285191562898,0.184449000998391,1.333379154793022,-1.4296451488590902,-1.4670992950136619,Donation,15.9,5.75,85.66,100.66,1.36,0.47,0.87,0
Grains,-1.4117476825536823,-1.2115706492515184,-1.237974358905752,-1.2459093998374735,0.8999977978605369,Animal Feed,2.1,0.27,10.36,9.01,1.09,0.3,0.39,1
Vegetables,-0.04250989539395514,0.535185721693197,-1.3311292283979599,1.246006696268205,-0.6248737376239637,Biogas,9.02,3.6,-14.0,-37.58,1.65,0.35,1.28,4
Vegetables,-0.37845408387580964,0.7477423829874505,1.3058164780518822,1.5813244382326561,-0.6270901206697271,Biogas,7.29,3.14,58.66,47.28,1.52,0.65,1.18,4
Meat,0.439835234173676,0.15418793258085556,0.3303070582008951,1.3585448425439455,-0.0729943592291379,Biogas,11.82,3.94,32.63,17.59,2.65,1.1,0.43,2
Grains,1.533952412239842,-1.1258917205994607,0.6638503362329207,-0.09641262002098303,0.3459020364199477,Compost,17.98,2.57,54.86,54.41,1.18,0.28,0.42,1
Meat,-1.1479430882300363,-0.0813379734158646,0.557437470333582,1.5319454556830967,-1.473748444150946,Compost,3.18,1.02,37.63,22.39,2.11,1.08,0.45,2
Grains,-0.8798949883676725,-1.152142285973708,-1.0645737216861737,0.34455317763089766,0.21735181976573137,Compost,4.89,0.68,1.48,-12.72,1.11,0.27,0.33,1
Grains,-0.310557995256319,-1.5429840371013923,0.5138256400469678,-0.7119273792433994,0.6850086424215885,Animal Feed,8.13,0.66,55.92,59.97,0.9,0.26,0.46,1
Mixed,-0.8112916488250622,0.5045600620899082,0.2371521887086871,-1.1023658459143353,-2.7947127394253126,Animal Feed,4.51,1.99,51.39,57.25,0.7,0.35,1.2,3
Grains,0.9363253822037007,-1.1984453665643948,0.8853984340889207,0.2859874076302571,0.4678031039368767,Compost,14.83,1.95,57.88,55.36,1.1,0.26,0.47,1
Grains,1.5077841280844135,-1.342458884937002,1.111831056937022,0.9945183897948673,0.738201835519884,Compost,18.17,1.99,58.2,50.82,1.01,0.26,0.42,1
Grains,0.571383905873939,-1.1944348635211068,-0.2614182551278866,-1.7224739988622924,0.7404182185656475,Animal Feed,13.01,1.7,42.5,50.9,0.99,0.34,0.41,1
Vegetables,1.2885363419173084,0.8206606201381379,-0.03324115906832103,-0.4420654978678997,0.028959260875929135,Biogas,16.4,7.03,37.88,36.44,1.68,0.32,1.18,4
Mixed,0.23473246646896465,0.7047206230685453,-0.913851236215635,0.11603183978526144,-0.38107160259010564,Biogas,10.58,4.44,7.79,-3.55,1.32,0.37,0.78,3
Vegetables,0.7856809355792063,1.2836914260450027,1.3515216761922533,-0.8060919506169781,0.6672775780554902,Animal Feed,14.14,6.8,80.75,90.42,1.33,0.62,0.86,4
Vegetables,-1.2660539923910252,0.8808181657874552,0.4433489223037992,-1.0392066821881545,0.718254388108022,Animal Feed,2.88,1.22,56.75,63.25,1.38,0.7,1.36,4
Vegetables,-0.525562275884706,1.166293064232396,-0.9815367968204604,-1.3331838806227414,0.8135588590758049,Animal Feed,6.99,3.23,18.47,19.36,1.77,0.45,1.49,4
Vegetables,-0.2370038992518709,0.7393567857151214,-0.5202980797092284,-1.3768211210153753,0.6384645984605773,Animal Feed,8.52,3.45,32.08,35.99,1.35,0.38,1.58,4
Meat,1.034633260517338,-0.07368155851504239,-0.44284346912020156,0.9416943619511524,-1.7086850470017563,Compost,13.8,4.49,14.1,-1.74,2.84,0.71,0.51,2
Vegetables,1.0749465631351607,1.0441550170049945,0.10492111927967282,0.654607254104876,-0.4165337313223026,Biogas,14.94,7.04,32.3,22.11,1.97,0.55,1.12,4
Grains,-1.476814767480694,-1.0832345518663087,-0.3577131764007307,1.6548187378413028,0.9731384383706944,Compost,1.75,0.25,10.33,-11.23,0.97,0.38,0.46,1
Vegetables,0.8422610094287816,0.8133687964230691,-0.24711357479387697,-1.6041941104296262,1.0484954619266154,Animal Feed,14.71,5.99,41.88,49.34,1.6,0.67,1.31,4
Grains,-1.0446844534545612,-1.3548549852526188,-0.053477048321309964,-1.6168259431748624,0.6295990662775296,Animal Feed,4.09,0.44,47.54,56.22,1.02,0.34,0.4,1
Grains,-0.5906293608117178,-1.190424360477819,-1.6269918850623508,-1.0024595323838312,0.7249035372453093,Animal Feed,6.6,0.87,-2.91,-8.61,1.04,0.31,0.42,1
Grains,-1.559563125485698,-1.6833516436164655,-0.0653394661592689,0.41919582567092933,0.5276454461724595,Compost,1.26,0.08,29.46,20.34,0.9,0.29,0.4,1
Grains,-1.4853017785581304,-1.312197816519467,-1.184942373277229,-0.3834997278672594,0.8756175843571512,Compost,1.69,0.19,4.36,-4.19,1.19,0.3,0.43,1
Vegetables,1.1195033712917015,0.9205586050345794,-0.3263126585943685,0.09880661331448502,1.2479699360452254,Biogas,16.41,6.87,24.78,16.95,1.29,0.52,1.03,4
Vegetables,-1.5524906162545014,1.0747806766082832,1.4422342831884112,1.2115562433266522,1.2368880208164144,Biogas,1.34,0.59,65.78,58.4,1.1,0.54,1.17,4
Grains,0.6265494778772751,-1.2469359942696017,-1.7372425920269114,0.7097279788113611,0.915512479180872,Compost,13.42,1.64,-20.98,-42.22,1.06,0.32,0.36,1
Grains,-0.8190714089793788,-1.1714656188186403,-0.7851091132095499,-0.8681027659117738,0.6539792797809154,Animal Feed,5.33,0.72,20.05,18.01,0.95,0.3,0.34,1
Vegetables,-0.12384375155272007,0.9059749576044422,-1.616873940435856,0.3778552821410656,0.36141671774028267,Biogas,9.02,3.91,-14.65,-32.31,1.43,0.61,1.18,4
Fruits,-1.5772443985636904,0.15017742953756777,-0.6465979402192632,0.8980571215585185,-0.7711550186442816,Biogas,1.09,0.38,8.64,-7.99,1.02,0.32,0.87,0
Meat,-0.5227332721922271,0.14616692649427998,-0.8723327737827784,-0.7303009541455612,-0.5384347988392316,Biogas,6.57,2.23,16.35,12.61,3.71,1.24,0.35,2
Vegetables,1.5247581502392857,1.1896269001206161,0.38787467417922583,1.1587322154829374,0.3481184194657112,Biogas,17.93,8.51,36.02,23.06,1.37,0.51,0.93,4
Vegetables,0.38466966217033977,0.9442570321085529,0.9286613697332423,-1.3550025008190585,-0.4453467109172154,Animal Feed,11.32,5.17,73.41,85.44,1.73,0.58,1.6,4
Grains,1.739055179944553,-1.2549570003561774,0.03932892652860521,0.9864799507751716,0.9620565231418832,Compost,19.64,2.37,27.53,14.06,0.94,0.29,0.37,1
Mixed,-0.47605471126632753,-0.6304122991605401,-1.108185551972788,-0.6820703200273868,-0.6603358663561638,Animal Feed,6.77,1.52,9.17,3.66,0.93,0.32,1.11,3
Grains,-0.0071473492379704505,-1.2155811522948061,0.8225973984761963,-0.8187237833622142,0.4456392734792544,Animal Feed,9.69,1.25,65.7,72.45,0.98,0.31,0.45,1
Mixed,0.7276863598833914,-0.3066553262114885,1.447118808180512,0.7154697209682868,-0.22592478938674004,Compost,13.25,3.55,70.24,67.2,0.68,0.51,0.96,3
Vegetables,1.0204882420549446,1.064207532221434,-0.2990988764955212,0.9531778462650036,0.36806586687757004,Biogas,15.22,6.95,18.11,2.99,1.63,0.48,1.66,4
Vegetables,1.0897988325206742,0.5282584891638819,0.10561890856425876,-1.273469762190716,0.6672775780554902,Animal Feed,15.81,5.92,49.11,55.71,1.55,0.69,1.16,4
Grains,1.6230660285529233,-1.207195555022477,1.0636835963005995,-1.078250528855248,0.5365109783555103,Animal Feed,18.63,2.42,74.87,85.26,1.13,0.22,0.36,1
Grains,0.7156630941903565,-1.0781302752657604,0.9705287268083921,1.4366325358781327,0.2727613959097903,Compost,13.51,2.03,50.3,38.26,0.98,0.38,0.33,1
Vegetables,0.45610200540542895,0.4360169191682623,0.3742677831298024,-1.024278152580148,0.8401554556249542,Animal Feed,12.43,4.46,54.64,60.61,1.59,0.44,1.3,4
Vegetables,-1.3466805976266705,0.4345585544252483,1.0204206606562785,-1.4962493578794265,-0.3744224534528183,Animal Feed,2.32,0.88,77.26,91.04,1.15,0.68,1.23,4
Vegetables,0.9497631497429752,0.8680574742860846,1.350126097623082,0.7315465990076778,-0.5007562870612743,Biogas,14.23,6.36,67.32,63.6,1.2,0.43,1.25,4
Vegetables,-0.7490535675905291,0.8629531976855365,1.0647302802274783,0.13210871782465297,-0.11732202014438567,Biogas,5.51,2.41,64.36,64.21,1.48,0.57,1.5,4
Grains,1.6167007702448464,-1.6906434673315343,-0.48959535118745207,0.6867610101836591,0.3193054398707984,Compost,18.41,1.14,14.98,1.09,0.94,0.18,0.46,1
Grains,0.4016436843252123,-1.4879307680526235,-0.699978820490079,-0.2100991147281085,0.2949252263674126,Compost,11.83,1.08,16.76,9.48,0.99,0.31,0.4,1
Meat,-0.6486239365075327,-0.003680050850382479,0.9004009037075162,-0.7199658182630952,-1.1036124755086352,Compost,5.75,1.88,67.07,73.4,2.47,0.98,0.42,2
Vegetables,1.6167007702448464,1.268743187429112,-0.9899102682354903,-1.318255351014735,-0.6692013985392115,Animal Feed,17.54,8.96,18.1,18.81,1.44,0.55,1.64,4
Grains,1.1294048842153772,-1.255686182727684,0.39415477774049823,0.8004475048907843,0.4035279956097701,Compost,15.83,1.96,39.32,29.51,1.04,0.21,0.37,1
Vegetables,-0.8664572208283983,0.6657093661929273,0.7786366735472895,-0.456994027475906,1.179262061626595,Biogas,5.19,2.0,61.29,64.63,1.54,0.58,0.71,4
Vegetables,0.5480446254109892,1.0379569668471864,-1.124583600160555,0.05976276664739145,-0.32566202644604675,Biogas,12.25,5.73,2.24,-9.83,1.52,0.48,1.27,4
Grains,-0.9223300437548542,-1.2097476933227511,1.0574034927393274,-0.3123021251213827,1.1659637633520203,Compost,4.88,0.61,68.02,71.71,1.02,0.27,0.44,1
Vegetables,-1.137334324383241,1.258170043042262,-1.6870017635367318,1.6915658876456263,0.04225755915050378,Biogas,3.48,1.71,-28.09,-57.6,1.49,0.5,1.12,4
Vegetables,-0.11960024601400174,1.2304611129250007,0.44858234193819285,-1.3584475461132137,0.9110797130893481,Animal Feed,9.28,4.34,59.68,68.98,1.55,0.73,1.08,4
Vegetables,-0.6762067225092008,0.7743575395474516,-1.1430750162020793,0.9795898601868607,-0.2968490468511371,Biogas,5.84,2.5,-6.3,-26.48,1.35,0.37,1.15,4
Fruits,-0.8593847115972014,-0.4616065801566991,0.6955997486815757,-0.9415970655204206,-0.23922308766131467,Animal Feed,4.9,1.2,63.13,70.22,0.49,0.45,1.11,0
Grains,-0.6054816301972313,-1.5954851678498874,-1.6158272565089775,-0.9875310027758248,0.46558672089111636,Animal Feed,6.44,0.48,-2.71,-8.47,1.11,0.34,0.37,1
Vegetables,-0.31621600264127664,0.499091194303607,0.21586961552881936,-1.3883046053292265,0.702739706787687,Animal Feed,8.11,3.0,53.27,61.51,1.53,0.41,1.46,4
Grains,1.2524665448382042,-1.2761032891298765,-1.1455172786981298,0.15966908017789574,0.3193054398707984,Compost,16.44,2.0,0.77,-12.29,1.05,0.34,0.49,1
Grains,1.4957608623913787,-1.708873026619206,-0.41248963524071813,-1.283804898073182,0.6185171510487185,Animal Feed,18.0,1.05,34.34,38.05,0.95,0.28,0.41,1
Vegetables,0.02397169137929591,0.7207626352416965,-0.7899936382016508,-0.4317303619854338,-0.4342647956884011,Biogas,9.45,4.0,16.11,10.25,1.81,0.42,1.19,4
Fruits,1.5028333716225757,-0.26545652222135,1.3881556136330098,-0.12397298237422558,-0.6071426732578652,Compost,17.01,4.74,75.86,79.81,0.89,0.49,0.89,0
Mixed,1.644990807169634,0.16694862408222588,-1.6248985172085932,1.2012211074441859,-0.9573311944883172,Biogas,17.44,6.1,-22.04,-46.91,0.86,0.55,0.84,3
Mixed,-1.6281664650283085,0.6310732035463508,0.17504894238054866,-0.0298084110006469,-1.5823512133933035,Biogas,0.79,0.35,40.28,36.45,1.83,0.4,1.33,3
Fruits,0.6491815074171053,0.013091143694275642,-1.609547152947705,1.235671560385739,-0.3744224534528183,Compost,12.75,4.04,-21.9,-46.99,1.49,0.37,0.83,0
Meat,1.1053583528293074,0.24497113783346164,0.09026754430337064,0.8142276860674057,-1.8970776058915586,Biogas,14.0,5.32,30.5,18.83,3.04,0.53,0.6,2
Grains,-0.7052040103571082,-1.3205834137917958,-1.3091488659335064,1.5847694835268116,0.2971416094131761,Compost,5.85,0.67,-16.33,-42.74,1.07,0.33,0.45,1
Mixed,0.3570868761686717,-0.567702615210949,-1.0855074002237486,-0.07689069668743624,-1.3075197157187692,Compost,10.71,2.59,4.54,-6.11,1.24,0.45,0.57,3
Vegetables,-1.0892412616111018,0.6558654041775847,-1.5177878620246688,-0.6614000482624549,-0.8398628930629121,Animal Feed,3.58,1.51,-2.75,-10.79,1.3,0.61,1.4,4
Grains,1.4632273199278727,-1.4649615233501567,1.4729370117101874,-0.022918320412336213,0.7625820490232698,Compost,17.95,1.66,77.42,80.97,1.13,0.34,0.43,1
Vegetables,0.9299601238956237,0.544300501337033,1.676342588166956,-1.1218877692478821,0.02231011173864496,Animal Feed,14.49,5.63,92.81,107.09,1.79,0.6,1.04,4
Vegetables,0.5819926697207343,1.2592638165995222,-1.5994292083212105,0.6109700137122421,0.3348201211911365,Biogas,12.82,6.22,-16.16,-35.75,1.62,0.59,1.67,4
Vegetables,1.5233436483930467,0.6000829527573088,-1.2348343071251158,1.092128006462601,-0.23479032156979085,Biogas,17.43,7.0,-9.91,-31.59,0.81,0.57,0.87,4
Grains,0.2658515070862313,-1.3592300794816603,-0.792784795339994,0.17115256449174654,0.8423718386707145,Compost,11.38,1.22,10.78,-0.35,0.91,0.35,0.47,1
Vegetables,0.32101707908956745,0.8235773496241654,1.7286767845108932,-0.141198208845002,-0.8176990626052897,Biogas,10.79,4.82,85.77,91.82,1.32,0.59,1.16,4
Vegetables,-1.4548899888639837,0.5045600620899082,-1.3600874837082717,-0.2273243411988849,-0.7800205508273292,Biogas,1.72,0.68,-2.02,-12.93,1.58,0.41,0.97,4
Vegetables,0.48580654417645597,0.608468550029638,-0.46412604230006926,1.4481160201919838,1.1216361024367727,Biogas,12.76,4.82,9.08,-11.28,1.97,0.53,1.21,4
Fruits,0.4900500497151743,0.5957078585282674,-1.7117732831395287,-0.6648450935566101,-0.5495167140680459,Animal Feed,11.81,4.81,-8.28,-17.39,1.04,0.45,0.61,0
Grains,-0.5644610766562893,-1.2516756796843962,-0.8636104077254555,0.8613099717541951,0.7825294964351318,Compost,6.76,0.83,2.74,-14.81,0.99,0.32,0.44,1
Vegetables,-1.2731265016222224,0.43310018968223485,0.6652459148020925,-1.3664859851329094,0.7448509846571714,Animal Feed,2.85,1.02,65.96,76.57,1.6,0.28,1.19,4
Vegetables,-0.3190450063337554,0.9041520016756751,0.5375504757228857,0.763700355086461,0.9221616283181593,Biogas,8.17,3.45,43.75,35.08,1.67,0.52,1.29,4
Mixed,-0.09767546739729133,-0.05800413752764462,-0.3650399638888819,1.660560479998228,0.27941054504707763,Compost,9.13,2.71,10.07,-11.58,0.79,0.24,0.73,3
Vegetables,0.7340516181914684,0.6580529512921054,0.6251230309384073,-0.28474176276814017,-0.23257393852402736,Biogas,13.28,5.44,55.39,56.36,1.59,0.35,1.35,4
Vegetables,-1.640896981644463,0.9154543284340313,1.329192419085507,-1.0575802570903161,0.9554073740045959,Animal Feed,0.83,0.35,82.3,94.03,1.31,0.37,1.6,4
Vegetables,0.23968322293080255,0.6956058434247094,0.17086220667303353,1.6536703894099176,1.3078122782808115,Biogas,11.48,4.44,25.48,6.96,1.37,0.49,1.23,4
Grains,0.5904796807981704,-1.602047809193449,0.3009999082482905,-0.21124746315949355,0.3215218229165619,Compost,12.86,0.96,45.45,43.92,0.87,0.35,0.41,1
Grains,-0.0948464637048126,-1.6541843487561907,-0.2551381515666141,0.4077123413570785,1.0263316314689899,Compost,9.46,0.62,24.12,14.01,0.76,0.34,0.32,1
Vegetables,0.8762090537385271,0.9048811840471819,-1.0663181948976383,0.8015958533221696,1.006384184057131,Biogas,14.87,6.26,-2.55,-20.74,1.57,0.5,1.44,4
Grains,0.3415273558600385,-1.6793411405731777,0.6170984541656701,0.4260859162592398,0.9044305639520608,Compost,11.83,0.73,48.97,43.7,0.85,0.24,0.4,1
Vegetables,0.8726727991229284,0.7244085470992306,-0.5052956100906331,0.7843706268513928,0.8667520521741003,Biogas,14.76,5.88,13.68,-1.14,1.57,0.34,1.39,4
Grains,0.5968449391062479,-1.642152839626327,0.5155701132584324,-0.7911634210089716,1.0750920584757646,Animal Feed,13.36,0.89,56.66,61.41,1.1,0.22,0.38,1
Fruits,0.5720911567970585,0.7637843951606017,-0.5649565939227214,-0.19172553982594678,-1.5424563185695797,Biogas,11.64,5.29,20.47,13.81,0.98,0.41,0.71,0
Grains,0.7085905849591594,-1.7376757302937273,0.7301403182685745,0.9393976650883822,1.0573609941096629,Compost,13.97,0.75,47.74,38.64,1.29,0.28,0.37,1
Vegetables,0.6753497915725338,0.6649801838214205,-0.08348198755850053,-0.9473388076773461,0.9398926926842578,Animal Feed,13.71,5.33,40.84,43.51,1.16,0.63,1.31,4
Grains,-0.39754985880004134,-1.5152751069841313,1.2838361155874283,-1.4526121174867923,0.43899012434196705,Donation,7.57,0.66,84.43,99.34,0.97,0.31,0.41,1
Mixed,-1.5722936421018525,-0.36535450711779177,1.3926912439828174,-1.350409107093518,-0.7888860830103801,Animal Feed,1.12,0.3,86.67,101.32,1.19,0.41,1.09,3
Mixed,-0.5008084935755167,0.7495653389162177,-1.184593478634936,0.49843186743650175,-0.45421224310026304,Biogas,6.71,2.87,-3.3,-19.52,1.29,0.48,0.9,3
Vegetables,1.2934870983791462,0.48997641465977104,1.5161999473545085,-1.5800787933705391,1.2834320647774256,Donation,17.42,6.25,92.2,109.56,1.63,0.38,1.13,4
Grains,0.9497631497429752,-1.5265774337424878,-0.31514803004099523,-0.7130757276747846,0.7891786455724191,Animal Feed,15.13,1.27,32.17,31.48,1.02,0.3,0.27,1
Grains,1.3415801611512854,-1.64032988369756,0.6024448791893677,-0.6533616092427591,0.4434228904334909,Animal Feed,17.02,1.17,57.94,61.98,1.03,0.28,0.41,1
Vegetables,-0.3140942498719175,0.7484715653589573,0.7399093682527756,0.27565227174779117,0.9598401400961197,Biogas,8.22,3.29,53.8,50.54,1.51,0.57,1.06,4
Vegetables,-1.0319539368384065,0.6139374178159392,0.9136589001146468,-0.0918192262954425,-0.5251365005646601,Biogas,3.93,1.61,61.98,62.91,1.53,0.56,1.24,4
Grains,-0.379868585722049,-1.3194896402345355,-1.670952609991258,-0.7923117694403568,0.6030024697283803,Animal Feed,7.72,0.88,-6.0,-13.78,1.05,0.23,0.39,1
Grains,-0.4916142315749607,-1.7402278685940016,0.22877871729365734,-1.217200689052846,0.45228842261654173,Animal Feed,7.06,0.38,52.15,58.96,1.0,0.24,0.44,1
Mixed,1.6428690544002749,0.41231849209428867,-1.3457828033742623,-1.0196847588546076,-0.29906542989689744,Animal Feed,18.01,6.75,5.29,1.36,1.35,0.39,0.5,3
Grains,-0.8699934754439969,-1.2808429745446714,0.42381082233539596,0.18148770037421247,0.6273826832317662,Compost,5.04,0.6,45.56,41.32,0.96,0.31,0.45,1
Fruits,-1.4994467970205243,-0.553483558966565,-0.9305981790456949,1.4056271282307349,-0.32122926035452287,Compost,1.52,0.35,-3.92,-26.59,1.09,0.55,0.54,0
Vegetables,0.5268270977173981,1.1473343225732175,0.6798994897783945,-0.838245706695761,-0.8553775743832501,Animal Feed,11.82,5.87,61.78,67.87,1.32,0.49,1.16,4
Vegetables,-0.7207635306657415,0.5118518858049771,0.5581352596181678,0.3273279511601208,-0.4187501143680661,Biogas,5.58,2.18,48.14,43.39,1.34,0.46,1.0,4
Fruits,-1.414576686246161,-0.31175960281203663,-1.3726476908308165,1.2138529401894225,0.33038735509960954,Compost,2.03,0.53,-14.91,-38.45,1.46,0.35,0.9,0
Vegetables,1.2991451057641037,1.3059314883759623,-1.5027853924060735,0.7189147662624418,-0.41431734827654226,Biogas,16.11,8.22,-14.34,-34.31,1.45,0.62,1.11,4
Vegetables,1.4929318586989,0.8104520669370416,-0.6281065241777388,1.2138529401894225,-0.72239459163751,Biogas,16.86,7.47,6.42,-12.85,1.77,0.55,1.12,4
Vegetables,-0.09696821647417152,1.2304611129250007,1.1896345621683413,0.06780120566708722,-0.7977516151934277,Biogas,8.67,4.4,68.5,69.64,1.61,0.47,1.52,4
Fruits,0.4942935552538921,0.46080911979949574,-0.4348188923474646,0.5386240625349802,-2.511015709567731,Compost,10.69,4.58,17.83,5.55,1.41,0.45,0.49,0
Mixed,-1.5609776273319376,0.8986831338893734,1.1613740961426158,-0.7234108635572505,-2.832391251203273,Animal Feed,1.05,0.54,74.58,82.44,0.81,0.12,0.89,3
Vegetables,0.47166152571406217,1.1148857070411615,1.6104015007735955,-0.915185051598563,1.2125078073130284,Animal Feed,12.73,5.68,89.12,101.22,1.17,0.34,1.18,4
Meat,1.000685216207593,0.09293661337427819,-0.2551381515666141,-0.08378078727574673,-0.4830252226951727,Biogas,14.51,4.8,28.4,22.57,2.34,1.06,0.52,2
Grains,-1.0758034940718277,-1.1000057464109667,1.3347747333621938,0.6063766199867014,1.092823122841863,Compost,4.0,0.57,67.98,65.25,1.0,0.31,0.45,1
Grains,1.5099058808537722,-1.4372525932328957,-0.7938314792668728,0.8153760344987906,0.758149282931746,Compost,18.2,1.75,5.14,-11.61,0.93,0.27,0.39,1
Vegetables,0.7786084263480092,0.608468550029638,-1.358343010496807,1.5755826960757304,-0.3943699008646803,Biogas,13.41,5.44,-17.66,-44.27,1.31,0.45,1.44,4
Vegetables,-1.1988651546946545,0.7564925714455328,-1.1999448428958244,0.26761383272809536,-0.691365228996837,Biogas,3.04,1.32,-1.73,-16.03,1.54,0.48,1.17,4
Vegetables,-0.23841840109811024,0.9679554591825266,-1.2854240302575881,-0.24225287080689137,1.2169405734045524,Biogas,8.74,3.72,0.26,-10.09,1.7,0.61,1.05,4
Vegetables,-0.012805356622928131,0.8100874757512886,1.0151872410218845,-1.6053424588610115,1.2679173834570874,Animal Feed,10.03,4.04,78.07,92.77,1.53,0.58,1.24,4
Grains,-1.5715863911787329,-1.5798077468624894,-0.6064750563555782,0.0999549617458701,0.3060071415962238,Compost,1.18,0.09,16.75,7.31,0.87,0.38,0.41,1
Vegetables,-0.3027782351020024,0.9358714348362238,-1.104347710907566,1.232226515091584,0.23508288413182984,Biogas,8.0,3.53,-7.38,-29.54,1.77,0.46,1.66,4
Vegetables,-0.04887515370203237,0.750659112473478,0.8777227519584766,-1.3814145147409158,1.072875675430001,Animal Feed,9.74,3.88,72.18,84.15,1.51,0.48,1.25,4
Vegetables,1.1796196997568755,0.5494047779375811,-1.4787116620878624,-1.6501280476850306,-0.5605986292968571,Animal Feed,15.38,6.15,6.99,7.79,1.74,0.54,1.17,4
Vegetables,1.547390179779116,0.5165915712197716,-1.6343186725505017,0.31814116370904016,0.4212590599758686,Biogas,18.12,6.83,-14.62,-31.86,1.48,0.52,1.34,4
Mixed,-0.6012381246585133,-0.14951652515175717,-0.35003749427028663,0.753365219203995,-2.127581442650842,Compost,5.68,1.82,18.4,4.74,0.72,0.4,0.97,3
Vegetables,0.8783308065078858,0.9792577859408826,-0.02451879301099819,-0.06196216707942978,0.4921833174402625,Biogas,14.53,6.42,34.84,30.14,1.77,0.52,1.08,4
Vegetables,-1.6932335499553202,0.8151917523518362,-0.011609691246160224,0.3043609825324188,-0.015368400039315486,Biogas,0.52,0.22,32.01,24.19,1.88,0.37,0.99,4
Grains,1.335922153766328,-1.1969870018213808,-0.48854866726057333,1.5640992117618793,0.2616794806809791,Compost,16.84,2.24,7.37,-14.15,0.91,0.2,0.48,1
Grains,0.7736576698861714,-1.05260889226302,-1.2582102481587407,0.3146961184148847,0.37249863296909697,Compost,13.89,2.13,-3.81,-18.86,0.99,0.28,0.45,1
Vegetables,-0.4081586226468369,0.7444610623156696,-0.562514331426671,-1.229832521798082,0.45672118870806555,Animal Feed,7.51,3.07,29.58,31.97,1.66,0.66,1.46,4
Fruits,-1.5362238450227483,0.5129456593622375,-1.6723481885604294,1.0576775535210479,-2.5619925196202655,Compost,1.19,0.52,-22.15,-46.05,1.62,0.52,0.71,0
Grains,1.2163967477590993,-1.1918827252208326,0.0592159211393013,0.28024566547333146,0.7559328998859824,Compost,16.58,2.17,34.25,27.05,1.13,0.35,0.46,1
Meat,0.2616080015475132,0.11080158147619668,1.6449420703605941,-1.598452368272701,-0.5450839479765189,Donation,10.63,3.55,96.06,114.32,2.9,0.8,0.53,2
Meat,-0.6302354125064208,-0.27821721372272035,-0.5604209635729136,0.9795898601868607,-0.18159712847149226,Compost,6.12,1.66,10.4,-6.45,3.44,0.91,0.45,2
Grains,-0.8013901359013865,-1.6348610159112584,0.37356999384521644,0.24464686410039335,0.3259545890080857,Compost,5.34,0.37,43.57,38.49,0.99,0.36,0.44,1
Meat,0.7029325775742019,-0.21988262400217046,-0.6022883206480631,1.1931826684244906,-1.3784439731831664,Compost,12.39,3.68,7.34,-11.6,2.13,1.04,0.59,2
Vegetables,-0.30136373325576304,0.6817513783660785,0.7615408360749364,0.42838261312201037,1.0263316314689899,Biogas,8.31,3.24,53.09,48.63,1.44,0.67,1.32,4
Grains,-0.7716855971303593,-1.7136127120340006,-0.9299003897611091,-0.16990691962962962,1.0906067397960995,Compost,5.7,0.32,9.82,0.88,1.03,0.29,0.35,1
Vegetables,1.1555731683708057,1.3212443181776068,-0.8524457791720823,1.3573964941125607,1.183694827718119,Biogas,16.56,7.87,-1.25,-23.06,1.54,0.51,1.31,4
Vegetables,0.3959856769402549,1.1586366493315736,0.9279635804486561,-1.0897340131690991,0.4146099108385813,Animal Feed,11.87,5.56,71.07,80.78,1.01,0.52,1.06,4
Meat,1.3253133899195322,0.5997183615715552,1.5245734187695388,1.3975886892110392,-1.1036124755086352,Biogas,15.7,6.58,66.52,58.0,2.97,0.92,0.58,2
Grains,0.6456452528015066,-1.7559052895813991,-0.1159291892917415,-1.3768211210153753,0.6074352358199042,Animal Feed,13.34,0.69,43.66,49.9,1.03,0.31,0.43,1
Vegetables,0.2036134258516983,1.2479614898411657,-1.1259791787297266,-0.038995198451727754,-0.691365228996837,Biogas,10.26,5.21,3.07,-8.14,1.59,0.4,1.03,4
Grains,1.4144270062326139,-1.3712615886115236,0.5148723239738466,-0.9909760480699801,0.9709220553249308,Animal Feed,17.85,1.87,58.38,64.87,0.95,0.33,0.36,1
Grains,-0.9866898777587463,-1.3249585080208373,-0.9640920647058147,-0.42139522610296787,0.9443254587757848,Compost,4.47,0.5,11.03,4.08,1.06,0.31,0.38,1
Fruits,0.05438348107344272,0.400651574150179,-0.6975365579940286,1.4756763825452262,-1.6732229182695595,Biogas,9.03,3.61,2.16,-19.79,1.17,0.52,0.88,0
Vegetables,1.4667635745434708,0.4557048431989476,-0.7390550204268853,-1.5502217341545266,0.29935799245893957,Animal Feed,17.58,6.51,27.31,31.48,1.51,0.51,1.58,4
Vegetables,-1.1083370365353336,1.2716599169151392,-1.0094483682038935,-1.0483934696392354,0.9842203535995055,Animal Feed,3.8,1.79,15.19,13.44,1.61,0.59,1.1,4
Meat,-0.5863858552729997,-0.24029973040436298,0.5145234293315536,0.6798709195953482,-0.4165337313223026,Compost,6.28,1.76,43.82,35.76,3.01,1.04,0.43,2
Fruits,1.4299865265412472,0.7492007477304645,0.5773244649442779,-0.9852343059130544,-0.5340020327477077,Animal Feed,16.7,7.17,60.12,66.91,0.78,0.59,0.69,0
Grains,-0.9980058925286615,-1.1021932935254872,0.9161011626106974,-1.117294375522342,0.5631075749046596,Animal Feed,4.33,0.63,70.99,80.88,0.95,0.36,0.36,1
Grains,-1.3254630699330796,-1.3727199533545376,0.5197568489659474,-1.5318481592523647,1.1127705702537218,Animal Feed,2.6,0.27,63.23,74.46,1.07,0.36,0.4,1
Vegetables,0.20927143323665573,0.5873222612559382,-0.4407501012664442,-0.8853279923825503,0.6074352358199042,Animal Feed,10.95,4.2,30.07,30.16,1.26,0.55,1.47,4
Meat,-1.4739857637882152,0.45971534624223537,0.42590419018915354,1.2172979854835775,0.07771968788270389,Biogas,1.69,0.63,36.6,23.34,3.11,0.99,0.55,2
Vegetables,-1.6232157085664707,0.7801909985195065,-1.5582596405306466,0.19641622998221872,1.0551446110639027,Biogas,0.93,0.38,-11.38,-27.11,2.16,0.56,1.34,4
Grains,0.5041950681775679,-1.2265188878674091,0.05956481578159414,0.9520294978336183,0.7803131133893683,Compost,12.66,1.59,28.41,15.36,1.18,0.3,0.45,1
Fruits,0.5275343486405182,-0.45650230355615096,-0.8444212023993453,0.2549819999828593,-1.7951239857864885,Compost,11.27,2.99,8.57,-3.59,1.6,0.43,0.7,0
Meat,1.2835855854554705,0.5825825758411437,-0.9093156058658272,-1.5169196296443583,-0.035315847451177454,Biogas,16.33,6.45,22.14,25.03,3.05,1.33,0.48,2
Vegetables,-0.8834312429832709,0.4640904404712768,-0.206292901645606,0.3238829058659658,0.9797875875079817,Biogas,5.05,1.82,26.26,17.16,1.78,0.5,1.23,4
Fruits,1.3910877257696637,0.9052457752329355,1.596096820439586,-0.09067087786405742,-0.20597734197487808,Biogas,16.76,7.47,81.54,86.38,1.28,0.45,0.81,0
Grains,1.0848480760588364,-1.4419922786476902,-1.3422938569513332,-1.3802661663095308,1.1238524854825362,Animal Feed,16.12,1.52,8.54,7.78,1.0,0.25,0.5,1
Mixed,-0.6670124605086447,-0.1276410540065509,-0.3475952317742362,0.8842769403818971,-0.02201754917660281,Compost,5.97,1.74,17.33,2.54,1.14,0.52,0.74,3
Grains,1.5240508993161663,-1.5189210188416653,-0.841630045261002,0.10799340076556567,0.6052188527741439,Compost,18.15,1.55,9.93,-0.93,0.93,0.35,0.3,1
Mixed,-0.9753738629888312,-0.266185704592857,-0.40586063703715286,1.170215699796788,-2.1497452731084676,Compost,3.89,1.17,13.16,-4.46,1.3,0.41,1.09,3
Vegetables,-0.36006555987469774,0.4969036471890863,-1.0858562948660415,-1.131074556698963,-0.6403884189443018,Animal Feed,7.37,2.91,13.72,12.25,1.42,0.41,1.19,4
Vegetables,-1.1436995826913183,0.6077393676581307,1.1100865837255576,0.5638877280254528,1.2767829156401382,Biogas,3.65,1.37,61.9,58.26,1.5,0.64,1.3,4
Meat,0.47166152571406217,0.2923679919814083,-0.3120079782603589,-0.21124746315949355,0.044473942196267276,Biogas,12.06,4.24,27.89,22.84,2.7,0.84,0.59,2
Grains,0.40305818617145195,-1.1991745489359014,0.18446909772245718,0.14703724743265922,0.5941369375453327,Compost,12.0,1.57,39.01,33.69,0.99,0.24,0.43,1
Fruits,1.3854297183847062,0.13522919092167698,-0.4533103083889891,1.4573028076430645,-3.0230001931388357,Compost,14.45,5.56,9.31,-11.07,1.08,0.4,1.06,0
Grains,0.5211690903324406,-1.4846494473808423,0.10108327821445079,-0.3019669892389168,0.246164799360641,Compost,12.44,1.14,40.52,38.64,0.86,0.34,0.45,1
Grains,0.8684292935842105,-1.2378212146257659,0.38892135810610456,-1.4962493578794265,0.9332435435469736,Animal Feed,14.78,1.82,59.17,69.33,1.02,0.34,0.4,1
Grains,0.5367286106410738,-1.2440192647835744,-0.6888141919367057,-1.1023658459143353,1.19477674294693,Animal Feed,13.09,1.59,24.85,25.4,0.99,0.37,0.48,1
Vegetables,-1.1040935309966156,1.1648346994893821,-1.6643236117876923,-0.44665889159344,-0.5761133106171921,Biogas,3.55,1.75,-8.82,-19.57,1.33,0.43,1.04,4
Vegetables,-0.34096978495046604,1.1170732541556818,0.0616581836353517,0.21364145645299557,-0.8775414048408725,Biogas,7.39,3.64,34.9,28.3,1.6,0.66,1.14,4
Grains,0.5289488504867572,-1.7132481208482473,0.5692998881715413,1.2816054976411437,0.8866994995859623,Compost,12.86,0.74,40.15,27.16,0.9,0.36,0.41,1
Fruits,-0.5220260212691076,0.4932577353315516,-0.7920870060554082,-1.5640019153311477,-2.918830189988005,Animal Feed,5.8,2.57,25.91,29.89,1.38,0.47,0.79,0
Grains,-0.488785227882482,-1.4810035355233082,1.590863400805192,0.70054119136028,0.8490209878080018,Compost,7.21,0.65,74.5,72.42,0.9,0.4,0.41,1
Vegetables,-0.4718112057276092,1.234836207154042,1.2583668067000457,-1.6145292463120922,0.035608410013216456,Donation,7.03,3.43,85.12,101.29,1.5,0.5,1.32,4
Grains,0.7071760831129202,-1.1280792677139813,-0.17489238383924383,1.2632319227389819,0.880050350448675,Compost,13.85,1.93,18.98,1.87,0.91,0.31,0.49,1
Grains,0.3026285550884553,-1.6038707651222162,-0.7718511168024192,-1.5835238386646944,0.7714475812063206,Animal Feed,11.55,0.84,26.66,30.94,0.97,0.26,0.36,1
Vegetables,-0.24902716494490582,0.5494047779375811,0.03932892652860521,0.3169928152776549,-0.6093590563036286,Biogas,7.96,3.19,33.36,25.73,1.49,0.55,0.89,4
Grains,-0.35440755248974004,-1.2469359942696017,-0.0349856322797855,0.28943245292441255,1.2568354682282763,Compost,8.1,0.97,31.47,23.65,0.94,0.27,0.51,1
Meat,0.8083129651190365,-0.2588938808777882,0.004090567657020743,1.634148466076371,-0.38107160259010564,Compost,13.58,3.76,20.88,1.58,3.53,0.87,0.69,2
Mixed,-0.7448100620518111,-0.031024389781890233,0.9548284679052108,1.1816991841106395,-1.4006078036407885,Compost,5.19,1.7,52.08,42.17,1.18,0.38,0.62,3
Fruits,-1.6691870185692506,0.630344021174844,1.7073942113310254,0.38819041802353155,-1.1146943907374463,Biogas,0.61,0.26,80.55,81.85,1.2,0.25,0.76,0
Grains,-0.6974242502027916,-1.7497072394235909,0.1275992710287124,1.170215699796788,0.880050350448675,Compost,6.06,0.32,28.46,13.91,1.12,0.33,0.53,1
Vegetables,0.18734665461994532,1.0496238847912962,-1.3143822855679002,0.1125867944911064,-0.4386975617799281,Biogas,10.3,4.87,-3.65,-17.26,1.53,0.53,1.21,4
Vegetables,-0.19669059663404834,1.2753058287726735,1.5113154223624083,-0.46732916335837194,0.8556701369452892,Biogas,8.83,4.2,82.38,90.02,1.5,0.44,1.44,4
Vegetables,0.49075730063829387,0.7605030744888207,-1.5254635441551128,-1.632902821214254,-0.5628150123426174,Animal Feed,11.81,5.1,5.49,5.87,1.54,0.56,1.22,4
Mixed,-1.5850241587180072,0.3452337139156567,-1.6186184136473207,0.7820739299886227,-1.9325397346237556,Biogas,0.99,0.39,-18.2,-39.38,1.39,0.29,1.0,3
Vegetables,0.18946840738930423,1.1353028134433536,0.706066587950363,1.2471550446995905,0.6539792797809154,Biogas,10.86,5.0,44.37,32.47,1.75,0.42,1.24,4
Fruits,-0.5008084935755167,0.9632157737677316,-0.8960576094586965,-0.9622673372853524,-3.0074855118184973,Animal Feed,5.87,3.09,17.69,15.83,1.41,0.5,0.77,0
Grains,0.7255646071140321,-1.752259377723865,-0.6193841581204159,0.7212114631252119,0.702739706787687,Compost,13.84,0.72,10.96,-3.96,0.82,0.3,0.34,1
Fruits,0.3231388318589264,-0.5410874586509483,-0.025914371580169814,1.6789340549003897,-0.41210096523077877,Compost,11.02,2.59,19.63,-0.24,1.25,0.4,0.99,0
Grains,1.074239312212041,-1.286311842330973,-1.6699059260643792,1.3103142084257713,0.44785565652501474,Compost,15.57,1.86,-24.29,-50.37,1.09,0.24,0.29,1
Fruits,-0.1217219987833609,0.4856013204307297,0.5424350007149865,-0.11823124021729997,-2.4112784725084238,Compost,7.85,3.37,51.57,50.61,0.89,0.11,0.84,0
Grains,-0.6945952465103128,-1.7223629004920833,-0.8569814095218902,-1.4330901941532457,1.2213733394960793,Animal Feed,6.17,0.34,22.91,25.38,0.81,0.27,0.31,1
Vegetables,-0.034022884316518995,1.2009292268789726,-0.7826668507134995,0.566184424888223,-0.6802833137680225,Biogas,9.04,4.53,7.63,-6.88,1.96,0.61,1.33,4
Grains,0.7333443672683487,-1.1080267524975422,1.333030260150729,0.09650991645171486,0.6451137475978647,Compost,13.84,1.99,72.36,74.06,1.03,0.22,0.39,1
Grains,-0.7985611322089078,-1.5750680614476948,0.871791543039497,1.2850505429352987,0.46558672089111636,Compost,5.39,0.42,48.79,37.5,0.95,0.26,0.4,1
Mixed,0.45963826002102726,0.16767780645373287,0.48033175438684816,-1.3377772743482819,-0.6448211850358256,Animal Feed,11.6,4.0,60.42,69.73,1.51,0.5,1.16,3
Fruits,0.4384207323274366,0.5300814450926489,0.6205874005885995,1.5445772884283326,-1.7530127079170041,Biogas,10.86,4.59,39.34,24.35,1.37,0.4,0.97,0
Mixed,0.5155110829474833,-0.3919696636777925,-1.6514145100228546,1.40677547666212,0.6717103441470139,Compost,12.66,3.09,-24.59,-51.41,1.79,0.2,0.91,3
Fruits,1.2510520429919645,-0.0445142636547673,0.07072944433496739,-1.458353859643718,-1.1634548177442179,Animal Feed,15.28,4.9,49.72,57.73,1.21,0.46,0.78,0
Vegetables,-0.11818574416776238,1.299004255846647,1.4656102242220366,-0.2020606757084127,0.35698395164875885,Biogas,9.05,4.44,78.76,83.82,1.39,0.53,1.22,4
Grains,-0.08777395447361556,-1.653819757570437,0.5169656918276042,-0.8968114766964015,0.5054816157148372,Animal Feed,9.28,0.62,57.62,63.3,1.1,0.29,0.36,1
Grains,-0.12879450801455794,-1.3687094503112496,-1.2320431499867723,1.3665832815636414,0.407960761701294,Compost,9.01,0.97,-12.22,-36.28,0.78,0.33,0.43,1
Mixed,0.5699694040276994,-0.16665231088216864,-0.7463818079150365,-1.1563382221894354,-0.6226573545782034,Animal Feed,12.18,3.58,23.67,24.36,0.71,0.24,1.1,3
Vegetables,0.5438011198722709,1.2373883454543164,0.5686020988869551,0.4639814144949485,-0.050830528771515594,Biogas,12.39,6.08,47.26,41.39,1.22,0.45,0.97,4
Mixed,0.7057615812666806,-0.39342802842080626,-1.479409451372448,-1.5731887027822284,-0.1217547862359095,Animal Feed,13.2,3.35,6.29,6.41,0.97,0.42,0.54,3
Grains,-1.3558748596272263,-1.5342338486433098,-1.0335220985221045,1.037007281756116,0.5786222562249945,Compost,2.38,0.2,-3.66,-23.71,0.93,0.36,0.48,1
Fruits,1.707228888404167,0.0644985008855101,-1.609547152947705,-0.5821640064968825,-1.6421935556288862,Compost,17.14,5.93,-6.07,-15.33,1.19,0.37,0.83,0
Meat,-1.3155615570094037,0.27997189166579134,-0.9818856914627533,-1.1689700549346715,-1.4139061019153634,Biogas,2.35,0.88,17.03,16.49,2.71,1.41,0.47,2
Grains,1.5891179842431782,-1.2779262450586437,-0.9176890772808571,1.4595995045058348,1.1305016346198236,Compost,18.95,2.21,-4.03,-27.1,0.95,0.3,0.42,1
Grains,1.603970253628692,-1.2830305216591917,1.1243912640595668,0.9233207870489907,1.0640101432469502,Compost,18.98,2.21,59.18,52.49,1.03,0.32,0.34,1
Vegetables,0.007704920147543177,1.0084250808011581,1.333030260150729,-0.5947958392421188,-0.8420792761086755,Animal Feed,9.18,4.37,78.38,86.1,2.01,0.42,1.03,4
Grains,1.1626456776020029,-1.5685054201041329,0.9977425089072388,1.1495454280318562,0.3414692703284239,Compost,15.97,1.27,53.59,44.2,1.01,0.31,0.42,1
Vegetables,-0.16486430509366218,1.0620199851069132,-1.7295669098964674,0.9060955605782143,-0.037532230496940946,Biogas,8.63,4.01,-22.47,-45.37,1.41,0.33,1.46,4
Grains,-0.6323571652757797,-1.2374566234400122,-0.6616004098378585,-1.467540647094799,0.7093888559249744,Animal Feed,6.37,0.79,28.81,32.7,1.0,0.29,0.35,1
Fruits,-0.6436731800456947,-0.2858736286235426,-1.3869523711648262,1.5813244382326561,-0.20597734197487808,Compost,6.04,1.63,-18.52,-45.34,1.36,0.34,0.65,0
Vegetables,1.7312754197902365,0.5902389907419662,-0.8388388881226586,0.4502012333183271,-0.8575939574290137,Biogas,17.96,7.41,7.03,-6.8,1.54,0.59,1.24,4
Grains,-1.4414522213247094,-1.0938076962531582,1.273718170960934,-0.41565348394604223,0.7138216220164982,Compost,1.92,0.28,75.13,80.96,0.78,0.27,0.35,1
Grains,1.5650714528571084,-1.2826659304734385,-1.2965886588109616,-0.7521195743418781,0.9531909909588324,Animal Feed,18.67,2.19,4.38,-1.59,1.08,0.24,0.44,1
Vegetables,-0.3996716115694005,0.5650821989249786,-1.387999055091705,-0.5591970378691804,0.9687056722791705,Biogas,7.74,2.9,0.08,-8.1,1.46,0.52,1.31,4
Mixed,-1.2469582174667935,0.24898164087674943,-1.383114530099604,0.06550450880431685,-1.7131178130932834,Biogas,2.65,1.0,-5.23,-18.83,1.22,0.38,1.03,3
Vegetables,0.1406680936940455,1.207856459408288,0.09689654250693591,-1.4009364380744627,1.2524027021367525,Animal Feed,10.89,4.99,49.97,57.63,1.24,0.58,1.35,4
Grains,-1.2073521657720907,-1.578713973305229,-0.8001115828281452,1.6077364521545137,0.9886531196910325,Compost,3.25,0.25,-1.95,-25.63,0.87,0.35,0.5,1
Vegetables,1.355725179613679,1.275670419958427,1.459679015303057,0.8222661250871015,0.6916577915588759,Biogas,17.29,8.29,69.68,65.79,1.6,0.48,1.47,4
Vegetables,-1.5984619262572812,0.9227461521491,0.3931080938136197,0.5638877280254528,0.9598401400961197,Biogas,1.07,0.45,41.36,33.61,1.53,0.52,1.13,4
Vegetables,0.6810077989574913,0.9683200503682797,-1.1661020625934115,1.275863755484218,0.352551185557235,Biogas,13.37,5.92,-9.55,-32.44,1.22,0.6,1.53,4
Vegetables,0.8606495334298934,0.5906035819277192,-1.3611341676351505,1.2287814697974286,0.5608911918588961,Biogas,14.48,5.58,-14.71,-38.31,1.38,0.53,1.24,4
Grains,-0.7554188258986064,-1.156152789016996,1.2566223334885809,-0.9553772466970419,1.0218988653774659,Animal Feed,5.77,0.78,79.32,89.75,1.05,0.34,0.41,1
Fruits,-0.42301089203235054,0.04444598566907118,-1.341596067666747,1.321797692739622,0.758149282931746,Compost,7.54,2.3,-14.97,-39.27,0.97,0.51,0.91,0
Fruits,0.9759314338984036,0.2533567351057903,-1.678279397479409,1.645631950390222,-2.23840059493896,Compost,13.14,5.1,-27.44,-56.49,1.83,0.37,0.97,0
Fruits,0.4384207323274366,-0.6435375818476639,0.19040030664143678,0.5248438813583592,-2.2118039983898137,Compost,10.6,2.56,35.88,27.31,1.84,0.32,0.99,0
Fruits,0.7750721717324109,0.9026936369326611,-0.6169418956243655,-1.2780631559162563,0.36806586687757004,Animal Feed,13.89,6.02,28.44,30.93,1.41,0.49,1.09,0
Vegetables,1.2835855854554705,0.823941940809919,-1.0059594217809642,1.2023694558755713,0.3370365042368969,Biogas,16.62,7.02,-4.31,-25.65,1.48,0.51,1.16,4
Grains,-1.3905301548600912,-1.3625114001534413,1.0608924391622563,1.220743030777733,1.148232698985922,Compost,2.24,0.24,54.77,45.12,1.16,0.29,0.37,1
Meat,-0.6599399512774478,0.16257352985318474,-1.3586919051391,-0.6005375813990441,-0.3699896873612945,Biogas,5.91,2.0,1.28,-6.38,3.15,0.78,0.57,2
Grains,0.710005086805399,-1.2254251143101489,-0.23734452480967536,0.07239459939262755,0.4855341683029752,Compost,13.61,1.74,27.56,20.47,1.05,0.31,0.4,1
Vegetables,1.5587061945490315,0.9613928178389645,0.9848334071424014,0.20100962370775946,-0.037532230496940946,Biogas,17.79,8.01,61.47,60.26,1.47,0.46,0.93,4
Vegetables,1.282878334532351,1.1444175930871896,0.7388626843258973,1.0381556301875012,1.203642275129981,Biogas,17.29,7.79,47.13,37.23,1.54,0.54,1.42,4
Vegetables,0.6810077989574913,1.1732202967617114,0.5417372114304009,1.035858933324731,-0.8132662965137659,Biogas,12.63,6.32,41.5,30.49,1.29,0.38,1.28,4
Grains,1.3125828733033778,-1.5870995705775581,1.1941701925181496,0.017273874686142436,0.9842203535995055,Compost,17.29,1.29,69.08,70.68,1.05,0.3,0.31,1
Vegetables,1.7213739068665608,0.6759179193940236,1.2021947692908863,-0.2020606757084127,1.2789992986858987,Biogas,19.83,7.62,71.21,74.77,1.51,0.57,1.25,4
Vegetables,1.0629232974421263,0.9267566551923879,0.4524201830034149,-0.6430264733602932,-0.4652941583290742,Animal Feed,14.84,6.75,53.56,56.66,1.39,0.44,1.16,4
Vegetables,1.3712846999223127,1.3394738774652786,-1.5554684833923034,0.2917291497871827,-0.12840393537319683,Biogas,16.72,8.49,-12.13,-28.69,1.48,0.51,1.03,4
Fruits,-0.14930478478502898,0.196115918942501,-1.512903337032568,-1.165525009640516,-2.04114250386611,Animal Feed,7.87,2.95,1.78,-1.83,1.12,0.32,1.07,0
Vegetables,-0.20871386232708325,0.48924723228826383,1.6882050060049152,-1.5100295390560476,0.8822667334944385,Donation,8.77,3.2,96.53,114.26,1.46,0.53,1.76,4
Grains,-0.5213187703459877,-1.391678695013716,-1.499645340625437,-0.7785315882637356,0.4456392734792544,Animal Feed,6.9,0.72,-1.22,-8.13,0.79,0.28,0.37,1
Grains,0.5381431124873134,-1.3533966205096053,0.45067570979195043,1.2012211074441859,0.20405352149115671,Compost,12.51,1.39,37.45,24.47,1.04,0.29,0.41,1
Grains,0.8288232418895075,-1.2706344213435752,-0.7271926025889263,1.5020883964670837,1.0595773771554264,Compost,14.64,1.73,1.07,-21.27,1.08,0.27,0.41,1
Vegetables,-0.08282319801177769,0.7550342067025194,0.050493555081978454,0.5099153517503525,-0.7135290594544592,Biogas,8.77,3.81,32.0,22.76,1.39,0.41,1.41,4
Grains,1.2956088511485055,-1.274644924386863,0.8114327699228233,1.3826601596030328,0.30379075855046345,Compost,16.66,2.03,46.21,33.72,0.99,0.36,0.4,1
Vegetables,1.6669155857863447,0.689772384452654,1.465959118864329,0.3548883135133636,-0.793318849101904,Biogas,17.7,7.54,73.92,74.14,1.3,0.5,1.33,4
Grains,1.725617412405279,-1.3351670612219335,-1.7002597599438625,-0.22273094747334457,1.2324552547248906,Compost,19.81,2.15,-11.8,-24.7,1.03,0.29,0.42,1
Fruits,1.178205197910636,0.3266395634422313,0.8170150841995099,-0.5316366755159379,-2.4955010282473955,Compost,13.9,5.64,63.04,67.25,1.75,0.3,0.7,0
Grains,-1.6394824797982237,-1.1565173802027495,0.10457222463737997,-0.9220751421868737,1.3100286613265717,Animal Feed,0.85,0.11,46.02,49.56,1.28,0.29,0.42,1
Vegetables,-0.13445251539951536,1.1108752039978738,0.48800743651729195,-0.5075213584568508,-0.8642431065662979,Biogas,8.44,4.15,53.4,55.53,1.72,0.29,1.63,4
Vegetables,-0.9555708371414797,0.4666425787715511,-1.128072546583484,-1.3538541523876733,-0.49410713792398697,Animal Feed,4.33,1.68,14.46,14.68,1.62,0.32,1.03,4
Mixed,1.4384735376186832,0.6026350910575826,0.5239435846734621,0.05287267605908076,-2.1142831443762673,Compost,15.44,6.82,49.55,47.0,1.55,0.28,0.85,3
Grains,-0.5135390101916711,-1.1907889516635723,0.9579685196858466,1.5629508633304945,1.0218988653774659,Compost,7.12,0.92,48.84,35.63,0.82,0.25,0.47,1
Grains,-0.3056072387944814,-1.1769344866049418,-1.4274241496708042,-0.06540721237358502,0.880050350448675,Compost,8.23,1.09,-5.35,-18.06,1.04,0.33,0.44,1
Vegetables,-0.16840055970926068,1.0828016826948588,-1.6426921439655318,-1.624864382194558,0.028959260875929135,Animal Feed,8.64,4.03,2.06,1.7,1.73,0.56,1.32,4
Mixed,-1.2908077747002147,0.4352877367967556,0.08468523002668389,-1.0793988772866332,0.05333947437931494,Animal Feed,2.66,0.99,46.82,51.62,1.76,0.19,0.6,3
Grains,0.06569949584335782,-1.6498092545271492,-1.5484905905464452,-1.295288382387033,0.27941054504707763,Animal Feed,10.01,0.68,1.89,-0.81,0.93,0.35,0.37,1
Vegetables,0.1979554184667406,1.1250942602422573,0.9942535624843098,0.6293435886144039,1.1371507837571075,Biogas,11.16,5.01,58.01,53.13,1.32,0.48,1.06,4
Vegetables,1.1873994599111923,1.212960736008836,-1.3855567925956545,-0.35823606237678696,1.0507118449723756,Biogas,16.64,7.7,-1.61,-11.53,1.31,0.43,1.12,4
Grains,1.289243592840428,-1.5623073699463244,0.7849167771085617,1.569840953918805,0.8977814148147735,Compost,17.09,1.34,43.82,29.55,0.93,0.34,0.44,1
Fruits,1.1294048842153772,0.4717468553720992,0.07456728540018942,1.558357469604954,-2.648431458404998,Compost,13.56,5.87,23.55,5.31,0.84,0.24,0.61,0
Vegetables,0.7375878728070671,1.1724911143902046,-0.6773006687410397,-1.7063971208229007,0.8445882217164781,Animal Feed,13.99,6.46,30.44,36.31,1.66,0.51,1.12,4
Vegetables,-1.1627953576155499,1.0904580975956812,-1.2882151873959315,-1.2815082012104118,0.015660962601357638,Animal Feed,3.34,1.56,9.23,7.91,1.39,0.4,1.41,4
Vegetables,-1.319805062548122,0.6307086123605976,-0.42435205307867707,0.9233207870489907,0.37914778210638433,Biogas,2.55,1.0,14.78,-0.79,1.34,0.38,1.12,4
Grains,-0.39259910233820344,-1.2502173149413824,1.6658757488981688,-0.07114895453051064,0.8667520521741003,Compost,7.75,0.95,83.36,88.43,0.91,0.29,0.37,1
Grains,-1.1995724056177741,-1.1459442358158998,-1.3035665516568198,-0.07000060609912555,0.352551185557235,Compost,3.19,0.45,-1.76,-13.73,0.99,0.25,0.42,1
Vegetables,0.7128340904978777,0.7867536398630686,-0.11174245358422662,-0.44665889159344,0.5320782122639864,Biogas,13.66,5.65,35.68,33.83,1.49,0.58,0.82,4
Grains,-0.3890628477226052,-1.1700072540756266,-1.1074877626882023,-0.3823513794358743,0.7537165168402221,Compost,7.72,1.03,6.57,-1.55,0.98,0.31,0.39,1
Vegetables,1.289243592840428,0.947538352780334,1.2416198638699858,-0.07114895453051064,0.1996207553996329,Biogas,16.54,7.33,71.2,73.84,1.33,0.46,1.26,4
Vegetables,1.1202106222148212,0.8498279149984127,1.1516050461584142,-0.5591970378691804,0.43677374129620355,Biogas,15.81,6.71,72.87,79.24,1.46,0.59,1.04,4
Grains,1.369870198076073,-1.17037184526138,1.427929602854402,-0.03784685002034267,1.2590518512740398,Compost,17.83,2.33,76.25,79.66,1.08,0.25,0.38,1
Fruits,0.8175072271195921,0.7714408100614242,0.7353737379029679,0.7315465990076778,-0.5074054361985585,Biogas,13.54,5.85,49.7,42.44,1.14,0.42,0.81,0
Vegetables,0.8931830758933994,1.1976479062071916,1.2597623852692172,1.3654349331322564,0.44785565652501474,Biogas,14.58,6.91,59.21,49.44,1.41,0.65,0.9,4
Vegetables,-1.2950512802389327,0.43382937205374156,-1.0206129967572668,-0.3766096372789487,0.18632245712505824,Biogas,2.66,0.98,9.01,1.34,1.82,0.28,0.99,4
Vegetables,1.1548659174476863,0.7794618161479997,0.13701942637062095,-1.0173880619918374,0.4766686361199275,Animal Feed,16.03,6.63,47.79,52.34,1.79,0.6,0.89,4
Grains,-1.3396080883954733,-1.4069915248153604,0.8951674840731223,1.1564355186201671,1.001951417965604,Compost,2.51,0.25,50.58,40.54,1.16,0.32,0.45,1
Grains,-0.1139422386290443,-1.5648595082465986,1.106248742660335,0.04942763076492552,0.6783594932843012,Compost,9.21,0.72,66.28,67.09,0.76,0.34,0.33,1
Vegetables,1.5374886668554404,0.6981579817249832,0.11294569605240998,0.4524979301810973,1.1238524854825362,Biogas,18.66,7.28,34.29,25.9,1.43,0.63,0.96,4
Vegetables,-1.395480911321929,0.6737303722795028,1.5221311562734883,0.24694356096316353,-0.7977516151934277,Biogas,2.02,0.86,76.47,77.94,1.66,0.45,1.07,4
Grains,0.23473246646896465,-1.7537177424668788,-0.5712366974839937,1.4883082152904623,1.19477674294693,Compost,11.39,0.58,5.66,-15.68,0.76,0.38,0.4,1
Fruits,1.5884107333200586,-0.5060867048186183,-1.0080527896347218,-1.2527994904257842,0.6916577915588759,Animal Feed,18.57,4.24,17.01,17.04,1.23,0.6,0.9,0
Vegetables,-0.2560996741761026,0.6314377947321044,0.4614914437030308,0.6098216652808568,-0.72239459163751,Biogas,7.88,3.28,42.91,35.15,1.84,0.51,0.97,4
Vegetables,-0.6097251357359494,0.7790972249622461,-0.5412317582468033,0.6465688150851803,0.43234097520467973,Biogas,6.41,2.66,13.85,0.02,1.58,0.54,1.09,4
Mixed,1.2949016002253855,0.5461234572658,-0.6616004098378585,0.4835033378284951,-2.3492197472270777,Compost,14.57,6.39,11.82,-1.28,1.44,0.54,0.89,3
Vegetables,-0.5191970175766288,0.9045165928614283,0.3624053652918432,1.6042914068603582,0.05777224047084192,Biogas,6.78,2.98,31.41,14.41,1.57,0.64,1.31,4
Meat,1.6944983717880127,0.37841151181921934,0.7699143074899667,1.2689736648959076,-0.8864069370239233,Biogas,17.75,6.76,46.01,34.28,3.77,0.88,0.61,2
Vegetables,0.23826872108456318,0.9796223771266364,0.7577029950097144,-1.6972103333718198,-0.2547377689816497,Animal Feed,10.66,4.88,71.48,85.5,1.75,0.39,0.92,4
Grains,-0.5305130323465439,-1.1350065002432967,-1.192966950049966,0.9175790448920651,1.0817412076130488,Compost,7.05,0.96,-7.19,-27.11,1.09,0.28,0.41,1
Vegetables,0.10813455123053956,0.4713822641863456,-1.606058206524776,0.41689912880815916,0.20405352149115671,Biogas,10.2,3.82,-14.67,-32.6,1.67,0.65,1.0,4
Meat,-1.6748450259542083,0.38424497079127423,-0.8918708737511815,-1.491655964153886,-1.7241997283220944,Biogas,0.56,0.22,22.42,25.19,2.79,1.37,0.3,2
Fruits,0.3959856769402549,0.9486321263375944,-1.4661514549653176,1.4102205219562751,0.2727613959097903,Biogas,11.78,5.21,-19.31,-45.09,1.39,0.43,1.0,0
Vegetables,0.07277200507455486,1.2107731888943154,-1.5941957886868168,-0.7854216788520463,0.14199479620981048,Animal Feed,9.98,4.82,-3.86,-11.25,1.42,0.39,1.32,4
Vegetables,-1.677674029646687,0.7732637659901912,-0.804996107820246,1.2483033931309753,-0.698014378134121,Biogas,0.58,0.25,1.06,-19.52,1.57,0.48,1.2,4
Vegetables,-1.4944960405586865,0.6573237689205982,0.3404250028273896,1.275863755484218,0.93102716050121,Biogas,1.64,0.64,33.64,19.38,1.83,0.67,1.03,4
Vegetables,0.9426906405117782,0.47429899367237305,-1.173428850081563,-0.10559940747206388,-0.17938074542573193,Biogas,14.42,5.5,2.27,-8.64,1.25,0.53,0.95,4
Grains,-1.575829896717451,-1.155423606645489,0.6676881772981427,-1.42505175513355,1.0684429093384773,Animal Feed,1.2,0.16,66.53,77.67,1.08,0.23,0.46,1
Fruits,-1.0977282726885382,-0.3784797898049155,-0.5775168010452661,1.1529904733260117,-0.19267904370030656,Compost,3.65,0.94,8.4,-10.05,1.01,0.38,0.77,0
Vegetables,-0.5446580508089377,0.6908661580099144,-0.48854866726057333,-0.2468462645324317,-0.11510563709862218,Biogas,6.59,2.72,23.14,17.4,1.36,0.66,1.34,4
Meat,0.13359558446284847,0.4921639617742912,0.013161828356636677,-0.9438937623831907,0.055555857425078424,Biogas,10.26,3.9,43.58,46.78,3.64,0.9,0.51,2
Vegetables,-0.021292367700364273,0.69888716409649,-0.36957559423868963,1.1288751562669244,-0.21705925720369237,Biogas,9.31,3.87,14.57,-2.48,1.18,0.43,1.3,4
Fruits,0.8832815629697236,-0.013159421679971762,-0.33189497287105496,0.522547184495589,-0.24365585375283852,Compost,14.06,4.37,20.93,9.39,1.01,0.44,0.61,0
Meat,0.2304889609302466,0.28616994182359984,-0.663693777691616,-0.6843670168901569,-1.5380235524780557,Biogas,9.96,3.77,21.93,18.99,2.5,1.47,0.31,2
Grains,0.2135149387753738,-1.7358527743649603,-1.5948935779714026,0.011532132529217032,0.25724671458945214,Compost,10.79,0.6,-10.82,-25.16,0.85,0.36,0.41,1
Fruits,-1.7038423138021157,-0.21149702672984153,-1.6001269976057964,-0.004544745510174509,0.5498092766300849,Compost,0.47,0.13,-10.83,-25.06,1.26,0.33,0.56,0
Meat,-1.1055080328428548,0.33065006648551903,-1.0785295073778904,-0.16186848060993386,-0.8021843812849547,Biogas,3.5,1.3,5.49,-4.38,3.01,1.28,0.38,2
Grains,-0.12950175893767749,-1.4678782528361844,0.9691331482392201,-1.2470577482688585,1.0241152484232294,Animal Feed,9.27,0.84,73.62,84.94,1.12,0.37,0.3,1
Grains,0.09823303830686379,-1.0405773831331564,0.16074426204653905,-0.6349880343405974,1.3033795121892844,Animal Feed,10.68,1.58,45.13,46.48,1.09,0.29,0.47,1
Fruits,0.8677220426610904,0.6015413175003222,-1.443473303216278,1.5675442570560347,-2.5664252857117895,Compost,12.4,5.62,-20.02,-47.04,1.46,0.17,0.74,0
Meat,0.4320554740193594,-0.11269281539066013,1.114273319433072,-1.6707983194499625,-1.2720575869865722,Donation,11.1,3.46,81.48,97.32,2.55,1.02,0.38,2
Vegetables,-0.9244517965242132,1.080614135580338,-1.3799744783189678,-0.5385267661042485,1.0773084415215248,Biogas,4.84,2.15,0.13,-8.18,1.53,0.66,1.25,4
Vegetables,-0.47464020942008794,0.7302420060712854,1.2461554942197937,-0.04473694060865316,0.8002605608012302,Biogas,7.27,2.91,71.1,73.54,1.42,0.53,1.14,4
Vegetables,0.27433851816366767,1.1779599821765059,-1.3873012658071189,-1.4962493578794265,-0.2636033011647005,Animal Feed,10.85,5.29,8.26,8.24,1.6,0.59,1.15,4
Meat,1.4441315450036407,0.5880514436274454,-1.047477884213821,-0.7165207729689398,-1.4139061019153634,Biogas,16.04,6.8,11.21,6.35,2.3,1.06,0.36,2
Fruits,1.0890915815975548,0.8046186079649867,-1.6870017635367318,1.0117436162656437,-1.1967005634306513,Biogas,14.44,6.54,-22.17,-45.75,1.65,0.44,0.93,0
Meat,-0.673377718816722,0.3641924555748353,0.7451427878871695,1.6502253441157622,-1.5380235524780557,Biogas,5.5,2.15,41.98,26.79,2.73,1.34,0.57,2
Vegetables,-0.05311865924075069,1.2319194776680147,1.2046370317869368,1.2655286196017521,0.3414692703284239,Biogas,9.39,4.52,58.5,49.29,1.46,0.6,1.27,4
Vegetables,-0.1981050984802877,0.5887806259989522,0.3167001671514714,1.2058145011697268,-0.5029726701070346,Biogas,8.27,3.35,33.58,19.8,1.56,0.56,1.2,4
Mixed,-1.419527442707999,-0.398167713835601,0.19737819948729515,1.3011274209746901,-1.9591363311729049,Compost,1.79,0.5,29.33,14.04,1.02,0.42,0.73,3
Mixed,1.3465309176131233,-0.48822173671669983,0.1883069387876792,-0.5075213584568508,-0.6027099071663413,Compost,16.21,3.98,44.81,45.21,0.88,0.3,0.77,3
Vegetables,-1.3919446567063307,1.3219735005491133,-0.23315778910216048,-0.16875857119824456,0.7049560898334506,Biogas,2.19,1.06,29.78,24.82,1.59,0.48,0.97,4
Mixed,0.91510785451011,-0.18488187016984048,-1.4159106264751378,0.6798709195953482,-0.6293065037154907,Compost,13.96,4.06,-11.51,-30.64,1.65,0.53,0.88,3
Vegetables,-1.2702974979297437,1.0966561477534897,-1.274608296346508,0.5145087454758933,-0.16829883019692077,Biogas,2.74,1.3,-6.02,-22.91,1.35,0.55,1.4,4
Vegetables,-0.5637538257331695,1.3216089093633598,0.5870935149284796,-0.7762348914009655,-0.635955652852778,Animal Feed,6.32,3.28,58.58,63.61,1.32,0.43,1.23,4
Vegetables,-0.5489015563476558,0.6168541473019666,0.3617075760072573,-0.609724368850125,1.183694827718119,Animal Feed,6.98,2.64,50.67,52.95,1.45,0.46,1.27,4
Fruits,-1.2497872211592722,0.7827431368197808,-1.068411562751396,0.14703724743265922,0.7670148151147967,Biogas,2.98,1.22,3.09,-9.42,1.23,0.62,1.06,0
Grains,-0.5793133460418026,-1.527671207299748,1.223826237113047,-0.8566192815979227,0.2705450128640268,Animal Feed,6.53,0.56,77.53,86.9,0.89,0.32,0.46,1
Vegetables,1.448375050542359,1.258170043042262,0.07980070503458307,1.0944247033253711,0.10653266747761352,Biogas,17.32,8.49,27.75,13.58,1.8,0.5,1.04,4
Meat,-1.4739857637882152,0.34341075798688914,0.2643659708075344,1.6330001176449858,-1.7109014300475198,Biogas,1.54,0.6,28.34,10.54,2.9,0.84,0.74,2
Mixed,1.2234692569902965,-0.035034892825178014,-0.9616498022097643,-1.3997880896430777,-2.5420450722084036,Animal Feed,14.08,4.88,19.62,21.2,0.9,0.27,1.21,3
Grains,0.5360213597179543,-1.3016246721326172,-1.5910557369061806,0.08502643213786364,1.06179376020119,Compost,13.01,1.48,-11.35,-26.31,0.8,0.28,0.42,1
Vegetables,-1.354460357780987,0.8261294879244396,0.27204165293797844,-0.9370036717948802,0.5165635309436483,Animal Feed,2.38,1.0,50.95,55.57,1.51,0.45,1.21,4
Vegetables,-0.6373079217376175,1.2122315536373287,0.7904990913852482,0.8567165780286543,-0.7977516151934277,Biogas,5.9,2.98,50.19,42.16,1.27,0.34,1.45,4
Vegetables,1.4405952903880423,0.8071707462652606,-1.3087999712912133,1.5709893023501902,-0.879757787886636,Biogas,16.46,7.34,-16.2,-42.48,1.6,0.6,1.53,4
Grains,-0.09343196185857325,-1.467513661650431,1.1837033532493624,0.4536462786124826,0.43677374129620355,Compost,9.22,0.86,64.97,62.71,1.01,0.31,0.5,1
Vegetables,0.6972745701892445,0.9446216232943067,-1.2760038749156795,-0.07459399982466587,1.2368880208164144,Biogas,14.02,5.92,-0.93,-12.69,1.7,0.42,1.45,4
Grains,-1.1048007819197352,-1.2841242952164522,1.6477332274989374,0.9210240901862206,1.1194197193910091,Compost,3.84,0.45,74.2,70.52,1.05,0.26,0.4,1
Vegetables,-1.4711567600957363,0.9920184774422532,-0.7045144508398868,-0.5511585988494847,-0.8974888522527344,Biogas,1.63,0.77,19.6,15.27,1.43,0.43,1.35,4
Meat,-0.7985611322089078,-0.04013916942572615,0.1391127942243785,-1.100069149051565,-0.8132662965137659,Compost,5.07,1.6,48.56,53.85,3.3,0.99,0.46,2
Grains,-1.07085273760999,-1.115318576212611,1.6822737970859356,0.5236955329269739,0.5675403409961834,Compost,3.93,0.56,78.65,78.63,0.98,0.3,0.44,1
Vegetables,1.3592614342292777,0.8571197387134816,0.8117816645651159,0.23890512194346775,-0.5650313953883809,Biogas,16.3,7.28,56.18,53.66,1.61,0.62,0.97,4
Vegetables,-1.0899485125342214,0.5676343372252529,-0.88210182376698,1.3872535533285733,0.4035279956097701,Biogas,3.8,1.46,-2.38,-24.61,1.33,0.39,1.23,4
Grains,-0.6556964457387296,-1.117870714512885,-0.8800084559132224,0.35718501037613376,0.48110140221145137,Compost,6.17,0.88,6.66,-6.6,0.82,0.36,0.37,1
Meat,0.13925359184780617,0.3536193111879854,-1.0638759324015878,1.3321328286220881,-1.077015878959486,Biogas,9.74,3.71,-7.1,-29.9,3.67,1.08,0.63,2
Fruits,1.6209442757835641,0.2697633384646951,-1.7456160634419413,0.4662781113577187,-0.4253992635053534,Biogas,17.78,6.33,-19.1,-38.27,1.13,0.44,0.69,0
Grains,1.2064952348354236,-1.5699637848471466,-0.4718017244305133,-0.5660871284574911,0.5143471478978879,Compost,16.34,1.28,26.4,23.53,1.01,0.3,0.36,1
Grains,1.224883758836536,-1.6811640965019448,-0.023472109084119407,1.266676968033137,0.7847458794808952,Compost,16.65,1.03,23.29,7.04,0.94,0.27,0.39,1
Fruits,0.31394456985837044,-0.2023822470860056,-1.6911884992442467,0.8613099717541951,0.14421117925557397,Compost,11.27,3.13,-20.98,-43.27,0.7,0.46,0.92,0
Fruits,0.37759715293914276,0.5687281107825133,-1.6385054082580168,-1.6707983194499625,-0.0242339322223663,Animal Feed,11.52,4.52,2.58,2.63,1.61,0.4,0.81,0
Mixed,-0.5503160581938952,-0.0445142636547673,0.989020142849916,-0.8497291910096121,-1.245460990437426,Animal Feed,6.2,2.0,70.74,78.71,1.45,0.46,0.49,3
Meat,0.6095754557224023,0.17970931558359624,1.4624701724414002,0.013828829391987194,-1.2920050343984342,Biogas,11.98,4.28,76.79,79.96,2.87,1.2,0.65,2
Meat,-0.13586701724575473,-0.09993212388928979,1.271973697749469,1.6502253441157622,-1.737498026596669,Compost,8.07,2.59,57.08,44.91,2.35,0.79,0.52,2
Grains,-0.16132805047806364,-1.5039727802257745,0.1862135709339219,0.7395850380273736,0.9110797130893481,Compost,9.05,0.78,33.9,23.43,0.84,0.36,0.46,1
Mixed,0.9822966922064812,-0.16446476376764796,1.344892677988688,-0.8749928565000844,-0.09294180664099987,Animal Feed,14.69,4.21,81.16,91.39,0.79,0.55,0.75,3
Vegetables,-0.22002987709699837,0.4768511319726474,-1.4916207638527001,0.7143213725369014,0.616300768002955,Biogas,8.6,3.17,-13.98,-33.85,1.35,0.62,1.68,4
Grains,0.44407873971239403,-1.2298002085391904,0.3798500974064889,0.7269532052821376,0.9531909909588324,Compost,12.43,1.55,39.56,30.31,0.91,0.31,0.39,1
Vegetables,-0.9520345825258812,1.1826996675913009,-0.6930009276442207,-1.5077328421932774,-0.03974861354270129,Animal Feed,4.45,2.15,28.25,32.31,1.79,0.72,1.06,4
Grains,1.4066472460782973,-1.4740763029939927,-0.2847941961615116,-0.5121147521823911,1.0706592923842375,Compost,17.88,1.61,31.29,29.03,1.01,0.34,0.38,1
Grains,0.05791973568904124,-1.5116291951265968,-0.7338216007924917,-0.1905771913945615,0.26832862981826644,Compost,9.96,0.88,15.62,7.97,1.05,0.27,0.38,1
Meat,-1.566635634716895,0.41268308328004233,-0.5635610153535497,0.7568102644981505,-1.5624037659814416,Biogas,1.1,0.44,12.25,-2.68,3.04,1.13,0.63,2
Vegetables,-0.9576925899108388,0.4859659116164833,0.5839534631478432,-1.1264811629734224,-0.03309946440541396,Animal Feed,4.42,1.68,61.54,69.6,1.47,0.41,1.36,4
Vegetables,1.44696054869612,1.1032187890970513,0.02641982476376724,0.8165243829301759,0.7803131133893683,Biogas,17.87,8.1,28.65,16.59,1.31,0.69,1.35,4
Meat,-1.6118996937965555,0.2763259798082572,-0.4410989959087371,-1.1069592396398757,-0.616008205440916,Biogas,0.92,0.33,32.0,34.01,2.93,0.86,0.45,2
Grains,0.959664662666651,-1.1131310290980905,0.1802823620149423,0.31928951214042506,1.1570982311689697,Compost,15.45,2.15,37.38,30.54,1.04,0.18,0.33,1
Vegetables,-0.32045950817999475,0.9945706157425271,0.22424308694384937,-1.4227550582707797,-0.4475630939629757,Animal Feed,7.65,3.55,53.8,62.38,1.9,0.69,0.88,4
Vegetables,-0.9421330696022056,0.542842136594019,1.5639985133486378,-0.9921243965013651,1.1460163159401584,Animal Feed,4.76,1.75,88.46,100.97,1.44,0.41,1.3,4
Vegetables,-1.2575669813135888,1.0933748270817087,0.6118650345312767,0.7912607174397037,0.36141671774028267,Biogas,2.88,1.33,45.64,37.16,1.92,0.55,1.18,4
Grains,-0.4986867408061575,-1.6614761724712592,-0.02172763587265469,-0.3674228498278678,0.9221616283181593,Compost,7.17,0.46,37.57,35.55,1.13,0.27,0.43,1
Vegetables,-0.8692862245208771,0.6463860333479952,-1.6723481885604294,-0.8497291910096121,0.024526494784405304,Animal Feed,4.91,1.98,-5.54,-12.82,1.71,0.29,1.23,4
Grains,0.6612047731101398,-1.1951640458926136,0.6760616487131724,-0.7590096649301888,0.24394841631488065,Animal Feed,13.2,1.76,60.98,66.36,0.92,0.19,0.43,1
Meat,0.36769564001546723,0.42033949818086425,1.6512221739218664,0.7085796303799758,0.16859139275895976,Biogas,11.57,4.26,76.14,74.34,3.09,1.16,0.5,2
Vegetables,0.5982594409524875,0.46627798758579747,0.17470004773825556,-1.655869789841956,0.139778413164047,Animal Feed,12.79,4.8,54.42,64.74,1.38,0.58,1.01,4
Grains,0.8875250685084419,-1.061723671906856,1.446421018895926,0.9405460135197671,1.1726129124893077,Compost,15.05,2.2,68.25,63.25,0.96,0.23,0.35,1
Grains,0.3047503078578145,-1.3625114001534413,0.6369854487763664,-1.3676343335642946,0.8490209878080018,Animal Feed,11.6,1.23,65.16,75.62,1.04,0.28,0.42,1
Grains,0.4843920423302164,-1.7486134658663306,-0.3011922443492787,-1.2332775670922371,0.3237382059623254,Animal Feed,12.29,0.66,37.1,41.01,0.98,0.26,0.37,1
Vegetables,0.23473246646896465,1.231554886482261,0.7046710093811916,-0.03095675943203198,1.0041678010113675,Biogas,11.29,5.27,55.46,54.67,1.42,0.27,1.17,4
Vegetables,-0.7334940472818959,1.2516074016987004,0.8212018199070249,0.9738481180299354,0.23065011804030602,Biogas,5.69,2.77,50.06,41.19,1.41,0.63,1.01,4
Vegetables,-1.084290505149264,0.8516508709271798,0.7440961039602907,0.005790390372291424,0.5076979987606006,Biogas,3.85,1.63,56.27,55.38,1.6,0.64,1.43,4
Grains,-1.6904045462628414,-1.6363193806542722,-0.7669665918103185,-0.20435737257118286,0.7559328998859824,Compost,0.55,0.04,14.79,7.07,1.08,0.33,0.39,1
Vegetables,0.35284337062995363,0.497632829560593,1.0019292446147539,-1.501991100036352,-0.5827624597544794,Animal Feed,11.08,4.35,76.79,90.51,1.85,0.69,1.4,4
Vegetables,0.9384471349730599,0.6941474786816955,1.329192419085507,0.3594817072389039,1.06179376020119,Biogas,15.26,5.96,69.96,69.35,1.57,0.37,1.15,4
Grains,-0.936475062217248,-1.0846929166093222,-0.708003397262816,-0.30081864080753173,0.8955650317690131,Compost,4.74,0.69,17.33,10.8,0.91,0.29,0.44,1
Grains,-0.8926255049838271,-1.6906434673315343,0.008277303364535867,1.4618962013686052,0.3237382059623254,Compost,4.85,0.3,22.5,4.72,0.84,0.38,0.4,1
Grains,0.020435436763697645,-1.4930350446531715,-0.1874525909617887,0.08502643213786364,0.9908695027367929,Compost,10.09,0.88,28.88,21.96,1.09,0.37,0.31,1
Fruits,-0.2858042129471299,-0.2866028109950493,0.8348087109564486,0.6052282715553166,-0.844295659154439,Compost,7.68,2.14,53.66,48.08,1.25,0.44,0.84,0
Meat,-0.08423769985801705,-0.25014369241970563,-1.0673648788245171,-0.8646577206176185,-1.2188643938882768,Compost,8.55,2.48,11.93,8.24,2.8,1.27,0.63,2
Grains,0.8054839614265578,-1.1357356826148035,0.40008598665947787,-0.0022480486474043466,0.29935799245893957,Compost,14.01,1.99,46.48,43.69,1.0,0.29,0.47,1
Vegetables,-1.3877011511676125,0.6197708767879941,-0.3406173389283778,-0.3088570798272275,0.7359854524741236,Biogas,2.22,0.86,27.91,23.55,1.93,0.57,1.1,4
Fruits,-0.9767883648350706,-0.3529584068021748,0.3442628438926116,-1.3400739712110519,0.8113424760300414,Animal Feed,4.5,1.12,56.53,65.08,0.79,0.42,0.84,0
Fruits,-0.18113107632541517,0.9592052707244437,-0.21431747841834317,-1.1276295114048078,-1.9968148429508652,Animal Feed,7.74,3.85,38.67,42.17,1.15,0.27,0.82,0
Vegetables,-0.7844161137465139,0.687949428523887,0.8840028555197493,0.885425288813282,1.2457535529994652,Biogas,5.67,2.19,52.63,44.89,1.5,0.44,1.49,4
Mixed,0.8995483342014768,0.6875848373381334,-0.7840624292826711,-0.6568066545369143,-0.9972260893120412,Animal Feed,13.63,5.86,18.24,14.37,1.55,0.37,1.22,3
Vegetables,-0.5390000434239801,0.9158189196197849,-0.5380917064661671,1.2850505429352987,-0.3544750060409564,Biogas,6.54,2.95,8.38,-10.99,1.67,0.5,0.92,4
Mixed,1.3536034268443204,-0.1925382850706627,1.6149371311234035,-0.30311533767030185,-1.5734856812102527,Compost,15.46,4.71,83.92,90.72,1.06,0.36,0.66,3
Mixed,-1.3587038633197053,0.59279112904224,1.6477332274989374,-1.5548151278800668,-2.7481686954643014,Animal Feed,1.99,0.91,95.76,113.65,1.34,0.28,1.18,3
Vegetables,0.49924431171572997,1.2468677162839055,-1.0223574699687312,-1.6891718943521241,0.86453566912834,Animal Feed,12.69,5.98,20.4,24.15,1.35,0.67,1.15,4
Grains,1.0989930945212305,-1.441627687461937,-1.7222401224083161,1.0197820552853396,0.8357226895334272,Compost,15.99,1.53,-23.25,-47.09,1.05,0.17,0.4,1
Grains,0.8118492197346348,-1.1007349287824735,-0.5433251261005607,1.178254138816484,0.5209962970351752,Compost,14.19,2.06,9.16,-9.32,1.1,0.43,0.4,1
Grains,0.8224579835814301,-1.1685488893326126,0.010719565860586273,-1.3974913927803072,0.4899669343945022,Animal Feed,14.23,1.93,47.47,54.61,1.08,0.34,0.4,1
Fruits,0.12935207892413042,0.3113267336405869,1.4725881170678943,1.2391166056798946,-2.6351331601304233,Compost,8.92,3.62,66.41,58.97,1.57,0.35,0.82,0
Vegetables,0.3386983521675598,0.9792577859408826,-0.7512663329071374,-0.9220751421868737,0.8756175843571512,Animal Feed,11.8,5.12,21.49,20.12,1.33,0.47,1.5,4
Fruits,0.8924758249702799,-0.3303537532854618,0.6778061219246374,-0.3766096372789487,0.3481184194657112,Compost,14.51,3.73,57.7,59.77,1.32,0.48,0.74,0
Vegetables,0.7531473931157002,0.9759764652691022,1.607610343635252,-1.6696499710185773,1.285648447823186,Donation,14.37,6.11,95.61,114.27,1.43,0.52,1.01,4
Vegetables,0.009826672916902087,0.5020079237896344,-0.1413984981791241,1.2919406335236097,-0.14170223364777146,Biogas,9.51,3.66,19.69,2.53,1.67,0.2,1.17,4
Grains,1.5417321723941586,-1.650173845712903,0.1307393228093485,-0.5833123549282677,0.5143471478978879,Compost,18.17,1.22,43.82,44.55,0.87,0.35,0.44,1
Meat,-1.4746930147113348,0.21434547823017283,-0.41004737274466774,-0.0355501531575723,-1.7906912196949645,Biogas,1.54,0.57,23.55,16.41,2.86,0.69,0.51,2
Grains,0.8733800500460479,-1.092713922695898,-0.08941319647748011,-0.6912571074784676,0.5365109783555103,Animal Feed,14.54,2.13,38.45,38.86,0.99,0.32,0.34,1
Mixed,-1.0786324977643065,-0.042691307726000216,1.64808212214123,0.013828829391987194,-0.6603358663561638,Compost,3.66,1.15,82.11,86.33,1.16,0.36,0.38,3
Mixed,-1.5701718893324936,-0.4674400391287539,0.5515062614146025,0.7705904456747714,0.6473301306436281,Compost,1.21,0.28,44.09,35.45,1.32,0.34,0.37,3
Mixed,-0.8289729219030546,0.48122622620168826,-0.1522142320902045,-1.1035141943457205,-1.7552290909627677,Animal Feed,4.68,1.94,40.25,43.89,0.83,0.33,0.89,3
Vegetables,0.7609271532700168,0.6423755303047074,1.7032074756235107,-0.46503246649560176,0.6140843849571915,Biogas,13.97,5.47,87.86,96.58,1.32,0.5,1.39,4
Vegetables,-1.2681757451603843,1.1480635049447243,1.0818261176998314,-0.3134504735527678,0.5498092766300849,Biogas,2.85,1.32,68.72,72.55,1.44,0.42,0.89,4
Meat,-0.6960097483565522,0.36127572608880787,-0.8213941560080129,1.6594121315668433,-0.9794950249459426,Biogas,5.55,2.11,-3.0,-27.26,4.12,1.21,0.34,2
Mixed,0.10813455123053956,-0.6070784632723202,0.42520640090456757,-0.6912571074784676,-2.4489569842863843,Animal Feed,8.91,2.23,53.2,56.56,0.48,0.45,0.66,3
Grains,0.6279639797235143,-1.6837162348022188,-0.7198658151007751,1.3780667658774925,0.4146099108385813,Compost,13.12,0.82,2.36,-18.86,1.08,0.43,0.39,1
Grains,1.0303897549786203,-1.6097042240942712,-0.833256573845972,0.1562240348837403,0.7515001337944587,Compost,15.55,1.12,9.75,-1.49,0.98,0.29,0.35,1
Meat,1.5325379103936023,-0.04050376061147951,-1.0631781431170022,-0.7463778321849527,-0.3655569212697675,Compost,17.37,5.36,11.02,6.33,3.89,1.27,0.55,2
Meat,-0.3388480321811069,-0.239570548032856,-0.8008093721127311,0.24349851566900807,-1.1279926890120209,Compost,7.3,2.12,9.92,-1.89,2.23,0.85,0.45,2
Mixed,0.38679141493969893,0.00835145827948087,-0.23280889445986763,0.9830349054810161,-1.5668365320729654,Compost,10.71,3.6,19.76,4.77,1.19,0.54,1.04,3
Grains,-1.6048271845653586,-1.0515151187057596,-1.0862051895083344,-0.3547910170826317,0.4057443786555305,Compost,1.01,0.15,6.95,-1.28,0.94,0.34,0.37,1
Fruits,0.4893427987920542,-0.16847526681093572,1.6170304989771607,0.017273874686142436,-0.5517330971138062,Compost,11.81,3.45,81.19,85.21,1.09,0.52,0.85,0
Vegetables,0.7085905849591594,0.6748241458367632,-0.46691719943841276,1.506681790192624,0.5786222562249945,Biogas,13.67,5.42,8.5,-12.39,1.51,0.63,1.02,4
Vegetables,-1.4824727748656517,1.1418654547869158,-1.6803727653331664,0.5742228639079188,-0.015368400039315486,Biogas,1.64,0.78,-18.17,-37.89,1.65,0.49,1.55,4
Vegetables,-0.12455100247583961,1.166293064232396,-0.30956571576430847,-1.5536667794486818,0.25724671458945214,Animal Feed,8.97,4.25,39.65,46.32,1.7,0.56,1.51,4
Vegetables,-1.5574413727163392,1.3037439412614416,-0.6936987169288066,1.318352647445467,-0.18824627760877957,Biogas,1.23,0.62,3.63,-16.92,1.65,0.66,1.57,4
Mixed,0.5140965811012436,0.7535758419595054,1.20498592642923,-0.6499165639486036,-2.8811516782100446,Animal Feed,10.57,5.14,75.19,82.66,1.7,0.41,0.62,3
Grains,-1.684746538877884,-1.0383898360186359,-0.982932375389632,-0.6453231702230633,1.0529282280181391,Animal Feed,0.59,0.09,12.44,7.33,0.99,0.26,0.39,1
Mixed,-0.23912565202123007,-0.13092237467833195,-0.41493189773676853,-1.1471514347383542,-0.5650313953883809,Animal Feed,8.03,2.4,33.09,35.6,1.06,0.56,0.86,3
Grains,-0.2681229398691375,-1.4511070582915262,0.19982046198334555,-0.3318240484549295,0.9753548214164578,Compost,8.48,0.79,43.62,42.56,1.05,0.29,0.4,1
Vegetables,1.6952056227111323,0.4670071699573042,-1.0701560359628604,1.311462556857156,0.004579047372543334,Biogas,18.55,7.0,-7.09,-29.75,1.57,0.55,1.06,4
Vegetables,1.4589838143891543,1.3289007330784286,-1.5122055477479819,0.5340306688094398,0.8046933268927541,Biogas,17.96,8.7,-13.0,-31.42,1.29,0.54,1.15,4
Vegetables,0.538850363410433,1.0419674698904742,1.2374331281624706,0.6488655119479504,-0.18381351151725575,Biogas,12.28,5.72,64.82,61.17,1.14,0.58,1.2,4
Vegetables,0.003461414608824854,1.2177004214236304,0.663152546948335,0.4961351705737316,0.4456392734792544,Biogas,9.75,4.65,49.67,44.05,1.62,0.51,1.31,4
Grains,-0.6189193977365056,-1.37089699742577,-0.6260131563239812,-1.4905076157225008,0.9022141809063005,Animal Feed,6.5,0.68,30.03,34.32,0.98,0.35,0.37,1
Vegetables,-0.3041927369482417,1.2574408606707552,0.9879734589230377,1.1943310168558754,0.01787734564711798,Biogas,7.91,3.9,52.92,43.08,1.24,0.52,1.23,4
Fruits,-0.40532961895435815,0.5410191806652519,-1.5638419548073332,-1.449167072192637,-0.793318849101904,Animal Feed,7.09,2.86,2.79,1.34,1.11,0.39,0.74,0
Vegetables,1.611042762859889,1.1994708621359587,1.03263197313653,-1.558260173174222,0.06885415569965307,Animal Feed,18.16,8.76,78.16,92.56,1.47,0.49,1.59,4
Grains,1.6662083348632246,-1.6698617697435882,1.1784699336149684,0.6649423899873419,0.6473301306436281,Compost,18.96,1.21,62.98,58.85,0.87,0.27,0.38,1
Grains,-0.44069216511034287,-1.1543298330882288,1.5130598955738728,-0.041291895314497916,0.30379075855046345,Compost,7.29,1.01,78.72,82.66,1.05,0.33,0.33,1
Vegetables,-0.4527154308033775,0.4451316988120982,-1.6364120404042592,-0.9542288982656566,-0.3389603247206214,Animal Feed,7.0,2.66,-3.59,-9.76,1.67,0.47,1.15,4
Vegetables,-1.5630993801012965,0.5548736457238829,1.5322491008999828,0.0379441464510743,-0.45642862614602653,Biogas,1.18,0.47,78.59,81.95,1.84,0.33,1.03,4
Meat,0.6873730572655687,-0.03977457823997279,0.5919780399205804,0.9876282992065564,-0.7711550186442816,Compost,12.69,4.0,43.36,33.05,2.79,0.67,0.61,2
Vegetables,-1.6677725167230113,0.7481069741732042,-1.7145644402778721,-1.3791178178781458,-0.6448211850358256,Animal Feed,0.63,0.27,-2.14,-5.05,1.42,0.4,1.25,4
Meat,-0.3685525709521339,-0.2578001073205278,1.6512221739218664,-1.6822818037638134,-0.18159712847149226,Donation,7.5,2.06,96.97,115.99,4.08,0.82,0.35,2
Meat,1.5693149583958268,-0.2410289127758697,1.063334701658307,-0.23191773492442544,-0.09294180664099987,Compost,17.79,4.9,67.49,70.51,3.49,0.96,0.63,2
Vegetables,-0.8084626451325834,0.7313357796285458,-0.3409662335706707,0.9991117835204076,0.46337033784535286,Biogas,5.34,2.17,16.53,0.78,1.79,0.5,1.45,4
Vegetables,0.6682772823413368,0.5264355332351147,-0.2195508980527368,0.19756457841360403,-0.6536867172188764,Biogas,12.67,5.05,26.98,18.91,1.37,0.52,1.28,4
Mixed,0.4709542747909423,0.305493274668532,-0.9801412182512887,0.20330632057052964,-1.604515043850926,Biogas,11.1,4.26,5.12,-7.37,0.89,0.33,0.82,3
Grains,-0.38552659310700665,-1.4522008318487865,-1.4696404013882465,-0.06425886394219994,0.7559328998859824,Compost,7.74,0.73,-6.56,-19.52,0.97,0.3,0.41,1
Mixed,0.6555467657251823,0.619406285602241,1.2991874798483163,-0.6751802294390761,-0.8044007643307151,Animal Feed,12.51,5.2,78.11,86.34,0.6,0.62,0.57,3
Vegetables,1.6577213237857884,0.45351729608442737,0.161442051331125,-1.0472451212078502,-0.5672477784341444,Animal Feed,17.85,6.89,48.74,53.69,1.47,0.23,1.16,4
Grains,-0.5121245083454318,-1.6859037819167395,1.4202539207239573,-1.1184427239537267,1.2524027021367525,Animal Feed,7.21,0.43,85.44,98.23,1.12,0.31,0.37,1
Vegetables,-0.2405401538674694,0.6981579817249832,0.12620369245954055,0.10799340076556567,0.7780967303436079,Biogas,8.55,3.39,37.67,32.36,1.6,0.4,1.64,4
Vegetables,-0.737737552820614,0.8742555244438931,1.0797327498460738,-0.7923117694403568,0.5985697036368566,Animal Feed,5.76,2.45,72.84,80.84,1.81,0.58,1.08,4
Grains,-0.5100027555760727,-1.618819003738107,0.22528977087072816,-0.08263243884436164,1.0972558889333868,Compost,7.17,0.5,42.17,39.08,1.0,0.31,0.41,1
Vegetables,-1.4273072028623155,0.8330567204537549,-1.0781806127355975,-0.5155597974765463,0.3392528872826604,Biogas,1.96,0.83,8.58,1.8,1.64,0.69,1.22,4
Grains,-1.0729744903793488,-1.0967244257391857,1.7049519488349754,0.3939321601804571,0.9598401400961197,Compost,3.99,0.57,80.43,81.68,1.03,0.27,0.47,1
Fruits,1.4462532977729998,-0.49770110754628916,1.12718242119791,0.9761448148927057,-3.087275301465942,Compost,14.67,4.08,58.79,51.65,2.0,0.55,0.73,0
Grains,0.8797453083541253,-1.2334461203967244,-1.0045638432117927,-0.7831249819892759,0.5520256596758453,Animal Feed,14.58,1.84,13.02,8.98,1.04,0.24,0.44,1
Meat,1.6167007702448464,0.561800878253198,0.9782044089388361,-1.7167322567053667,-0.859810340474774,Biogas,17.38,7.09,77.99,93.45,3.92,0.99,0.61,2
Fruits,0.3422346067831581,-0.26983161645039117,1.0943863248223762,1.647928647252992,-1.7352816435509058,Compost,10.4,3.06,52.01,38.84,1.1,0.27,0.88,0
Vegetables,-1.3502168522422688,0.7903995517206027,0.4147395616357803,-1.217200689052846,-0.5849788428002429,Animal Feed,2.27,0.99,57.48,65.36,1.1,0.5,1.45,4
Meat,1.6548923200933097,0.14033346752222514,1.1892856675260488,-1.4514637690554073,0.11983096575218817,Donation,18.43,6.05,81.72,96.08,2.75,0.77,0.69,2
Grains,-0.06726367770314451,-1.3220417785348098,-0.10057782503085337,-1.0828439225807887,0.7670148151147967,Animal Feed,9.5,1.07,41.54,45.3,1.01,0.23,0.39,1
Vegetables,-0.42371814295547006,0.45242352252716705,-1.1940136339768448,0.19526788155083386,0.3436856533741842,Biogas,7.39,2.73,-0.93,-14.57,1.48,0.42,1.49,4
Vegetables,-0.9470838260640434,1.245409351540892,-0.7578953311107026,-0.7268559088514059,-0.45421224310026304,Animal Feed,4.39,2.2,19.6,16.48,1.28,0.39,1.12,4
Vegetables,0.5020733154082087,1.1065001097688325,0.9799488821503005,0.23890512194346775,0.22843373499454253,Biogas,12.33,5.74,61.0,59.45,1.74,0.54,1.2,4
Fruits,-0.16415705417054263,0.4775803143441541,-1.4647558763961457,-1.2505027935630137,-1.2609756717577612,Animal Feed,8.13,3.28,3.9,1.29,1.42,0.38,0.48,0
Mixed,0.16471462508011508,-0.01571155998024583,-1.0914386091427282,-1.2562445357199394,-0.4409139448256884,Animal Feed,10.18,3.19,14.65,14.24,0.68,0.45,0.89,3
Vegetables,1.2659043123774782,0.46336125809977,0.3519385260230559,-0.26866488472874883,0.9421090757300212,Biogas,16.99,6.13,47.42,46.68,1.22,0.46,1.22,4
Fruits,1.4243285191562898,-0.1939966498136764,-0.8353499416997294,-0.1343081182566915,0.009011813464070316,Compost,17.11,4.81,12.22,3.51,0.86,0.3,0.92,0
Fruits,1.0247317475936624,0.7393567857151214,-1.6015225761749678,1.0014084803831778,-2.477769963881294,Compost,13.2,6.25,-19.63,-42.63,0.9,0.48,0.83,0
Vegetables,0.6010884446449662,1.0838954562521192,-0.21501526770292884,0.1183285366480316,1.148232698985922,Biogas,13.42,5.95,27.8,20.45,1.74,0.5,1.18,4
Grains,1.6350892942459583,-1.700487429346877,0.2444789761968383,-1.457205511212333,0.4988324665775498,Animal Feed,18.66,1.12,54.68,63.68,0.94,0.3,0.42,1
Vegetables,-1.5821951550255282,0.5552382369096359,0.23819887263556586,-1.448018723761252,0.4988324665775498,Animal Feed,1.13,0.43,54.43,63.31,1.6,0.54,1.04,4
Fruits,-0.044631648163314296,0.9201940138488263,-1.026893100318539,0.6637940415559567,-2.6528642244965215,Compost,8.11,4.12,-0.22,-16.98,0.84,0.36,0.62,0
Mixed,-1.407504177014964,-0.2665502957786104,0.25006129047352504,0.2997675888068785,-2.17190910356609,Compost,1.82,0.55,39.54,33.27,0.3,0.46,0.99,3
Fruits,-0.3437987886429448,-0.6435375818476639,-0.5000621904562395,-1.3963430443489224,-2.2716463406253964,Animal Feed,6.86,1.66,32.82,37.02,1.48,0.39,0.71,0
Meat,0.19724816754362107,-0.09373407373148131,1.4031580832516046,-0.8095369959111334,-0.33009479253757057,Compost,10.41,3.13,82.26,92.25,2.48,1.11,0.59,2
Vegetables,0.5027805663313287,1.2337424335967817,-1.043291148506306,1.5468739852911029,0.46337033784535286,Biogas,12.47,5.97,-8.37,-32.91,1.75,0.55,1.18,4
Mixed,-1.4902525350199682,0.19137623352770622,-0.5541408600116412,0.5317339719466697,-1.010524387586616,Biogas,1.52,0.54,14.48,1.58,1.2,0.38,0.94,3
Vegetables,0.5798709169513752,1.2625451372713035,-0.6019394260057702,-0.3501976233570912,-0.11732202014438567,Biogas,12.54,6.22,20.78,15.28,1.49,0.6,0.9,4
Vegetables,-0.5241477740384667,1.0492592936055427,0.20540277626003206,-0.575273915908572,1.139367166802871,Biogas,7.1,3.11,45.89,46.97,1.47,0.5,1.44,4
Vegetables,-0.44776467434153966,1.2753058287726735,-0.33189497287105496,-0.129714724531151,0.8933486487232496,Biogas,7.45,3.54,26.61,20.74,1.29,0.56,0.81,4
Meat,0.16259287231075592,-0.13420369535011276,1.005767085679976,0.1424438537071189,-1.4161224849611267,Compost,9.68,3.01,62.58,62.0,3.89,1.13,0.74,2
Mixed,-0.9032342688306225,0.8450882295836183,-0.4473790994700095,1.5801760898012709,-2.132014208742369,Compost,4.24,2.04,8.41,-13.02,1.25,0.16,1.15,3
Vegetables,0.6194769686460782,1.1626471523748614,0.5173145864698968,-0.5454168566925592,-0.4675105413748377,Biogas,12.53,6.14,54.58,57.2,1.51,0.54,1.25,4
Meat,-1.6161431993352735,0.20741824570085735,1.4321163385619164,0.42838261312201037,-1.9414052668068065,Biogas,0.84,0.31,72.31,71.7,3.32,0.88,0.47,2
Grains,1.2305417662214935,-1.2232375671956282,0.21796298338257694,-0.3869447731614146,0.3414692703284239,Compost,16.33,2.11,44.61,44.13,1.02,0.3,0.43,1
Mixed,-0.4845417223437637,-0.5100972078619062,-0.7697577489486617,1.46074785293722,0.7204707711537855,Compost,7.19,1.63,0.21,-22.02,0.82,0.31,1.05,3
Vegetables,0.14208259554028488,0.6256043357600495,1.6117970793427672,0.9715514211671649,1.3011631291435242,Biogas,10.92,4.12,72.73,68.41,1.57,0.65,1.26,4
Fruits,-0.34096978495046604,-0.021180427766547327,-1.2843773463307093,0.6431237697910248,0.10431628443185002,Compost,7.75,2.36,-7.42,-25.49,1.26,0.44,0.85,0
Grains,1.0480710280566126,-1.739863277408248,0.8543468109248513,1.5755826960757304,1.1194197193910091,Compost,15.91,0.84,45.77,31.85,1.12,0.24,0.35,1
Vegetables,0.874087300969168,0.716387541012655,0.9447105232787161,-0.026363365706491455,0.9709220553249308,Biogas,14.84,5.87,62.3,62.86,1.91,0.33,0.78,4
Vegetables,1.730568168867117,0.9952997981140344,-0.7516152275494302,0.6385303760654845,0.5254290631266991,Biogas,19.21,8.51,7.89,-7.07,1.67,0.53,1.43,4
Vegetables,1.0204882420549446,1.0842600474378727,0.9495950482708169,1.0668643409721288,-0.4298320295968773,Biogas,14.65,6.99,52.92,43.97,1.1,0.59,1.08,4
Vegetables,1.6407473016309155,1.0817079091375985,1.437698652838603,-0.3433075327687805,-0.7600731034154673,Biogas,17.59,8.53,79.19,85.32,1.92,0.47,1.15,4
Grains,0.9943199578995155,-1.28813479825974,0.27239054758027154,0.437569400573091,0.6894414085131124,Compost,15.31,1.8,38.99,31.65,1.02,0.31,0.31,1
Grains,0.4200322083263245,-1.4110020278586484,-1.520927913805305,-0.8841796439511652,0.8268571573503796,Animal Feed,12.23,1.22,-0.9,-7.01,0.92,0.28,0.37,1
Vegetables,-0.42301089203235054,0.7681594893896431,-0.8196496827965484,0.48005829253434007,-0.6448211850358256,Biogas,7.05,3.07,7.32,-6.66,1.52,0.61,1.08,4
Vegetables,-1.6769667787235671,0.8840994864592358,1.0591479659507919,-1.600749065135471,0.11761458270642468,Donation,0.61,0.26,79.29,94.2,1.38,0.41,1.0,4
Vegetables,-0.8091698960557032,0.6693552780504615,0.08049849431916901,-0.08837418100128726,-0.879757787886636,Biogas,5.0,2.12,38.07,34.2,1.36,0.36,0.77,4
Meat,-0.026950375085321953,-0.12727646282079755,-0.6650893562607876,0.08961982586340417,-1.7530127079170041,Compost,8.59,2.73,15.15,5.47,3.15,1.13,0.38,2
Grains,0.6767642934187734,-1.4314191342608409,-1.4727804531688828,-1.48361752513419,0.6185171510487185,Animal Feed,13.52,1.32,5.7,5.09,0.96,0.31,0.44,1
Grains,0.8203362308120709,-1.394960015685497,0.07421839075789657,0.6075249684180867,0.8999977978605369,Compost,14.49,1.47,31.82,21.86,0.98,0.33,0.42,1
Vegetables,-0.8537267042122438,0.9847266537271845,1.580745456178698,0.04942763076492552,0.7249035372453093,Biogas,5.15,2.26,79.87,83.4,1.55,0.34,0.88,4
Mixed,1.270855068839316,0.38533874434853455,1.139742628320455,0.5478108499860612,-3.0850589184201818,Compost,13.88,5.95,62.9,59.56,1.0,0.23,0.57,3
Vegetables,0.9992707143613534,0.7061789878115587,0.24238560834308098,0.5443658046919058,-0.7645058695069943,Biogas,14.3,6.12,37.2,28.75,1.83,0.54,1.42,4
Grains,0.24039047385392234,-1.1433920975156255,1.1645141479232517,1.1265784594041544,0.6916577915588759,Compost,11.16,1.54,58.57,50.34,1.06,0.33,0.39,1
Vegetables,-0.9463765751409238,0.8162855259090965,-0.9996793182196918,-0.369719546690638,-0.7999679982391913,Biogas,4.32,1.92,9.56,1.95,1.22,0.41,1.03,4
Fruits,-0.8735297300595952,0.2909096272383943,1.1575362550773938,0.40541564449430795,-0.895272469206971,Biogas,4.67,1.72,64.65,62.66,1.08,0.52,0.87,0
Vegetables,-1.663529011184293,0.5964370408997741,-0.5694922242725293,0.86245832018558,-0.4675105413748377,Biogas,0.66,0.27,11.16,-4.72,1.45,0.46,1.07,4
Meat,-1.3579966123965854,0.5913327642992265,-0.6856741401560695,-0.0734456513932808,-0.3456094738579087,Biogas,2.26,0.91,15.98,7.59,3.12,0.92,0.67,2
Vegetables,-0.23205314279003303,0.7568571626312866,-1.4225396246787034,-0.838245706695761,0.05777224047084192,Animal Feed,8.31,3.48,1.52,-4.43,1.37,0.41,1.18,4
Vegetables,-0.8431179403654484,0.4520589313414134,-0.08941319647748011,1.556060772742184,-0.12618755232743334,Biogas,5.01,1.89,18.87,-0.29,1.55,0.48,1.11,4
Grains,1.2206402532978178,-1.1550590154597355,-1.3855567925956545,0.23201503135515728,1.2479699360452254,Compost,16.98,2.26,-6.74,-21.8,1.08,0.29,0.4,1
Grains,-0.6854009845097568,-1.5765264261907086,-1.0736449823857896,1.2287814697974286,0.9908695027367929,Compost,6.16,0.47,-6.48,-28.44,1.11,0.22,0.37,1
Vegetables,1.1548659174476863,1.1925436296066434,1.1878900889568769,-0.8279105708132951,0.36141671774028267,Animal Feed,15.94,7.57,76.25,85.17,1.84,0.36,1.46,4
Grains,-1.7130365758026718,-1.0722968162937054,1.0127449785258344,0.34914657135643795,1.2546190851825127,Compost,0.43,0.06,60.98,58.65,0.94,0.38,0.4,1
Grains,1.224176507913416,-1.5294941632285153,-0.058361573313410776,-0.16990691962962962,1.1570982311689697,Compost,16.93,1.39,34.79,30.84,0.87,0.33,0.42,1
Fruits,1.3465309176131233,0.9347776612789634,0.2469212386928887,-0.5063730100254655,-1.741930792688193,Biogas,15.3,7.44,46.49,47.22,1.56,0.44,0.33,0
Vegetables,-1.4888380331737288,0.9858204272844447,-0.6643915669762018,1.6077364521545137,-0.06412882704608709,Biogas,1.6,0.73,1.96,-20.94,1.89,0.47,1.28,4
Grains,-0.5177825157303895,-1.1299022236427485,1.0797327498460738,-0.4064666964949614,1.0285480145147532,Compost,7.1,0.98,69.48,74.11,1.09,0.31,0.39,1
Mixed,-1.1910853945403375,-0.11159904183339978,-1.713866650993286,1.6284067239194455,-1.422771634098414,Compost,2.97,0.93,-28.31,-57.41,0.96,0.3,0.92,3
Fruits,-0.6790357262016794,0.12939573194962187,-0.00846963946552413,1.1954793652872608,-1.1701039668815052,Biogas,5.58,1.94,24.34,8.79,1.28,0.5,0.46,0
Grains,1.3847224674615868,-1.1047454318257612,-1.3607852729928576,-0.13201142139392114,0.6185171510487185,Compost,17.39,2.51,-2.86,-14.61,1.05,0.4,0.37,1
Vegetables,1.219225751451578,1.2891602938313038,-0.990956952162369,-0.7325976510083313,-0.5894116088917667,Animal Feed,15.56,7.96,12.98,8.58,1.73,0.64,1.36,4
Vegetables,1.4731288328515484,0.9056103664186886,1.0054181910376834,1.010595267834259,1.2590518512740398,Biogas,18.41,7.66,55.01,46.88,1.71,0.7,0.82,4
Vegetables,-0.7200562797426217,0.5191437095200458,1.68157600780135,0.8957604246957483,0.880050350448675,Biogas,5.93,2.19,75.38,72.12,1.43,0.34,1.49,4
Vegetables,-0.7023750066646294,0.7448256535014232,-0.030450001929977533,0.10110331017725518,-0.20597734197487808,Biogas,5.73,2.42,33.24,27.08,2.04,0.44,1.44,4
Vegetables,-0.6012381246585133,1.1407716812296553,0.6722238076479504,1.286198891366684,1.0174660992859421,Biogas,6.64,3.01,43.06,30.62,1.52,0.46,1.47,4
Vegetables,-0.37350332741397174,1.1425946371584226,-1.1176057073146968,1.1954793652872608,0.9731384383706944,Biogas,7.89,3.59,-7.45,-29.36,1.65,0.56,0.89,4
Meat,-0.9499128297565221,0.2690341560931883,0.28495075470281644,1.101314793913682,-0.8841905539781598,Biogas,4.28,1.56,33.57,20.52,3.24,0.94,0.49,2
Vegetables,0.39174217140153683,0.4356523279825087,0.3515896313807628,-1.5640019153311477,0.919945245272399,Animal Feed,12.12,4.33,58.68,69.22,1.27,0.58,1.01,4
Vegetables,-0.7914886229777108,1.238117527825823,-0.5080867672289765,0.30780602782657424,0.16194224362167245,Biogas,5.35,2.6,17.76,7.07,1.68,0.57,1.3,4
Fruits,0.6477670055708658,-0.5567648796383461,-0.9832812700319249,-1.731660786313373,-1.3429818444509694,Animal Feed,12.14,2.96,21.89,26.24,1.06,0.4,0.65,0
Fruits,1.6400400507077961,0.9180064667343056,1.6718069578171484,-1.2137556437586907,-1.9258905854864683,Donation,16.56,8.09,93.48,108.53,1.35,0.49,0.89,0
Meat,0.8245797363507892,-0.03722243993969872,0.03653776939026171,-0.9335586265007247,-1.1412909872865924,Compost,13.15,4.23,44.18,47.42,3.19,1.06,0.59,2
Meat,-1.6911117971859613,0.12246849942030666,0.6027937738316608,-1.5651502637625327,-0.10402372186981103,Biogas,0.52,0.17,65.9,77.89,3.76,1.27,0.48,2
Vegetables,-0.49302873342120007,0.8844640776449894,-1.3007753945184763,-1.1149976786595714,-0.10180733882404754,Animal Feed,6.87,3.03,7.42,4.57,1.43,0.7,0.8,4
Fruits,-0.12596550432207898,-0.0813379734158646,-0.08941319647748011,-1.2206457343470012,-1.3895258884119774,Animal Feed,8.26,2.63,43.05,48.07,1.04,0.33,0.35,0
Vegetables,-0.3890628477226052,0.7750867219189583,0.7594474682211788,1.486011518427692,1.0529282280181391,Biogas,7.83,3.15,43.82,30.14,1.55,0.51,1.32,4
Vegetables,-0.6252846560445828,0.5308106274641556,0.5110344829086246,-0.3593844108081721,0.3459020364199477,Biogas,6.3,2.4,52.77,53.73,1.66,0.49,1.33,4
Fruits,-0.21225011694268178,-0.33837475937203737,-0.4798263012032505,0.3778552821410656,0.7780967303436079,Compost,8.71,2.18,17.96,6.83,0.9,0.26,0.74,0
Grains,0.48156303863773764,-1.2750095155726162,-0.6490402027153135,1.4722313372510711,0.3414692703284239,Compost,12.29,1.49,3.58,-18.06,1.11,0.26,0.37,1
Fruits,0.6046246992605645,-0.5443687793227291,-1.7351492241731539,0.5604426827312974,-0.698014378134121,Compost,12.32,2.93,-19.62,-39.54,1.27,0.4,1.15,0
Fruits,0.3111155661658917,0.4994557854893601,0.5040565900627663,0.3284762995915061,-2.7592506106931154,Compost,9.7,4.27,46.57,41.5,1.44,0.55,1.05,0
Vegetables,-0.6931807446640734,1.33327582730747,-0.7784801150059846,1.5847694835268116,0.055555857425078424,Biogas,5.85,2.94,-1.12,-24.47,1.28,0.46,0.96,4
Vegetables,0.736880621883947,0.9752472828975949,-0.6001949527943058,0.04024084331384467,-0.8088335304222389,Biogas,12.92,6.07,17.44,8.55,1.21,0.35,1.11,4
Grains,0.8047767105034377,-1.1590695185030233,0.444395606230678,1.3022757694060756,1.1726129124893077,Compost,14.58,1.94,36.39,22.5,1.08,0.33,0.52,1
Grains,-1.1571373502305924,-1.4390755491616627,-0.5325093921894803,-0.12052793708007013,1.2280224886333666,Compost,3.57,0.34,20.79,13.69,0.95,0.33,0.35,1
Grains,-1.6182649521046328,-1.1933410899638466,-0.8834974023361516,-1.3010301245439584,1.1415835498486346,Animal Feed,0.97,0.12,21.0,22.17,1.09,0.24,0.41,1
Vegetables,1.3175336297652156,0.8673282919145778,1.636917493587857,-1.4457220268984818,-0.6581194833104003,Donation,16.01,7.21,94.5,111.37,2.13,0.69,1.0,4
Meat,-1.5192498228678755,0.10496812250414181,0.17504894238054866,-1.1666733580719013,-0.017584783085078975,Biogas,1.44,0.47,50.18,56.25,3.03,0.86,0.62,2
Mixed,0.736880621883947,-0.0499831314410688,1.40978708145517,-1.218349037484231,-1.8527499449763107,Animal Feed,12.25,4.06,86.02,99.61,1.42,0.33,0.42,3
Vegetables,-0.5248550249615862,0.6668031397501877,-1.2442544624670244,-1.0518385149333906,0.3924460803809558,Animal Feed,6.86,2.74,8.5,5.43,1.36,0.44,1.23,4
Vegetables,-1.287271520084616,0.6482089892767622,0.548017314991673,1.0014084803831778,-0.13726946755624764,Biogas,2.66,1.08,41.98,31.31,1.37,0.57,1.11,4
Grains,-1.0213451729916112,-1.5167334717271448,1.5057331080857213,0.45938802076940816,1.0972558889333868,Compost,4.3,0.36,74.15,73.68,1.02,0.22,0.38,1
Fruits,-1.6345317233363856,-0.10722394760435837,-0.5415806528890961,0.6454204666537949,-1.2897886513526708,Compost,0.78,0.24,13.84,0.02,0.82,0.44,1.2,0
Vegetables,-0.09272471093545345,0.5523215074236085,0.18237572986869988,0.19411953311944857,0.5387273614012738,Biogas,9.27,3.52,38.54,32.8,1.5,0.56,1.1,4
Mixed,-1.1394560771526,0.20595988095784362,-0.659855936626394,0.4582396723380229,-1.5956495116678782,Biogas,3.2,1.18,12.09,-0.78,0.98,0.46,0.53,3
Fruits,-1.2582742322367086,0.8432652736548512,-0.13756065711390206,1.4538577623489095,-2.983105298315112,Compost,2.42,1.22,18.38,-0.17,1.63,0.47,0.8,0
Vegetables,0.41720320463384575,1.3361925567934976,1.0832216962690029,-0.0918192262954425,-0.0707779761833744,Biogas,11.7,5.92,66.84,68.74,1.49,0.62,1.48,4
Fruits,-0.09626096555105197,0.4436733340690842,0.5647642578217331,0.30550933096380406,-2.9875380644066385,Compost,7.72,3.37,48.52,44.01,1.25,0.29,0.55,0
Vegetables,0.934203629434342,0.992383068628007,-1.2386721481903378,-0.8543225847351525,0.9908695027367929,Animal Feed,15.19,6.58,6.93,2.17,1.02,0.6,0.93,4
Mixed,0.0876242744600685,0.6551362218060779,-1.6392031975426025,-0.2020606757084127,-1.0991797094171083,Biogas,9.47,4.05,-10.22,-22.96,1.2,0.55,1.1,3
Fruits,-0.02412137139284324,0.0502794446411263,-1.0157284717651658,-1.53529320454652,-1.0193899197696634,Animal Feed,8.94,2.98,19.25,21.7,1.29,0.16,0.8,0
Grains,1.6944983717880127,-1.2112060580657649,0.10666559249113754,-1.394046347486152,0.4855341683029752,Animal Feed,18.97,2.46,50.18,57.83,0.95,0.27,0.4,1
Meat,-1.522786077483474,-0.2909779052240907,-0.39050927277626446,-1.7247706957250624,-0.10180733882404754,Compost,1.41,0.38,38.82,46.5,3.48,0.82,0.56,2
Vegetables,0.23826872108456318,1.1152502982269148,0.8278308181105902,1.112798278227533,0.8490209878080018,Biogas,11.23,5.09,49.03,38.98,1.51,0.49,1.24,4
Fruits,-0.29287672217832666,0.36309868201757495,-1.0649226163284666,-0.20780241786533812,-0.9196526827103567,Biogas,7.61,2.89,6.29,-3.1,0.73,0.47,1.03,0
Grains,0.8762090537385271,-1.2717281949008354,-0.9379249665338462,-0.9094433094416375,0.7315526863825967,Animal Feed,14.68,1.76,16.04,13.49,1.1,0.24,0.44,1
Vegetables,0.6753497915725338,1.3285361418926755,-0.9483918058026336,-0.5902024455165782,-0.2192756402494527,Animal Feed,12.98,6.6,12.94,7.55,1.53,0.57,1.39,4
Fruits,-1.1748186233085849,0.7065435789973123,-0.10127561431543905,-0.7440811353221823,-2.4445242181948603,Animal Feed,2.89,1.35,38.57,39.37,1.52,0.38,0.07,0
Vegetables,0.8210434817351909,0.6810221959945717,0.35298520994993443,-0.7647514070871142,0.44785565652501474,Animal Feed,14.19,5.68,51.77,55.35,1.55,0.53,1.29,4
Vegetables,-0.7313722945125368,0.9194648314773196,-0.06150162509404687,1.5640992117618793,0.8778339674029146,Biogas,5.87,2.5,19.6,0.53,1.3,0.54,1.32,4
Grains,-0.06089841939506728,-1.132818953128776,0.7067643772349492,-1.2711730653279458,0.407960761701294,Animal Feed,9.38,1.33,66.32,76.35,1.04,0.27,0.38,1
Mixed,1.3345076519200885,0.002153408121672643,1.555276147291315,1.6295550723508303,0.4434228904334909,Compost,16.98,5.15,65.38,55.01,1.65,0.39,0.99,3
Vegetables,-1.4881307822506091,0.7317003708142994,-1.016077366407459,-1.1838985845426777,0.17967330798777092,Animal Feed,1.62,0.67,16.17,15.56,1.8,0.4,1.24,4
Vegetables,0.28989803847230083,1.295722935174866,-0.018238689449725506,1.4044787797993499,-0.6337392698070144,Biogas,10.73,5.51,22.23,4.8,1.24,0.7,1.2,4
Vegetables,-1.6359462251826251,0.7790972249622461,-0.2038506391495556,1.5514673790166431,0.3259545890080857,Biogas,0.83,0.35,15.63,-4.15,1.36,0.45,1.09,4
Grains,0.005583167378184015,-1.4948580005819385,0.5187101650390686,0.9864799507751716,0.7803131133893683,Compost,9.91,0.87,41.28,30.56,1.05,0.34,0.43,1
Vegetables,-1.6698942694923704,1.0992082860537635,0.8372509734524988,0.6902060554778141,-0.32344564340028326,Biogas,0.63,0.3,52.98,46.67,1.52,0.6,1.51,4
Grains,0.06640674676647763,-1.0821407783090482,1.3605929368918692,0.3939321601804571,1.1903439768554063,Compost,10.44,1.5,70.56,69.84,0.99,0.35,0.37,1
Grains,0.6088682047992828,-1.6388715189545462,-0.708003397262816,1.2793088007783735,0.30157437550469995,Compost,12.95,0.9,3.56,-16.74,1.03,0.36,0.39,1
Grains,0.28211827831798425,-1.5860057970202979,-1.092485293069607,-1.3458157133679776,1.0906067397960995,Animal Feed,11.6,0.86,15.39,15.75,0.9,0.36,0.4,1
Grains,-1.0899485125342214,-1.5688700112898863,-1.2868196088267598,0.2595753937083996,0.8534537538995288,Compost,3.88,0.3,-4.15,-18.88,1.1,0.29,0.41,1
Mixed,0.8776235555847662,-0.26363356629258294,1.342450415492638,-0.42254357453435293,-1.3540637596797804,Compost,13.27,3.85,77.14,83.41,0.53,0.31,0.77,3
Grains,-0.7101547668189461,-1.6465279338553682,-0.1923371159538895,0.20789971429606996,1.203642275129981,Compost,6.08,0.4,27.67,19.65,0.99,0.28,0.35,1
Mixed,0.9087425962020326,0.9227461521491,1.1212512122789304,-0.2629231425718232,-0.3544750060409564,Biogas,14.11,6.37,69.42,73.03,1.53,0.31,0.6,3
Vegetables,1.5558771908565527,0.44185037814031713,-1.7288691206118814,0.10569670390279551,0.25946309763521563,Biogas,18.02,6.65,-15.49,-31.42,1.65,0.59,1.32,4
Grains,1.3118756223802581,-1.6042353563079697,-0.3723667513770331,-0.47077420865252734,1.1194197193910091,Compost,17.39,1.25,28.42,25.28,0.78,0.35,0.46,1
Meat,1.7121796448660052,0.06996736867181186,1.1645141479232517,1.1311718531296946,0.024526494784405304,Biogas,18.66,5.96,58.53,50.26,3.51,1.05,0.57,2
Meat,-0.6648907077392856,0.17642799491181518,-0.7568486471838238,0.6523105572421058,-1.3474146105424931,Biogas,5.6,2.01,7.62,-7.5,2.63,0.74,0.4,2
Grains,-1.0114436600679355,-1.2534986356131637,-1.0502690413521643,0.3778552821410656,0.5276454461724595,Compost,4.25,0.52,1.6,-12.81,1.06,0.26,0.45,1
Vegetables,-1.1408705789988396,0.7820139544482736,-0.7645243293142681,-0.7303009541455612,0.8468046047622415,Animal Feed,3.59,1.46,19.44,16.32,1.11,0.49,1.11,4
Mixed,-1.0468062062239203,0.08819692795948368,-0.9756055879014809,-0.26177479414043814,0.8135588590758049,Biogas,4.11,1.27,9.31,0.9,1.43,0.38,0.76,3
Mixed,-0.7441028111286914,0.9460799880373201,-1.5746576887184138,0.15163064115819996,0.1486439453470978,Biogas,5.6,2.49,-11.46,-26.91,1.43,0.48,0.66,3
Vegetables,-0.2398329029443496,0.8607656505710157,-1.3374093319592322,-1.534144856115135,0.21070267062844406,Animal Feed,8.33,3.59,10.02,10.61,1.76,0.6,1.02,4
Grains,0.5961376881831283,-1.2837597040306987,1.3494283083384964,-0.3444558812001658,1.2590518512740398,Compost,13.47,1.55,76.67,82.3,1.16,0.38,0.33,1
Grains,1.4794940911596255,-1.356677941181386,0.16388431382717542,-0.05851712178527454,1.0906067397960995,Compost,18.31,1.94,40.2,36.55,1.01,0.33,0.4,1
Fruits,-0.7674420915916411,0.03533120602523526,1.603423607927737,-1.4549088143495625,-0.7068799103171719,Donation,5.26,1.71,93.62,110.38,1.22,0.46,0.8,0
Vegetables,-1.6932335499553202,0.8108166581227952,0.034793296178797235,0.5983381809670056,0.5631075749046596,Biogas,0.53,0.22,30.78,20.67,1.35,0.5,1.1,4
Vegetables,-1.2674684942372647,1.1575428757743134,-1.4626625085423883,-0.9519322014028865,0.9975186518740802,Animal Feed,2.92,1.33,1.36,-3.83,1.41,0.44,0.87,4
Meat,-0.4541299326496169,0.25189837036277685,0.8895851697964358,-1.349260758662133,0.08436883701998805,Biogas,7.14,2.46,72.24,83.99,2.82,1.35,0.38,2
Vegetables,-1.3558748596272263,0.6511257187627897,-0.7795267989328634,-1.2815082012104118,0.4855341683029752,Animal Feed,2.36,0.93,23.81,25.41,1.4,0.43,1.29,4
Vegetables,0.24817023400823893,1.256347087113495,0.7706120967745523,-0.1538300415902383,0.6118680019114312,Biogas,11.16,5.34,58.42,59.08,1.51,0.64,1.35,4
Vegetables,-1.3968954131681688,1.1779599821765059,0.8477178127212861,-1.449167072192637,-0.529569266656184,Animal Feed,2.04,1.01,71.91,84.29,1.49,0.73,1.25,4
Vegetables,0.7269791089602717,0.8439944560263579,0.5745333078059347,-0.22502764433611475,-0.5029726701070346,Biogas,13.07,5.79,53.42,53.58,1.84,0.57,1.45,4
Grains,-0.7398593055899731,-1.431783725446594,-0.3189858711062173,0.16426247390343607,0.6872250254673521,Compost,5.77,0.56,24.42,16.06,1.1,0.35,0.37,1
Vegetables,-0.07362893601122175,1.1240004866849975,-1.4494045121352577,0.26991052959086553,0.08215245397422771,Biogas,9.17,4.32,-8.89,-24.65,1.86,0.55,0.88,4
Meat,0.29484879493413874,-0.04086835179723288,0.6617569683791631,1.5767310445071159,-1.4316371662814618,Compost,10.33,3.37,40.23,25.19,2.4,0.76,0.47,2
Vegetables,1.3748209545379109,1.0292067783891037,-0.9480429111603406,-0.5385267661042485,1.001951417965604,Biogas,17.65,7.74,12.51,6.67,1.49,0.5,1.22,4
Vegetables,0.4575165072516683,0.9431632585512927,0.3774078349104385,-0.3123021251213827,1.2280224886333666,Biogas,12.66,5.34,48.54,48.33,1.49,0.5,1.4,4
Vegetables,1.2878290909941887,0.9307671582356757,1.310701003043983,-1.1035141943457205,0.03782479305897995,Animal Feed,16.41,7.29,82.17,94.19,1.54,0.45,0.91,4
Grains,1.0381695151329369,-1.138652412100831,1.5503916222992142,-0.2755549753170593,1.1105541872079614,Compost,15.85,2.16,81.84,88.03,0.94,0.28,0.39,1
Vegetables,-1.1401633280757197,0.5720094314542943,1.1355558926129399,-0.8221688286563695,0.45672118870806555,Animal Feed,3.53,1.36,74.7,83.27,1.52,0.45,1.3,4
Vegetables,0.7793156772711287,1.1845226235200679,-1.055851355628851,-0.10215436217790842,0.20848628758268056,Biogas,13.81,6.59,5.62,-4.64,1.77,0.48,1.46,4
Vegetables,-0.0835304489348975,0.5643530165534719,-0.9745589039746021,-0.28129671747398494,-0.4918907548782235,Biogas,8.87,3.56,9.5,1.27,1.86,0.66,1.22,4
Meat,1.3040958622259415,-0.05034772262682242,-0.7767356417945199,1.3401712676417838,-1.4316371662814618,Compost,15.33,4.97,1.06,-20.17,3.61,1.19,0.33,2
Mixed,0.6343292380315917,0.9278504287496482,-0.043707998337108346,0.9910733445007118,-1.9724346294474764,Biogas,11.68,5.74,25.11,11.14,1.37,0.5,0.63,3
Fruits,0.4773195330990198,0.5198728918915526,-0.9707210629093801,1.5376871978400222,-2.067739100415259,Compost,10.87,4.65,-6.21,-30.26,0.86,0.46,1.09,0
Grains,1.0339260095942187,-1.3745429092833046,1.1132266355061933,-0.1285663760997659,1.2368880208164144,Compost,15.92,1.64,68.02,70.42,1.01,0.24,0.39,1
Grains,1.483030345775224,-1.2061017814652166,0.7911968806698344,-0.8945147798336311,0.25946309763521563,Animal Feed,17.63,2.33,65.46,72.68,0.82,0.29,0.37,1
Vegetables,-0.35440755248974004,0.9679554591825266,0.5822089899363787,0.0689495540984723,1.0750920584757646,Biogas,8.03,3.44,51.08,48.73,1.51,0.52,1.6,4
Meat,-0.0170488621616462,0.6088331412153911,0.9391282090020296,-1.0793988772866332,-1.903726755028846,Biogas,8.57,3.76,71.31,80.99,3.03,0.58,0.38,2
Grains,0.6993963229586037,-1.318031275491522,0.8089905074267727,-1.2527994904257842,0.8091260929842811,Animal Feed,13.76,1.55,69.09,79.54,1.16,0.28,0.44,1
Grains,-1.5652211328706558,-1.475170076551253,0.4967298025746148,-1.0736571351297077,0.6606284289182027,Animal Feed,1.24,0.11,58.58,65.68,1.03,0.29,0.42,1
Mixed,0.11591431138485614,0.4979974207463466,0.09515206929547144,1.3321328286220881,-0.5406511818849951,Biogas,9.88,3.87,26.12,9.96,1.38,0.37,0.84,3
Vegetables,-0.37138157464461286,1.1969187238356849,-1.034568782448983,0.3698168431213698,-0.8199154456510532,Biogas,7.25,3.65,2.12,-12.13,1.97,0.38,1.54,4
Fruits,-0.09979722016665049,-0.42332450565258806,-1.1196990751684541,0.437569400573091,-1.899293988937319,Compost,8.17,2.23,-0.91,-16.24,1.31,0.47,0.71,0
Vegetables,-1.5539051181007406,0.6952412522389557,-1.4501023014198433,1.3045724662688456,1.0041678010113675,Biogas,1.32,0.52,-17.93,-42.7,1.38,0.56,1.43,4
Grains,-0.005732847391731093,-1.0766719105227467,1.6620379078329468,-1.0070529261093715,0.21291905367420755,Animal Feed,9.59,1.45,91.39,104.59,1.14,0.31,0.39,1
Grains,0.8663075408148514,-1.4729825294367327,-0.6856741401560695,-0.42139522610296787,0.656195662826679,Compost,14.58,1.34,19.01,13.65,0.94,0.31,0.41,1
Grains,-0.5206115194228682,-1.2808429745446714,0.9600618875396042,1.1082048845019925,0.21735181976573137,Compost,6.83,0.83,52.86,43.61,0.96,0.33,0.39,1
Vegetables,0.49995156263885004,0.9836328801699241,-0.6661360401876664,0.15163064115819996,0.1508603283928613,Biogas,12.27,5.52,14.57,4.33,1.71,0.31,1.14,4
Vegetables,1.5162711391618497,1.0222795458597884,-0.33224386751334783,0.546662501554676,0.07771968788270389,Biogas,17.66,8.06,20.71,8.95,1.53,0.44,1.24,4
Vegetables,-1.312732553316925,0.655500812991831,-0.6144996331283151,0.6947994492033549,0.009011813464070316,Biogas,2.54,1.03,11.33,-3.34,1.38,0.47,1.17,4
Grains,1.6188225230142055,-1.4398047315331697,-0.006725166254059413,-0.01947327511818097,0.5719731070877072,Compost,18.64,1.8,34.97,30.01,0.92,0.38,0.43,1
Meat,0.900962836047716,0.17132371831126705,-0.643457888438627,1.645631950390222,-1.8682646262966458,Biogas,13.03,4.79,2.22,-20.89,3.07,0.99,0.52,2
Fruits,-0.5750698405030845,-0.1582667136098397,0.9119144269031823,0.7200631146938271,-0.24365585375283852,Compost,6.39,1.85,54.86,48.72,0.84,0.32,0.81,0
Meat,1.4115980025401353,0.15710466206688325,-1.4169573104020166,-1.3021784729753436,-0.3433930908121452,Biogas,16.75,5.66,5.72,3.84,3.18,1.12,0.53,2
Vegetables,-1.2172536786957666,0.5096643386904564,-1.192618055407673,-1.5203646749385136,-0.631522886761251,Animal Feed,2.95,1.17,14.05,15.36,1.76,0.49,1.13,4
Mixed,1.255295548530683,0.7787326337764925,0.7911968806698344,1.4515610654861393,0.3459020364199477,Biogas,16.47,6.85,45.02,31.82,0.98,0.44,0.7,3
Vegetables,-0.2843897111008905,0.6985225729107368,-1.293797501672618,-0.8508775394409972,-0.33231117558333406,Animal Feed,7.88,3.29,5.32,0.22,1.3,0.55,1.63,4
Mixed,1.0374622642098168,0.44659006355511166,0.24029224048932343,-1.3446673649365926,0.2949252263674126,Animal Feed,15.26,5.63,53.59,61.58,1.05,0.4,0.56,3
Vegetables,1.151329662832088,0.8531092356701938,-0.6797429312370901,-1.0702120898355525,1.2945139800062369,Animal Feed,16.62,6.79,24.83,25.16,1.63,0.38,1.26,4
Vegetables,0.5911869317212904,0.9059749576044422,-0.6664849348299592,1.2391166056798946,0.42347544302162893,Biogas,12.93,5.59,5.1,-14.61,1.55,0.49,1.15,4
Meat,-0.23063864094379366,0.2752322062509968,-0.699978820490079,-0.45814237590729107,-1.9059431380746064,Biogas,7.54,2.9,18.92,13.81,2.62,1.05,0.56,2
Vegetables,-0.6005308737353935,1.3110357649765103,-0.058361573313410776,-0.510966403751006,0.1730241588504836,Biogas,6.38,3.17,37.78,36.8,1.84,0.73,1.11,4
Vegetables,0.4652962674059849,1.1123335687408873,-0.2945632461457132,-0.5500102504180996,1.1415835498486346,Biogas,12.66,5.66,31.34,29.35,1.55,0.58,1.18,4
Vegetables,-0.4074513717237171,0.4433087428833311,-1.4183528889711883,1.6180715880369796,0.22400096890301868,Biogas,7.44,2.75,-19.75,-47.07,1.61,0.45,1.38,4
Vegetables,0.11308530769237743,1.1673868377896564,0.42171745448163866,0.3835970242979912,-0.3456094738579087,Biogas,9.96,4.86,43.74,37.72,1.54,0.62,1.37,4
Grains,-0.7674420915916411,-1.53532762220057,-1.5436060655543444,-1.3561508492504435,0.30157437550469995,Animal Feed,5.52,0.47,2.56,0.43,0.96,0.26,0.35,1
Vegetables,0.6279639797235143,0.5978954056427881,0.44300002766150637,-1.6478313508222604,0.2528139484979283,Animal Feed,13.02,5.1,62.04,73.84,1.75,0.5,1.35,4
Vegetables,0.7029325775742019,0.8629531976855365,1.423045077862301,-0.3134504735527678,0.024526494784405304,Biogas,13.28,5.77,78.5,84.29,1.54,0.38,1.39,4
Grains,1.684596858864337,-1.1849554926915173,-1.6535078778766121,-0.3329723968863146,0.7936114116639429,Compost,19.19,2.53,-9.51,-21.19,1.02,0.36,0.45,1
Vegetables,0.7552691458850594,0.4411211957688104,1.6718069578171484,-1.0047562292466015,0.5608911918588961,Animal Feed,13.91,5.06,91.67,104.91,1.47,0.43,1.14,4
Vegetables,-1.0015421471442598,1.0332172814323914,0.44788455265360716,0.730398250576293,0.8312899234419033,Biogas,4.36,1.93,41.47,32.58,1.42,0.58,1.62,4
Meat,-1.3813358928595352,-0.14587061329422274,-0.1595410195783557,-0.45469733061313583,-0.38550436868162946,Compost,2.13,0.63,34.38,32.33,3.16,0.48,0.42,2
Grains,-0.5991163718891541,-1.293239074860288,-1.6981663920901051,-1.31710700258335,0.4279082091131559,Animal Feed,6.47,0.77,-2.21,-5.56,1.08,0.34,0.31,1
Vegetables,-1.6840392879547643,1.0882705504811605,-0.33643060322086293,1.6835274486259306,1.214724190358792,Biogas,0.6,0.26,10.69,-11.0,1.72,0.54,1.36,4
Grains,0.6010884446449662,-1.2815721569161784,-0.4156296870213542,-0.4535489821817507,0.45007203957077824,Compost,13.0,1.56,27.03,23.5,0.85,0.3,0.37,1
Vegetables,-1.4449884759403078,1.1323860839573263,-1.003168264642621,-0.28474176276814017,0.026742877830168793,Biogas,1.84,0.87,8.72,0.35,1.5,0.54,1.28,4
Meat,0.01194842568626125,0.4801324526444279,-1.4504511960621365,-0.838245706695761,-0.7445584220951323,Biogas,9.24,3.64,0.73,-5.38,3.62,1.11,0.52,2
Vegetables,0.24604848123887976,1.1991062709502052,-1.0865540841506274,1.4228523547015117,-0.6093590563036286,Biogas,10.52,5.24,-8.54,-32.26,1.3,0.45,1.28,4
Vegetables,-1.0361974423771247,0.6263335181315562,0.4318353991081331,1.252896786856516,-0.2791179824850386,Biogas,3.96,1.61,36.47,22.94,1.34,0.47,0.72,4
Vegetables,0.17461613800379086,0.7681594893896431,-1.7407315384498405,-0.8761412049314695,-0.8154826795595262,Animal Feed,10.04,4.4,-7.27,-14.71,1.35,0.55,1.42,4
Vegetables,1.093335087136273,1.1232713043134903,-1.3440383301627978,-1.6030457619982412,-0.02645031526812979,Animal Feed,15.32,7.26,10.43,11.59,1.43,0.39,1.16,4
Vegetables,-1.2052304130027316,1.1090522480691063,-0.3748090138730835,0.3652234493958295,-0.2857671316223228,Biogas,3.07,1.47,21.06,10.64,1.77,0.53,1.39,4
Vegetables,-1.229984195311921,1.308483626676236,-0.5363472332547023,0.06320781194154669,0.3436856533741842,Biogas,3.03,1.49,19.07,10.34,1.4,0.43,1.39,4
Vegetables,-1.4046751733224854,0.9329547053501964,1.6372663882301501,0.8084859439104801,0.9598401400961197,Biogas,2.14,0.91,74.88,72.12,1.61,0.48,1.04,4
Vegetables,-0.7313722945125368,1.293899979246099,0.5836045685055506,-0.9278168843437992,-0.41431734827654226,Animal Feed,5.52,2.81,59.8,66.13,1.1,0.42,0.88,4
Grains,-0.4795909658819258,-1.5743388790761879,0.6757127540708798,0.20215797213914435,0.9753548214164578,Compost,7.3,0.56,52.6,49.62,0.99,0.3,0.36,1
Meat,1.6598430765551475,0.012726552508522277,0.17818899416118475,1.5227586682320156,-0.3034981959884244,Compost,18.09,5.71,26.84,9.51,3.06,1.3,0.55,2
Vegetables,1.7220811577896804,0.5705510667112803,0.4559091294263441,-1.6168259431748624,0.15972586057590896,Animal Feed,18.83,7.34,62.14,73.74,1.7,0.42,1.02,4
Mixed,-0.7504680694367686,-0.216965894516143,-0.48959535118745207,1.6881208423514709,0.3237382059623254,Compost,5.62,1.54,6.26,-16.34,1.42,0.51,0.88,3
Grains,1.1774979469875164,-1.2225083848241214,-1.5697731637263128,-0.5454168566925592,0.8623192860825765,Compost,16.44,2.07,-5.25,-14.59,0.95,0.34,0.48,1
Vegetables,0.7545618949619394,0.9548301764954029,-1.2201807321488134,-1.4537604659181775,0.44785565652501474,Animal Feed,13.83,6.07,12.68,13.25,1.52,0.62,1.33,4
Mixed,1.735518925328955,0.3813282413052468,-1.1130700769648887,0.24694356096316353,-2.6883263532287187,Compost,16.34,6.85,0.94,-12.69,0.81,0.42,1.06,3
Vegetables,1.6506488145545914,1.1826996675913009,-1.5809377922796861,-0.9967177902269057,-0.32566202644604675,Animal Feed,18.02,8.82,-1.64,-7.12,1.14,0.36,1.13,4
Vegetables,1.5700222093189462,1.2720245081008925,1.0329808677788233,-0.8106853443425185,-0.23700670461555118,Animal Feed,17.68,8.85,71.67,79.55,1.69,0.5,1.17,4
Grains,-1.1203603022283684,-1.5189210188416653,-1.0952764502079502,-0.30541203453307203,1.0440626958350914,Compost,3.74,0.31,6.26,-2.46,0.84,0.19,0.43,1
Fruits,-0.13657426816887452,0.4217978629238782,1.3762931957950506,0.14359220213850418,-1.899293988937319,Biogas,8.0,3.26,73.2,74.74,1.42,0.23,0.57,0
Grains,0.6675700314182172,-1.370167815054263,0.8916785376501933,0.37555858527829544,1.0573609941096629,Compost,13.74,1.43,57.28,54.03,0.94,0.36,0.47,1
Grains,1.6930838699417732,-1.227248070238916,0.8061993502884294,0.8337496094009523,1.1415835498486346,Compost,19.55,2.42,50.83,43.09,1.09,0.34,0.39,1
Vegetables,0.4207394592494443,0.7353462826718337,0.9604107821818973,-0.004544745510174509,0.5786222562249945,Biogas,12.09,4.9,62.57,63.01,1.31,0.52,0.7,4
Grains,0.7743649208092909,-1.2702698301578217,-1.16470648402424,1.035858933324731,1.3033795121892844,Compost,14.5,1.69,-7.41,-28.2,1.15,0.37,0.35,1
Meat,0.7962896994260016,-0.19071532914189562,-0.022774319799533472,0.3273279511601208,0.17745692494200743,Compost,13.88,3.87,31.49,23.41,2.92,1.11,0.59,2
Grains,0.5303633523329968,-1.338083790707961,1.2663913834727825,0.9256174839117608,0.6539792797809154,Compost,12.74,1.41,63.23,57.34,1.02,0.35,0.41,1
Grains,1.0042214708231914,-1.4748054853654997,1.4363030742694316,-1.0288715463056886,0.9398926926842578,Animal Feed,15.54,1.4,85.12,97.21,0.82,0.33,0.46,1
Grains,-0.21720087340451966,-1.4011580658433054,0.5679043096023694,-1.3664859851329094,1.285648447823186,Animal Feed,8.89,0.88,63.18,73.24,0.98,0.36,0.4,1
Grains,0.5232908431017999,-1.2046434167222029,0.05782034257012967,-1.7328091347447583,0.28605969418436494,Animal Feed,12.48,1.65,51.74,62.06,1.08,0.26,0.44,1
Grains,0.0600414884584004,-1.5265774337424878,0.28529964934510926,0.9152823480292949,0.22621735194877904,Compost,9.95,0.85,35.2,23.77,0.98,0.28,0.38,1
Vegetables,0.6986890720354836,1.2501490369556865,0.7252557932764737,0.6270468917516333,0.47445225307416405,Biogas,13.54,6.51,50.32,43.91,1.37,0.56,1.16,4
Mixed,0.46388176555974553,0.010903596579754938,-0.4718017244305133,-1.2057172047389948,0.05998862351660226,Animal Feed,12.03,3.73,31.97,34.67,1.01,0.43,0.72,3
Vegetables,1.6895476153261748,0.9978519364143081,1.6993696345582883,-1.5031394484677372,-0.5184873514273728,Donation,18.05,8.42,96.8,114.53,1.35,0.36,1.35,4
Fruits,-0.620333899582745,-0.1261826892635372,-1.2990309213070117,-0.8348006614016058,-2.6129693296727976,Animal Feed,5.45,1.81,5.02,-0.25,1.4,0.44,1.01,0
Grains,1.065045050211485,-1.1393815944723378,0.832715343102691,-0.5591970378691804,0.8069097099385176,Compost,15.78,2.18,63.73,68.28,1.19,0.32,0.37,1
Vegetables,-1.4499392324021456,0.966132503253759,1.7066964220464398,-0.8899213861080908,-0.698014378134121,Animal Feed,1.75,0.81,91.66,104.09,1.6,0.52,1.35,4
Grains,1.6230660285529233,-1.5400673076153648,-1.5739598994338277,-1.075953831992478,0.31043990768775076,Animal Feed,18.43,1.54,-0.75,-5.5,0.86,0.37,0.4,1
Vegetables,-0.031193880624040025,0.8830057129019759,-1.6796749760485807,0.6798709195953482,-0.8487284252459628,Biogas,8.98,4.1,-19.07,-39.71,1.83,0.51,1.34,4
Vegetables,0.7800229281942488,1.069311808821982,1.6564555935562602,-0.6705868357135357,1.2789992986858987,Animal Feed,14.51,6.36,88.32,98.56,1.32,0.46,1.32,4
Fruits,-1.3968954131681688,0.8188376642093709,-1.116210128745525,0.6913544039091994,-2.914397423896478,Compost,1.8,0.9,-3.02,-20.53,1.46,0.33,1.0,0
Fruits,0.9285456220493841,-0.15024570752326388,1.1746320925497464,0.5638877280254528,-1.7109014300475198,Compost,13.28,4.16,63.76,60.49,1.34,0.35,1.1,0
Vegetables,-0.5078810028067137,0.5876868524416918,-1.1580774858206746,1.24026495411128,0.124263731843712,Biogas,6.86,2.69,-9.0,-31.53,1.84,0.53,1.04,4
Meat,1.369870198076073,-0.21988262400217046,0.42729976875832515,0.9887766476379417,-0.24143947070707816,Compost,16.62,4.66,38.62,27.36,2.8,0.73,0.52,2
Vegetables,0.7658779097318548,0.5370086776219641,-1.5865201065563728,-1.0908823616004844,0.656195662826679,Animal Feed,14.03,5.27,-0.98,-5.68,1.15,0.51,1.0,4
Vegetables,-0.051704157394511334,0.6562299953633378,-0.509831240440441,-0.8451357972840717,0.1508603283928613,Animal Feed,9.32,3.75,27.74,27.08,1.85,0.52,1.2,4
Grains,1.5480974307022362,-1.2002683224931618,-1.302170973087648,0.7189147662624418,0.43234097520467973,Compost,18.13,2.39,-8.59,-27.41,1.07,0.32,0.43,1
Vegetables,-0.01634161123852665,0.703626849511285,-0.24816025872075576,1.058825901952433,-0.717961825545983,Biogas,9.11,3.89,18.65,2.91,1.63,0.55,1.05,4
Vegetables,1.0834335742125973,1.270930734543632,-1.3597385890659788,-0.8428391004213014,0.3414692703284239,Animal Feed,15.54,7.56,3.36,-2.19,1.35,0.49,1.17,4
Fruits,-1.5263223320990724,-0.19837174404271754,0.6115161398889836,1.232226515091584,-1.057068431547624,Compost,1.33,0.39,41.78,29.46,1.09,0.45,0.88,0
Vegetables,0.11662156230797595,1.1108752039978738,-1.4741760317380546,1.1403586405807757,1.0573609941096629,Biogas,10.66,4.78,-17.19,-40.67,1.78,0.46,1.03,4
Fruits,-0.04321714631707494,-0.6296831167890334,-0.29002761579590547,1.6582637831354579,-2.712706566732104,Compost,8.08,2.02,12.24,-8.96,1.23,0.4,0.88,0
Fruits,-0.5559740655788529,0.5639884253677188,-0.8883819273282524,1.002556828814563,-1.3939586545035012,Biogas,6.13,2.57,0.8,-18.13,1.34,0.42,0.81,0
Grains,1.572851213011425,-1.6596532165424922,-0.26909393725833064,-1.5272547655268243,1.001951417965604,Animal Feed,18.75,1.21,40.58,47.24,0.93,0.21,0.38,1
Mixed,0.22058744800657085,0.6704490516077218,1.4000180314709685,-1.2964367308184181,-0.03974861354270129,Animal Feed,10.68,4.36,86.41,100.62,1.05,0.47,0.86,3
Mixed,0.09611128553750489,-0.2242577182312116,1.4729370117101874,1.4033304313679646,-0.6935816120425973,Compost,9.7,2.78,64.99,56.12,1.15,0.22,0.44,3
Vegetables,-0.4633241946501728,1.2618159548997963,0.8215507145493175,-1.1907886751309884,-0.5051890531527982,Animal Feed,6.89,3.48,68.91,78.89,1.4,0.32,1.36,4
Grains,-1.7194018341107489,-1.5736096967046809,0.310420063590199,-0.9404487170890354,0.38358054819790816,Animal Feed,0.38,0.03,52.08,56.96,1.04,0.28,0.41,1
Vegetables,-0.645794932815054,1.1382195429293815,0.3578697349420353,1.6192199364683644,-0.3433930908121452,Biogas,5.99,2.89,31.16,14.02,1.56,0.34,1.33,4
Vegetables,-0.7165200251270233,0.6861264725951198,-0.046499155475451595,-0.9014048704219418,1.2723501495486114,Animal Feed,6.06,2.34,41.51,43.99,1.55,0.47,1.34,4
Meat,1.197300972834868,0.1290311407638685,-0.7421950722075216,-1.2103105984645353,-0.4298320295968773,Biogas,15.57,5.22,24.25,25.44,2.79,0.97,0.48,2
Grains,-0.13303801355327602,-1.3796471858838528,-0.13930513032536676,-1.1046625427771055,0.2483811824064045,Animal Feed,8.92,0.95,40.61,44.33,1.06,0.27,0.37,1
Fruits,1.5961904934743754,-0.18597564372710085,0.8976097465691729,0.8429363968520334,-0.0020701017647439886,Compost,18.02,5.09,53.38,46.09,1.51,0.25,1.14,0
Mixed,-0.202348604019006,0.1275727760208548,1.6770403774515423,0.6190084527319379,-1.5225088711577208,Biogas,7.83,2.77,77.67,76.79,1.48,0.26,0.73,3
Meat,1.7418841836370318,0.16002139155291067,-1.1818023214965927,-1.6535730929791859,-1.8549663280220743,Biogas,17.12,6.25,15.52,18.04,3.16,1.08,0.53,2
Vegetables,-0.596994619119795,1.272389099286646,-1.3283380712596167,-1.6271610790573285,-0.899705235298498,Animal Feed,6.08,3.14,11.09,12.54,1.58,0.53,1.26,4
Fruits,0.5155110829474833,0.3966410711068912,-0.2279243694677668,-1.2378709608177778,0.7271199202910729,Animal Feed,12.7,4.5,39.24,43.62,1.23,0.35,1.08,0
Vegetables,-0.1761803198635773,0.667896913307448,0.497427591859201,-0.32263726100384865,1.1260688685282965,Biogas,9.05,3.49,52.06,52.63,1.51,0.48,1.35,4
Mixed,-0.5793133460418026,0.5669051548537462,-0.4456346262585448,1.3792151143088773,0.5764058731792342,Biogas,6.62,2.53,10.21,-9.45,1.46,0.46,1.06,3
Vegetables,-0.22285888078947708,1.119625392455956,1.2311530246011986,-1.6271610790573285,0.8933486487232496,Donation,8.7,3.94,84.45,100.58,1.43,0.63,1.41,4
Fruits,1.3550179286905595,0.06814441274304452,1.1652119372078378,-0.004544745510174509,-2.8146601868371746,Compost,14.48,5.34,68.43,70.05,1.75,0.38,1.32,0
Grains,1.3323858991507291,-1.0547964393775404,0.261923708311484,-1.2057172047389948,0.8135588590758049,Animal Feed,17.26,2.59,53.0,59.9,1.13,0.29,0.37,1
Grains,1.171132688679439,-1.6210065508526277,0.8034081931500862,-0.6441748217916783,0.5631075749046596,Animal Feed,16.18,1.15,63.63,68.75,1.09,0.36,0.39,1
Vegetables,0.6916165628042871,0.8673282919145778,1.280696063806792,-1.2229424312097712,0.4123935277928178,Donation,13.47,5.75,82.35,95.24,1.66,0.7,1.38,4
Grains,-0.19669059663404834,-1.549546678444954,-1.4225396246787034,-0.6935538043412377,0.9044305639520608,Animal Feed,8.84,0.71,0.26,-6.95,1.03,0.38,0.4,1
Vegetables,0.8656002898917313,1.261451363714043,-1.6123383100860484,0.9589195884219288,0.3968788464724828,Biogas,14.4,6.97,-19.57,-42.27,1.4,0.51,1.88,4
Vegetables,0.7878026883485654,0.7969621930641644,0.4831229115251914,0.3169928152776549,1.3033795121892844,Biogas,14.57,5.84,46.08,40.99,1.6,0.36,1.49,4
Meat,-1.6557492510299765,0.4626320757282633,-0.2237376337602517,1.2609352258762119,-0.9506820453510298,Biogas,0.68,0.27,17.6,0.24,1.72,1.11,0.6,2
Vegetables,-0.4880779769593622,0.8217543936953983,0.7772410949781177,-1.4709856923889542,0.7448509846571714,Animal Feed,7.18,2.97,70.08,82.26,1.36,0.44,1.03,4
Vegetables,0.8910613231240402,1.2279089746247267,-0.40481395311027407,-1.5628535668997625,0.7116052389707379,Animal Feed,14.75,6.97,36.99,43.18,1.31,0.51,1.18,4
Meat,0.02538619322553552,0.5278938979781282,-0.47110393514592763,0.4812066409657249,-1.7042522809102325,Biogas,8.87,3.73,17.3,5.32,3.04,1.01,0.63,2
Meat,-0.19386159294156963,-0.08717143238791945,0.0047883569416066795,-0.43976880100512955,0.01787734564711798,Compost,8.5,2.52,38.95,37.71,3.38,1.21,0.5,2
Vegetables,-0.4456429215721805,0.4979974207463466,0.5933736184897522,1.5020883964670837,-0.25917053507317667,Biogas,7.06,2.73,38.92,24.14,1.44,0.52,1.14,4
Vegetables,1.0049287217463114,0.9654033208822522,0.3139090100131282,0.4880967315540358,0.5276454461724595,Biogas,15.25,6.69,39.74,32.2,1.8,0.53,1.14,4
Meat,-0.7462245638980505,0.29346176553866865,-0.8451189916839311,1.4584511560744498,-1.7507963248712406,Biogas,5.09,1.96,-1.94,-24.58,2.73,1.17,0.65,2
Fruits,0.06711399768959744,0.9588406795386907,-1.4713848745997113,-1.0082012745407567,-1.9281069685322316,Animal Feed,8.97,4.44,1.6,-3.15,1.44,0.4,0.43,0
Vegetables,0.23968322293080255,0.7200334528701892,0.8212018199070249,1.1495454280318562,-0.7334765068663212,Biogas,10.42,4.47,48.53,38.13,1.01,0.71,1.22,4
Grains,-0.36572356725965516,-1.2589675033994652,-1.3042643409414056,-0.35364266865124666,0.21956820281149173,Compost,7.66,0.95,0.68,-8.81,0.88,0.39,0.31,1
Vegetables,1.6082137591674097,1.2898894762028112,-0.5415806528890961,0.34455317763089766,0.5232126800809356,Biogas,18.53,8.99,16.47,5.27,1.42,0.52,1.28,4
Vegetables,0.6619120240332599,0.4706530818148389,0.6167495595233775,-0.3685711982592529,0.9376763096384974,Biogas,13.64,4.93,55.89,57.54,1.37,0.51,1.28,4
Vegetables,-0.7186417778963823,0.7462840182444371,-1.0865540841506274,0.7338432958704484,-0.11067287100709834,Biogas,5.67,2.38,-2.54,-20.26,1.61,0.36,1.26,4
Vegetables,-1.2009869074640134,0.8261294879244396,-0.404465058467981,0.5053219580248123,-0.5738969275714317,Biogas,3.05,1.35,19.0,7.19,1.52,0.53,1.01,4
Mixed,-0.08140869616553834,0.4721114465578523,-1.0572469341980226,0.018422223117527517,-2.34035421504403,Compost,8.07,3.44,4.54,-6.78,1.15,0.27,0.93,3
Vegetables,0.7807301791173683,1.2840560172307562,-0.44703020482771666,0.4100090382198487,-0.030883081359653623,Biogas,13.66,6.79,18.6,7.37,1.31,0.45,1.43,4
Grains,-1.3806286419364158,-1.248758950198369,0.3585675242266212,0.7085796303799758,1.2014258920842174,Compost,2.31,0.28,39.09,29.88,0.79,0.3,0.38,1
Vegetables,1.118088869445462,0.9220169697775934,0.11573685319075322,-1.5835238386646944,0.002362664326782993,Animal Feed,15.47,6.87,52.1,61.46,1.57,0.52,1.09,4
Grains,-0.8876747485219891,-1.4263148576602926,1.3232612101665278,0.8980571215585185,0.93102716050121,Compost,5.02,0.49,65.1,59.77,0.97,0.22,0.39,1
Grains,0.7015180757279623,-1.4547529701490607,-0.7020721883438366,1.0060018741087182,0.6207335340944788,Compost,13.65,1.29,6.11,-11.77,1.04,0.28,0.48,1
Vegetables,0.44690774340487277,1.1659284730466424,0.20191382983710288,-1.5088811906246626,0.5586748088131326,Animal Feed,12.22,5.7,53.93,63.13,1.31,0.53,1.58,4
Vegetables,0.7821446809636075,1.2917124321315783,-0.48296635298388657,-0.8726961596373143,0.2971416094131761,Animal Feed,13.88,6.81,28.75,28.48,1.69,0.61,1.03,4
Fruits,-0.17335131617109856,0.21434547823017283,-1.2522790392397614,-1.6581664867047263,0.7293363033368363,Animal Feed,8.9,2.93,13.54,15.7,1.29,0.44,0.9,0
Vegetables,0.8457972640443803,0.8042540167792331,0.3732210992029236,1.6869724939200856,-0.6448211850358256,Biogas,13.59,5.98,31.0,13.35,1.34,0.56,1.51,4
Grains,-0.6387224235838569,-1.611162588837285,0.363452049218722,0.26761383272809536,0.7625820490232698,Compost,6.35,0.46,43.08,37.74,1.06,0.3,0.42,1
Grains,-1.1917926454634573,-1.7099668001764663,-1.5830311601334435,0.4077123413570785,0.6872250254673521,Compost,3.29,0.19,-13.93,-31.65,1.01,0.3,0.43,1
Grains,-0.19739784755716813,-1.2779262450586437,-0.833256573845972,-0.08952252943267233,1.1548818481232093,Compost,8.94,1.04,11.89,2.8,1.14,0.29,0.48,1
Mixed,1.1223323749841803,-0.6194745635879371,-0.3392217603592062,-0.6292462921836718,0.002362664326782993,Animal Feed,15.5,3.39,30.75,29.19,1.28,0.28,0.85,3
Vegetables,1.1824487034493543,1.1819704852197936,-1.620711781501078,-1.0254265010115333,0.919945245272399,Animal Feed,16.52,7.62,-2.53,-7.99,1.77,0.59,1.07,4
Grains,-0.3098507443331994,-1.6760598199013965,-0.6779984580256254,0.25038860625731896,0.2505975654521648,Compost,7.97,0.51,13.38,2.22,0.84,0.35,0.4,1
Mixed,-0.6521601911231312,0.9719659622258143,0.8634180716244673,-0.27900002061121476,-2.776981675059214,Compost,5.25,2.73,62.18,64.46,1.11,0.43,0.7,3
Vegetables,1.032511507747979,1.3015563941469208,1.7175121559575202,1.0553808566582776,1.2900812139147129,Biogas,15.95,7.49,75.03,70.58,1.77,0.58,1.3,4
Grains,-0.4159383828011535,-1.3216771873490563,1.0221651338677429,-1.0920307100318691,1.179262061626595,Animal Feed,7.73,0.85,73.79,84.06,1.05,0.31,0.4,1
Vegetables,0.5996739427987267,0.9577469059814303,-0.5722833814108725,0.18722944253113807,-0.7201782085917465,Biogas,12.28,5.71,16.96,6.95,1.52,0.54,1.39,4
Grains,1.632967541476599,-1.6618407636570125,1.1543962032967574,-1.6949136365090498,1.0440626958350914,Donation,19.13,1.22,82.83,99.11,1.04,0.36,0.41,1
Vegetables,-1.0927775162267004,0.85055709736992,-0.6176396849089515,-0.750971225910493,1.1016886550249108,Animal Feed,3.91,1.61,23.83,21.73,1.5,0.48,1.4,4
Vegetables,0.024678942302415716,0.8454528207693719,-1.0377088342296195,1.515868577643705,-0.07964350836642523,Biogas,9.62,4.18,-7.95,-32.2,1.6,0.47,1.12,4
Mixed,-1.7073785684177143,-0.3843132487769703,-1.3970703157913205,1.0542325082268929,0.4256918260673924,Compost,0.45,0.11,-14.23,-36.52,1.42,0.18,0.65,3
Mixed,0.5636041457196224,0.6901369756384076,-0.9843279539588037,-1.523809720232669,0.6340318323690535,Animal Feed,12.91,5.13,20.05,22.58,1.44,0.33,0.56,3
Meat,-1.2144246750032877,-0.2147783474016223,0.5396438435766433,-0.609724368850125,-1.2188643938882768,Compost,2.88,0.85,55.77,59.07,3.24,1.07,0.37,2
Vegetables,-1.447110228709667,0.8159209347233434,-1.5540729048231317,-0.38005468257310393,0.9265943944096863,Biogas,1.91,0.78,-6.24,-16.93,1.52,0.61,1.05,4
Vegetables,1.2729768216086752,1.3121295385337708,0.1705133120307407,-0.19402223668871693,-0.18159712847149226,Biogas,16.16,8.16,41.57,39.13,1.5,0.49,1.23,4
Vegetables,-1.62463021041271,0.9963935716712947,-0.5576298064345702,-1.6581664867047263,0.7958277947097064,Animal Feed,0.92,0.4,33.45,39.6,1.75,0.55,1.45,4
Fruits,-0.23276039371315282,0.32226446921318985,-1.1947114232614306,-1.1494481316011245,-2.3447869811355537,Animal Feed,7.36,2.95,10.76,8.83,1.37,0.51,0.94,0
Vegetables,-0.2518561686373845,1.2268152010674664,1.3839688779254946,0.414602431945389,1.0484954619266154,Biogas,8.59,3.99,71.05,70.28,1.54,0.67,1.4,4
Vegetables,0.723442854344673,1.1316569015858196,-0.17070564813172895,-1.1804535392485225,0.5032652326690736,Animal Feed,13.7,6.34,40.39,44.59,1.36,0.35,0.97,4
Grains,-1.5432963542539453,-1.0660987661358972,-1.07608724488184,0.6523105572421058,0.4766686361199275,Compost,1.34,0.2,-1.53,-18.47,0.99,0.27,0.4,1
Vegetables,0.4575165072516683,0.4316418249392209,1.0518211784626408,-0.717669121400325,0.1264801148894755,Animal Feed,12.03,4.45,71.39,78.56,1.57,0.52,1.45,4
Fruits,0.49924431171572997,-0.49296142213149463,-0.12116260892613515,0.41804747723954444,0.6251663001860058,Compost,12.55,2.89,27.88,18.45,1.19,0.39,0.54,0
Grains,-0.9124285308311784,-1.5006914595539935,-1.4138172586213806,-0.18598379766902118,0.36363310078604616,Compost,4.75,0.42,-3.91,-15.49,1.01,0.29,0.38,1
Vegetables,0.9766386848215233,0.5180499359627856,-1.4357976210858339,-1.3435190165052073,0.09545075224880237,Animal Feed,14.79,5.67,5.54,3.92,1.82,0.52,1.21,4
Mixed,-0.31338699894879796,0.5563320104668963,1.1840522478916549,0.6741291774384226,0.004579047372543334,Biogas,7.86,3.07,63.06,58.89,0.89,0.33,0.98,3
Grains,-0.8091698960557032,-1.4478257376197452,-0.6043816885018206,0.950881149402233,1.2169405734045524,Compost,5.52,0.51,9.39,-7.45,0.92,0.28,0.44,1
Grains,0.2651442561631115,-1.4496486935485127,-1.4839450817222561,-0.5591970378691804,0.47223587002840056,Compost,11.18,1.07,-2.67,-11.4,0.97,0.29,0.37,1
Grains,1.5537554380871936,-1.5047019625972813,-0.5618165421420852,-0.7314493025769462,0.2395156502233537,Animal Feed,18.0,1.6,25.26,23.31,0.93,0.36,0.38,1
Mixed,-0.6896444900484748,0.9278504287496482,-0.5373939171815811,-0.06311051551081485,0.20183713844539322,Biogas,5.91,2.6,20.14,12.52,1.46,0.56,0.95,3
Vegetables,-0.6931807446640734,0.9121730077622507,0.8505089698596293,-0.1538300415902383,0.1331292640267628,Biogas,5.87,2.58,60.71,61.83,1.32,0.46,0.78,4
Grains,0.7107123377285185,-1.1441212798871325,-1.1353993340716353,1.3642865847008712,0.7869622625266556,Compost,13.81,1.9,-9.42,-32.91,0.98,0.32,0.44,1
Vegetables,0.7001035738817233,0.9493613087091012,1.6794826399475924,-0.30311533767030185,-0.7844533169188531,Biogas,12.75,5.93,85.76,92.93,1.28,0.59,1.34,4
Grains,1.3125828733033778,-1.5615781875748174,1.438047547480896,-0.13890151198223183,0.4146099108385813,Compost,16.84,1.35,77.42,81.77,1.09,0.26,0.32,1
Grains,-0.9484983279102828,-1.5214731571419395,-1.3492717497971916,1.1920343199931054,1.0329807806062772,Compost,4.7,0.39,-14.07,-37.28,0.97,0.3,0.29,1
Meat,0.9172296072794692,-0.1371204248361402,-1.6845595010406815,1.0197820552853396,-0.915219916618833,Compost,13.77,4.17,-22.17,-45.81,3.33,0.95,0.22,2
Grains,0.5310706032561164,-1.1678197069611058,1.653664436417917,0.5524042437116016,1.2324552547248906,Compost,13.08,1.72,77.58,77.15,1.08,0.24,0.3,1
Fruits,-0.9513273316027616,-0.14368306617970206,-0.6274087348931529,-1.6076391557237817,-1.5579709998899178,Animal Feed,4.13,1.29,31.01,36.32,1.42,0.37,0.92,0
Vegetables,-0.9668868519113948,1.0131647662159526,-1.3129867069987284,-1.459502208075103,-0.5029726701070346,Animal Feed,4.27,2.0,10.06,10.14,1.5,0.62,1.1,4
Grains,0.7001035738817233,-1.093443105067405,0.01699966942185871,-1.675391713175503,0.9376763096384974,Animal Feed,13.84,1.99,50.07,59.66,1.1,0.28,0.43,1
Vegetables,-1.1705751177698664,0.47648654078689373,1.6620379078329468,-0.32723065472938917,0.8157752421215684,Biogas,3.42,1.25,85.47,92.75,1.71,0.47,1.02,4
Vegetables,0.6711062860338155,1.1681160201611631,-0.2558359408511998,0.056317721353236004,-0.2857671316223228,Biogas,12.92,6.28,27.17,20.11,1.38,0.58,1.05,4
Meat,0.5331923560254755,0.4783094967156608,-0.08034193577786418,0.07124625096124246,-1.604515043850926,Biogas,11.41,4.69,32.07,25.9,3.19,0.83,0.54,2
Vegetables,-1.4754002656344547,1.1947311767211641,-0.2778163033156535,-1.53299650768375,-0.2680360672562243,Animal Feed,1.65,0.81,40.38,47.05,1.75,0.36,1.07,4
Mixed,1.5389031687016799,0.07142573341482557,-0.3605043335390739,-1.4824691767028053,-2.284944638899971,Animal Feed,15.77,5.66,37.57,43.32,1.03,0.31,0.79,3
Meat,-0.7639058369760428,0.1753342213545551,-1.399163683645078,-0.5614937347319506,-1.9813001616305272,Biogas,4.94,1.83,-0.22,-8.46,2.93,1.0,0.5,2
Vegetables,0.12015781692357447,0.5413837718510055,-0.065688360801562,1.1862925778361797,0.14421117925557397,Biogas,10.24,3.95,22.78,6.98,1.66,0.6,1.04,4
Mixed,1.6407473016309155,-0.23701840973258193,-1.5177878620246688,1.24256165097405,-0.057479677908802915,Compost,18.2,5.02,-19.32,-43.94,0.61,0.24,1.3,3
Vegetables,0.5565316364884253,1.275670419958427,0.6554768648178909,-1.3331838806227414,0.6916577915588759,Animal Feed,12.9,6.19,65.4,75.67,1.38,0.78,1.14,4
Grains,-1.2137174240801678,-1.7085084354334525,-0.9996793182196918,-1.2126072953273053,0.7249035372453093,Animal Feed,3.17,0.19,16.9,16.63,1.05,0.31,0.44,1
Grains,-0.9470838260640434,-1.2425609000405604,1.1509072568738279,-0.5465652051239444,0.33038735509960954,Compost,4.56,0.58,72.75,79.01,1.17,0.36,0.37,1
Vegetables,1.6011412499362132,1.123635895499244,1.7307701523646506,-0.28244506590537,0.8844831165401988,Biogas,18.81,8.54,87.06,94.34,1.42,0.36,1.06,4
Grains,1.4151342571557335,-1.5783493821194756,0.5741844131636415,-0.18139040394348085,0.36363310078604616,Compost,17.35,1.35,53.03,52.8,0.9,0.32,0.38,1
Fruits,-0.8989907632919043,-0.2716545723791585,-1.2801906106231944,0.8394913515578779,-0.8575939574290137,Compost,4.55,1.28,-9.01,-28.76,1.0,0.48,0.77,0
Grains,0.05650523384280188,-1.1215166263704195,-0.6274087348931529,1.02667214587365,1.0152497162401786,Compost,10.31,1.43,8.06,-9.57,0.85,0.29,0.34,1
Meat,-0.0835304489348975,0.4513297489699067,0.7761944110512389,0.5455141531232911,-1.1036124755086352,Biogas,8.6,3.41,52.49,47.1,3.19,0.89,0.53,2
Fruits,0.05367623015032317,0.8078999286367679,1.4338608117733809,-0.8968114766964015,-0.8487284252459628,Animal Feed,9.41,4.19,83.9,94.83,0.99,0.7,1.3,0
Grains,-0.8784804865214331,-1.6906434673315343,0.9492461536285238,-1.241316006111933,1.2612682343198,Animal Feed,5.14,0.31,73.01,84.16,1.04,0.26,0.46,1
Grains,-1.62392295948959,-1.4445444169479644,-1.5627952708804544,-1.6168259431748624,0.9797875875079817,Animal Feed,0.93,0.09,4.28,4.31,0.97,0.33,0.37,1
Vegetables,-0.7490535675905291,0.8556613739704682,-0.942809491525947,-0.2537363551207424,-0.6669850154934511,Biogas,5.36,2.4,10.19,1.9,2.04,0.58,1.29,4
Grains,0.7651706588087351,-1.6483508897841355,0.07735844253853266,0.5455141531232911,0.28827607723012527,Compost,13.79,0.94,32.46,23.05,0.95,0.31,0.41,1
Meat,-0.06797092862626407,-0.06493137005695984,-0.33643060322086293,-1.3515574555249033,-0.9462492792595061,Compost,8.75,2.75,37.12,41.87,2.24,0.96,0.53,2
Meat,-0.6210411505058645,0.2533567351057903,0.45102460443424325,-1.4549088143495625,-0.7489911881866561,Biogas,6.0,2.15,60.59,70.76,3.41,1.07,0.69,2
Grains,-1.0460989553008007,-1.4718887558794722,-0.3985338495490016,-0.7693448008126548,0.7714475812063206,Animal Feed,4.1,0.38,30.27,29.59,1.11,0.34,0.37,1
Vegetables,0.5225835921786802,0.60555182054361,0.7824745146125115,1.187440926267565,0.20848628758268056,Biogas,12.43,4.89,47.08,36.12,1.56,0.53,1.31,4
Vegetables,0.9122788508176314,0.48341377331620894,1.6554089096293814,1.1954793652872608,-0.7800205508273292,Biogas,13.84,5.46,72.02,66.0,1.29,0.44,0.93,4
Mixed,1.0798973195969985,0.8964955867748527,0.46986491511806056,0.9795898601868607,-1.651059087811937,Biogas,14.06,6.72,39.93,29.0,1.22,0.24,0.8,3
Grains,-0.6924734937409537,-1.3876681919704283,1.1313691569054252,-1.6730950163127325,0.2727613959097903,Donation,5.92,0.63,81.99,97.95,0.96,0.39,0.4,1
Mixed,-0.1379887700151139,0.8286816262247135,-0.48296635298388657,1.5250553650947858,-1.584567596439064,Biogas,8.12,3.78,7.87,-13.28,1.3,0.36,1.08,3
Grains,1.19164296544991,-1.3614176265961808,0.3390294242582179,0.8452330937148035,1.2213733394960793,Compost,16.8,1.76,37.35,26.83,0.98,0.31,0.37,1
Grains,0.6109899575686419,-1.106932978940282,-0.11732476786091312,-1.219497385915616,0.6185171510487185,Animal Feed,13.15,1.89,42.25,47.1,1.1,0.24,0.41,1
Grains,-0.5955801172735556,-1.1313605883857623,0.9837867232155226,-0.022918320412336213,0.5852714053622818,Compost,6.53,0.92,63.4,64.14,0.99,0.21,0.38,1
Vegetables,-1.6104851919503163,0.8549321915989609,-0.36538885853117475,1.5675442570560347,0.742634601611411,Biogas,0.99,0.42,10.86,-9.98,1.39,0.37,1.05,4
Grains,-0.8197786599024985,-1.3428234761227555,1.467354697433501,0.253833651551474,1.1016886550249108,Compost,5.44,0.59,74.84,75.94,1.0,0.28,0.38,1
Grains,1.6202370248604445,-1.6632991284000265,-1.7257290688312452,0.07009790252985738,1.0241152484232294,Compost,19.04,1.21,-15.08,-30.68,1.05,0.3,0.47,1
Vegetables,0.2304889609302466,1.1032187890970513,1.5231778402003668,-0.15497839002162336,0.2727613959097903,Biogas,10.89,5.05,80.0,84.99,1.34,0.53,1.2,4
Grains,-0.9513273316027616,-1.560484414017557,0.25564360475021153,-1.4055298318000031,0.7692311981605572,Animal Feed,4.63,0.37,54.56,63.17,1.0,0.32,0.41,1
Vegetables,-0.8735297300595952,0.6616988631496395,-0.8350010470574366,-0.7854216788520463,0.21513543671996788,Animal Feed,4.93,1.98,17.9,14.86,1.27,0.4,1.22,4
Fruits,1.3528961759212004,0.4502359754126463,1.2130105032019667,-0.4730709055152975,-1.3983914205950283,Biogas,15.6,6.27,73.89,79.87,1.33,0.42,0.77,0
Vegetables,0.23968322293080255,0.6781054665085443,0.010719565860586273,0.8222661250871015,-0.5827624597544794,Biogas,10.5,4.41,28.13,15.93,1.5,0.56,0.99,4
Vegetables,-0.44069216511034287,0.59279112904224,-1.645483301103875,0.11143844605972111,-0.11732202014438567,Biogas,7.14,2.84,-13.13,-28.63,1.48,0.46,1.31,4
Grains,-0.5793133460418026,-1.2899577541885072,-0.02696105550704835,-1.414716619251084,0.246164799360641,Animal Feed,6.52,0.78,46.55,53.62,0.91,0.28,0.37,1
Vegetables,0.6166479649535994,0.7980559666214246,-1.5676797958725555,0.016125526254757355,-0.5118382022900855,Biogas,12.49,5.45,-10.09,-24.31,1.23,0.58,1.01,4
Vegetables,1.0919205852900336,1.1498864608734913,1.3218656315973558,1.657115434704073,0.6229499171402423,Biogas,15.79,7.31,58.45,46.51,1.81,0.36,0.92,4
Vegetables,1.0572652900571684,0.8862870335737564,1.459679015303057,0.8153760344987906,0.124263731843712,Biogas,15.24,6.64,69.73,65.89,1.73,0.35,1.03,4
Grains,0.8854033157390828,-1.2338107115824781,0.6983909058199189,0.2710588780222508,0.5010488496233133,Compost,14.58,1.84,52.66,49.21,1.04,0.28,0.4,1
Meat,-1.243421962851195,-0.29790513775340594,1.3009319530597812,-1.448018723761252,-1.8062059010152995,Donation,2.66,0.77,84.89,99.87,2.81,0.69,0.39,2
Grains,1.5997267480899735,-1.3909495126422093,-0.007422955538645349,1.5640992117618793,0.35033480251147153,Compost,18.34,1.92,21.16,2.4,1.09,0.23,0.49,1
Grains,0.5749201604895372,-1.1299022236427485,-0.5377428118238741,-1.392897999054767,1.159314614214733,Animal Feed,13.28,1.82,31.71,35.66,1.06,0.28,0.44,1
Mixed,1.144257153600891,0.27413843269373644,0.2388966619201518,0.7579586129295354,-0.041964996588464774,Biogas,15.58,5.45,35.24,24.91,1.4,0.52,0.91,3
Grains,1.5947759916281357,-1.300530898575357,-0.6465979402192632,-0.0022480486474043466,0.8401554556249542,Compost,18.74,2.16,16.48,7.71,0.92,0.28,0.45,1
Grains,-0.9555708371414797,-1.2600612769567254,0.8840028555197493,-0.08148409041297656,1.092823122841863,Compost,4.67,0.56,61.04,61.72,1.08,0.43,0.43,1
Grains,-0.5517305600401345,-1.7139773032197543,0.4220663491239315,-0.42598861982850816,0.43012459215891624,Compost,6.72,0.39,50.79,51.82,0.97,0.3,0.36,1
Grains,-1.4230636973235973,-1.196257819449874,0.9761110410850785,-0.31115377668999766,0.2395156502233537,Compost,1.97,0.26,65.69,68.9,0.9,0.4,0.4,1
Vegetables,-1.2257406897732026,0.9716013710400607,0.5584841542604608,-1.632902821214254,0.93102716050121,Animal Feed,3.14,1.35,65.22,77.54,1.23,0.38,1.24,4
Fruits,1.473836083774668,0.31570182786962825,-0.05905936259799647,-0.5362300692414784,0.3968788464724828,Biogas,17.7,6.17,37.97,37.21,1.17,0.39,1.02,0
Vegetables,1.0897988325206742,0.44841301948387924,-1.1483084358364732,-0.0355501531575723,-0.15721691496810647,Biogas,15.21,5.74,2.39,-8.98,1.36,0.45,1.13,4
Grains,0.07701551061327294,-1.227248070238916,0.1917958852106084,0.841788048420648,1.1925603599011665,Compost,10.5,1.3,33.16,21.82,1.05,0.2,0.41,1
Vegetables,-0.3296537701805509,1.1659284730466424,-1.6510656153805618,0.3778552821410656,-0.31236372817147207,Biogas,7.66,3.73,-15.62,-33.48,1.39,0.62,1.24,4
Fruits,-0.007854600161090255,-0.15024570752326388,1.0846172748381746,0.6258985433202484,0.8556701369452892,Compost,9.87,2.73,60.63,56.29,1.1,0.47,0.69,0
Grains,0.09257503092190637,-1.6282983745676964,0.7706120967745523,1.4090721735248903,0.33260373814537303,Compost,10.18,0.72,44.81,31.86,1.1,0.34,0.42,1
Fruits,0.9773459357446432,0.8097228845655349,-1.6733948724873082,0.06665285723570194,-2.4533897503779083,Compost,12.99,6.29,-13.55,-28.82,1.47,0.48,0.8,0
Grains,0.439835234173676,-1.198809957750148,-0.2921209836496628,1.0749027799918247,1.0551446110639027,Compost,12.47,1.6,17.27,1.14,0.98,0.27,0.41,1
Grains,0.6406944963396687,-1.5922038471781064,-0.10650903394983272,0.47890994410295473,0.5653239579504199,Compost,13.28,1.0,27.77,17.9,1.02,0.24,0.25,1
Mixed,1.3139973751496172,0.7718054012471772,0.034793296178797235,1.1656223060712478,-0.31458011121723556,Biogas,16.27,6.97,25.84,10.79,1.05,0.4,0.73,3
Mixed,-0.15425554124686686,-0.1710274051112098,1.7059986327618542,-1.3584475461132137,-1.7751765383746296,Animal Feed,7.96,2.48,95.72,112.24,0.71,0.46,0.77,3
Vegetables,0.05367623015032317,1.2213463332811647,1.227664078178269,-0.7808282851265057,-0.11953840319014601,Animal Feed,9.75,4.78,76.98,85.71,1.67,0.47,1.44,4
Grains,-0.7532970731292473,-1.6009540356361887,1.7136743148922982,1.6192199364683644,0.6717103441470139,Compost,5.69,0.42,70.01,60.64,1.11,0.27,0.36,1
Mixed,0.31323731893525064,0.012361961322768653,0.2612259190268983,-1.261986277876865,-1.872697392388173,Animal Feed,10.19,3.48,53.46,60.85,1.59,0.61,0.97,3
Grains,-0.47039670388136984,-1.3811055506268664,-0.31096129433348013,-0.43517540727958903,0.6096516188656677,Compost,7.23,0.76,29.87,26.78,1.03,0.24,0.39,1
Vegetables,-0.2518561686373845,0.8669637007288242,1.36547746188397,0.503025261162042,-0.844295659154439,Biogas,7.85,3.57,69.74,68.09,1.58,0.41,1.19,4
Vegetables,1.1470861572933697,0.7594093009315608,-0.06185051973633972,-0.3123021251213827,-0.40323543304772796,Biogas,15.32,6.56,35.94,33.21,1.62,0.35,1.22,4
Mixed,-0.8841384939063907,-0.26946702526463784,0.6031426684739538,1.088682961168446,0.4899669343945022,Compost,4.93,1.3,42.8,31.68,1.21,0.35,0.83,3
Vegetables,-0.39259910233820344,0.6099269147726515,-1.625945201135472,0.17689430664867214,0.4988324665775498,Biogas,7.61,2.96,-13.15,-29.11,1.39,0.52,1.43,4
Grains,-0.22851688817443475,-1.10037033759672,0.36310315457642917,1.6708956158806945,0.5675403409961834,Compost,8.53,1.24,30.85,13.28,1.13,0.31,0.38,1
Vegetables,-0.3487495451047826,0.8501925061841664,-1.2076205250262684,1.5353905009772517,1.006384184057131,Biogas,8.04,3.32,-12.99,-38.38,1.79,0.46,1.14,4
Vegetables,-0.2674156889460177,0.5049246532756618,-1.6008247868903822,-1.133371253561733,1.1371507837571075,Animal Feed,8.55,3.1,-1.02,-5.43,1.27,0.54,1.22,4
Vegetables,0.4341772267887183,0.7302420060712854,0.2388966619201518,-1.5295514623895945,0.6739267271927775,Animal Feed,12.22,4.92,55.17,64.76,1.57,0.39,1.24,4
Mixed,1.0049287217463114,0.061946362585236024,-0.2610693604855935,-0.44665889159344,-0.9373837470764584,Compost,14.2,4.74,31.4,28.69,0.45,0.4,0.7,3
Fruits,-1.0892412616111018,-0.37483387794738104,1.1617229907849085,-0.3685711982592529,-1.0393373671815254,Compost,3.54,0.95,71.5,76.27,0.65,0.44,0.76,0
Fruits,0.7637561569624955,0.6948766610532021,0.9209856876027982,-0.49029613198607414,0.11983096575218817,Biogas,13.67,5.58,65.67,70.13,1.68,0.17,0.75,0
Vegetables,1.256710050376922,0.7918579164636167,-1.4410310407202276,0.6637940415559567,-0.6093590563036286,Biogas,15.74,6.89,-12.09,-31.23,1.66,0.53,1.23,4
Grains,-0.9909333832974644,-1.101099519968227,1.4331630224887952,-1.6145292463120922,0.29935799245893957,Donation,4.31,0.63,90.13,107.31,1.11,0.26,0.39,1
Grains,1.2673188142237173,-1.5743388790761879,-0.918386866565443,0.6821676164581184,0.3215218229165619,Compost,16.52,1.3,2.74,-13.56,0.97,0.25,0.48,1
Mixed,1.275805825301154,0.37877610300497244,-0.7938314792668728,1.4159622641132008,0.6295990662775296,Biogas,16.8,5.95,-0.09,-22.06,1.04,0.4,0.83,3
Fruits,-1.4258927010160758,0.872432568515126,0.27448391543402884,-0.2698132331601339,-1.6599246199949849,Biogas,1.78,0.85,45.21,44.03,0.86,0.27,0.84,0
Grains,0.8358957511207046,-1.7555406983956459,-0.27607183010418873,1.5905112256837368,1.2524027021367525,Compost,14.81,0.75,13.22,-7.31,0.8,0.35,0.45,1
Vegetables,-1.4541827379408638,1.1626471523748614,0.32960926891630943,1.6869724939200856,0.7337690694283602,Biogas,1.85,0.86,29.74,11.84,1.63,0.35,1.61,4
Mixed,1.6824751060949779,0.23622094937537882,-0.6619493044801513,0.44331114273001665,-1.8505335619305474,Biogas,16.84,6.35,12.16,-0.59,1.92,0.6,1.0,3
Grains,1.4115980025401353,-1.5845474322772841,-0.6343866277390112,-1.4985460547421967,0.9775712044622182,Animal Feed,17.83,1.34,29.86,34.18,0.89,0.29,0.38,1
Mixed,-1.3664836234740219,0.6770116929512839,0.3303070582008951,-0.9278168843437992,0.494399700486026,Animal Feed,2.31,0.92,52.54,57.41,1.15,0.33,0.79,3
Vegetables,0.24463397939264042,0.7546696155167658,1.0895017998302754,0.6052282715553166,0.7138216220164982,Biogas,11.2,4.54,60.96,56.84,1.74,0.53,1.4,4
Grains,0.46883252202158343,-1.602047809193449,1.34873051905391,1.1208367172472287,0.86453566912834,Compost,12.52,0.91,63.89,56.76,1.02,0.18,0.39,1
Vegetables,1.6966201245573713,0.6394588008186799,1.2981407959214375,1.1311718531296946,-0.4276156465511138,Biogas,18.17,7.47,62.35,54.84,1.48,0.57,1.08,4
Grains,0.7241501052677926,-1.0547964393775404,-0.4002783227604661,1.5755826960757304,0.7049560898334506,Compost,13.83,2.08,9.81,-11.3,1.09,0.39,0.4,1
Vegetables,-0.32116675910311454,1.080614135580338,-0.5792612742567309,0.5776679092020738,0.04669032524203076,Biogas,7.83,3.65,13.37,-0.08,1.39,0.35,1.23,4
Grains,0.22270920077593,-1.472617938250979,-0.25234699442827063,-0.9301135812065695,0.28384331113860145,Animal Feed,10.86,1.01,35.85,37.41,1.1,0.24,0.49,1
Vegetables,1.0098794782081493,0.8665991095430712,-1.4951097102756294,-1.6064908072923965,-0.6625522494019241,Animal Feed,14.42,6.49,6.12,6.44,1.98,0.47,1.16,4
Fruits,0.5621896438733828,0.617583329673474,0.5473195257070874,0.10684505233418079,-2.395763791188089,Compost,11.08,5.0,49.76,46.87,0.87,0.34,0.42,0
Grains,-1.1755258742317043,-1.4113666190444016,-1.2773994534848512,0.26302043900255506,1.1172033363452487,Compost,3.45,0.34,-3.91,-18.63,0.86,0.3,0.47,1
Mixed,-0.4017933643387597,-0.5924948158421828,-0.5555364385808128,1.3539514488184052,-0.5938443749832906,Compost,7.18,1.65,7.27,-12.81,1.05,0.44,0.93,3
Grains,-0.1676933087861409,-1.7077792530619458,0.06793828719662413,-1.6811334553324284,1.0130333331944184,Animal Feed,9.05,0.52,51.58,61.51,0.85,0.25,0.37,1
Grains,-0.4385704123409837,-1.2979787602750827,0.5058010632742307,-1.3618925914073692,0.30379075855046345,Animal Feed,7.29,0.86,61.35,71.02,1.04,0.27,0.38,1
Grains,-1.2526162248517512,-1.0697446779934314,-0.2921209836496628,1.0301171911678055,0.6650611950097266,Compost,2.95,0.44,17.65,1.91,1.07,0.28,0.42,1
Fruits,1.7383479290214336,-0.5520251942235512,0.5061499579165238,-0.19517058512010202,0.055555857425078424,Compost,18.83,4.3,51.2,50.71,1.07,0.38,0.71,0
Grains,1.6287240359378812,-1.1608924744317906,0.7451427878871695,1.3700283268577966,0.6074352358199042,Compost,18.72,2.55,44.43,31.68,0.95,0.31,0.51,1
Vegetables,1.407354497001417,1.0328526902466384,-0.5185536064977638,-1.3366289259168966,-0.7312601238205577,Animal Feed,16.41,7.82,31.77,35.34,1.31,0.45,0.73,4
Grains,-1.2625177377754266,-1.0905263755813772,1.3511727815499608,-1.5031394484677372,1.163747380306257,Donation,2.96,0.42,86.82,102.56,0.92,0.3,0.51,1
Grains,0.23119621185336614,-1.6301213304964637,1.7401903077065592,1.3436163129359393,0.3392528872826604,Compost,10.93,0.77,73.17,66.35,1.12,0.25,0.46,1
Grains,0.5041950681775679,-1.6417882484405737,-1.192618055407673,-1.500842751604967,1.19477674294693,Animal Feed,12.91,0.86,13.88,15.02,1.14,0.16,0.52,1
Grains,0.17815239261938912,-1.5167334717271448,-1.0970209234194148,-1.698358681803205,1.1814784446723554,Animal Feed,11.07,0.92,18.34,21.74,0.99,0.31,0.3,1
Grains,0.10672004938430019,-1.2002683224931618,1.4275807082121088,0.1125867944911064,0.7005233237419236,Compost,10.43,1.36,74.93,77.04,1.07,0.22,0.33,1
Vegetables,0.605331950183684,1.1619179700033546,0.9635508339625336,0.7028378882230503,0.7780967303436079,Biogas,13.22,6.1,56.49,50.79,1.38,0.55,1.7,4
Grains,0.5600678911040236,-1.6348610159112584,0.7852656717508548,-0.5810156580654974,0.22621735194877904,Compost,12.64,0.89,62.57,67.04,0.94,0.36,0.38,1
Meat,0.6131117103380006,0.2748676150652432,-1.0534090931328004,1.4986433511729287,0.048906708287791104,Biogas,12.82,4.47,-8.24,-32.43,2.51,1.06,0.56,2
Vegetables,-0.42796164849418816,1.1834288499628076,1.0720570677156298,-0.717669121400325,-0.4409139448256884,Animal Feed,7.09,3.49,71.96,79.25,1.37,0.71,1.29,4
Vegetables,1.6322602905534795,0.9632157737677316,-1.0942297662810714,0.44331114273001665,-0.5207037344731331,Biogas,17.75,8.19,-0.23,-15.46,1.52,0.46,1.22,4
Grains,-0.5927511135810769,-1.279749200987411,0.9558751518320896,-0.6786252747332313,1.163747380306257,Animal Feed,6.73,0.78,68.29,74.58,0.96,0.4,0.46,1
Vegetables,0.6435235000321474,0.5402899982937451,-0.10650903394983272,1.351654751955635,0.11983096575218817,Biogas,13.02,5.03,20.18,2.7,1.71,0.43,0.97,4
Grains,-1.1246038077670866,-1.1164123497698712,1.061939123089135,0.5328823203780549,0.758149282931746,Compost,3.67,0.52,60.79,57.15,1.01,0.23,0.38,1
Grains,-0.934353309447889,-1.552098816745228,-0.004980693042594944,-1.6570181382733413,1.2878648308689493,Animal Feed,4.83,0.38,49.28,58.58,0.88,0.36,0.32,1
Mixed,-1.414576686246161,0.4166935863233301,1.3787354582911007,1.40677547666212,0.11539819966066119,Biogas,2.01,0.74,62.25,52.81,1.42,0.46,0.73,3
Grains,-0.03968089170147642,-1.4037102041435794,1.1966124550141997,0.13440541468742315,0.5121307648521245,Compost,9.54,0.98,68.12,68.71,1.16,0.28,0.37,1
Fruits,0.8627712861992526,-0.09191111780271423,0.9178456358221618,0.0815813868437084,-2.380249109867751,Compost,12.5,4.18,60.58,60.04,1.41,0.41,0.9,0
Vegetables,-0.7299577926662975,0.9566531324241699,-1.351016223008656,0.960067936853314,-0.20376095892911772,Biogas,5.59,2.53,-12.09,-33.29,1.62,0.44,1.45,4
Grains,-0.8424106894423288,-1.0424003390619236,0.569997677456127,1.2770121039156028,0.651762896735152,Compost,5.2,0.79,40.21,27.27,1.06,0.31,0.36,1
Meat,0.9165223563563497,-0.1524332546377846,1.543762624095649,-0.1216762855114552,-1.5890003625305908,Compost,13.3,4.14,80.3,85.11,3.26,1.45,0.63,2
Vegetables,-1.0581222209938355,0.4790386790871676,1.2691825406111257,-0.2640714910032083,-0.7512075712324197,Biogas,3.75,1.48,73.66,78.14,1.25,0.53,1.26,4
Grains,0.10176929292246231,-1.0383898360186359,-0.8803573505555154,0.7947057627338587,1.0861739737045757,Compost,10.59,1.59,2.84,-14.23,1.11,0.38,0.47,1
Mixed,-1.271004748852863,0.3816928324910004,1.280696063806792,-1.6168259431748624,-1.0548520485018635,Animal Feed,2.62,1.01,85.78,102.11,1.35,0.32,0.87,3
Vegetables,1.7107651430197655,1.0434258346334877,-0.9068733433697768,-0.3639778045337126,-0.5916279919375302,Biogas,18.1,8.6,12.16,5.03,1.3,0.57,1.04,4
Fruits,-1.6210939557971114,-0.15972507835285343,-1.654554561803491,-0.5121147521823911,-1.1767531160187925,Compost,0.85,0.26,-7.97,-18.1,1.11,0.41,0.45,0
Mixed,-0.7674420915916411,0.2967430862104492,-0.10581124466524702,-0.7153724245375547,-1.930323351577992,Animal Feed,4.94,1.92,38.19,38.72,0.9,0.37,0.68,3
Grains,1.5700222093189462,-1.7070500706904388,0.6104694559621049,-0.9174817484613333,0.9997350349198436,Animal Feed,18.73,1.08,60.48,66.88,0.99,0.24,0.4,1
Grains,-0.811998899748182,-1.6016832180076956,-0.9916547414469548,-0.5098180553196209,1.1105541872079614,Compost,5.48,0.39,11.01,4.68,0.95,0.35,0.37,1
Vegetables,0.0013396618394656927,0.7776388602192327,0.6593147058831129,1.092128006462601,-0.8908397031154471,Biogas,9.12,4.03,44.37,33.54,1.34,0.49,1.2,4
Vegetables,-0.551023309117015,0.45278811371292016,-0.17593906776612261,-1.524958068664054,-0.793318849101904,Animal Feed,6.34,2.48,43.23,50.41,1.75,0.5,1.09,4
Vegetables,-0.8721152282133559,0.700345528839504,0.07421839075789657,-1.2344259155236226,0.5165635309436483,Animal Feed,5.01,2.01,47.87,53.96,1.29,0.63,1.12,4
Vegetables,0.801947706810959,1.3205151358061,-1.169591009016341,0.8498264874403438,0.6584120458724393,Biogas,14.23,6.92,-5.93,-25.14,1.78,0.67,1.12,4
Grains,0.9646154191284888,-1.3512090733950846,1.7039052649080966,0.2859874076302571,0.8711848182656273,Compost,15.27,1.65,81.35,83.53,1.08,0.25,0.4,1
Vegetables,1.3217771353039338,0.6708136427934754,-1.346480592658848,-0.14004986041361692,-0.8044007643307151,Biogas,15.92,6.74,-2.37,-13.97,1.44,0.41,1.17,4
Grains,1.4179632608482122,-1.2432900824120674,0.23436103157034383,-0.8244655255191398,1.1371507837571075,Animal Feed,18.0,2.19,48.89,52.32,0.83,0.26,0.48,1
Vegetables,-0.16557155601678197,0.4425795605118239,-1.1486573304787657,0.18148770037421247,1.0462790788808518,Biogas,9.08,3.23,0.49,-12.77,1.66,0.67,1.22,4
Mixed,-0.9767883648350706,-0.09665080321750874,-0.05766378402882484,-1.1930853719937586,-1.5712692981644925,Animal Feed,4.0,1.28,43.73,48.69,1.63,0.24,1.12,3
Mixed,-0.8890892503682285,0.25882560289209205,0.9380815250751509,-0.8325039645388355,-2.8789352951642813,Animal Feed,4.13,1.66,69.13,76.66,0.9,0.31,0.74,3
Meat,1.4519113051579577,0.23877308767565314,1.3215167369550629,0.17574595821728686,-0.10402372186981103,Biogas,17.17,5.94,71.34,72.29,3.09,0.98,0.43,2
Meat,1.0615087955958866,0.2901804448668876,-1.048175673498407,0.47890994410295473,-1.5934331286221146,Biogas,14.01,5.34,0.78,-14.49,2.64,0.92,0.52,2
Mixed,0.9547139062048131,-0.118526274362715,-0.35178196748175106,-1.5559634763114518,0.16637500971319627,Animal Feed,14.72,4.27,38.46,44.9,1.18,0.42,0.7,3
Grains,0.8182144780427122,-1.37089699742577,-0.10825350716129743,1.4676379435255305,1.2789992986858987,Compost,14.73,1.52,19.12,0.62,0.95,0.28,0.4,1
Vegetables,-0.9463765751409238,1.082072500323352,-1.4605691406886308,-0.4064666964949614,-0.2525213859358893,Biogas,4.43,2.1,-3.34,-13.27,1.41,0.65,1.25,4
Vegetables,1.0876770797513151,0.9993103011573221,-1.520927913805305,-1.609935852586552,0.8179916251673287,Animal Feed,15.92,6.97,5.42,5.62,1.78,0.65,1.0,4
Vegetables,0.9617864154360096,0.9165481019912917,0.07421839075789657,0.9635129821474695,0.002362664326782993,Biogas,14.64,6.49,28.73,15.68,1.5,0.6,1.22,4
Grains,-1.5935111697954434,-1.1492255564876805,-0.26874504261603777,1.6984559782339368,1.250186319090989,Compost,1.11,0.15,12.51,-8.92,1.0,0.31,0.26,1
Mixed,-1.5772443985636904,0.6143020090016929,1.581094350820991,1.012891964697029,-0.72239459163751,Biogas,1.09,0.45,71.48,66.62,1.19,0.36,0.88,3
Grains,1.4879811022370621,-1.6406944748833132,-0.21571305698751478,-0.5695321737516463,0.6207335340944788,Compost,17.96,1.22,33.77,32.4,1.17,0.3,0.4,1
Vegetables,-1.3947736603988095,0.8159209347233434,1.7059986327618542,-1.6478313508222604,0.9642729061876467,Donation,2.2,0.9,98.24,117.27,1.01,0.66,1.02,4
Vegetables,0.9469341460504964,0.9041520016756751,-1.224367467856328,-0.13890151198223183,-0.20819372502064154,Biogas,14.42,6.43,1.11,-9.79,1.41,0.58,1.11,4
Fruits,1.6895476153261748,-0.03539948401093138,-0.6692760919683026,0.3525916166505934,-2.568641668757553,Compost,16.23,5.63,12.74,0.73,1.39,0.41,1.0,0
Fruits,-0.41806013557051264,-0.2669148869643638,-1.4145150479059663,-0.5775706127713421,-1.2011333295221784,Compost,6.88,1.97,-0.51,-8.69,1.7,0.34,0.35,0
Fruits,-0.33177552294990986,0.924204516892114,1.4854972188327322,-1.3354805774855116,-0.2924162807596101,Donation,7.65,3.45,89.2,104.25,0.8,0.33,0.57,0
Vegetables,-0.9534490843721206,0.9829036977984174,-1.245301146393903,0.2044546690019145,0.9465418418215451,Biogas,4.65,2.02,-2.48,-16.49,1.71,0.53,0.96,4
Vegetables,0.2135149387753738,0.9052457752329355,0.7706120967745523,0.07239459939262755,-0.8088335304222389,Biogas,10.25,4.71,56.45,55.14,1.64,0.68,1.31,4
Mixed,1.5502191834715948,0.5282584891638819,1.7192566291689846,-0.815278738068059,0.5165635309436483,Animal Feed,18.21,6.87,91.37,103.23,1.88,0.38,0.86,3
Vegetables,1.6152862683986067,0.633625341846625,1.3351236280044865,-1.1563382221894354,0.39022969733519547,Animal Feed,18.46,7.28,83.33,95.96,1.64,0.35,1.34,4
Vegetables,0.755976396808179,1.0817079091375985,1.3640818833147983,1.3975886892110392,-0.2214920232952162,Biogas,13.4,6.33,61.92,52.48,1.62,0.39,0.97,4
Vegetables,-0.5927511135810769,0.7871182310488217,-1.4180039943288953,0.9899249960693266,1.2723501495486114,Biogas,6.76,2.7,-14.27,-36.12,1.53,0.55,1.31,4
Vegetables,0.040238462611048895,1.128740172099792,-0.6818362990908474,-0.4822576929663784,0.6295990662775296,Biogas,10.04,4.62,19.65,14.85,1.48,0.56,1.31,4
Fruits,-1.5857314096411268,0.1800739067693496,-0.7055611347667656,-0.0481819859028086,0.5520256596758453,Biogas,1.12,0.37,15.19,6.47,1.25,0.42,0.85,0
Meat,1.0982858435981109,0.013455734880029005,0.04212008366694846,-0.28818680806229563,-1.2897886513526708,Compost,14.42,4.78,38.71,36.37,3.32,1.18,0.61,2
Grains,-1.6069489373347177,-1.7026749764613975,1.4042047671784834,-1.2505027935630137,0.8401554556249542,Donation,1.01,0.06,86.14,99.98,1.07,0.27,0.44,1
Vegetables,-0.8452396931348076,1.142959228344176,1.3672219350954347,0.6477171635165655,0.2505975654521648,Biogas,5.09,2.39,68.54,65.63,1.69,0.44,1.12,4
Grains,1.626602283168522,-1.1382878209150775,-0.17210122670090058,0.45709132390663804,0.4013116125640066,Compost,18.53,2.61,26.08,16.02,0.68,0.39,0.39,1
Mixed,1.3967457331546216,0.2117933399298985,1.3194233691013058,1.3505064035242498,-0.7002307611798846,Biogas,16.39,5.77,61.06,51.76,1.25,0.44,0.93,3
Fruits,-1.686868291647243,-0.15389161938079832,1.58458329724392,-0.23076938649304035,-1.5114269559289064,Compost,0.51,0.16,82.42,88.41,0.85,0.51,0.61,0
Vegetables,-1.6974770554940386,0.6456568509764884,0.5068477472011095,1.0060018741087182,1.1770456785808316,Biogas,0.52,0.2,40.76,29.81,1.17,0.5,1.32,4
Vegetables,-0.4223036411092307,1.0153523133304732,1.1481160997354847,-0.4076150449263465,1.0861739737045757,Biogas,7.66,3.33,71.46,76.5,1.33,0.63,1.25,4
Vegetables,-1.1436995826913183,1.2749412375869205,-0.24955583728992736,-0.35593936551401684,-0.8309973608798644,Biogas,3.3,1.7,30.93,27.5,1.63,0.34,1.54,4
Vegetables,-1.2957585311620525,0.4870596851737431,0.5434816846418653,-1.349260758662133,-0.7844533169188531,Animal Feed,2.53,1.0,62.33,72.1,1.55,0.45,1.13,4
Mixed,-0.0644346740106658,0.9161835108055385,-0.6015905313634774,0.2354600766493127,-2.351436130272841,Compost,8.15,4.07,15.7,5.11,1.04,0.41,0.72,3
Grains,-0.13515976632263516,-1.1371940473578173,0.09864101571840038,-0.08722583256990217,0.4168262938843416,Compost,8.98,1.26,38.59,34.82,0.73,0.3,0.38,1
Mixed,0.9002555851245965,-0.409834631779711,-0.5039000315214615,-0.43862045257374427,-1.088097794188297,Compost,13.57,3.57,24.37,20.2,1.24,0.41,1.1,3
Vegetables,-1.650091243645019,1.0955623741962295,0.8375998680947918,1.0507874629327374,0.45007203957077824,Biogas,0.76,0.35,49.84,40.39,1.66,0.36,0.99,4
Grains,0.9978562125151144,-1.4912120887244045,0.9642486232471194,-0.5029279647313102,0.28384331113860145,Compost,15.04,1.37,67.0,71.81,0.92,0.23,0.43,1
Grains,0.19654091662050127,-1.1616216568032973,0.048051292585928045,-1.1046625427771055,1.1260688685282965,Animal Feed,11.14,1.48,45.99,50.78,0.98,0.28,0.39,1
Grains,-0.8020973868245062,-1.1532360595309685,0.3030932761020478,1.5089784870553946,0.4256918260673924,Compost,5.36,0.74,30.54,14.04,1.1,0.26,0.39,1
Vegetables,-1.6507984945681387,0.8148271611660831,1.475030379563945,1.0519358113641226,0.7537165168402221,Biogas,0.77,0.32,68.11,62.3,1.39,0.62,1.13,4
Vegetables,1.5389031687016799,0.5257063508636075,1.447118808180512,-1.7029520755287455,-0.18824627760877957,Donation,17.55,6.84,91.3,109.33,1.42,0.64,1.17,4
Vegetables,-1.3714343799358597,1.1371257693721213,0.9712265160929777,-1.4330901941532457,0.352551185557235,Animal Feed,2.26,1.06,75.31,88.27,1.47,0.41,1.58,4
Grains,-1.1606736048461908,-1.2082893285797374,0.032002139040453986,1.1598805639143221,0.9332435435469736,Compost,3.5,0.45,25.82,10.8,1.01,0.28,0.41,1
Meat,1.2673188142237173,-0.11159904183339978,0.6484989719720325,0.48694838312265054,-1.3762275901374028,Compost,15.19,4.77,49.34,43.72,3.53,0.47,0.43,2
Vegetables,1.6966201245573713,0.942798667365539,-0.3566664924738519,0.8004475048907843,0.16859139275895976,Biogas,18.7,8.29,17.8,3.69,1.22,0.64,1.24,4
Fruits,-0.8127061506713016,-0.26764406933587076,0.22842982265136424,-0.814130389636674,-1.6820884504526101,Animal Feed,4.78,1.41,48.62,51.92,0.92,0.38,0.89,0
Mixed,0.9639081682053687,-0.06930646428600098,-0.62705984025086,-1.0150913651290674,-0.06634521009185058,Animal Feed,14.61,4.39,25.86,26.0,1.1,0.57,0.97,3
Vegetables,-1.4294289556316746,0.8593072858280023,1.1020620069528204,-1.1402613441500438,-0.00428648481050433,Animal Feed,1.92,0.83,76.51,87.67,1.39,0.69,1.25,4
Vegetables,-0.8190714089793788,0.6846681078521059,-0.5021555583099969,-0.6384330796347526,1.234671637770654,Animal Feed,5.47,2.11,26.17,23.76,1.34,0.44,1.3,4
Vegetables,-0.6493311874306524,1.1174378453414355,0.03653776939026171,-0.5924991423793484,-0.31236372817147207,Animal Feed,5.98,2.87,41.2,41.48,1.71,0.53,1.24,4
Vegetables,0.6251349760310355,0.7116478555978605,-0.5844946938911246,0.8360463062637224,-0.15278414887658262,Biogas,12.76,5.31,10.96,-4.77,1.37,0.52,1.22,4
Mixed,-1.3806286419364158,0.20413692502907654,1.0050692963953902,-0.35823606237678696,-3.076193386237131,Compost,1.86,0.74,66.92,70.7,1.04,0.48,1.05,3
Grains,1.5947759916281357,-1.1109434819835697,1.1034575855219917,-0.00569309394155959,0.9820039705537452,Compost,18.86,2.66,66.67,67.95,0.89,0.32,0.41,1
Grains,-1.6889900444166022,-1.7358527743649603,-1.439984356793349,0.4226408709650848,1.0307643975605167,Compost,0.57,0.03,-9.95,-26.98,1.16,0.32,0.4,1
Vegetables,0.43346997586559877,0.9107146430192368,-0.9243180754844225,0.6190084527319379,0.6739267271927775,Biogas,12.22,5.23,3.11,-12.67,1.63,0.41,1.12,4
Grains,0.15481311215643934,-1.5222023395134463,0.363452049218722,-0.9174817484613333,1.1305016346198236,Animal Feed,10.91,0.91,53.4,58.38,0.92,0.33,0.38,1
Fruits,-1.1189458003821289,0.8596718770137559,1.2468532835043793,0.25153695468870385,-2.8767189121185206,Compost,3.08,1.55,68.54,68.39,1.68,0.45,0.45,0
Vegetables,1.257417301300042,0.9730597357830747,1.376642090437343,1.104759839207837,-0.38993713477315645,Biogas,15.91,7.32,64.83,58.0,1.88,0.57,1.43,4
Grains,-1.6076561882578373,-1.2112060580657649,0.9335458947253431,0.4651297629263338,1.2834320647774256,Compost,1.03,0.13,57.69,53.89,1.09,0.34,0.32,1
Mixed,-0.07928694339617917,0.20851201925811771,0.5560418917644102,-0.21813755374780405,-2.9675906169947766,Compost,7.81,3.09,52.83,52.82,1.12,0.45,0.78,3
Vegetables,0.15198410846396063,1.303379350075688,0.7702632021322593,0.5145087454758933,1.2280224886333666,Biogas,10.94,5.16,52.59,47.42,1.16,0.62,0.97,4
Vegetables,0.14986235569460146,1.125458851428011,-0.4784307226340788,0.6281952401830185,-0.4586450091917869,Biogas,10.1,4.89,15.81,2.51,1.27,0.44,1.3,4
Grains,-0.0835304489348975,-1.1149539850268577,1.508175370581772,-1.208013901601765,0.9088633300435878,Donation,9.48,1.33,88.74,102.81,0.93,0.28,0.39,1
Meat,-0.0007820909298932175,-0.1717565874827168,-0.7027699776284223,0.20330632057052964,-0.2901998977138498,Compost,9.39,2.71,13.08,2.18,4.03,1.0,0.29,2
Vegetables,0.7658779097318548,0.9307671582356757,-0.5021555583099969,0.5122120486131228,0.9753548214164578,Biogas,14.24,6.05,16.14,3.71,1.22,0.34,1.38,4
Meat,-1.1606736048461908,0.6102915059584051,-1.5463972226926876,1.6950109329397813,-1.772960155328866,Biogas,3.07,1.33,-24.09,-52.81,3.34,1.47,0.59,2
Mixed,0.09752578738374425,-0.3219681560131326,-0.07999304113557133,-0.3019669892389168,-2.391331025096562,Compost,8.89,2.64,35.33,32.41,1.92,0.41,0.68,3
Grains,1.3055103640721812,-1.7063208883189318,0.5958158809858024,-0.2996702923761466,0.8069097099385176,Compost,17.11,1.0,54.68,55.61,1.03,0.38,0.47,1
Vegetables,0.45327300171295,0.8057123815222471,0.5016143275667156,1.2724187101900626,-0.035315847451177454,Biogas,11.92,5.1,38.29,24.98,1.57,0.45,1.38,4
Grains,-0.011390854776688773,-1.7318422713216726,-1.1298170197949489,1.319500995876852,0.9598401400961197,Compost,9.9,0.54,-8.88,-31.95,0.95,0.41,0.44,1
Vegetables,-0.333897275719269,0.6266981093173098,0.7001353790313839,0.40197059920015293,0.16415862666743278,Biogas,7.81,3.11,51.57,46.99,1.29,0.38,1.41,4
Vegetables,-0.6351861689682586,1.2147836919376032,-1.45568461569653,1.6467802988216071,-0.8775414048408725,Biogas,5.89,2.99,-21.08,-48.86,1.37,0.66,1.21,4
Vegetables,-1.1705751177698664,0.813004205237316,0.07072944433496739,-0.5993892329676591,1.1903439768554063,Animal Feed,3.49,1.41,42.24,42.76,1.86,0.56,0.85,4
Grains,0.01831368399433848,-1.3358962435934403,0.754562943229078,1.0955730517567566,0.43677374129620355,Compost,9.82,1.1,47.07,36.75,1.07,0.32,0.45,1
Vegetables,1.7242029105590395,0.7634198039748487,-0.5736789599800441,-1.0725087866983227,0.880050350448675,Animal Feed,19.49,7.87,27.89,28.84,1.37,0.38,1.07,4
Vegetables,-0.4583734381883352,0.5636238341819652,-1.2683281927852355,-0.6843670168901569,0.20848628758268056,Animal Feed,7.16,2.78,4.61,-1.79,1.49,0.45,1.18,4
Meat,-0.6323571652757797,0.0502794446411263,-1.5279058066511633,-1.1368162988558883,-0.2636033011647005,Compost,6.08,1.95,1.09,-2.86,3.2,0.97,0.33,2
Vegetables,-0.11252773678280495,1.1779599821765059,1.389551192202181,-1.6524247445478006,-0.11732202014438567,Donation,8.87,4.29,89.21,106.47,1.2,0.41,1.02,4
Grains,1.3571396814599186,-1.4536591965918004,-1.269025982069821,-0.979492563756129,0.9243780113639227,Animal Feed,17.49,1.63,7.15,3.31,0.83,0.21,0.45,1
Vegetables,0.9306673748187433,0.9154543284340313,0.11399237997928875,1.5204619713692453,0.8379390725791908,Biogas,15.06,6.41,25.02,7.34,1.68,0.44,1.05,4
Grains,0.06640674676647763,-1.4285024047748132,-0.014749743026796566,0.8303045641067973,0.7116052389707379,Compost,10.22,1.0,27.34,14.94,0.96,0.28,0.33,1
Vegetables,0.2616080015475132,1.0332172814323914,1.1289268944093747,1.6697472674493092,-0.05526329486303942,Biogas,10.89,5.02,52.81,39.64,1.86,0.54,0.79,4
Vegetables,1.362797688844876,0.9271212463781415,1.223826237113047,-0.04588528904003824,0.08880160311151504,Biogas,16.85,7.46,70.47,72.78,1.41,0.42,0.93,4
Vegetables,1.6152862683986067,0.6277918828745702,-1.1657531679511188,0.8463814421461884,0.44785565652501474,Biogas,18.51,7.26,-5.79,-24.94,1.2,0.28,1.14,4
Grains,1.032511507747979,-1.2476651766411084,-1.2585591428010339,-1.1482997831697397,0.3459020364199477,Animal Feed,15.27,1.91,8.93,6.62,0.95,0.37,0.35,1
Fruits,-0.5687045821950073,0.4279959130816867,0.10980564427177364,0.1929711846880637,0.3060071415962238,Biogas,6.59,2.42,36.47,30.32,1.31,0.34,0.87,0
Grains,1.229127264375254,-1.559390640460297,-1.6772327135525302,0.3284762995915061,0.8202080082130923,Compost,16.7,1.32,-15.94,-33.51,0.87,0.24,0.34,1
Mixed,0.9186441091257084,-0.26545652222135,-1.7407315384498405,-0.685515365321542,-0.2636033011647005,Animal Feed,14.23,3.9,-8.93,-18.04,1.51,0.32,0.72,3
Vegetables,0.42427571386504254,0.6941474786816955,-0.17384569991236504,-0.43976880100512955,-0.824348211742577,Biogas,11.32,4.84,33.84,31.58,1.68,0.61,1.22,4
Vegetables,-0.3770395820295703,0.7313357796285458,-1.665370295714571,-1.0219814557173779,1.3011631291435242,Animal Feed,7.99,3.13,-3.84,-9.59,1.77,0.46,1.29,4
Meat,0.30899381339653254,0.3339313871573001,1.465959118864329,-1.6053424588610115,-0.737909272957845,Donation,10.77,4.0,90.99,108.28,3.1,1.14,0.51,2
Grains,0.05013997553472465,-1.4966809565107058,-0.3981849549067085,-0.5339333723787081,0.25946309763521563,Compost,9.91,0.89,28.23,25.5,1.04,0.3,0.42,1
Fruits,1.6541850691701903,-0.029566025038876516,-1.6046626279556042,0.927914180774531,-0.5650313953883809,Compost,17.83,5.59,-19.09,-41.46,0.8,0.32,0.82,0
Vegetables,-0.6535746929693705,1.3281715507069218,-1.5795422137105146,1.4343358390153624,-0.7157454425002227,Biogas,5.84,3.04,-22.77,-49.41,1.64,0.46,1.54,4
Vegetables,-0.9803246194506691,0.572738613825801,-1.2519301445974687,-0.3237856094352337,0.1996207553996329,Biogas,4.35,1.69,1.93,-7.52,1.16,0.44,1.36,4
Mixed,-1.6812102842622856,0.16293812103893812,-1.4738271370957616,0.39967390233738276,-0.4497794770087392,Biogas,0.57,0.19,-10.72,-27.74,1.38,0.48,0.79,3
Vegetables,-1.5517833653313815,0.7087311261118331,0.9024942715612737,1.0335622364619608,1.1770456785808316,Biogas,1.34,0.52,51.85,42.93,1.34,0.6,0.97,4
Mixed,-0.4520081798802577,0.7513882948449847,1.3951335064788675,-0.36512615296509765,-0.21705925720369237,Biogas,7.05,2.98,78.16,84.25,1.38,0.41,0.68,3
Meat,0.6612047731101398,0.3955472975496308,-0.03917236798730038,0.6408270729282547,-1.9547035650813778,Biogas,11.82,4.79,28.29,17.38,2.7,1.22,0.48,2
Meat,-1.3007092876238904,-0.15753753123833272,1.4282784974966944,-0.6705868357135357,-0.40545181609349146,Compost,2.55,0.75,81.77,90.69,2.92,0.91,0.51,2
Grains,-0.7257142871275792,-1.6767890022729035,1.1889367728837557,1.0278204943050353,1.3011631291435242,Compost,6.02,0.37,60.12,52.9,1.08,0.28,0.38,1
Mixed,-1.4704495091726169,-0.5093680254903992,0.5839534631478432,-1.4273484519963202,-1.3296835461763947,Animal Feed,1.59,0.4,64.16,74.84,1.06,0.41,0.9,3
Mixed,-0.8367526820573712,0.7918579164636167,-0.7781312203636916,1.0450457207758117,0.5608911918588961,Biogas,5.21,2.16,3.59,-15.07,0.95,0.14,0.74,3
Vegetables,0.43629897955807745,0.9468091704088273,-0.825580891715528,1.703049371959477,-0.352258622995196,Biogas,11.65,5.3,-3.5,-28.17,1.49,0.47,1.37,4
Vegetables,-0.8742369809827151,1.0368631932899262,0.04351566223612008,-0.16416517747270423,-0.5473003310222824,Biogas,4.75,2.24,37.67,34.26,1.44,0.47,1.43,4
Mixed,-1.5984619262572812,-0.037587031125452086,-0.7209124990276539,1.5285004103889412,0.742634601611411,Compost,1.05,0.31,1.02,-21.51,0.81,0.23,0.95,3
Vegetables,1.1060656037524275,0.6813867871803253,-0.38527585314187085,-0.25488470355212745,-0.7423420390493688,Biogas,14.86,6.3,26.18,21.1,1.55,0.48,1.47,4
Grains,-0.8091698960557032,-1.5845474322772841,-0.11104466429964067,0.2113447595902254,0.7404182185656475,Compost,5.41,0.41,29.97,22.39,1.01,0.28,0.43,1
Vegetables,1.4427170431574017,0.9384235731364982,0.29018417433721005,-1.0885856647377141,-0.20376095892911772,Animal Feed,17.03,7.67,52.8,58.85,1.66,0.6,0.94,4
Grains,0.6237204741847965,-1.5407964899868718,-1.0021215807157422,0.8636066686169652,0.7692311981605572,Compost,13.32,1.09,-1.25,-19.61,0.98,0.29,0.47,1
Grains,0.03882396076480954,-1.049327571591239,-0.7791779042905703,1.4343358390153624,1.183694827718119,Compost,10.28,1.52,0.17,-21.88,0.93,0.39,0.5,1
Fruits,0.8521625223524573,-0.4543147564416302,0.013510722998929522,0.11603183978526144,-0.31236372817147207,Compost,13.85,3.42,34.37,28.35,0.97,0.34,1.01,0
Vegetables,-1.1840128853091407,1.141136272415409,-1.0174729449766304,-0.052775379628348926,0.139778413164047,Biogas,3.25,1.53,6.28,-4.19,1.74,0.57,0.93,4
Vegetables,0.9129861017407509,0.7222209999847099,1.4670058027912078,-1.708693817685671,0.0755033048369404,Donation,14.44,5.96,91.92,110.12,1.65,0.62,1.06,4
Meat,1.5565844417796721,-0.01972206302353361,-0.17384569991236504,0.07354294782401262,-1.8461007958390234,Compost,16.23,5.46,29.37,22.64,2.92,0.84,0.39,2
Meat,1.402403740539579,0.12429145534907374,1.4181605528702002,1.326391086465163,-0.3589077721324833,Biogas,16.7,5.56,64.09,55.57,2.81,0.84,0.54,2
Vegetables,-0.9074777743693405,0.6795638312515577,0.41229729913972984,1.5204619713692453,-0.2680360672562243,Biogas,4.64,1.92,33.57,17.59,1.36,0.51,1.16,4
Grains,-0.1797165744791758,-1.7085084354334525,0.8588824412746595,0.6431237697910248,0.37249863296909697,Compost,8.72,0.52,54.01,48.24,0.89,0.34,0.44,1
Meat,0.1753233889269104,0.3189831485414088,-0.3343372353671054,-1.688023545920739,-0.8465120422001994,Biogas,10.03,3.72,40.11,47.8,3.49,0.87,0.43,2
Fruits,-0.7893668702083517,-0.579369533155059,0.25564360475021153,0.8796835466563567,-1.427204400189938,Compost,4.96,1.2,34.66,23.37,1.08,0.52,0.86,0
Meat,0.7276863598833914,-0.29535299945313187,0.2807640189953013,-0.13890151198223183,-2.0078967581796765,Compost,12.11,3.57,44.25,41.98,2.16,1.2,0.41,2
Vegetables,-1.4372087157859912,1.0711347647507492,1.486543902759611,0.6190084527319379,-0.6270901206697271,Biogas,1.82,0.87,72.21,70.24,1.83,0.46,1.13,4
Fruits,-1.4110404316305625,-0.5990574571857445,1.3379147851428297,-0.9278168843437992,-1.4072569527780758,Animal Feed,1.88,0.45,81.42,92.07,1.48,0.37,1.04,0
Vegetables,0.9186441091257084,1.0004040747145824,-0.5440229153851465,0.40656399292569323,0.07107053874541656,Biogas,14.46,6.56,15.86,4.1,1.56,0.53,1.39,4
Vegetables,-0.8035118886707456,0.838160997054303,0.03583998010567602,-1.1896403266996034,-0.20597734197487808,Animal Feed,5.2,2.26,46.37,51.84,1.4,0.49,0.98,4
Vegetables,-1.617557701181513,0.4575277991277152,-0.11558029464944865,-1.6030457619982412,-0.10845648796133486,Animal Feed,0.91,0.35,45.64,53.83,1.25,0.46,1.07,4
Vegetables,-0.4604951909576941,1.179782938105273,1.1317180515477179,-0.4730709055152975,0.7249035372453093,Biogas,7.32,3.41,71.55,77.07,1.52,0.46,1.21,4
Vegetables,-0.5941656154273163,0.691230749195668,1.5168977366390948,-1.7339574831761433,0.7936114116639429,Donation,6.61,2.61,93.57,112.27,1.53,0.4,1.33,4
Vegetables,-0.4385704123409837,0.46007993742798897,-0.3353839192939842,1.3482097066614795,0.9066469469978242,Biogas,7.5,2.71,13.64,-5.12,1.66,0.53,1.59,4
Vegetables,-0.560217571117571,1.2982750734751398,-1.5697731637263128,1.5870661803895818,-0.7600731034154673,Biogas,6.31,3.26,-23.82,-51.74,1.64,0.59,1.07,4
Meat,0.03316595337985211,-0.20092388234299163,0.40811056343221497,0.9887766476379417,-0.8465120422001994,Compost,9.31,2.72,38.08,26.72,2.88,0.77,0.41,2
Grains,-0.009976352930449165,-1.2826659304734385,-0.0011428519773729125,-1.3710793788584499,0.3414692703284239,Animal Feed,9.63,1.16,46.9,53.74,1.04,0.32,0.33,1
Meat,-0.640844176353216,-0.01571155998024583,0.4747494401101614,-0.6464715186544484,0.08215245397422771,Compost,6.14,1.88,54.23,57.49,3.09,1.28,0.46,2
Vegetables,1.0452420243641338,1.1247296690565043,-0.7533597007608948,-1.7029520755287455,-0.529569266656184,Animal Feed,14.7,7.14,28.23,33.65,1.66,0.42,1.31,4
Vegetables,1.6485270617852321,1.2337424335967817,1.0043715071108046,-0.45240063375036565,-0.793318849101904,Biogas,17.6,8.95,67.72,72.33,1.55,0.42,1.2,4
Mixed,-1.5305658376377909,0.5402899982937451,0.5155701132584324,0.5420691078291356,-1.5269416372492446,Biogas,1.28,0.54,45.05,38.18,1.24,0.23,0.37,3
Vegetables,0.34435635955251725,1.0776974060943108,1.1540473086544643,-1.5927106261157753,-0.7356928899120815,Donation,10.95,5.3,81.94,97.33,1.46,0.61,1.31,4
Grains,1.0424130206716546,-1.4682428440219375,-0.4557525708850395,-0.6981471980667783,0.8046933268927541,Animal Feed,15.65,1.44,28.01,26.38,0.91,0.24,0.34,1
Vegetables,-0.04250989539395514,1.1943665855354106,-1.2526279338820543,1.5135718807809349,-0.367773304315531,Biogas,9.14,4.5,-14.09,-39.55,1.5,0.38,1.36,4
Grains,-1.3565821105503462,-1.2965203955320692,0.19947156734105245,1.40677547666212,0.3990952295182431,Compost,2.35,0.28,28.46,12.26,0.97,0.32,0.37,1
Vegetables,-1.4372087157859912,0.93331929653595,-0.5398361796776315,0.6947994492033549,-0.5229201175188967,Biogas,1.83,0.84,13.47,-0.77,1.61,0.56,1.51,4
Vegetables,1.4582765634660348,0.7459194270586835,-0.2303666319638172,-0.499482919437155,0.7869622625266556,Biogas,17.94,7.23,32.74,30.67,1.68,0.4,1.18,4
Mixed,-0.8735297300595952,0.6339899330323782,0.4614914437030308,-0.586757400222423,-1.336332695313682,Biogas,4.56,1.96,53.33,55.99,0.93,0.29,0.68,3
Fruits,1.6365037960921978,-0.29134249640984405,-0.32701044787895417,0.06550450880431685,-2.6063201805355134,Compost,15.95,4.87,25.05,17.51,1.1,0.2,0.51,0
Meat,1.3338004009969688,0.12283309060606003,0.23191876907429343,-0.0608138186480447,-1.371794824045879,Biogas,15.53,5.44,42.16,38.92,2.52,1.23,0.39,2
Vegetables,1.3147046260727369,1.1418654547869158,0.7594474682211788,-1.5479250372917561,-0.5916279919375302,Animal Feed,16.05,7.86,70.25,82.99,1.64,0.28,0.75,4
Grains,-0.8105843979019426,-1.6961123351178358,0.020488615844787894,1.6180715880369796,0.718254388108022,Compost,5.39,0.32,21.49,2.42,0.9,0.27,0.36,1
Grains,-0.7504680694367686,-1.4788159884087875,0.6038404577585396,0.2986192403754932,0.6539792797809154,Compost,5.71,0.52,49.7,45.46,0.98,0.29,0.4,1
Mixed,-1.283028014545898,0.9544655853096493,-1.0024704753580351,-0.8129820412052888,-1.2587592887119976,Animal Feed,2.53,1.21,13.34,9.58,0.85,0.19,0.71,3
Mixed,-0.666305209585525,0.9402465290652652,0.6830395415590308,-0.9105916578730227,-1.8039895179695393,Animal Feed,5.46,2.67,62.5,69.25,1.0,0.34,0.51,3
Fruits,1.171132688679439,-0.19545501455669012,-0.47040614586134166,-0.21698920531641896,-0.11510563709862218,Compost,15.67,4.43,23.4,17.5,1.05,0.43,1.01,0
Meat,-0.7030822575877491,0.005434728793453439,-0.8569814095218902,-1.3871562568978413,-1.6554918539034609,Compost,5.33,1.79,22.51,24.58,2.61,0.96,0.4,2
Grains,1.2786348289936327,-1.5130875598696105,0.09305870144171388,-1.2861015949359522,0.46558672089111636,Animal Feed,16.69,1.45,48.86,55.49,0.85,0.34,0.38,1
Meat,-1.1847201362322606,-0.24431023344765077,0.03653776939026171,-0.2927802017878359,-1.4449354645560364,Compost,3.0,0.88,38.59,36.25,3.18,0.77,0.68,2
Grains,-0.21366461878892112,-1.730748497764412,-0.27014062118520943,-1.5789304449391541,0.9576237570503594,Animal Feed,8.77,0.48,41.0,48.1,0.99,0.3,0.43,1
Fruits,1.5007116188532166,0.6700844604219687,1.03263197313653,1.254045135287901,-2.6971918854117694,Compost,15.24,7.13,53.67,43.58,1.21,0.1,0.9,0
Grains,0.9844184449758399,-1.708143844247699,-0.5534430707270552,-0.183687100806251,0.6960905576503997,Compost,15.26,0.89,20.73,14.06,1.07,0.2,0.42,1
Vegetables,-1.0927775162267004,0.9559239500526633,0.7221157414958373,-1.3423706680738223,-0.8620267235205376,Animal Feed,3.56,1.66,67.38,78.11,1.17,0.59,1.27,4
Vegetables,1.7348116744058353,0.8250357143671794,-0.4637771476577764,-1.0483934696392354,-0.10845648796133486,Animal Feed,18.66,8.06,30.82,32.19,1.73,0.35,1.23,4
Vegetables,-0.27590270002345413,1.1491572785019846,-0.46587051551153397,-1.119591072385112,1.2058586581757411,Animal Feed,8.52,3.84,31.39,33.37,1.22,0.66,1.21,4
Meat,0.014777429378739963,0.5793012551693626,-0.16651891242421382,-1.4606505565064882,-0.23479032156979085,Biogas,9.5,3.78,42.94,49.62,3.79,1.31,0.45,2
Grains,1.2807565817629918,-1.1339127266860363,0.2957664886138968,-0.17335196492378507,0.8401554556249542,Compost,17.0,2.35,44.98,43.09,1.09,0.35,0.43,1
Grains,1.298437854840984,-1.470794982322212,-1.6172228350781492,-1.2263874765039267,1.1349344007113473,Animal Feed,17.33,1.56,-0.67,-4.36,1.14,0.32,0.43,1
Vegetables,1.217811249605339,1.2257214275102062,-0.25234699442827063,-0.621207853163976,-0.8110499134680024,Animal Feed,15.38,7.81,33.17,32.03,1.68,0.46,1.35,4
Vegetables,1.3451164157668838,0.7313357796285458,-1.1922691607653804,-0.25947809727766796,0.5786222562249945,Biogas,17.15,6.94,3.08,-6.6,1.5,0.57,1.19,4
Vegetables,0.2842400310873432,0.7969621930641644,-0.0433591036948155,-1.6799851069010432,-0.7689386355985182,Animal Feed,10.63,4.7,48.38,57.66,1.43,0.6,0.68,4
Fruits,-0.5679973312718876,0.5246125773063471,-0.3591087549699023,-1.056431908658931,-2.8612042307981826,Animal Feed,5.61,2.51,33.91,35.95,1.15,0.49,0.81,0
Vegetables,1.2581245522231617,0.6474798069052555,0.10701448713343038,0.5811129544962292,1.2568354682282763,Biogas,17.2,6.55,33.0,23.46,1.48,0.34,1.06,4
Meat,0.09186777999878656,0.4411211957688104,-1.2508834606705899,-1.2769148074848713,-0.3456094738579087,Biogas,9.85,3.74,10.26,9.1,2.97,0.92,0.37,2
Meat,0.11874331507733485,0.24825245850524216,1.1582340443619794,-0.5534552957122548,-0.38993713477315645,Biogas,9.97,3.51,73.0,79.36,2.66,0.69,0.42,2
Grains,1.730568168867117,-1.4110020278586484,-1.1458661733404225,0.7223598115565972,0.4434228904334909,Compost,19.13,1.94,-4.14,-22.09,1.02,0.26,0.45,1
Vegetables,0.36133038170739,0.8108166581227952,-1.1455172786981298,0.8257111703812565,-0.16386606410539378,Biogas,11.36,4.89,-5.03,-23.88,1.1,0.49,1.18,4
Vegetables,-0.8134134015944213,0.7572217538170402,1.26604248883049,-0.45814237590729107,-0.4187501143680661,Biogas,5.09,2.18,75.28,81.43,1.42,0.56,0.85,4
Vegetables,0.9900764523607978,0.4502359754126463,0.2273831387244857,0.021867268411682964,-0.23479032156979085,Biogas,14.63,5.55,41.32,37.34,1.94,0.39,1.15,4
Grains,0.5763346623357768,-1.4810035355233082,1.4921262170362977,0.8498264874403438,0.27497777895555064,Compost,12.76,1.18,70.36,66.42,0.88,0.36,0.44,1
Grains,0.552995381872827,-1.5692346024756396,-0.8754728255634145,-1.5938589745471603,1.2657010004113272,Animal Feed,13.22,1.01,23.78,27.54,0.85,0.31,0.43,1
Grains,1.1131381129836242,-1.4554821525205675,0.30623332788268415,0.6729808290070377,1.0950395058876234,Compost,16.26,1.5,37.91,28.7,0.95,0.31,0.41,1
Vegetables,-1.3735561327052186,0.9154543284340313,-0.3371283925054486,-0.3123021251213827,-0.879757787886636,Biogas,2.12,0.98,28.05,23.74,1.31,0.49,1.47,4
Vegetables,-0.21437186971204067,0.9650387296964992,-0.40586063703715286,1.0863862643056754,-0.48967437183246,Biogas,8.19,3.77,13.89,-3.0,1.76,0.5,0.86,4
Fruits,-0.555266814655733,0.07580082764386671,0.6164006648810845,-0.6441748217916783,0.7758803472978445,Animal Feed,6.82,2.11,58.28,62.33,1.05,0.46,0.71,0
Grains,0.9426906405117782,-1.1481317829304203,-0.4180719495174046,1.0955730517567566,0.5653239579504199,Compost,14.93,2.06,13.47,-3.57,0.98,0.33,0.38,1
Vegetables,1.4405952903880423,0.8702450214006053,0.2633192868806556,1.1380619437180055,-0.5273528836104204,Biogas,16.76,7.5,32.62,19.12,1.72,0.51,0.97,4
Vegetables,-1.575829896717451,0.48122622620168826,0.6858306986973741,0.710876327242746,-0.3943699008646803,Biogas,1.12,0.43,48.46,41.1,1.42,0.5,1.17,4
Grains,-0.6931807446640734,-1.2210500200811076,-1.2222741000025708,1.5813244382326561,0.8423718386707145,Compost,6.07,0.77,-13.82,-39.69,0.99,0.36,0.42,1
Meat,0.9016700869708361,0.31971233091291607,-0.9480429111603406,0.6052282715553166,-1.7951239857864885,Biogas,13.09,5.1,2.55,-13.25,2.44,1.42,0.45,2
Fruits,-0.7667348406685215,-0.3365518034432703,0.67815501656693,-1.1666733580719013,0.4035279956097701,Animal Feed,5.55,1.42,64.59,73.54,1.71,0.31,0.77,0
Grains,1.2998523566872233,-1.524389886627967,-0.9476940165180477,1.383808508034418,0.3215218229165619,Compost,16.7,1.43,-4.21,-26.79,1.05,0.17,0.45,1
Grains,-0.5163680138841499,-1.0314626034893206,0.560926416756511,0.6419754213596399,0.35698395164875885,Compost,6.89,1.08,45.48,38.01,0.96,0.33,0.4,1
Vegetables,-0.7250070362044596,1.0321235078751312,0.023279772983131147,0.4949868221423463,1.0684429093384773,Biogas,5.96,2.61,31.35,22.08,1.18,0.38,1.37,4
Vegetables,0.16895813061883316,0.8596718770137559,0.10527001392196592,-1.1930853719937586,-0.15721691496810647,Animal Feed,10.35,4.53,48.4,54.3,1.8,0.63,1.19,4
Grains,-1.5942184207185632,-1.6483508897841355,1.0357720249171665,-0.13660481511946168,0.3946624634267193,Compost,1.06,0.07,65.87,67.9,1.04,0.35,0.5,1
Grains,-1.1592591029999517,-1.2163103346663129,0.7175801111460296,-1.2240907796411566,0.20848628758268056,Animal Feed,3.39,0.44,66.22,75.9,0.87,0.28,0.44,1
Grains,0.6746425406494143,-1.7559052895813991,-1.0084016842770147,-0.8244655255191398,0.5564584257673723,Animal Feed,13.47,0.7,13.27,9.57,1.11,0.31,0.37,1
Vegetables,-0.04250989539395514,0.46007993742798897,-1.6556012457303695,0.08502643213786364,0.9709220553249308,Biogas,9.73,3.5,-13.2,-28.52,1.64,0.52,1.24,4
Grains,0.31960257724332786,-1.0865158725380895,-0.2303666319638172,0.4938384737109614,0.5076979987606006,Compost,11.5,1.69,24.09,13.38,0.82,0.25,0.5,1
Mixed,1.2715623197624357,0.38533874434853455,0.013510722998929522,0.5007285642992719,-1.2787067361238595,Biogas,15.29,5.95,31.01,21.63,1.62,0.36,0.89,3
Vegetables,0.6916165628042871,1.0011332570860891,1.397226874332625,-1.3159586541519648,-0.5051890531527982,Donation,12.89,6.01,86.5,100.87,1.22,0.69,1.09,4
Vegetables,-1.1472358373069167,1.331452871378703,1.3773398797219292,-0.42139522610296787,0.7980441777554699,Biogas,3.55,1.72,78.13,84.6,1.3,0.53,1.53,4
Mixed,-1.234934951773759,-0.029201433853123154,1.418858342154786,0.011532132529217032,0.37249863296909697,Compost,3.01,0.9,75.56,78.5,1.01,0.51,0.91,3
Vegetables,0.68454405357309,0.9435278497370463,0.8463222341521147,0.2871357560616424,0.8091260929842811,Biogas,13.68,5.88,56.75,54.01,1.78,0.51,1.25,4
Grains,1.6513560654777109,-1.2874056158882332,0.5644153631794405,0.7740354909689269,1.1349344007113473,Compost,19.31,2.23,44.43,35.83,1.04,0.45,0.41,1
Grains,-0.4845417223437637,-1.5830890675342704,-0.25653373013578573,0.33766308704258674,0.6739267271927775,Compost,7.17,0.55,24.69,15.18,0.96,0.23,0.34,1
Vegetables,-1.0086146563754568,0.6365420713326525,1.297791901279145,0.947436104108078,0.1464275623013343,Biogas,4.19,1.67,63.94,58.03,1.55,0.43,1.04,4
Vegetables,-0.6097251357359494,0.9147251460625245,-0.5834480099642458,1.232226515091584,-0.7689386355985182,Biogas,6.05,2.78,7.54,-11.63,1.3,0.65,0.9,4
Meat,1.5233436483930467,0.33757729901483424,1.4132760278780994,-1.4985460547421967,-0.7312601238205577,Donation,17.01,6.32,88.54,104.59,2.67,1.17,0.38,2
Grains,-1.2016941583871332,-1.1667259334038456,-0.07301514828971296,0.9658096790102397,0.8844831165401988,Compost,3.26,0.44,24.49,10.56,0.92,0.28,0.39,1
Fruits,0.24534123031576022,-0.4050949463649162,0.4154373509203662,0.2710588780222508,-2.80357827160836,Compost,9.37,2.71,44.53,39.45,1.12,0.56,0.79,0
Vegetables,-0.29287672217832666,0.9314963406071829,0.2940220154024321,-0.5086697068882359,0.4212590599758686,Biogas,8.13,3.55,47.84,48.86,1.5,0.56,0.99,4
Vegetables,-0.29358397310144646,0.849098732626906,-0.4201653173711622,-1.0415033790509247,-0.1705152132426811,Animal Feed,7.9,3.45,32.02,33.58,1.72,0.57,0.92,4
Meat,0.788509939271685,0.5089351563189496,-1.084111821654577,0.43182765841616544,-0.7822369338730928,Biogas,13.21,5.26,0.16,-14.9,3.34,0.92,0.59,2
Fruits,0.15198410846396063,0.10861403436167597,0.14295063528960053,0.46053636920079305,0.8423718386707145,Biogas,10.75,3.36,35.08,26.79,0.81,0.42,0.93,0
Vegetables,-1.472571261941976,0.6806576048088181,-1.1064410787613235,-0.5247465849276272,-0.15943329801386996,Biogas,1.68,0.69,7.85,0.98,1.01,0.45,0.92,4
Grains,-0.5354637888083819,-1.337354608336454,-1.0485245681406998,1.5939562709778923,0.5475928935843214,Compost,6.85,0.76,-8.94,-33.93,1.01,0.31,0.39,1
Mixed,0.6951528174198853,0.15965680036715732,-1.1116744983957172,0.019570571548912598,0.05333947437931494,Biogas,13.26,4.4,2.96,-8.68,1.32,0.47,0.7,3
Grains,0.7863881865023258,-1.6107979976515314,0.5762777810173991,-0.4248402713971231,0.3060071415962238,Compost,13.91,1.02,55.21,57.11,0.95,0.29,0.5,1
Meat,0.6463525037246266,0.29346176553866865,-0.05103478582525956,-1.6260127306259435,-1.950270798989854,Biogas,11.75,4.56,47.69,56.46,2.83,1.2,0.54,2
Meat,-0.21154286601956196,0.3886200650203156,-0.4920376136835025,0.14588889900127436,-0.3367439416748579,Biogas,8.26,3.07,19.62,10.43,2.72,1.05,0.42,2
Vegetables,0.3188953263202083,1.1385841341151346,-0.3221259228868534,1.4148139156818158,1.2834320647774256,Biogas,11.91,5.33,13.44,-5.82,1.32,0.45,1.18,4
Vegetables,-0.06372742308754599,0.951913447009375,-0.7167257633201388,0.4524979301810973,-0.5051890531527982,Biogas,8.96,4.12,10.51,-2.63,1.5,0.56,1.15,4
Vegetables,0.6017956955680858,0.6843035166663528,0.7217668468535442,0.2549819999828593,-0.39215351781891683,Biogas,12.49,5.21,53.46,50.28,1.48,0.54,1.27,4
Fruits,-1.3360718337798752,-0.23154954194628044,1.5004996884513278,-0.6235045500267464,-2.5974546483524628,Animal Feed,2.12,0.67,83.43,92.36,1.11,0.52,1.05,0
Vegetables,1.2135677440666206,1.3216089093633598,0.9119144269031823,-0.23536278021858067,-0.8376465100171517,Biogas,15.34,8.02,63.19,65.37,1.24,0.57,1.38,4
Vegetables,0.30687206062717337,1.1491572785019846,-1.333920385536303,1.0117436162656437,1.1172033363452487,Biogas,11.76,5.32,-12.05,-33.6,1.65,0.34,1.14,4
Grains,0.6173552158767189,-1.6417882484405737,-0.0820864089893289,0.697096146066125,0.21070267062844406,Compost,12.94,0.9,26.56,14.92,0.9,0.19,0.41,1
Vegetables,-1.0418554497620824,0.800608104921699,-0.8381410988380729,0.4880967315540358,0.46558672089111636,Biogas,4.07,1.7,6.72,-7.43,1.7,0.47,1.0,4
Mixed,-1.144406833614438,-0.35332299798792816,-0.3988827441912945,-0.7670481039498845,-0.7246109746832704,Animal Feed,3.32,0.89,30.24,29.54,1.73,0.36,0.88,3
Meat,1.0388767660560565,0.000330452192905304,-0.7669665918103185,-1.1471514347383542,-0.631522886761251,Compost,14.6,4.66,23.0,23.49,2.11,1.1,0.44,2
Mixed,-0.25539242325298306,0.39190138569209615,-1.282632873119245,1.309165859994386,0.10874905052337386,Biogas,8.21,2.99,-13.16,-37.01,1.39,0.58,0.94,3
Meat,0.2609007506243934,-0.003315459664629115,0.8519045484288011,0.48694838312265054,-1.6887375995898974,Compost,10.03,3.37,55.17,50.71,2.89,1.29,0.47,2
Mixed,1.6513560654777109,-0.007690553893670262,0.8375998680947918,0.503025261162042,-2.351436130272841,Compost,16.25,5.64,54.62,49.94,1.56,0.39,0.4,3
Mixed,0.18381040000434679,0.9234753345206074,1.0765926980654374,1.4538577623489095,-1.9591363311729049,Biogas,9.52,4.66,53.19,41.6,1.05,0.36,0.98,3
Grains,0.8054839614265578,-1.0588069424208282,0.40880835271680066,0.8119309892046356,0.6207335340944788,Compost,14.22,2.14,39.63,29.81,1.1,0.3,0.44,1
Vegetables,-0.5425362980395786,1.132021492771573,0.17923567808806354,-1.0736571351297077,-0.008719250902028162,Animal Feed,6.64,3.15,49.48,54.76,1.57,0.55,1.17,4
Grains,0.07772276153639274,-1.0369314712756221,-0.505993399375219,-0.1354564666880766,0.9997350349198436,Compost,10.42,1.57,21.67,14.85,0.73,0.34,0.41,1
Vegetables,1.6089210100905298,1.0696764000077352,-0.08173751434703581,-0.12512133080561066,-0.035315847451177454,Biogas,18.06,8.42,33.75,29.28,1.63,0.45,1.11,4
Grains,1.2326635189908526,-1.0438587038049374,-1.1172568126724038,-0.7693448008126548,0.596353320591093,Animal Feed,16.54,2.53,9.68,4.88,1.1,0.26,0.33,1
Vegetables,1.5431466742403983,0.8221189848811519,0.17644452094972027,0.687909358615044,-0.7201782085917465,Biogas,17.12,7.61,34.06,23.98,1.45,0.45,1.01,4
Vegetables,1.5990194971668539,1.1229067131277373,-0.841630045261002,1.699604326665322,0.9265943944096863,Biogas,18.84,8.53,-3.93,-28.65,1.29,0.35,0.75,4
Fruits,-0.8947472577531861,0.8002435137359454,-0.4180719495174046,-1.2229424312097712,-0.7800205508273292,Animal Feed,4.59,2.03,33.66,36.81,1.74,0.39,0.53,0
Vegetables,-0.6648907077392856,0.8035248344077265,-0.2840964068769259,-0.21698920531641896,-0.5229201175188967,Biogas,5.84,2.55,28.73,23.9,1.4,0.51,1.37,4
Vegetables,0.37830440386226255,1.283326834859249,-1.423237413963289,1.5376871978400222,-0.2569541520274132,Biogas,11.4,5.73,-19.19,-45.83,1.45,0.64,0.85,4
Grains,-1.3205123134712415,-1.513452151055364,-0.6246175777548096,0.9439910588139225,0.6185171510487185,Compost,2.57,0.22,8.87,-8.02,1.13,0.25,0.33,1
Vegetables,-1.67060152041549,0.7630552127890949,-0.9299003897611091,1.645631950390222,-0.2879835146680863,Biogas,0.63,0.27,-5.99,-30.75,1.27,0.5,1.38,4
Vegetables,0.9250093674337858,1.021914954674035,-0.5122735029364914,-0.7854216788520463,0.11983096575218817,Animal Feed,14.53,6.62,27.15,25.96,1.7,0.47,0.74,4
Grains,-1.3035382913163691,-1.7103313913622196,-1.3757877426114529,-1.2424643545433183,0.8046933268927541,Animal Feed,2.69,0.16,6.38,4.22,0.95,0.24,0.39,1
Vegetables,-0.15496279216998643,0.6059164117293637,-1.1552863286823314,1.3459130097987093,0.7714475812063206,Biogas,9.02,3.46,-9.84,-33.27,1.45,0.48,1.2,4
Vegetables,1.4879811022370621,0.5381024511792245,1.1990547175102504,-0.39038981845556986,0.9620565231418832,Biogas,18.25,6.77,72.76,77.94,1.53,0.37,1.26,4
Meat,0.5105603264856453,0.3517963552592183,0.6774572272823444,-0.7808282851265057,-1.24989375652895,Biogas,11.51,4.41,61.2,66.78,3.05,1.14,0.57,2
Vegetables,0.24039047385392234,0.6091977324011447,-0.4386567334126867,-0.49374117728022937,-0.06412882704608709,Biogas,10.77,4.3,26.73,23.42,1.59,0.36,1.37,4
Grains,0.6173552158767189,-1.187143039806038,1.4488632813919764,-0.47766429924083786,0.9421090757300212,Compost,13.39,1.75,80.67,88.04,1.08,0.31,0.4,1
Vegetables,-1.4640842508645395,0.8418069089118372,0.8142239270611665,1.3505064035242498,0.6229499171402423,Biogas,1.79,0.75,46.56,34.37,1.61,0.5,1.29,4
Grains,-1.1415778299219592,-1.1393815944723378,1.1795166175418472,0.32503125429735064,0.8401554556249542,Compost,3.59,0.49,65.97,64.81,1.07,0.36,0.35,1
Vegetables,-0.37774683295269007,0.9369652083934842,-0.13930513032536676,1.3803634627402626,-0.3456094738579087,Biogas,7.39,3.35,18.98,1.06,1.3,0.49,1.11,4
Mixed,0.014777429378739963,0.10970780791893632,-1.0063083164232571,-1.309068563563654,-0.5650313953883809,Animal Feed,9.34,3.12,17.54,18.07,0.94,0.3,0.9,3
Grains,0.5395576143335525,-1.7143418944055075,1.6819249024436427,-1.700655378665975,1.0595773771554264,Donation,13.02,0.74,98.01,117.37,0.89,0.22,0.48,1
Grains,-1.1656243613080286,-1.5174626540986518,-0.6361311009504759,-0.4868510866919187,0.352551185557235,Compost,3.38,0.29,21.0,16.49,0.9,0.38,0.39,1
Fruits,-0.9859826268356267,0.8892037630597839,0.08642970323814861,1.699604326665322,-2.9476431695829146,Compost,3.67,1.88,22.67,3.26,1.27,0.39,0.99,0
Fruits,1.413719755309494,0.2967430862104492,0.4775405972485046,0.7659970519492311,0.6938741746046362,Biogas,17.61,6.01,42.0,32.97,1.48,0.46,0.98,0
Grains,0.73051536357587,-1.5557447286027626,0.6003515113356102,0.31928951214042506,0.9066469469978242,Compost,13.99,1.11,49.42,44.99,1.07,0.35,0.4,1
Vegetables,1.270855068839316,0.4790386790871676,-1.161217537601311,-0.6372847312033676,1.0906067397960995,Animal Feed,17.14,6.18,7.25,1.04,1.28,0.55,1.14,4
Mixed,0.8896468212778011,0.8403485441688238,-0.06324609830551159,0.7464751286156845,-1.9281069685322316,Biogas,12.94,6.16,26.68,14.72,1.4,0.41,0.64,3
Grains,-0.3452132904891841,-1.7544469248383858,1.4073448189591198,1.3436163129359393,0.722687154199549,Compost,7.95,0.41,63.63,54.9,0.98,0.29,0.48,1
Vegetables,1.730568168867117,0.572738613825801,0.358916418868914,1.2597868774448264,0.9576237570503594,Biogas,19.59,7.36,34.31,20.3,1.59,0.67,1.37,4
Grains,1.2213475042209374,-1.6450695691123547,0.5553441024798246,0.5753712123393036,1.163747380306257,Compost,16.92,1.11,45.9,38.98,0.96,0.32,0.5,1
Vegetables,1.6548923200933097,0.4356523279825087,-0.15291202137479043,-0.18713214610040624,0.47223587002840056,Biogas,18.75,6.84,32.25,27.91,1.54,0.56,1.53,4
Grains,0.7057615812666806,-1.2246959319386421,0.9953002464111886,0.025312313705838207,0.773663964252081,Compost,13.78,1.74,63.31,63.7,1.02,0.38,0.38,1
Vegetables,-0.34026253402734624,0.4994557854893601,-1.0209618913995595,-0.9576739435598121,0.8379390725791908,Animal Feed,8.03,2.95,14.07,11.46,1.62,0.45,1.12,4
Grains,0.49358630433077255,-1.6632991284000265,-0.4358655762743434,0.4410144458672465,1.006384184057131,Compost,12.74,0.81,18.66,7.22,0.94,0.2,0.42,1
Grains,-1.550368863485142,-1.2447484471550812,0.42974203125437554,-0.7877183757148164,0.8157752421215684,Animal Feed,1.33,0.16,54.18,58.41,0.93,0.23,0.38,1
Grains,-1.523493328406594,-1.1915181340350793,0.10003659428757201,1.4412259296036734,0.30379075855046345,Compost,1.44,0.19,25.31,8.24,0.98,0.25,0.4,1
Mixed,-0.8197786599024985,0.29127421842414797,1.4408387046192392,1.3505064035242498,-1.2676248208950485,Biogas,4.85,1.82,64.53,55.93,0.96,0.57,1.29,3
Vegetables,-0.523440523115347,1.1159794805984216,-0.8876841380436665,-0.4363237557109741,0.6118680019114312,Biogas,6.94,3.18,13.34,6.95,1.54,0.29,1.0,4
Grains,0.003461414608824854,-1.1000057464109667,0.8170150841995099,1.6077364521545137,0.3237382059623254,Compost,9.69,1.42,44.41,30.0,1.04,0.27,0.38,1
Fruits,0.7870954374254453,-0.6285893432317731,-1.4417288300048134,0.057466069784621085,-1.7352816435509058,Compost,12.57,2.99,-6.83,-20.7,1.31,0.49,0.77,0
Mixed,-1.5850241587180072,0.34341075798688914,1.3305879976546788,-1.3159586541519648,-2.1896401679321884,Animal Feed,0.98,0.39,84.59,98.58,0.76,0.26,0.94,3
Grains,-1.077217995918067,-1.174746939490421,-0.42679431557472747,0.4410144458672465,0.5941369375453327,Compost,3.9,0.52,18.92,7.53,1.06,0.26,0.39,1
Grains,0.5706766549508194,-1.5564739109742693,-0.7585931203952885,1.471082988819686,1.2479699360452254,Compost,13.31,1.04,0.44,-21.82,1.13,0.27,0.34,1
Fruits,1.0919205852900336,-0.6562982733490341,0.8672559126896893,0.19986127527637418,-0.38328798563586913,Compost,15.05,3.28,58.12,56.25,1.96,0.52,0.91,0
Grains,-0.08211594708865814,-1.2352690763254917,-0.7659199078834397,-1.120739420816497,1.2014258920842174,Animal Feed,9.61,1.18,22.8,23.08,0.79,0.25,0.48,1
Grains,-0.5149535120379105,-1.3873036007846746,-1.3778811104652104,1.6008463615662027,1.2657010004113272,Compost,7.2,0.73,-18.43,-45.36,1.07,0.33,0.38,1
Grains,-1.6529202473374975,-1.4110020278586484,-1.549886169115617,-0.6223562015953613,0.4966160835317863,Animal Feed,0.75,0.08,-4.01,-12.57,0.92,0.23,0.41,1
Vegetables,0.7651706588087351,0.8622240153140297,-0.7725489060870051,-0.7647514070871142,-0.25917053507317667,Animal Feed,13.43,5.92,19.51,16.64,1.35,0.51,1.02,4
Grains,1.5834599768582207,-1.521108565956186,-1.1134189716071818,-1.261986277876865,0.5165635309436483,Animal Feed,18.4,1.57,14.07,13.58,1.04,0.28,0.34,1
Fruits,-1.5369310959458677,0.5023725149753875,-1.1158612341032321,1.4768247309766116,-2.311541235449117,Compost,1.2,0.52,-9.84,-34.19,0.89,0.52,0.76,0
Grains,1.6209442757835641,-1.5014206419255005,-1.6050115225978971,0.6603489962618017,0.8202080082130923,Compost,18.86,1.64,-16.76,-36.8,0.93,0.33,0.37,1
Vegetables,0.284947282010463,0.9697784151112937,-0.01893647873431144,1.5434289399969474,0.6717103441470139,Biogas,11.4,4.98,21.01,2.37,1.53,0.36,0.87,4
Mixed,-0.7532970731292473,0.7867536398630686,1.2866272727257715,0.0379441464510743,0.37693139906062084,Biogas,5.62,2.34,71.54,73.49,1.03,0.46,0.51,3
Vegetables,0.5360213597179543,0.5869576700701851,0.9279635804486561,1.309165859994386,-0.5450839479765189,Biogas,12.05,4.89,50.19,39.02,1.37,0.59,1.77,4
Fruits,0.2637297543168721,-0.09300489135997458,-1.4166084157597238,-1.5617052184683775,-1.0193899197696634,Animal Feed,10.4,3.23,7.99,8.37,0.87,0.26,0.59,0
Grains,-1.4598407453258215,-1.5491820872592008,-1.3171734427062434,-0.3823513794358743,0.7293363033368363,Compost,1.82,0.15,0.57,-8.76,0.84,0.19,0.32,1
Grains,-0.45978794003457457,-1.199539140121655,-0.2788629872425322,-0.6326913374778272,1.1349344007113473,Animal Feed,7.47,0.95,32.52,31.33,1.1,0.29,0.39,1
Fruits,1.7348116744058353,-0.36681287186080547,0.1471373709971154,0.3778552821410656,-0.07742712532066173,Compost,18.69,4.8,35.92,28.38,1.69,0.52,0.71,0
Mixed,0.6208914704923177,0.06413390969975673,0.4077616687899219,-0.8187237833622142,0.8445882217164781,Animal Feed,13.35,4.09,53.81,58.18,1.12,0.29,0.72,3
Mixed,-0.23629664832875136,-0.4185848202377936,-0.9756055879014809,-1.2355742639550074,-2.555343370482978,Animal Feed,7.25,2.05,17.79,17.86,0.82,0.54,1.06,3
Grains,-1.7010133101096367,-1.095995243367679,-0.9871191110971469,1.1403586405807757,0.4057443786555305,Compost,0.48,0.07,-3.23,-23.91,0.84,0.23,0.39,1
Grains,-0.6401369254300963,-1.5747034702619411,0.7650297824978658,0.8038925501849398,0.43899012434196705,Compost,6.25,0.49,49.92,42.21,1.17,0.32,0.36,1
Vegetables,-0.3947208551075626,1.2228046980241787,1.6473843328566442,0.07354294782401262,0.7359854524741236,Biogas,7.69,3.62,81.57,85.27,1.26,0.46,0.98,4
Meat,-1.400431667783767,0.45935075505648226,-0.17140343741631464,-0.14004986041361692,-0.6714177815849749,Biogas,2.01,0.78,31.3,26.44,2.79,0.77,0.49,2
Vegetables,-0.44352116880282155,0.5468526396373068,-0.30572787469908647,0.08502643213786364,-0.49410713792398697,Biogas,7.0,2.79,25.49,17.9,1.84,0.6,1.19,4
Vegetables,-0.7313722945125368,0.8910267189885515,-1.6831639224715098,-1.327442138465816,-0.09515818968676021,Animal Feed,5.61,2.47,-1.69,-4.87,1.48,0.45,1.17,4
Grains,1.034633260517338,-1.7223629004920833,-0.8636104077254555,-0.4558456790445209,1.1881275938096427,Compost,15.89,0.88,14.21,8.13,1.01,0.32,0.52,1
Mixed,1.439888039464923,0.36236949964606824,-1.0045638432117927,0.9887766476379417,-0.8110499134680024,Biogas,16.52,6.22,-2.41,-21.87,1.01,0.54,0.69,3
Grains,0.20714968046729657,-1.3395421554509745,-0.8845440862630303,4.8648215365815194e-05,0.3436856533741842,Compost,10.8,1.21,9.64,-0.53,1.06,0.35,0.31,1
Grains,1.5480974307022362,-1.5783493821194756,1.6435464917914222,-1.1505964800325097,0.6916577915588759,Animal Feed,18.35,1.41,92.11,106.45,0.94,0.33,0.4,1
Grains,0.6902020609580475,-1.2334461203967244,-0.6169418956243655,0.5891513935159249,0.3148726737792746,Compost,13.4,1.71,12.18,-1.59,1.12,0.25,0.34,1
Vegetables,0.8104347178883956,0.9096208694619764,0.278670651141544,1.5790277413698859,-0.5207037344731331,Biogas,13.49,6.12,29.23,11.97,1.45,0.48,1.66,4
Vegetables,0.9214731128181876,1.0889997328526673,1.1111332676524357,-0.03095675943203198,-0.7689386355985182,Biogas,13.9,6.75,67.11,68.65,1.3,0.36,0.84,4
Meat,-1.5942184207185632,-0.07112942021476833,-0.47110393514592763,-1.5169196296443583,-1.8106386671068266,Compost,0.95,0.31,34.7,40.12,3.58,0.97,0.58,2
Meat,0.2587789978550342,0.5490401867518274,-1.2557679856626907,-0.8669544174803886,-1.0548520485018635,Biogas,10.35,4.25,6.54,1.8,4.33,1.07,0.49,2
Grains,0.09469678369126527,-1.3577717147386466,1.3232612101665278,-0.42598861982850816,0.43899012434196705,Compost,10.24,1.12,76.63,82.82,1.02,0.32,0.36,1
Grains,-1.3021237894701294,-1.5743388790761879,1.5688830383407386,-0.9771958668933587,0.6650611950097266,Animal Feed,2.68,0.21,88.47,100.88,0.9,0.24,0.45,1
Meat,-0.45554443449585624,0.46044452861374263,1.155093992581343,-0.3949832121811104,0.03339202696745612,Biogas,7.11,2.67,71.54,76.5,2.98,0.73,0.55,2
Vegetables,-1.012858161914175,0.7090957172975862,1.4171138689433214,-0.6154661110070506,-0.18602989456301924,Animal Feed,4.1,1.71,80.96,89.35,1.34,0.45,1.03,4
Vegetables,-0.3862338440301262,1.3052023060044555,1.6477332274989374,-1.4434253300357116,0.7913950286181826,Donation,7.75,3.73,94.78,111.69,1.63,0.42,1.57,4
Vegetables,-0.013512607546047684,0.8064415638937539,1.053914546316398,0.8015958533221696,0.10653266747761352,Biogas,9.5,4.04,58.22,52.19,1.42,0.53,1.18,4
Grains,1.3352149028432079,-1.689549693774274,-0.3284060264481258,0.2595753937083996,0.36363310078604616,Compost,16.92,1.05,23.32,14.08,1.01,0.33,0.36,1
Mixed,1.594068740705016,0.8472757766981389,-0.5855413778180033,-0.979492563756129,-2.7636833767846394,Animal Feed,15.62,7.79,26.74,26.82,0.92,0.45,0.87,3
Meat,-1.4046751733224854,0.5581549663956634,0.8145728217034591,0.30895437625795913,-1.6665737691322722,Biogas,1.89,0.8,55.65,52.53,3.18,0.99,0.52,2
Grains,1.3330931500738488,-1.2195916553380939,-0.598799374225134,0.0322024042941489,1.1570982311689697,Compost,17.54,2.19,17.55,8.74,1.07,0.31,0.36,1
Grains,1.2114459912972615,-1.7343944096219466,0.6648970201597995,0.11603183978526144,0.3857969312436685,Compost,16.27,0.9,53.03,50.73,0.98,0.28,0.43,1
Vegetables,0.894597577739639,1.1436884107156828,1.6320329685957562,-0.6464715186544484,0.9886531196910325,Animal Feed,14.96,6.8,87.4,97.28,1.87,0.42,1.12,4
Vegetables,1.571436711165186,0.9847266537271845,-1.1305148090795345,0.8567165780286543,-0.824348211742577,Biogas,17.18,8.1,-4.87,-23.9,1.44,0.53,1.29,4
Grains,0.49217180248453346,-1.12370417348494,-0.752661911476309,-0.30311533767030185,0.4921833174402625,Compost,12.43,1.77,16.06,9.29,1.13,0.44,0.42,1
Grains,-0.8240221654412168,-1.5841828410915306,0.8539979162825587,-0.49718622257438483,0.8689684352198638,Compost,5.36,0.4,63.8,67.92,1.02,0.23,0.35,1
Mixed,1.6732808440944216,0.6463860333479952,-1.7274735420427099,-1.5858205355274646,-1.7530127079170041,Animal Feed,16.88,7.44,-0.71,-1.89,1.39,0.63,0.65,3
Grains,0.3924494223246564,-1.5298587544142686,0.15934868347736744,-1.1218877692478821,0.3148726737792746,Animal Feed,11.79,1.0,49.33,54.91,0.96,0.37,0.47,1
Grains,-0.6033598774278722,-1.1605278832460373,0.8334131323872767,0.7464751286156845,0.4190426769301051,Compost,6.44,0.89,52.38,45.56,1.13,0.27,0.31,1
Vegetables,0.05084722645784445,0.6434693038619677,-0.29526103543029913,-1.4296451488590902,0.8024769438469938,Animal Feed,10.17,3.95,38.99,44.65,1.6,0.45,1.12,4
Vegetables,-1.5468326088695437,1.014258539773213,0.49254306686710014,-0.3524943202198614,0.27719416200131414,Biogas,1.31,0.59,52.18,52.98,1.6,0.49,1.37,4
Fruits,1.4908101059295407,0.04444598566907118,0.8676048073319824,0.6557556025362609,-2.7902799733337886,Compost,15.12,5.51,54.15,48.31,1.35,0.32,1.02,0
Fruits,0.9023773378939556,0.3740364175901779,1.6030747132854444,0.5041736095934274,-3.1027899827862804,Compost,12.19,5.21,76.55,76.25,1.0,0.65,0.88,0
Grains,0.1562276140026787,-1.682257870059205,-0.720214709743068,-1.577782096507769,0.6783594932843012,Animal Feed,10.69,0.66,28.09,32.6,1.12,0.23,0.41,1
Grains,-0.6288209106601811,-1.486836994495363,0.20051825126793124,-0.2514396582579722,0.824640774304616,Compost,6.42,0.57,42.93,41.18,1.03,0.3,0.38,1
Grains,-1.0743889922255883,-1.645434160298108,0.7339781593337965,-0.7486745290477228,0.5453765105385611,Animal Feed,3.91,0.26,62.55,68.18,0.98,0.28,0.39,1
Vegetables,0.2113931860060149,1.0605616203638992,-1.395325842579856,0.4823549893971102,-0.037532230496940946,Biogas,10.63,4.94,-9.19,-26.49,1.34,0.49,0.82,4
Meat,0.7227356034215534,0.000330452192905304,0.722813530780423,0.021867268411682964,-0.14391861669353181,Compost,13.28,4.14,55.52,54.37,2.94,1.05,0.59,2
Mixed,-1.2123029222339288,0.11918717874852561,-1.7361959081000327,0.44331114273001665,-2.980888915269351,Compost,2.63,1.0,-18.63,-37.53,0.89,0.66,0.75,3
Grains,-0.9435475714484449,-1.7467905099375634,1.4307207599927452,-0.3203405641410785,0.37693139906062084,Compost,4.58,0.25,78.79,84.69,1.17,0.35,0.35,1
Meat,-1.1422850808450788,0.12939573194962187,-0.35527091390468024,-0.7624547102243441,-0.8553775743832501,Biogas,3.3,1.13,31.45,30.97,3.21,1.12,0.63,2
Mixed,-0.7334940472818959,-0.4513980269556028,-0.6438067830809199,1.6846757970573154,-1.9214578193949443,Compost,5.1,1.37,1.87,-21.59,0.96,0.36,0.97,3
Grains,0.7177848469597156,-1.351573664580838,-0.7530108061186018,1.4366325358781327,0.8157752421215684,Compost,13.86,1.5,0.9,-21.02,1.15,0.31,0.47,1
Vegetables,-0.7695638443610003,1.2377529366400695,1.7356546773567516,-0.9186300968927184,0.16194224362167245,Animal Feed,5.47,2.66,92.74,105.59,1.79,0.56,1.12,4
Grains,-0.6839864826635174,-1.1368294561720638,1.0832216962690029,1.099018097050912,1.270133766502851,Compost,6.24,0.85,56.47,48.01,0.95,0.31,0.35,1
Grains,-0.9385968149866072,-1.4755346677370065,0.7517717860907348,0.5386240625349802,1.037413546697804,Compost,4.76,0.43,51.85,46.38,1.0,0.31,0.4,1
Fruits,-0.7971466303626684,0.06085258902797593,-1.0698071413205674,-0.9186300968927184,0.5254290631266991,Animal Feed,5.42,1.68,12.33,9.11,1.41,0.33,0.83,0
Mixed,-0.9428403205253252,0.7630552127890949,-1.564539744091919,1.5204619713692453,-2.8080110376998872,Compost,3.9,1.9,-23.09,-50.4,1.27,0.38,0.84,3
Vegetables,-0.023414120469723434,0.5257063508636075,0.45067570979195043,1.0002601319517925,-0.8309973608798644,Biogas,9.02,3.63,39.2,27.97,1.19,0.4,1.18,4
Vegetables,0.40235093524833215,1.1732202967617114,1.4963129527438128,1.494049957447388,0.06885415569965307,Biogas,11.7,5.6,64.86,55.33,1.28,0.43,1.41,4
Grains,0.5791636660282555,-1.5032435978542678,-0.6766028794564538,1.2930889819549944,0.8778339674029146,Compost,13.14,1.14,4.34,-15.9,0.97,0.35,0.36,1
Vegetables,0.26231525247063275,0.9045165928614283,-0.7059100294090586,1.4090721735248903,-0.3190128773087594,Biogas,10.75,4.82,2.49,-18.92,1.44,0.41,0.86,4
Mixed,-1.6536274982606174,0.40247453007894607,0.51766348111219,-0.12052793708007013,-2.823525719020222,Compost,0.63,0.27,50.89,49.81,0.4,0.5,0.85,3
Mixed,0.8677220426610904,-0.2548833778345004,1.2077770835675732,1.548022333722488,-1.5779184473017798,Compost,13.07,3.85,56.13,44.48,1.23,0.37,0.99,3
Vegetables,-0.2539779214067437,0.9530072205666353,-1.044337832433185,-0.02866006256926182,1.1260688685282965,Biogas,8.61,3.66,5.31,-5.52,1.39,0.47,1.17,4
Grains,0.6739352897262948,-1.7034041588329043,-0.8339543631305578,1.5020883964670837,1.0484954619266154,Compost,13.77,0.8,-1.99,-24.95,0.9,0.39,0.47,1
Vegetables,1.407354497001417,1.1050417450258185,1.3386125744274158,-0.8945147798336311,0.5608911918588961,Animal Feed,17.47,8.0,81.15,91.52,1.58,0.6,1.03,4
Mixed,0.4016436843252123,0.41742276869483685,-1.5338370155701428,-1.1149976786595714,0.5276454461724595,Animal Feed,11.96,4.32,0.73,-3.45,0.42,0.52,0.97,3
Vegetables,-1.3445588448573111,1.0951977830104758,1.52352673484266,-0.609724368850125,-0.8930560861612106,Animal Feed,2.27,1.11,83.97,92.92,1.91,0.45,0.83,4
Meat,-0.3027782351020024,-0.20967407080107417,0.7025776415274341,-1.0966241037574098,-1.792907602740728,Compost,7.23,2.21,64.68,73.17,2.67,0.98,0.48,2
Grains,-1.1147022948434109,-1.2312585732822037,-0.04510357690627997,-1.0736571351297077,0.5453765105385611,Animal Feed,3.69,0.47,43.05,47.05,1.28,0.35,0.41,1
Fruits,-0.4767619621894471,0.5340919481359366,-0.6828829830177262,0.9681063758730099,-1.84388441279326,Biogas,6.37,2.71,6.99,-10.45,1.49,0.26,0.76,0
Fruits,0.24887748493135847,-0.1816005494980597,-0.4037672691833953,0.12292193037357232,-1.0149571536781397,Compost,10.32,3.07,22.35,13.87,1.18,0.35,0.98,0
Fruits,0.29838504954973727,-0.32342652075614636,-1.3042643409414056,0.40311894763153777,-2.7658997598304027,Compost,9.64,2.91,-5.89,-21.97,1.36,0.47,1.21,0
Fruits,-1.5043975534823621,-0.17795463764052527,-0.5900770081678111,0.6396787244968698,-2.6794608210456707,Compost,1.33,0.43,12.51,-1.54,1.19,0.48,0.65,0
Meat,1.1110163602142655,0.49653905600333265,1.42897628678128,-0.21239581159087864,-0.68693246290531,Biogas,14.93,5.89,77.8,82.74,2.63,0.91,0.4,2
Fruits,0.7382951237301867,0.7422735152011488,-0.2945632461457132,0.37326188841552527,0.4057443786555305,Biogas,13.72,5.62,23.3,13.26,1.2,0.38,0.88,0
Mixed,1.494346360545139,0.26064855882085913,0.09305870144171388,0.927914180774531,-1.8571827110678347,Biogas,15.92,6.07,29.58,16.93,0.95,0.26,0.91,3
Vegetables,-0.3331900247961492,0.6485735804625158,-0.6469468348615561,0.7682937488120013,0.28162692809283796,Biogas,7.86,3.13,9.76,-5.73,1.3,0.25,0.89,4
Grains,-1.0185161692991325,-1.3585008971101535,-0.8318609952768004,1.309165859994386,0.86453566912834,Compost,4.28,0.46,-0.25,-21.52,0.92,0.26,0.36,1
Vegetables,-0.5071737518835939,0.6722720075364894,0.8177128734840955,-0.586757400222423,1.2413207869079412,Biogas,7.23,2.78,63.54,68.24,1.32,0.73,1.35,4
Mixed,-1.1917926454634573,0.08710315440222334,-0.16896117492026425,-0.7704931492440398,-2.5398286891626403,Animal Feed,2.8,1.03,36.86,37.5,1.13,0.42,0.61,3
Mixed,-1.5355165940996285,0.40247453007894607,0.1272503763864193,-0.47192255708391245,-0.347825856903669,Biogas,1.33,0.5,42.74,42.48,1.24,0.33,0.49,3
Meat,-1.689697295339722,-0.28332149032326853,-1.0471289895715281,0.15392733802097014,-0.4253992635053534,Compost,0.52,0.14,3.64,-8.8,3.14,1.08,0.67,2
Vegetables,1.658428574708908,0.8618594241282761,0.14574179242794377,0.1252186272363425,0.7714475812063206,Biogas,19.03,7.98,38.09,32.74,1.53,0.42,1.24,4
Meat,-0.604067128350992,0.485236729244976,-1.1504018036902306,0.33536639017981656,-0.631522886761251,Biogas,6.12,2.4,-0.9,-15.51,3.14,1.12,0.63,2
Grains,-1.6288737159514282,-1.522931521884953,1.1620718854272014,0.6672390868501121,0.4168262938843416,Compost,0.88,0.08,62.49,58.25,0.83,0.23,0.37,1
Meat,-0.4689822020351305,-0.2960821818246386,-1.484293976364549,0.9681063758730099,-1.5269416372492446,Compost,6.52,1.87,-15.97,-38.0,3.29,1.29,0.32,2
Vegetables,-1.5142990664060378,0.6985225729107368,1.123344580132688,0.6396787244968698,0.36584948383180965,Biogas,1.49,0.6,61.62,57.4,1.56,0.74,1.07,4
Fruits,0.09116052907566702,0.048091897526605594,0.33135374212777385,0.4260859162592398,-0.651470334173113,Compost,9.7,3.17,40.78,33.87,1.23,0.49,0.47,0
Meat,0.2637297543168721,-0.11925545673422198,1.1313691569054252,-1.5088811906246626,-0.72239459163751,Donation,10.55,3.19,80.56,95.09,3.53,0.9,0.47,2
Grains,1.7065216374810472,-1.693924788003315,-1.4870851335028923,-1.2711730653279458,0.44785565652501474,Animal Feed,19.0,1.16,3.43,0.88,0.97,0.31,0.48,1
Vegetables,0.14349709738652425,1.2213463332811647,1.3134921601823262,0.9393976650883822,0.29935799245893957,Biogas,10.43,5.01,64.45,58.7,1.54,0.62,1.43,4
Mixed,-1.650091243645019,-0.323061929570393,0.5863957256438939,1.6065881037231282,0.5919205544995692,Compost,0.77,0.2,37.82,22.1,1.0,0.48,0.67,3
Grains,1.1004075963674695,-1.6851745995452325,0.1589997888350746,1.4733796856824561,1.0108169501486548,Compost,16.13,0.98,26.73,9.71,1.07,0.38,0.42,1
Grains,-1.3120253023938053,-1.0763073193369932,-1.3928835800838058,-0.03440180472618722,0.37249863296909697,Compost,2.59,0.39,-4.63,-17.41,0.94,0.32,0.24,1
Vegetables,1.0600942937496471,1.303379350075688,0.622331873800064,1.0875346127370606,0.8866994995859623,Biogas,15.81,7.57,43.36,32.37,1.42,0.5,1.09,4
Grains,1.6711590913250625,-1.3975121539857709,-0.4588926226656756,-1.350409107093518,0.8689684352198638,Animal Feed,19.18,1.95,33.61,37.64,0.93,0.24,0.45,1
Vegetables,-1.566635634716895,0.9592052707244437,0.2797173350684228,0.2905808013557974,-0.18824627760877957,Biogas,1.18,0.53,40.48,34.45,1.83,0.62,0.82,4
Grains,-0.027657626008441506,-1.1590695185030233,-0.09743777325021702,1.1254301109727693,0.722687154199549,Compost,9.7,1.32,22.4,6.95,1.03,0.3,0.43,1
Grains,-0.6691342132780038,-1.6060583122367367,0.7409560521796544,-1.6156775947434774,1.1703965294435443,Animal Feed,6.3,0.45,70.3,83.52,0.92,0.28,0.41,1
Vegetables,0.3351620975519613,0.852380053298687,1.1620718854272014,1.2609352258762119,0.9576237570503594,Biogas,11.83,4.9,57.32,47.9,1.58,0.51,1.12,4
Mixed,-1.6755522768773279,0.7710762188756706,1.4610745938722283,-0.34101083590601033,-2.8412567833863207,Compost,0.53,0.26,79.83,86.08,1.47,0.15,0.96,3
Grains,0.6781787952650126,-1.7438737804515358,-0.5045978208060473,-0.24110452237550628,0.8578865199910527,Compost,13.68,0.72,22.63,16.73,1.25,0.32,0.41,1
Vegetables,0.755976396808179,0.6664385485644341,1.4439787563998756,-1.5617052184683775,-0.75342395427818,Donation,13.06,5.51,89.97,106.75,1.46,0.64,1.05,4
Fruits,-1.4902525350199682,-0.12144300384874243,0.48382070080977707,-1.4273484519963202,-3.0318657253218833,Animal Feed,1.36,0.47,61.29,71.4,1.28,0.45,0.52,0
Vegetables,1.2163967477590993,0.6143020090016929,1.3916445600559386,1.3700283268577966,0.7071724728792109,Biogas,16.54,6.38,62.95,53.9,1.2,0.48,1.18,4
Grains,-0.11818574416776238,-1.3544903940668658,1.0472855481128327,-1.1999754625820693,0.656195662826679,Donation,9.18,1.0,75.46,86.82,1.08,0.34,0.4,1
Vegetables,0.5261198467942785,0.5260709420493611,-1.5952424726136956,1.319500995876852,0.3170890568250381,Biogas,12.51,4.76,-22.23,-47.96,1.77,0.43,1.52,4
Vegetables,1.4158415080788531,0.4779449055299072,1.1760276711189177,0.9612162852846989,0.7249035372453093,Biogas,17.65,6.47,60.33,53.6,2.08,0.55,1.37,4
Grains,0.423568462941923,-1.0850575077950757,1.2192906067632394,1.19088597156172,0.4168262938843416,Compost,12.01,1.78,59.57,51.09,1.03,0.26,0.54,1
Vegetables,-1.1175312985358896,1.1546261462882859,1.6906472685009655,0.05287267605908076,0.8379390725791908,Biogas,3.72,1.71,82.99,87.13,1.61,0.45,0.66,4
Vegetables,-0.7483463166674095,0.7338879179288201,0.8669070180473962,-0.7923117694403568,1.219156956450316,Animal Feed,5.87,2.31,66.74,73.51,1.14,0.45,0.88,4
Meat,-1.0001276452980203,-0.0784212439298369,-0.5021555583099969,0.9267658323431461,0.1730241588504836,Compost,4.24,1.25,12.52,-3.52,3.69,0.84,0.46,2
Grains,-0.465445947419532,-1.2112060580657649,1.4450254403267544,1.2368199088171246,1.1615309972604935,Compost,7.44,0.94,65.63,58.05,1.1,0.35,0.34,1
Vegetables,1.3338004009969688,1.1688452025326699,-1.3234535462675159,0.7510685223412249,0.722687154199549,Biogas,17.2,7.97,-9.48,-28.71,1.7,0.56,1.25,4
Fruits,-1.0758034940718277,-0.3132179675550503,-0.43237662985141423,-1.0036078808152162,0.015660962601357638,Animal Feed,3.8,1.0,31.33,32.49,1.29,0.29,0.46,0
Mixed,1.0735320612889216,-0.2530604219057331,1.0629858070160139,0.7889640205769332,-2.6971918854117694,Compost,13.27,4.15,58.59,52.71,0.84,0.22,0.83,3
Grains,1.6082137591674097,-1.2389149881830261,1.6257528650344835,-1.6707983194499625,0.9022141809063005,Donation,18.87,2.33,96.14,114.91,1.01,0.27,0.44,1
Grains,-1.4520609851715047,-1.13537109142905,-0.7833646399980854,-0.6958505012040079,1.2767829156401382,Animal Feed,1.91,0.26,18.61,15.09,1.11,0.29,0.35,1
Grains,1.039584016979176,-1.6082458593512574,-0.7722000114447121,-0.9783442153247439,0.30157437550469995,Animal Feed,15.27,1.13,21.38,20.38,0.95,0.26,0.35,1
Grains,1.2468085374532463,-1.6844454171737258,1.580745456178698,-1.448018723761252,1.159314614214733,Donation,17.06,1.03,92.91,109.48,1.21,0.3,0.37,1
Grains,-0.8360454311342514,-1.460221837935362,0.6865284879819603,1.5422805915655626,0.7005233237419236,Compost,5.25,0.49,41.24,26.65,1.09,0.29,0.44,1
Grains,-0.3041927369482417,-1.0482337980339786,1.272322592391762,1.4779730794079964,1.1216361024367727,Compost,8.33,1.24,58.59,47.91,0.99,0.33,0.35,1
Vegetables,-1.3558748596272263,0.6128436442586789,-0.5265781832705008,1.4228523547015117,0.4988324665775498,Biogas,2.37,0.92,7.51,-12.99,1.67,0.58,0.93,4
Grains,0.004875916455064211,-1.5039727802257745,1.1222978962058092,-0.5580486894377954,0.28605969418436494,Compost,9.68,0.86,72.02,78.22,1.15,0.3,0.37,1
Vegetables,0.4016436843252123,1.2446801691693847,-1.5397682244891224,1.3309844801907031,-0.5007562870612743,Biogas,11.38,5.72,-20.73,-46.25,1.67,0.59,1.32,4
Grains,1.3910877257696637,-1.7103313913622196,0.3372849510467535,0.7659970519492311,1.183694827718119,Compost,17.89,1.02,37.99,28.16,1.06,0.4,0.41,1
Meat,-0.18183832724853496,-0.11269281539066013,1.2562734388462882,-1.3974913927803072,0.024526494784405304,Donation,8.57,2.51,83.18,97.45,2.8,0.76,0.55,2
Mixed,0.39740017878649425,-0.6264017961172523,1.441885388546118,0.4513495817497124,0.3968788464724828,Compost,11.86,2.54,72.39,71.63,1.54,0.51,0.62,3
Vegetables,-0.5849713534267603,0.9752472828975949,-0.44458794233166626,-1.5295514623895945,-0.5761133106171921,Animal Feed,6.24,2.9,35.57,41.24,1.25,0.35,1.41,4
Meat,0.9377398840499402,0.4567986167562079,-1.5620974815958688,-0.7314493025769462,-0.5672477784341444,Biogas,14.12,5.46,-3.42,-11.1,3.2,1.29,0.33,2
Grains,1.49222460777578,-1.571057558404407,-1.742824906303598,-1.3136619572891948,0.9465418418215451,Animal Feed,18.26,1.4,-3.52,-7.16,0.99,0.41,0.38,1
Vegetables,1.3769427073072702,0.4666425787715511,0.4293931366120827,-0.08148409041297656,0.35920033469452234,Biogas,17.14,6.36,48.01,46.08,1.54,0.56,0.72,4
Meat,0.42144671017256385,0.217991390087707,0.13108821745164134,0.7579586129295354,0.10874905052337386,Biogas,11.83,4.01,32.15,21.2,2.84,1.07,0.61,2
Fruits,-0.6960097483565522,0.4301834601962074,-1.2386721481903378,-0.38005468257310393,-2.5819399670321244,Compost,5.1,2.17,2.8,-6.09,1.4,0.39,0.62,0
Vegetables,-0.2398329029443496,1.0849892298093795,-1.3873012658071189,-0.4294336651226634,1.0640101432469502,Biogas,8.67,3.86,-1.03,-10.35,1.41,0.53,1.12,4
Mixed,-1.4810582730194122,-0.6264017961172523,0.21203177446359733,0.697096146066125,-1.7884748366492011,Compost,1.5,0.36,35.0,25.04,1.35,0.26,0.82,3
Vegetables,0.012655676609380802,0.9774348300121156,1.7084408952579042,0.31814116370904016,-0.41210096523077877,Biogas,9.4,4.33,81.19,83.12,1.37,0.68,1.28,4
Fruits,1.1697181868331998,0.8786306186729345,-0.8716349844981925,0.5259922297897441,-0.23479032156979085,Biogas,15.57,6.89,5.43,-9.24,0.99,0.3,0.82,0
Mixed,-0.4795909658819258,0.3142434631266143,-0.7449862293458648,1.5101268354867794,-0.7999679982391913,Biogas,6.7,2.48,0.5,-22.02,1.65,0.38,0.96,3
Fruits,1.1216251240610606,-0.11560954487668756,0.9269168965217778,-0.9094433094416375,-0.5716805445256682,Animal Feed,15.07,4.53,69.48,77.62,1.34,0.55,1.09,0
Vegetables,0.9879546995914386,0.6682615044932017,-1.3974192104336134,0.17919100351144232,1.1260688685282965,Biogas,15.58,6.01,-6.62,-21.28,1.61,0.44,1.14,4
Vegetables,-0.8063408923632244,0.6325315682893647,-1.6189673082896137,-1.2103105984645353,0.3414692703284239,Animal Feed,5.32,2.1,-0.87,-4.71,1.06,0.64,1.0,4
Vegetables,0.46388176555974553,1.3146816768340446,-0.0349856322797855,1.35280310038702,-0.30128181294266093,Biogas,11.82,6.01,22.21,5.13,1.46,0.36,1.07,4
Vegetables,-0.033315633393399186,1.1203545748274628,-0.5056445047329261,0.045982585470770075,0.4279082091131559,Biogas,9.54,4.42,20.1,11.7,2.1,0.49,1.51,4
Vegetables,1.6909621171724138,0.6004475439430624,0.5504595774877237,-0.1653135259040893,-0.5694641614799048,Biogas,18.01,7.35,52.21,51.71,1.7,0.54,1.16,4
Mixed,1.40028198777022,-0.005138415593396195,0.6889707504780104,-1.5685953090566882,-0.8708922557035852,Animal Feed,16.26,5.24,68.4,80.92,1.12,0.46,1.07,3
Vegetables,1.2135677440666206,0.4567986167562079,0.22145192980550613,-0.37086789512202306,1.1349344007113473,Biogas,16.85,6.01,44.57,43.97,1.42,0.57,0.89,4
Vegetables,-1.0524642136088778,0.9901955215134862,-1.4773160835186907,-1.5065844937618924,0.08436883701998805,Animal Feed,3.94,1.78,5.77,5.32,1.33,0.48,1.27,4
Grains,0.22553820446840872,-1.5699637848471466,-0.6138018438437292,-0.510966403751006,0.5653239579504199,Compost,11.02,0.86,21.85,17.68,0.79,0.32,0.41,1
Fruits,1.6555995710164293,-0.1378496072076472,-0.8126717899506901,-1.3664859851329094,0.026742877830168793,Animal Feed,18.36,5.3,23.6,25.75,0.68,0.39,0.72,0
Fruits,1.3253133899195322,-0.5410874586509483,1.4181605528702002,-0.8393940551271462,-0.47415969051212503,Animal Feed,16.2,3.82,82.96,93.3,1.79,0.44,0.6,0
Vegetables,1.0360477623635778,1.0999374684252703,-0.9808390075358745,-1.394046347486152,0.002362664326782993,Animal Feed,15.04,7.06,19.02,20.44,1.39,0.49,1.54,4
Vegetables,-1.6790885314929265,1.082072500323352,1.7129765256077119,0.09536156802032957,-0.580546076708719,Biogas,0.57,0.28,83.25,87.14,1.51,0.41,1.36,4
Vegetables,0.9582501608204114,0.8035248344077265,0.7444449986025838,-1.394046347486152,0.44120650738772743,Animal Feed,14.93,6.24,68.47,79.78,1.5,0.56,1.08,4
Fruits,-1.027003180376569,-0.16847526681093572,0.2758794940032007,1.642186905096067,0.702739706787687,Compost,4.2,1.16,28.6,10.78,1.49,0.35,0.67,0
Grains,-1.3233413171637207,-1.2122998316230251,-1.4752227156649333,-1.2861015949359522,0.6761431102385378,Animal Feed,2.56,0.33,3.91,1.56,1.25,0.37,0.47,1
Vegetables,-0.0630201721644262,0.7134708115266276,-0.6329910491698396,-0.23536278021858067,-0.4298320295968773,Biogas,9.0,3.8,18.9,12.23,1.66,0.62,1.25,4
Vegetables,-1.587145911487366,0.49617446481757904,1.3497772029807888,-1.2550961872885544,-0.8575939574290137,Donation,1.03,0.41,84.61,98.18,1.96,0.55,1.38,4
Vegetables,-0.6125541394284284,1.0795203620230778,-0.522042552920693,1.5675442570560347,0.21956820281149173,Biogas,6.33,2.92,6.38,-15.36,1.39,0.38,1.19,4
Vegetables,0.3302113410901234,0.48304918213045533,0.8194573466955599,-1.253947838857169,-0.7622894864612308,Animal Feed,10.87,4.28,69.39,79.91,1.88,0.36,0.97,4
Grains,1.5961904934743754,-1.4146479397161824,1.4725881170678943,0.7464751286156845,0.4256918260673924,Compost,18.39,1.86,70.7,67.55,0.96,0.3,0.46,1
Grains,0.4200322083263245,-1.6337672423539982,-1.3796255836766749,-1.4824691767028053,0.6340318323690535,Animal Feed,12.12,0.84,8.36,8.26,1.16,0.38,0.48,1
Vegetables,1.0268535003630215,0.48888264110251073,-0.34724633713194336,-1.0506901665020054,-0.40545181609349146,Animal Feed,14.7,5.7,34.19,36.26,1.61,0.58,0.94,4
Grains,0.6562540166483024,-1.184590901505764,0.9188923197490406,-1.4893592672911158,0.3414692703284239,Animal Feed,13.23,1.78,74.3,87.44,1.09,0.36,0.34,1
Fruits,0.96107916451289,0.5515923250521018,0.7615408360749364,0.8107826407732502,-0.11067287100709834,Biogas,14.56,5.71,49.76,41.97,1.17,0.4,1.03,0
Fruits,-0.8346309292880122,-0.05362904329860322,-0.3004944550646928,0.8957604246957483,0.06885415569965307,Compost,5.1,1.53,18.58,3.96,1.24,0.56,0.88,0
Grains,-0.645794932815054,-1.2903223453742607,-1.3726476908308165,1.0002601319517925,1.0994722719791503,Compost,6.41,0.74,-13.06,-34.73,0.99,0.3,0.45,1
Vegetables,1.289243592840428,0.5738323873830614,-0.3824846960035276,-1.523809720232669,0.6717103441470139,Animal Feed,16.91,6.44,37.3,43.28,1.29,0.41,1.19,4
Vegetables,-0.030486629700920472,1.1666576554181491,1.5828388240324556,1.5813244382326561,1.1548818481232093,Biogas,9.88,4.49,66.59,56.8,1.37,0.25,1.28,4
Vegetables,0.12227956969293337,1.1779599821765059,-0.9609520129251784,-0.2606264457090531,0.9177288622266354,Biogas,10.62,4.9,9.72,1.38,1.44,0.7,1.45,4
Grains,1.1633529285251223,-1.485014038566596,0.9921601946305524,1.088682961168446,0.8113424760300414,Compost,16.33,1.46,53.95,45.06,0.96,0.34,0.37,1
Vegetables,-0.03190113154715983,0.5537798721666225,-1.3168245480639504,0.1860810940997528,0.5897041714538057,Biogas,9.62,3.65,-4.37,-18.63,1.71,0.43,1.2,4
Grains,-0.11747849324464282,-1.5539217726739956,0.8110838752805302,1.3401712676417838,0.2395156502233537,Compost,9.0,0.74,46.57,34.46,0.93,0.34,0.42,1
Mixed,-0.16132805047806364,0.48122622620168826,-0.8517479898874964,-1.6868751974893539,-1.5358071694322923,Animal Feed,8.03,3.29,25.27,29.98,1.24,0.48,1.11,3
Meat,-0.5474870545014164,0.09147824863126448,-0.8569814095218902,-1.5720403543508434,-0.7667222525527546,Biogas,6.37,2.13,24.12,27.8,3.25,0.98,0.53,2
Vegetables,-0.22639513540507558,0.741544332829642,1.2426665477968646,0.2986192403754932,0.03782479305897995,Biogas,8.34,3.47,68.01,67.43,1.69,0.64,1.47,4
Vegetables,-0.3119724971025586,1.0080604896154044,-0.19547716773452586,-1.0690637414041673,-0.7645058695069943,Animal Feed,7.58,3.59,38.71,41.8,1.49,0.43,1.29,4
Vegetables,-0.3621873126440566,1.0208211811167744,-1.0809717698739407,1.1334685499924648,1.2102914242672682,Biogas,8.04,3.48,-5.86,-27.02,1.35,0.57,1.25,4
Vegetables,-0.7143982723576642,0.9562885412384163,0.6641992308752138,1.0634192956779733,-0.631522886761251,Biogas,5.55,2.57,44.77,34.22,1.08,0.55,1.23,4
Grains,-0.4534226817264973,-1.5181918364701585,0.7824745146125115,-1.0598769539530866,0.9354599265927339,Animal Feed,7.43,0.63,66.65,75.27,0.73,0.39,0.41,1
Meat,1.3281423936120114,-0.14003715432216787,1.0961307980338408,-0.9932727449327502,-1.010524387586616,Compost,15.79,4.79,75.05,84.89,2.66,0.99,0.61,2
Vegetables,-1.513591815482918,1.3161400415770586,1.4690991706449654,1.3642865847008712,-0.5384347988392316,Biogas,1.43,0.74,65.22,56.67,1.42,0.58,1.0,4
Vegetables,0.8351885001975845,0.8498279149984127,-0.752313016834016,0.7659970519492311,1.2723501495486114,Biogas,14.82,6.05,6.76,-9.33,1.5,0.5,1.06,4
Vegetables,0.4575165072516683,1.293899979246099,-0.1323272374795084,1.7019010235280922,0.1020999013860897,Biogas,12.02,5.96,16.38,-4.3,1.44,0.19,0.93,4
Vegetables,-0.7306650435894171,0.6219584239025148,-0.5447207046697324,-1.219497385915616,0.30157437550469995,Animal Feed,5.72,2.26,30.0,32.4,1.07,0.6,1.22,4
Vegetables,-0.08777395447361556,0.4666425787715511,-0.0761552000703493,0.087323129000634,0.8290735403961399,Biogas,9.42,3.42,32.06,25.77,1.63,0.6,1.22,4
Vegetables,0.055797982919682326,0.9234753345206074,0.3362382671198747,0.9784415117554758,0.7913950286181826,Biogas,10.2,4.36,36.11,24.42,1.69,0.43,1.15,4
Mixed,-1.4067969260918445,0.5607071046959378,-1.3475272765857267,-1.5605568700369925,-0.7423420390493688,Animal Feed,1.97,0.8,9.96,10.72,1.49,0.51,0.77,3
Vegetables,0.25170648862383743,0.7229501823562171,1.329890208370093,0.7395850380273736,0.38136416515214466,Biogas,11.06,4.51,66.67,62.76,1.05,0.58,1.24,4
Fruits,-1.7087930702639536,-0.6384333052471157,1.095084114106962,-1.382562863172301,-1.2920050343984342,Donation,0.41,0.09,78.42,91.63,1.54,0.46,0.94,0
Grains,1.7284464160977577,-1.4587634731923487,0.7981747735156922,-1.5731887027822284,0.6318154493232931,Animal Feed,19.29,1.81,71.56,84.73,0.99,0.29,0.31,1
Fruits,1.460398316235394,0.617583329673474,0.11957469425597525,-0.7107790308120143,0.5320782122639864,Animal Feed,17.74,6.91,44.61,46.39,1.17,0.31,0.78,0
Vegetables,-0.06797092862626407,1.150615643244998,-1.5627952708804544,0.48005829253434007,-0.5783296936629555,Biogas,8.91,4.37,-13.99,-32.23,1.53,0.46,1.11,4
Vegetables,-0.20305585494212558,1.0547281613918444,1.3721064600875355,-0.3685711982592529,0.09101798615727538,Biogas,8.48,3.91,77.54,83.52,1.54,0.53,1.07,4
Vegetables,1.0876770797513151,0.438204466282783,1.3400081529965873,-0.13201142139392114,0.09545075224880237,Biogas,15.38,5.72,74.55,78.28,1.42,0.58,1.29,4
Fruits,-1.5956329225648025,-0.16300639902463424,-0.303983401487622,-1.3125136088578095,-3.0784097692828944,Animal Feed,0.88,0.3,37.71,42.31,1.36,0.32,0.8,0
Grains,0.6824223008037309,-1.227977252610423,1.6386619667993214,-0.9634156857167375,1.0529282280181391,Animal Feed,13.82,1.72,90.35,103.03,0.98,0.31,0.37,1
Vegetables,0.27646027093302655,1.1418654547869158,0.40566830093616457,-0.5040763131626953,-0.17494797933420494,Biogas,10.9,5.23,51.01,52.62,1.4,0.56,1.13,4
Vegetables,-0.4923214824980803,0.884828668830743,-0.7638265400296822,1.2069628496011116,0.9687056722791705,Biogas,7.22,3.03,2.59,-17.4,1.61,0.47,1.51,4
Fruits,-0.14718303201566982,0.4775803143441541,1.2231284478284614,-1.675391713175503,-1.64662632172041,Donation,8.05,3.31,84.63,101.14,1.07,0.31,1.02,0
Grains,-0.77027109528412,-1.2589675033994652,0.9384304197174439,-0.8083886474797483,0.4766686361199275,Animal Feed,5.55,0.68,68.92,76.24,1.07,0.39,0.43,1
Vegetables,-0.9612288445264372,0.9759764652691022,-0.6134529492014363,0.09076817429478924,-0.8154826795595262,Biogas,4.24,1.99,16.62,7.22,1.49,0.26,1.21,4
Grains,1.6336747923997186,-1.561942778760571,-1.5544217994654246,0.635085330771329,0.8357226895334272,Compost,18.95,1.49,-15.1,-34.64,0.99,0.24,0.31,1
Vegetables,-0.09555371462793216,0.825764896738686,-0.9030355023045548,0.9681063758730099,0.1331292640267628,Biogas,9.07,3.87,0.69,-18.01,1.23,0.43,1.08,4
Fruits,0.7595126514237772,0.3740364175901779,-1.342642751593626,0.9439910588139225,0.11539819966066119,Biogas,13.64,4.94,-11.7,-32.71,1.18,0.41,0.58,0
Grains,1.0876770797513151,-1.1751115306761748,-0.9330404415417453,1.6628571768609988,0.7204707711537855,Compost,15.84,2.11,-6.23,-31.15,0.95,0.3,0.5,1
Mixed,-0.7391520546668535,0.5056538356471686,1.1202045283520516,-0.6878120621843121,-3.00083636268121,Animal Feed,4.79,2.14,73.09,80.4,1.28,0.51,1.1,3
Fruits,1.2538810466844432,0.4345585544252483,-0.3207303443176817,0.5799646060648443,-1.2365954582543752,Biogas,15.24,6.04,20.74,8.75,1.63,0.47,1.01,0
Vegetables,0.7382951237301867,1.0441550170049945,1.144976047954849,-1.2964367308184181,0.3946624634267193,Donation,13.71,6.21,79.1,91.86,1.36,0.55,1.26,4
Meat,-0.1606207995549441,0.005070137607700075,1.2451088102929149,-1.3814145147409158,-0.06191244400032674,Donation,8.64,2.69,82.71,96.79,3.03,1.58,0.53,2
Meat,-1.1514793428456351,-0.09409866491723468,0.5378993703651789,-0.945042110814576,-1.615596959079737,Compost,3.13,1.0,58.64,64.85,3.73,1.16,0.41,2
Vegetables,-1.374970634551458,0.8075353374510142,1.2869761673680644,-1.4893592672911158,-0.06412882704608709,Donation,2.2,0.94,84.85,100.1,1.54,0.48,1.38,4
Mixed,-1.5058120553286014,0.375859373518945,0.5152212186161392,-1.100069149051565,-3.0318657253218833,Animal Feed,1.29,0.55,59.34,66.78,0.93,0.38,0.92,3
Vegetables,0.8705510463535692,1.3165046327628116,0.2835551761336448,0.17689430664867214,1.2945139800062369,Biogas,15.04,7.1,41.58,36.57,1.58,0.54,1.32,4
Fruits,1.500004367930097,0.4819554085731955,-0.4763373547803213,-0.5902024455165782,0.45228842261654173,Animal Feed,17.88,6.65,26.48,23.8,1.2,0.4,0.54,0
Vegetables,1.3790644600766293,0.8403485441688238,0.7238602147073018,1.4756763825452262,0.2705450128640268,Biogas,17.08,7.28,42.89,29.09,1.51,0.54,1.38,4
Grains,1.6626720802476262,-1.3643343560822083,0.9304058429447067,-0.22273094747334457,0.9177288622266354,Compost,19.18,2.03,63.6,65.77,1.01,0.31,0.36,1
Grains,-0.3565293052590992,-1.0511505275200062,0.6526857076795471,0.38933876645491683,0.7315526863825967,Compost,7.9,1.19,50.32,45.58,1.03,0.38,0.4,1
Meat,0.6831295517268504,0.3805990589337401,0.22528977087072816,-1.6960619849404348,-1.848317178884787,Biogas,11.99,4.8,56.21,67.17,2.97,1.3,0.55,2
Vegetables,1.6174080211679658,1.0722285383080095,-0.1982683248728691,1.0599742503838183,0.6229499171402423,Biogas,18.67,8.44,20.08,4.61,1.33,0.54,1.2,4
Vegetables,-0.7660275897454019,0.5012787414181271,-0.861865934513991,-0.9381520202262651,-0.017584783085078975,Animal Feed,5.44,2.08,18.46,16.6,1.49,0.41,1.02,4
Vegetables,0.1406680936940455,0.8286816262247135,0.22773203336677855,-0.6464715186544484,-0.7645058695069943,Animal Feed,9.9,4.42,47.15,48.99,1.73,0.48,1.17,4
Fruits,0.8196289798889513,0.10496812250414181,-1.262048089223963,-0.43862045257374427,-0.8841905539781598,Biogas,13.3,4.51,2.64,-5.87,1.17,0.25,0.94,0
Vegetables,-0.6281136597370616,0.9336838877217031,-0.36538885853117475,-1.4376835878787861,0.29270884332165226,Animal Feed,6.27,2.75,37.04,42.38,1.17,0.35,1.05,4
Vegetables,-0.31338699894879796,0.5162269800340185,-1.2236696785717425,-1.066767044541397,0.9598401400961197,Animal Feed,8.22,3.02,9.21,6.4,1.36,0.4,1.51,4
Vegetables,-1.1649171103849092,0.8148271611660831,-1.5460483280503947,1.572137650781575,-0.3589077721324833,Biogas,3.27,1.43,-23.01,-50.65,1.69,0.56,1.36,4
Grains,-0.6210411505058645,-1.1940702723353533,-0.8301165220653358,0.5650360764568376,0.2217845858572552,Compost,6.28,0.84,6.28,-8.49,0.88,0.34,0.39,1
Vegetables,-0.35935830895157794,1.1097814304406135,-0.11627808393403433,1.0393039786188865,1.1127705702537218,Biogas,8.02,3.59,22.61,7.8,1.4,0.42,1.68,4
Meat,-0.3148015007950373,-0.26217520154956897,0.23191876907429343,0.09076817429478924,-1.5823512133933035,Compost,7.25,2.13,40.85,36.28,2.87,1.16,0.5,2
Meat,-1.1917926454634573,-0.1655585373249083,0.6041893524008326,-0.2927802017878359,-1.2476773734831865,Compost,2.99,0.91,54.87,55.79,2.52,1.32,0.32,2
Vegetables,-0.9739593611425919,0.9847266537271845,0.6366365541340734,-0.9370036717948802,0.636248215414817,Animal Feed,4.47,1.97,61.4,68.12,1.6,0.56,1.36,4
Mixed,-0.788659619285232,-0.3646253247462848,1.592258979374364,0.03909249488245959,-0.5738969275714317,Compost,5.18,1.37,80.29,83.98,1.38,0.38,0.55,3
Grains,-0.38269758941452797,-1.1481317829304203,1.4820082724098034,-0.7946084663031271,0.5232126800809356,Animal Feed,7.68,1.06,84.39,94.71,0.99,0.3,0.38,1
Vegetables,0.8387247548131832,1.1367611781863676,-0.6570647794880505,-0.9863826543444397,0.06220500656236575,Animal Feed,14.03,6.64,24.75,24.47,1.43,0.54,0.95,4
Vegetables,-1.657163752876216,1.0707701735649955,-0.23385557838674642,1.490604912153233,0.6118680019114312,Biogas,0.73,0.33,15.31,-4.1,1.16,0.31,1.09,4
Grains,0.8153854743502335,-1.5903808912493391,0.7650297824978658,1.407923825093505,0.30822352464198727,Compost,14.07,1.07,44.66,31.68,0.99,0.26,0.45,1
Vegetables,1.2446867846838872,1.0321235078751312,-0.4958754547487245,-0.881882947088395,-0.5140545853358458,Animal Feed,15.75,7.43,28.47,28.21,1.65,0.51,1.6,4
Grains,-0.8905037522144679,-1.6972061086750958,-0.6326421545275466,-0.42598861982850816,1.1415835498486346,Compost,5.05,0.3,20.58,15.57,0.83,0.36,0.45,1
Meat,-1.02417417668409,0.30148277162524423,1.7164654720306414,1.1288751562669244,-1.0504192824103367,Biogas,3.87,1.44,74.37,69.29,2.92,1.3,0.5,2
Vegetables,-0.9414258186790859,0.8035248344077265,-0.12674492320282188,-1.6845785006265839,0.6894414085131124,Animal Feed,4.67,1.93,46.03,54.87,1.69,0.5,1.34,4
Meat,-0.465445947419532,-0.06201464057093241,-0.29107429972278404,0.2228282439040762,-1.6067314268966892,Compost,6.5,2.12,24.71,16.01,2.59,1.27,0.62,2
Meat,1.5742657148576646,0.361640317274561,0.9670397803854626,-1.6960619849404348,-1.7685273892373423,Biogas,16.39,6.48,77.48,92.7,2.84,1.03,0.84,2
Fruits,0.5812854187976148,-0.6129119222443753,-0.019634268018897377,-0.8876246892453206,-2.482202729972821,Animal Feed,11.12,2.78,42.16,44.68,1.3,0.42,0.58,0
Mixed,1.243272282837648,-0.14805816040874345,-0.3088679264797228,0.8911670309702076,-1.2277299260713246,Compost,15.19,4.64,18.37,3.74,1.69,0.41,1.09,3
Grains,1.1492079100627288,-1.7187169886345488,-1.2589080374433268,-0.8290589192446801,1.2058586581757411,Animal Feed,16.54,0.92,6.13,1.03,0.78,0.32,0.42,1
Mixed,1.573558463934545,-0.2924362699671044,1.713325420250005,0.03909249488245959,-1.3939586545035012,Compost,16.7,4.77,83.76,88.14,1.06,0.33,0.5,3
Vegetables,1.4448387959267608,0.9956643892997874,0.9209856876027982,0.6534589056734907,-0.6226573545782034,Biogas,16.7,7.82,55.7,50.19,1.59,0.21,1.18,4
Vegetables,-0.09272471093545345,0.9026936369326611,0.1028277514259155,0.8337496094009523,0.031175643921692628,Biogas,9.05,3.98,30.67,18.91,1.43,0.7,0.92,4
Grains,-0.05382591016387024,-1.4204813986882376,-0.8894286112551311,0.39278381174907184,1.0484954619266154,Compost,9.7,0.95,6.08,-7.53,1.03,0.34,0.44,1
Meat,0.22765995723776788,0.4104955361655216,1.536086941965205,-1.067915392972782,-0.11953840319014601,Biogas,10.68,3.96,88.31,101.32,2.73,0.82,0.34,2
Vegetables,1.7263246633283986,0.6022704998718296,-0.6874186133675341,-1.1804535392485225,0.09101798615727538,Animal Feed,18.79,7.43,25.57,26.81,1.65,0.6,1.08,4
Mixed,-0.6196266486596252,0.5530506897951153,0.9733198839467353,0.02760901056860837,-1.961352714218665,Biogas,5.64,2.43,62.64,62.88,1.35,0.35,0.77,3
Grains,-1.4881307822506091,-1.2108414668800114,0.8306219752489334,-1.0036078808152162,0.3946624634267193,Animal Feed,1.64,0.21,67.53,75.93,0.96,0.31,0.47,1
Vegetables,1.0600942937496471,1.259992998971029,1.548996043730043,-0.7142240761061696,-0.40101905000196764,Animal Feed,14.87,7.48,85.61,95.62,1.45,0.52,1.33,4
Vegetables,-1.2016941583871332,0.8680574742860846,-0.1888481695309603,-1.4824691767028053,-0.7002307611798846,Animal Feed,3.03,1.37,42.49,49.21,1.48,0.54,1.15,4
Grains,1.5926542388587765,-1.4197522163167307,1.6083081329198379,-0.0010997002160192657,0.8955650317690131,Compost,18.77,1.84,81.1,85.23,0.98,0.34,0.37,1
Fruits,0.03811670984168999,0.43273559849648124,-1.6789771867639947,-1.6822818037638134,-1.58013483034754,Animal Feed,8.99,3.62,1.52,1.45,1.78,0.42,0.93,0
Grains,-1.3233413171637207,-1.2356336675112451,0.5734866238790559,-1.1999754625820693,0.5608911918588961,Animal Feed,2.55,0.32,61.88,70.51,0.87,0.31,0.38,1
Vegetables,-1.0022493980673794,1.2162420566806165,0.8187595574109743,1.4756763825452262,0.5320782122639864,Biogas,4.3,2.04,45.62,32.37,1.19,0.57,1.19,4
Grains,-1.2413002100818358,-1.2651655535572737,-1.694677445667176,-1.359595894544599,0.4279082091131559,Animal Feed,2.98,0.37,-1.75,-4.72,1.01,0.19,0.45,1
Fruits,-0.6592327003543281,0.8753492980011535,-1.532790331643264,1.3011274209746901,-1.604515043850926,Biogas,5.55,2.63,-20.26,-45.47,1.04,0.33,0.96,0
Mixed,0.7347588691145883,0.5993537703858021,-0.8022049506819027,0.6626456931245718,-3.091708067557469,Compost,11.44,5.33,6.23,-9.23,1.15,0.56,1.17,3
Vegetables,0.21634394246785277,0.5545090545381293,-1.6636258225031066,-1.31710700258335,0.5919205544995692,Animal Feed,10.98,4.17,-1.23,-4.39,1.06,0.45,1.11,4
Vegetables,-0.9492055788334025,0.7284190501425184,-0.8998954505239185,0.950881149402233,-0.7844533169188531,Biogas,4.31,1.86,0.93,-17.61,1.56,0.69,1.01,4
Grains,-0.13515976632263516,-1.3595946706674136,-0.6424112045117483,1.0611225988152033,0.6850086424215885,Compost,9.09,0.98,7.34,-10.68,1.01,0.33,0.44,1
Grains,0.45610200540542895,-1.126256311785214,-1.3813700568881393,0.2664654842967105,0.7315526863825967,Compost,12.37,1.74,-6.92,-22.25,1.07,0.37,0.47,1
Vegetables,-1.178354877924183,0.9756118740833485,0.11538795854846039,-1.522661371801284,-0.2214920232952162,Animal Feed,3.22,1.47,51.56,60.39,1.43,0.6,0.8,4
Grains,0.05791973568904124,-1.4795451707802942,-1.0321265199529328,1.3321328286220881,0.27719416200131414,Compost,9.96,0.92,-6.19,-28.81,1.06,0.28,0.37,1
Grains,1.3366294046894476,-1.0916201491386377,1.143580469385677,-0.5924991423793484,1.2324552547248906,Animal Feed,17.62,2.5,72.93,79.56,0.94,0.15,0.31,1
Vegetables,-0.5701190840412467,1.0828016826948588,0.11015453891406672,-0.06311051551081485,-0.6293065037154907,Biogas,6.29,3.03,38.71,34.8,1.62,0.55,1.09,4
Fruits,-1.2264479406963225,0.48049704383018155,-0.10371787681148946,-1.6374962149397945,-0.930734597939171,Animal Feed,2.87,1.14,46.28,54.85,0.86,0.32,1.05,0
Vegetables,-0.4201818883398716,0.8684220654718382,0.8114327699228233,-0.2399561739441212,-0.7135290594544592,Biogas,7.04,3.18,60.33,61.98,1.38,0.51,1.03,4
Vegetables,-0.7532970731292473,0.8192022553951245,-1.4570801942657017,0.3847453727293761,0.7271199202910729,Biogas,5.71,2.37,-10.12,-26.92,1.64,0.46,1.06,4
Grains,1.500004367930097,-1.2177686994093269,1.2873250620103576,0.9428427103825372,1.0662265262927137,Compost,18.4,2.31,63.68,57.75,0.95,0.26,0.38,1
Vegetables,1.2227620060671769,0.43382937205374156,0.9869267749961589,-1.120739420816497,-0.651470334173113,Animal Feed,15.53,5.97,73.05,83.37,1.5,0.5,1.06,4
Meat,-1.0786324977643065,0.6033642734290898,-0.14244518210600285,-0.34904927492570614,-0.1217547862359095,Biogas,3.76,1.5,33.95,31.08,3.3,1.31,0.45,2
Grains,-1.130261815152044,-1.3479277527233036,-0.2418801551594833,-1.175860145522982,0.9731384383706944,Animal Feed,3.68,0.4,38.31,42.06,0.97,0.35,0.36,1
Vegetables,-0.7525898222061277,0.5738323873830614,1.410135976097463,1.699604326665322,0.3436856533741842,Biogas,5.61,2.17,60.61,48.79,1.67,0.46,1.19,4
Meat,-0.3671380691058945,0.2551796910345574,1.592258979374364,1.233374863522969,-1.2055660956137022,Biogas,7.13,2.62,69.9,63.19,3.05,0.93,0.59,2
Mixed,0.3429418577062779,0.908162504718963,0.274135020791736,1.0232271005794948,0.10874905052337386,Biogas,11.41,5.01,33.94,21.5,1.16,0.42,1.02,3
Mixed,1.0685813048270838,-0.14659979566572973,-1.710377704570357,-1.0828439225807887,-2.646215075359234,Animal Feed,13.28,4.38,-4.6,-10.07,1.23,0.49,0.55,3
Vegetables,1.3139973751496172,0.47648654078689373,0.2807640189953013,-1.5444799919976009,-0.793318849101904,Animal Feed,15.89,6.26,56.49,66.46,1.24,0.52,1.06,4
Mixed,-1.2929295274695736,0.8972247691463594,0.5877913042130652,1.0783478252859802,-0.015368400039315486,Biogas,2.64,1.17,42.45,31.33,1.03,0.36,0.88,3
Grains,0.19017565831242403,-1.6414236572548202,-1.414863942548259,0.5547009405743717,0.6628448119639632,Compost,10.87,0.74,-10.39,-28.42,0.97,0.31,0.51,1
Vegetables,-0.3056072387944814,1.0000394835288289,-0.6692760919683026,0.5213988360642038,-0.09515818968676021,Biogas,7.86,3.59,11.27,-2.2,1.43,0.61,1.13,4
Fruits,-1.190378143617218,-0.5884843127988949,-1.4159106264751378,1.3068691631316158,0.1730241588504836,Compost,3.22,0.71,-16.97,-41.55,1.58,0.42,0.91,0
Fruits,0.24675573216199959,0.3342959783430532,0.5455750524956229,1.703049371959477,-1.7397144096424295,Biogas,9.93,3.88,35.79,18.99,1.06,0.38,0.52,0
Fruits,-0.21437186971204067,0.5556028280953895,1.2831383263028424,-0.07229730296189571,-2.690542736274482,Compost,7.3,3.27,72.4,75.29,0.72,0.22,0.58,0
Vegetables,0.9115715998945118,0.8104520669370416,1.2419687585122785,1.1862925778361797,0.7293363033368363,Biogas,14.88,6.14,60.26,51.95,1.7,0.6,1.39,4
Grains,1.5968977443974948,-1.7427800068942754,-0.26455830690852267,-0.8359490098329908,1.234671637770654,Animal Feed,19.09,1.0,34.69,35.36,0.96,0.28,0.38,1
Vegetables,-1.3509241031653885,0.6091977324011447,-0.4571481494542111,1.4400775811722881,0.352551185557235,Biogas,2.37,0.93,9.35,-10.9,1.74,0.6,1.38,4
Vegetables,-1.3339500810105158,1.2913478409458246,1.231501919243491,-1.1482997831697397,0.2949252263674126,Animal Feed,2.46,1.21,80.29,92.25,1.48,0.54,1.11,4
Vegetables,-1.3806286419364158,0.9376943907649914,1.3591973583226975,1.2448583478368203,-0.2569541520274132,Biogas,2.15,0.97,63.11,54.97,1.56,0.55,1.31,4
Mixed,1.5183928919312089,-0.17467331696874422,0.5169656918276042,0.5064703064561975,-2.245049744076247,Compost,15.71,5.0,45.41,38.87,0.94,0.43,0.93,3
Mixed,0.5940159354137692,0.042987620926057464,-1.626294095777765,-0.8348006614016058,-2.001247609042389,Animal Feed,11.47,4.0,-4.35,-11.5,0.99,0.27,0.62,3
Fruits,0.8040694595803182,0.35617144948825974,-0.9135023415733422,1.1862925778361797,0.4788850191656879,Biogas,14.12,4.99,-1.52,-22.18,1.36,0.24,0.54,0
Vegetables,1.4865666003908224,0.7703470365041638,0.16388431382717542,0.2848390591988722,-0.347825856903669,Biogas,17.15,7.35,37.21,30.57,1.46,0.41,0.86,4
Grains,-0.17264406524797876,-1.549546678444954,0.626169714865286,-0.707333985517859,0.6295990662775296,Animal Feed,8.87,0.72,59.09,63.74,1.24,0.26,0.42,1
Grains,1.5622424491646296,-1.7427800068942754,0.6397766059147098,-0.1653135259040893,1.103905038070674,Compost,18.78,0.99,54.77,54.78,0.95,0.42,0.41,1
Vegetables,1.4328155302337258,1.1043125626543118,0.6177962434502559,-1.4411286331729414,0.3370365042368969,Animal Feed,17.43,8.07,65.26,76.26,1.49,0.2,0.89,4
Grains,1.2446867846838872,-1.3971475628000176,-1.5059254441867096,-1.4905076157225008,0.2971416094131761,Animal Feed,16.38,1.71,4.81,4.07,1.11,0.31,0.38,1
Grains,-0.9930551360668235,-1.6089750417227644,-1.4685937174613677,0.6155634074377825,0.7359854524741236,Compost,4.39,0.32,-12.46,-31.34,0.91,0.26,0.31,1
Grains,-0.9845681249893872,-1.333344105293166,-1.4064904711332291,-0.15727508688439354,1.2634846173655636,Compost,4.55,0.49,-3.94,-15.73,1.01,0.3,0.43,1
Vegetables,-0.280853456485292,1.2588992254137688,0.24482787083913138,0.8314529125381821,0.13091288098099932,Biogas,8.08,3.96,34.77,23.83,1.26,0.52,0.95,4
Vegetables,0.09681853646062444,0.7331587355573129,-1.5833800547757366,1.1575838670515521,0.16194224362167245,Biogas,10.12,4.18,-20.47,-44.72,1.32,0.5,0.95,4
Grains,1.5431466742403983,-1.3205834137917958,-1.180755637569714,0.9405460135197671,0.4057443786555305,Compost,18.08,2.07,-7.04,-27.1,1.21,0.29,0.44,1
Mixed,-0.6281136597370616,0.6376358448899129,-0.4002783227604661,0.3985255539059975,-2.752601461555828,Compost,5.37,2.49,20.05,9.19,0.57,0.38,0.48,3
Grains,-1.41669843901552,-1.6618407636570125,-1.072249403816618,0.4226408709650848,0.2616794806809791,Compost,2.01,0.13,0.59,-14.34,1.01,0.32,0.41,1
Grains,-0.3048999878713616,-1.4864724033096095,1.0992708498144772,0.45479462704386747,0.9243780113639227,Compost,8.25,0.73,62.54,59.78,1.11,0.25,0.42,1
Grains,0.8762090537385271,-1.6457987514838615,1.149860572946949,-0.6062793235559698,1.2235897225418397,Animal Feed,15.02,0.99,73.23,80.0,0.91,0.26,0.37,1
Grains,-0.9195010400623753,-1.2243313407528884,-0.10302008752690377,-1.6535730929791859,0.388013314289432,Animal Feed,4.72,0.61,46.44,55.15,1.1,0.29,0.44,1
Mixed,1.0989930945212305,0.06960277748605823,-0.6151974224129011,-0.19287388825733187,0.5498092766300849,Biogas,15.78,4.91,19.04,12.1,1.22,0.48,0.78,3
Mixed,-0.7426883092824519,0.7123770379693672,0.21935856195174855,1.0875346127370606,0.6118680019114312,Biogas,5.74,2.3,31.81,18.5,0.72,0.41,1.08,3
Vegetables,0.8309449946588666,0.9118084165764971,0.38054788669107487,0.06550450880431685,-0.0242339322223663,Biogas,13.93,6.17,45.32,41.83,1.35,0.59,1.26,4
Vegetables,0.4186177064800851,1.0904580975956812,0.4573047079955157,0.3835970242979912,-0.8775414048408725,Biogas,11.26,5.5,44.76,38.95,1.63,0.61,1.11,4
Vegetables,0.4709542747909423,1.146240549015957,0.2354077154972226,-1.198827114150684,-0.013152016993555143,Animal Feed,12.02,5.73,52.19,58.89,1.9,0.51,1.15,4
Vegetables,0.38891316770905787,1.0908226887814345,1.167654199703888,1.111649929796148,0.5054816157148372,Biogas,11.88,5.43,58.78,50.7,1.26,0.56,1.53,4
Meat,0.27504576908678724,0.6066455941008704,1.296396322709973,-0.2801483690425998,-1.9258905854864683,Biogas,9.97,4.37,74.59,79.37,3.27,0.89,0.54,2
Mixed,-0.9944696379130629,0.8731617508866327,-0.7160279740355531,-0.9771958668933587,-0.899705235298498,Animal Feed,4.05,1.85,22.97,22.28,1.33,0.45,0.65,3
Vegetables,-1.617557701181513,1.126917216171025,1.175329881834332,-0.4730709055152975,0.1752405418962471,Biogas,0.93,0.44,72.79,78.55,1.49,0.54,1.37,4
Vegetables,1.0608015446727672,0.9737889181545815,1.7035563702658034,1.418258960975971,-0.8332137439256279,Biogas,14.56,6.85,71.47,63.79,1.43,0.53,1.45,4
Vegetables,0.6166479649535994,1.025196275345816,-0.9152468147848067,0.18148770037421247,-0.6581194833104003,Biogas,12.4,5.88,7.18,-4.74,1.53,0.42,1.41,4
Vegetables,1.356432430536799,0.7087311261118331,-0.7491729650533798,1.0507874629327374,1.0263316314689899,Biogas,17.57,6.91,4.37,-14.18,1.05,0.63,0.83,4
Fruits,1.084140825135717,0.3857033355342882,-0.6856741401560695,1.178254138816484,-1.903726755028846,Biogas,13.9,5.59,5.08,-14.21,1.32,0.41,0.88,0
Meat,1.1195033712917015,0.34851503458743727,-0.29177208900736995,1.5422805915655626,-0.9484656623052695,Biogas,14.78,5.58,13.2,-7.0,3.06,1.09,0.52,2
Vegetables,-1.67060152041549,0.880088983415948,-0.7512663329071374,-1.48361752513419,0.9775712044622182,Animal Feed,0.67,0.28,26.38,29.9,1.66,0.39,0.84,4
Grains,-0.15920629770870473,-1.5466299489589266,0.07177612826184616,-1.0690637414041673,1.2789992986858987,Animal Feed,9.21,0.73,46.36,50.99,1.04,0.31,0.47,1
Grains,1.5855817296275794,-1.1025578847112407,-1.5509328530424953,-1.1965304172879139,0.2971416094131761,Animal Feed,18.22,2.67,0.96,-2.6,1.02,0.23,0.42,1
Grains,-1.5609776273319376,-1.6151730918805727,-0.4986666118870678,-1.58926558082162,0.3547675686029985,Animal Feed,1.24,0.09,34.54,40.43,0.92,0.36,0.39,1
Grains,-1.5850241587180072,-1.3544903940668658,0.11015453891406672,-1.6041941104296262,0.35920033469452234,Animal Feed,1.11,0.12,52.12,61.63,1.07,0.32,0.4,1
Meat,1.594068740705016,0.10022843708934703,0.8986564304960517,-0.9955694417955203,-0.2525213859358893,Biogas,17.79,5.83,69.42,78.14,3.3,1.12,0.56,2
Meat,-1.2186681805420057,0.34997339933045124,0.6519879183949615,1.6261100270566753,-2.0034639920881494,Biogas,2.75,1.1,39.52,24.01,2.69,1.06,0.51,2
Vegetables,0.7361733709608275,0.908162504718963,-1.1737777447238558,0.9968150866576375,-0.580546076708719,Biogas,13.07,5.94,-7.33,-27.84,1.52,0.61,1.32,4
Vegetables,0.3302113410901234,1.1575428757743134,-0.8730305630673642,-0.8623610237548482,-0.580546076708719,Animal Feed,10.97,5.39,17.48,14.88,1.14,0.67,0.93,4
Fruits,-1.176940376077944,-0.46197117134245247,-0.8074383703162964,-1.309068563563654,-2.732654014143966,Animal Feed,2.83,0.79,23.25,24.92,1.77,0.36,0.71,0
Vegetables,0.1569348649257985,1.0849892298093795,0.440557765165456,-1.5261064170954393,0.4921833174402625,Animal Feed,10.61,4.84,60.92,71.64,1.11,0.69,1.35,4
Grains,0.09752578738374425,-1.4281378135890597,-0.07301514828971296,1.079496173717365,0.8335063064876669,Compost,10.44,1.02,23.5,8.59,1.03,0.29,0.4,1
Grains,-1.4838872767118907,-1.1926119075923396,0.7489806289523915,0.5581459858685272,1.2479699360452254,Compost,1.72,0.22,51.6,45.93,0.96,0.35,0.52,1
Vegetables,1.2022517292967059,1.2038459563650001,-0.5018066636677041,0.8176727313615608,-0.008719250902028162,Biogas,15.92,7.72,13.48,-1.61,1.68,0.53,1.0,4
Vegetables,-0.8077553942094637,1.220617150909658,1.627846232888241,-0.4512522853189806,0.46115395479958937,Biogas,5.34,2.55,85.58,93.75,1.55,0.44,1.04,4
Mixed,-0.7016677557415096,0.33538975190031356,-1.6018714708172608,1.3126109052885415,-1.0548520485018635,Biogas,5.5,2.07,-22.34,-48.05,1.43,0.44,0.72,3
Vegetables,0.26302250339375255,1.080249544394585,-1.3576452212122214,0.4697231566518741,-0.15943329801386996,Biogas,10.84,5.1,-8.01,-24.98,1.56,0.61,0.88,4
Vegetables,-0.6083106338897101,1.295722935174866,-0.5157624493594206,1.6800824033317752,-0.29906542989689744,Biogas,6.2,3.13,5.58,-17.1,1.3,0.47,1.28,4
Grains,0.5501663781803483,-1.5313171191572823,-1.6566479296572483,-1.0403550306195395,0.6140843849571915,Animal Feed,12.82,1.07,-3.44,-8.97,1.06,0.31,0.35,1
Vegetables,-1.5015685497898832,0.9435278497370463,1.5161999473545085,-0.6786252747332313,-0.6226573545782034,Animal Feed,1.49,0.69,84.36,93.86,1.33,0.36,1.21,4
Vegetables,1.178205197910636,0.7962330106926576,-0.34689744248965027,-0.025215017275106374,0.9132960961351116,Biogas,16.49,6.72,25.26,18.39,1.5,0.3,1.59,4
Grains,-0.28226795833153134,-1.2586029122137115,-1.7351492241731539,0.8601616233228098,0.9953022688283166,Compost,8.41,1.01,-22.23,-44.76,0.81,0.29,0.48,1
Mixed,0.5423866180260313,0.19648051012825435,0.8407399198754277,0.4938384737109614,-0.8886233200696868,Biogas,11.88,4.2,54.79,50.22,1.18,0.45,1.08,3
Grains,0.2771675218561464,-1.2257897054959024,-0.3612021228236599,0.555849289005757,1.1460163159401584,Compost,11.6,1.44,19.79,7.78,1.06,0.28,0.37,1
Vegetables,-0.8912110031375876,0.46007993742798897,-0.36189991210824557,0.8532715327344993,0.9642729061876467,Biogas,5.0,1.8,17.18,2.58,1.14,0.42,0.99,4
Meat,0.9554211571279326,0.1268435936493478,0.7814278306856327,1.3229460411710074,-1.1944841803848911,Biogas,13.77,4.79,45.88,33.74,3.04,0.92,0.54,2
Vegetables,-1.0340756896077659,0.8968601779606064,-1.031079836026054,1.311462556857156,-0.4253992635053534,Biogas,3.94,1.77,-5.98,-28.41,1.43,0.55,1.34,4
Vegetables,1.4405952903880423,0.7193042704986825,-1.0446867270754776,-0.5706805221830314,-0.3589077721324833,Biogas,16.89,7.12,10.02,3.91,1.43,0.27,1.12,4
Meat,1.1633529285251223,0.44877761066963234,1.09368853553779,1.3309844801907031,-0.33452755862909755,Biogas,15.46,5.89,54.75,44.34,3.0,1.0,0.58,2
Grains,1.7397624308676727,-1.4051685688865931,-1.4856895549337206,-1.0610253023844713,1.183694827718119,Animal Feed,19.85,1.96,1.65,-2.73,1.07,0.25,0.41,1
Meat,1.495053611468259,0.004705546421946711,1.2130105032019667,-0.48455438982914856,0.1486439453470978,Compost,17.6,5.42,73.98,80.05,2.71,1.13,0.53,2
Vegetables,1.1195033712917015,0.9304025670499225,-1.2139006285875409,0.6706841321442676,-0.5428675649307586,Biogas,15.08,6.89,-5.65,-23.54,1.51,0.62,0.95,4
Meat,-0.7808798591309154,0.06340472732825,0.3146067992977141,0.9233207870489907,0.05998862351660226,Compost,5.38,1.71,35.96,24.62,3.39,1.14,0.35,2
Vegetables,-1.3247558190099598,0.8622240153140297,0.3882235688215189,0.1987129268449893,0.06442138960812924,Biogas,2.48,1.08,44.39,39.79,1.52,0.6,1.09,4
Meat,-1.580780653179289,0.5643530165534719,-1.5743087940761207,-1.5387382498406752,-1.5890003625305908,Biogas,1.03,0.44,3.26,2.54,2.88,0.88,0.4,2
Vegetables,-1.250494472082392,0.7692532629469034,0.8421354984445996,-0.9530805498342716,-0.5207037344731331,Animal Feed,2.8,1.21,67.43,75.46,1.65,0.43,0.8,4
Grains,1.1060656037524275,-1.0383898360186359,-0.14558523388663921,1.6364451629391412,0.8224243912588557,Compost,16.02,2.43,16.57,-3.61,1.2,0.25,0.34,1
Grains,-0.7370303018974943,-1.0671925396931574,0.23680329406639425,-0.7360426963024865,0.6340318323690535,Animal Feed,5.77,0.86,48.18,50.85,0.99,0.38,0.33,1
Grains,-0.5672900803487679,-1.2195916553380939,1.7070453166887327,0.29517419508133813,0.3392528872826604,Compost,6.61,0.86,81.35,83.46,0.93,0.32,0.35,1
Meat,0.20502792769793765,0.5968016320855277,0.44474450087297085,1.3539514488184052,-1.6200297251712639,Biogas,9.79,4.21,35.95,21.61,2.38,1.26,0.55,2
Grains,1.1449644045240106,-1.6293921481249567,-0.3674822263849323,1.0393039786188865,0.494399700486026,Compost,15.99,1.12,15.41,-0.85,1.12,0.29,0.5,1
Vegetables,0.33799110124444,0.9566531324241699,1.0183272928025209,-0.685515365321542,-0.010935633947791653,Animal Feed,11.32,5.08,70.15,76.86,1.28,0.46,1.4,4
Vegetables,-0.3699670727983735,1.1564491022170533,-1.2435566731824386,-1.4939526610166562,0.656195662826679,Animal Feed,7.8,3.61,12.36,13.15,1.63,0.49,0.85,4
Vegetables,-1.400431667783767,0.8516508709271798,-0.8643081970100414,-1.1632283127777459,1.001951417965604,Animal Feed,2.17,0.9,20.36,20.44,1.29,0.29,0.68,4
Vegetables,0.24887748493135847,0.9690492327397869,-0.8015071613973168,0.7797772331258525,-0.4165337313223026,Biogas,10.63,4.89,5.22,-11.27,1.77,0.3,1.05,4
Grains,1.249637541145725,-1.6038707651222162,-0.7589420150375814,-1.3883046053292265,1.0573609941096629,Animal Feed,17.0,1.22,25.33,27.97,1.11,0.31,0.34,1
Grains,0.036702207995450375,-1.4033456129578261,0.27448391543402884,-0.0608138186480447,0.860102903036813,Compost,10.12,1.02,43.39,40.39,1.15,0.24,0.42,1
Vegetables,-0.7554188258986064,0.69888716409649,1.430371865350452,0.8452330937148035,-0.38550436868162946,Biogas,5.41,2.26,68.63,64.37,1.36,0.36,1.24,4
Vegetables,-0.019170614931005366,0.9810807418696503,-0.07650409471264215,0.6270468917516333,-0.757856720369707,Biogas,9.08,4.26,27.34,16.34,1.49,0.44,1.14,4
Grains,-1.4980322951742848,-1.2192270641523404,-1.338804910528404,0.6982444944975099,0.26832862981826644,Compost,1.58,0.2,-9.46,-28.31,1.15,0.36,0.4,1
Vegetables,1.7220811577896804,1.0514468407200632,0.26087702438460547,-0.2583297488462829,1.2435371699537017,Biogas,19.8,8.65,44.72,43.37,1.27,0.58,1.24,4
Vegetables,0.1173288132310955,0.7634198039748487,1.1704453568422313,-1.6409412602339497,0.9886531196910325,Donation,10.63,4.27,82.83,98.73,1.63,0.5,1.1,4
Vegetables,-1.5411746014845862,0.9723305534115675,-0.9682788004133296,0.20100962370775946,-0.20154457588335423,Biogas,1.31,0.6,5.49,-6.91,1.52,0.54,1.36,4
Grains,-1.435086963016632,-1.0781302752657604,0.2668082333035848,1.6295550723508303,0.9797875875079817,Compost,1.98,0.29,28.44,10.68,1.01,0.37,0.4,1
Vegetables,-1.6713087713386097,0.5993537703858021,-0.04998810189838078,-0.8175754349308292,-0.6204409715324398,Animal Feed,0.61,0.25,40.67,42.4,1.34,0.49,1.16,4
Grains,-1.4110404316305625,-1.380740959441113,1.3023275316289527,0.9807382086182459,0.3481184194657112,Compost,2.05,0.22,63.79,57.62,0.98,0.29,0.37,1
Mixed,-0.12455100247583961,-0.15133948108052425,-1.5115077584633962,1.3252427380337775,0.7537165168402221,Compost,9.18,2.55,-19.87,-45.17,1.08,0.44,0.79,3
Meat,-0.5821423497342816,0.24533572901921474,1.3874578243484235,1.5078301386240094,-0.4253992635053534,Biogas,6.3,2.22,61.63,51.35,2.5,0.88,0.64,2
Vegetables,1.4384735376186832,1.0795203620230778,0.2811129136375944,-0.0791873935502064,1.0640101432469502,Biogas,18.06,8.02,43.74,40.95,1.87,0.41,1.35,4
Grains,0.1944191638511421,-1.199539140121655,1.657153382840846,0.5018769127306568,1.1548818481232093,Compost,11.15,1.42,78.12,78.15,0.92,0.27,0.45,1
Vegetables,-1.5715863911787329,1.3303590978214426,-0.029403318003098755,-0.06655556080497031,0.42347544302162893,Biogas,1.19,0.58,34.73,30.04,1.49,0.34,1.31,4
Meat,-0.36501631633653564,-0.12034923029148234,-0.7397528097114712,-1.600749065135471,-0.3101473451257086,Compost,7.47,2.21,27.74,32.35,2.94,0.96,0.61,2
Vegetables,-0.5658755785025286,0.49435150888881196,-1.598382524394332,-0.1216762855114552,-0.48524160574093617,Biogas,6.36,2.48,-9.75,-22.95,1.68,0.61,1.08,4
Vegetables,0.9723951792828054,0.920923196220333,-0.33468613000939823,-1.3021784729753436,1.159314614214733,Animal Feed,15.52,6.52,36.75,41.08,1.6,0.48,1.09,4
Grains,-1.5800734022561693,-1.2381858058115192,0.9530839946937464,0.8107826407732502,0.246164799360641,Compost,1.13,0.14,55.25,48.56,0.88,0.29,0.42,1
Grains,1.7143013976353638,-1.5098062391978293,-0.9162934987116854,0.05861441821600637,0.4766686361199275,Compost,19.07,1.66,8.22,-2.63,0.93,0.23,0.42,1
Meat,-1.4506464833252652,0.327368745813738,0.14399731921647932,-1.3423706680738223,-1.7840420705576772,Biogas,1.65,0.64,50.81,58.22,3.06,1.24,0.38,2
Mixed,-0.9223300437548542,0.7557633890740262,0.7203712682843728,0.07354294782401262,-1.9081595211203697,Biogas,4.2,1.94,55.0,53.39,1.2,0.33,0.6,3
Vegetables,-1.244129213774315,0.7747221307332047,1.207079294282987,0.960067936853314,-0.15278414887658262,Biogas,2.88,1.23,61.23,54.7,1.55,0.61,1.26,4
Meat,-0.8148279034406608,0.6022704998718296,-1.5624463762381617,-0.37775798571033375,-1.8217205823356377,Biogas,4.74,2.06,-6.49,-17.25,2.7,0.99,0.33,2
Vegetables,0.5232908431017999,1.0842600474378727,-1.0638759324015878,0.608673316849472,-0.7046635272714084,Biogas,11.89,5.75,-0.8,-17.3,1.98,0.7,1.19,4
Fruits,0.021849938609937,0.471017673000592,-1.1423772269174937,-0.08378078727574673,-1.0703667298221986,Biogas,9.14,3.64,2.98,-7.94,1.3,0.36,0.78,0
Vegetables,1.2015444783735858,0.5286230803496349,-1.2009915268227032,0.04253754017661483,-0.793318849101904,Biogas,15.31,6.15,0.2,-12.15,1.55,0.44,1.55,4
Meat,0.6505960092633445,0.1005930282751004,1.3557084118997684,-0.22502764433611475,-1.7818256875119138,Biogas,11.88,4.21,75.81,80.44,3.62,1.02,0.61,2
Vegetables,-0.6542819438924903,0.8108166581227952,1.512013211646994,-1.1712667517974416,0.45672118870806555,Donation,6.18,2.58,88.53,102.3,1.35,0.58,1.09,4
Vegetables,-0.03543738616275835,0.9369652083934842,-0.44423904768937317,-0.3857964247300295,0.9975186518740802,Biogas,9.78,4.16,25.62,21.34,1.39,0.42,0.86,4
Fruits,1.1803269506799952,0.6576883601063518,1.4314185492773308,0.4513495817497124,-0.10624010491557452,Biogas,15.72,6.4,72.08,71.26,1.39,0.55,1.04,0
Vegetables,-1.4315507084010335,0.8235773496241654,1.7360035719990445,-0.2927802017878359,0.6694939611012505,Biogas,1.97,0.82,87.31,94.72,1.69,0.44,1.13,4
Vegetables,-1.1493575900762758,1.2162420566806165,-0.28793424794214795,-0.412208438651887,0.9132960961351116,Biogas,3.56,1.66,30.33,27.18,1.68,0.72,1.13,4
Mixed,-0.4781764640356865,0.7058143966258051,-1.7075865474320138,0.6729808290070377,-0.06191244400032674,Biogas,6.96,2.88,-19.81,-40.55,1.18,0.53,1.14,3
Vegetables,-1.077217995918067,0.5198728918915526,-0.1407007088945384,-1.623716033763173,-0.06634521009185058,Animal Feed,3.78,1.46,45.11,53.34,1.63,0.59,1.23,4
Vegetables,1.0013924671307126,1.0981145124965033,0.0033927783724350545,1.7041977203908625,-0.48745798878669966,Biogas,14.51,6.97,20.24,0.32,1.46,0.42,1.23,4
Mixed,1.7227884087128003,0.48341377331620894,0.9614574661087761,0.04138919174522975,-1.4205552510526507,Biogas,17.42,7.1,62.19,62.24,1.32,0.35,0.87,3
Vegetables,-0.8219004126718576,0.9227461521491,0.31216453680166373,0.5443658046919058,0.10653266747761352,Biogas,5.18,2.29,39.2,31.15,1.87,0.33,1.23,4
Fruits,0.32526058462828555,0.5763845256833352,-0.15988991422064855,0.8888703341074374,-2.4445242181948603,Compost,9.94,4.43,22.67,8.91,1.17,0.39,0.84,0
Vegetables,-1.698184306417158,0.713106220340874,0.5392949489343503,-0.36627450139648277,-0.352258622995196,Biogas,0.48,0.2,53.64,54.82,1.74,0.69,1.5,4
Mixed,1.6534778182470702,0.5982599968285417,1.5859788758130913,-1.3699310304270649,-2.2760791067169204,Animal Feed,16.32,7.27,92.38,108.3,0.99,0.62,0.69,3
Grains,-0.036851888008997705,-1.6468925250411217,-0.6382244688042332,-0.2962252470819914,1.1859112107638823,Compost,9.86,0.65,19.28,13.1,0.9,0.31,0.35,1
Vegetables,0.4454932415586334,1.3310882801929493,0.2298254012205361,1.3482097066614795,0.9443254587757848,Biogas,12.43,5.99,29.84,14.32,1.72,0.58,1.18,4
Grains,-1.2476654683899133,-1.1893305869205588,1.149860572946949,-1.654721441410571,0.22843373499454253,Donation,2.92,0.39,82.37,98.27,1.12,0.32,0.42,1
Mixed,0.40871619355640937,0.6485735804625158,-1.2473945142476606,0.21938319860992117,-0.859810340474774,Biogas,11.22,4.73,-2.67,-16.82,0.82,0.3,0.82,3
Grains,-0.18749633463349238,-1.6436112043693407,-0.5527452814424693,0.4329760068475507,0.6827922593758251,Compost,8.81,0.59,15.38,3.34,0.92,0.29,0.45,1
Grains,-1.4053824242456048,-1.585276614648791,-0.5359983386124095,0.9290625292059163,0.7515001337944587,Compost,2.12,0.16,11.54,-4.72,0.86,0.25,0.31,1
Grains,1.3055103640721812,-1.0660987661358972,0.11852801032909648,1.200072759012801,1.2258061055876033,Compost,17.44,2.54,27.94,13.07,0.95,0.29,0.32,1
Grains,-0.843825191288568,-1.3585008971101535,0.1987737780564668,0.09191652272617433,0.2528139484979283,Compost,5.1,0.56,39.89,35.14,1.02,0.36,0.34,1
Grains,1.2171039986822194,-1.2002683224931618,-0.029752212645391844,0.5007285642992719,0.8091260929842811,Compost,16.62,2.15,29.77,20.14,1.06,0.29,0.44,1
Grains,-0.46686044926577136,-1.6756952287156432,-1.2655370356468922,1.62725837548806,0.9088633300435878,Compost,7.35,0.46,-15.45,-41.97,0.97,0.29,0.43,1
Meat,-0.35865105802845837,0.24132522597592695,-1.4975519727716797,0.875090152930816,-1.9945984599051019,Biogas,6.89,2.62,-15.56,-36.86,2.53,0.9,0.57,2
Vegetables,0.24746298308511913,1.1991062709502052,0.38857246346381175,-1.491655964153886,0.8157752421215684,Animal Feed,11.27,5.25,59.12,69.24,1.67,0.46,1.2,4
Grains,0.28141102739486445,-1.1207874439989125,0.6495456558989113,0.19986127527637418,0.596353320591093,Compost,11.34,1.61,51.88,48.77,0.75,0.29,0.32,1
Vegetables,-0.5135390101916711,0.48778886754525036,0.7301403182685745,-0.07000060609912555,0.7337690694283602,Biogas,7.03,2.58,56.52,56.22,2.02,0.6,1.23,4
Mixed,0.15481311215643934,-0.5461917352514964,0.08991864966107754,0.8165243829301759,0.6827922593758251,Compost,10.69,2.38,30.46,18.78,0.33,0.44,0.7,3
Grains,-1.5150063173291575,-1.484284856195089,-1.5969869458251602,0.9795898601868607,0.8911322656774862,Compost,1.53,0.14,-19.31,-42.09,1.03,0.3,0.32,1
Fruits,0.40730169171017,0.1275727760208548,0.0229308783408383,-1.5662986121939177,0.3148726737792746,Animal Feed,11.87,3.83,49.28,57.96,1.43,0.34,0.52,0
Grains,-1.065901981148152,-1.5149105157983775,-1.743173800945891,0.6465688150851803,0.6628448119639632,Compost,3.98,0.34,-20.6,-41.32,0.94,0.31,0.34,1
Vegetables,-1.1422850808450788,1.15717828458856,-1.1493551197633518,-0.5304883270845527,-0.8176990626052897,Biogas,3.31,1.65,6.67,-0.4,1.32,0.53,1.33,4
Mixed,0.42498296478816233,0.33466056952880685,1.3354725226467796,-0.7015922433609335,-0.5140545853358458,Animal Feed,11.5,4.22,79.39,88.06,0.82,0.39,0.89,3
Grains,1.7192521540972017,-1.5703283760329,0.029210981902110737,-1.0173880619918374,0.636248215414817,Animal Feed,19.24,1.5,44.69,48.62,0.91,0.28,0.4,1
Vegetables,0.7425386292689049,1.1276463985425318,-1.3154289694947787,0.5145087454758933,1.0662265262927137,Biogas,14.17,6.38,-7.19,-24.31,1.44,0.46,1.13,4
Meat,-1.1663316122311485,0.26721120016442124,1.7353057827144585,1.4423742780350584,-1.961352714218665,Biogas,3.01,1.16,72.17,64.45,2.57,0.66,0.45,2
Vegetables,1.4596910653122743,0.811545840494302,-0.29142319436507713,0.14014715684434875,0.37471501601485735,Biogas,17.6,7.4,25.43,17.44,1.85,0.53,1.09,4
Grains,1.0275607512861415,-1.725644221163864,-0.44598352090083787,-0.05622042492250417,1.2989467460977606,Compost,15.93,0.87,22.7,15.54,0.98,0.35,0.31,1
Vegetables,0.7481966366538624,0.761596848046081,-0.6357822063081828,-0.2904835049250658,0.048906708287791104,Biogas,13.54,5.68,19.3,13.09,1.59,0.51,1.05,4
Meat,-0.17052231247861985,0.30148277162524423,0.8529512323556799,1.0875346127370606,-0.15278414887658262,Biogas,8.55,3.04,49.97,40.29,3.13,1.05,0.46,2
Mixed,-0.6465021837381735,0.04007089144003003,0.9213345822450908,0.6660907384187272,-2.072171866506783,Compost,5.48,1.92,55.6,49.98,0.84,0.28,0.89,3
Vegetables,-0.14647578109255027,0.5978954056427881,-0.6151974224129011,0.6534589056734907,1.285648447823186,Biogas,9.28,3.47,11.67,-2.64,1.25,0.6,1.31,4
Vegetables,-1.275955505314701,1.2731182816581528,1.3277968405163354,-1.6822818037638134,0.5209962970351752,Donation,2.8,1.35,87.7,104.86,1.53,0.63,1.13,4
Vegetables,-0.841703438519209,0.6693552780504615,1.1463716265240202,-0.5132631006137762,-0.6847160798595495,Biogas,4.88,2.05,72.32,78.26,1.29,0.48,1.25,4
Grains,-0.11535674047528366,-1.2378212146257659,0.07980070503458307,-0.9117400063044078,1.0152497162401786,Animal Feed,9.34,1.15,45.22,48.52,1.12,0.33,0.4,1
Grains,-0.10050447108977004,-1.4135541661589222,-0.3179391871793385,-0.05736877335388946,0.3348201211911365,Compost,9.14,0.93,26.37,19.95,0.97,0.38,0.38,1
Mixed,1.3019741094565824,0.8596718770137559,0.27134386365339275,0.005790390372291424,-2.8102274207456475,Compost,14.23,7.15,42.72,39.13,0.81,0.46,1.13,3
Fruits,0.6463525037246266,0.6832097431090924,-1.0059594217809642,-0.8026469053228227,0.596353320591093,Animal Feed,13.33,5.3,13.15,9.28,0.93,0.32,1.11,0
Vegetables,0.8450900131212602,0.46627798758579747,-0.7376594418577137,-1.3584475461132137,0.8999977978605369,Animal Feed,14.63,5.29,25.68,28.19,1.5,0.66,1.02,4
Fruits,0.04589646999600658,-0.2588938808777882,0.925870212594899,-0.9978661386582908,-3.047380406642221,Animal Feed,8.34,2.65,70.22,79.11,1.13,0.56,0.83,0
Mixed,0.25170648862383743,-0.11925545673422198,1.276160433456984,-0.09411592315821266,-1.5535382337983938,Compost,10.05,3.17,72.38,75.42,1.19,0.29,0.69,3
Mixed,0.7177848469597156,-0.5735360741830041,-1.0882985573620918,1.2448583478368203,-2.852338698615135,Compost,11.52,3.01,-7.04,-29.21,1.64,0.34,1.03,3
Mixed,1.0834335742125973,0.5257063508636075,0.836553184167913,-0.29392855021922104,-3.116088281060855,Compost,13.0,5.9,61.52,63.78,1.29,0.33,0.74,3
Grains,-0.09626096555105197,-1.7384049126652343,1.3605929368918692,-1.110404284934031,0.9088633300435878,Animal Feed,9.4,0.5,83.66,96.04,0.99,0.27,0.42,1
Grains,0.10742730030741975,-1.5287649808570083,-0.35108417819716536,-0.9094433094416375,0.758149282931746,Animal Feed,10.46,0.87,32.85,33.66,1.1,0.35,0.4,1
Vegetables,-1.1960361510021755,1.0922810535244485,0.1785378888034776,-1.4985460547421967,0.5453765105385611,Animal Feed,3.24,1.48,53.16,62.13,1.54,0.56,1.14,4
Vegetables,-1.222911686080724,0.6223230150882685,1.2922095870024584,-0.6453231702230633,1.06179376020119,Animal Feed,3.17,1.21,77.65,85.58,1.37,0.56,1.34,4
Grains,1.3663339434604749,-1.1958932282641204,-1.350667328366363,0.38704206959214627,1.1925603599011665,Compost,17.75,2.27,-7.08,-23.29,0.87,0.35,0.34,1
Vegetables,0.7114195886516381,0.5592487399529237,0.9876245642807446,-0.7567129680674186,0.5719731070877072,Animal Feed,13.68,5.2,69.88,77.03,1.65,0.54,1.25,4
Grains,0.7913389429641636,-1.4715241646937187,-0.6895119812212915,-1.394046347486152,1.2989467460977606,Animal Feed,14.59,1.3,27.36,30.45,1.2,0.27,0.39,1
Vegetables,-1.275955505314701,0.8305045821534806,0.9352903679368075,0.30665767939518895,0.8202080082130923,Biogas,2.84,1.18,59.14,56.73,1.52,0.43,1.2,4
Vegetables,-0.8699934754439969,1.1210837571989696,0.12480811389036892,1.254045135287901,0.048906708287791104,Biogas,4.91,2.32,27.65,12.35,1.67,0.53,0.92,4
Grains,0.3853769130934596,-1.2626134152569994,-1.7170067027739224,-0.15268169315885322,0.636248215414817,Compost,11.93,1.45,-12.89,-26.5,0.99,0.28,0.41,1
Vegetables,-1.0178089183760128,0.8352442675682756,-0.0077718501809381935,1.4733796856824561,0.9908695027367929,Biogas,4.3,1.77,21.94,3.96,1.26,0.4,1.29,4
Grains,-0.08848120539673537,-1.0712030427364452,1.4718903277833086,-1.3469640617993626,0.3547675686029985,Donation,9.21,1.39,88.91,103.98,0.91,0.35,0.45,1
Mixed,-0.4711039548044897,-0.6533815438630067,1.6058658704237876,-0.3341207453176997,-2.6728116719083834,Compost,6.12,1.5,83.94,90.96,0.96,0.39,0.99,3
Vegetables,-0.5375855415777407,1.3398384686510316,-1.0467800949292352,-1.6696499710185773,0.48331778525721486,Animal Feed,6.82,3.36,19.54,22.98,1.73,0.35,1.08,4
Vegetables,0.8436755112750212,0.6059164117293637,-1.694677445667176,-0.48455438982914856,0.26611224677250295,Biogas,14.19,5.57,-9.36,-19.96,1.48,0.54,1.56,4
Grains,-0.5319275341927833,-1.3592300794816603,0.8902829590810215,0.6660907384187272,0.773663964252081,Compost,6.94,0.74,54.71,48.92,1.06,0.26,0.39,1
Grains,1.0148302346699867,-1.237092032254259,1.2974430066368519,-0.6246528984581314,0.6295990662775296,Animal Feed,15.37,1.93,77.62,85.4,0.88,0.37,0.35,1
Grains,-1.6783812805698066,-1.4872015856811165,-0.8297676274230429,1.6203682848997496,0.5697567240419469,Compost,0.61,0.06,-2.89,-26.85,0.99,0.27,0.34,1
Grains,-1.4152839371692807,-1.7216337181205763,1.1575362550773938,-0.4684775117897572,0.2505975654521648,Compost,2.02,0.12,72.26,77.88,0.97,0.35,0.38,1
Meat,0.8875250685084419,0.1406980587079785,0.180980151299528,-1.043800075913695,-1.1169107737832067,Biogas,13.48,4.7,49.27,54.3,2.71,0.83,0.61,2
Vegetables,0.002046912762585497,1.0372277844756792,-0.18605701239261707,1.246006696268205,0.9110797130893481,Biogas,9.95,4.39,18.82,1.8,1.39,0.55,1.3,4
Grains,-1.1366270734601214,-1.4678782528361844,-0.6462490455769703,0.3146961184148847,0.5808386392707581,Compost,3.57,0.33,13.73,2.19,1.16,0.24,0.34,1
Vegetables,0.6668627804950977,0.59279112904224,0.5815112006517931,0.17230091292313182,0.9820039705537452,Biogas,13.69,5.18,50.16,46.9,1.63,0.36,1.1,4
Vegetables,1.1470861572933697,0.8429006824690976,0.7922435645967126,-0.17909370708071048,-0.5672477784341444,Biogas,15.2,6.76,59.26,60.27,1.42,0.53,1.19,4
Vegetables,0.908035345278913,0.6934182963101887,-0.15256312673249733,1.0760511284232095,0.6074352358199042,Biogas,14.77,5.89,21.26,5.92,1.6,0.41,1.04,4
Grains,-1.495203291481806,-1.2225083848241214,-1.46405808711156,1.1725123966595583,0.8468046047622415,Compost,1.63,0.21,-17.18,-40.89,0.85,0.36,0.3,1
Grains,0.603917448337445,-1.6166314566235866,-0.5848435885334174,-1.1930853719937586,0.9398926926842578,Animal Feed,13.31,0.94,28.63,30.57,1.09,0.34,0.35,1
Mixed,-1.3565821105503462,0.5858638965129248,1.2751137495301053,-0.35364266865124666,-2.714922949777868,Compost,2.01,0.91,74.61,79.9,0.99,0.43,0.53,3
Vegetables,0.4575165072516683,0.8356088587540287,-0.16407664992816368,1.2264847729346586,1.001951417965604,Biogas,12.53,5.16,19.61,2.9,1.51,0.3,0.91,4
Grains,0.6003811937218462,-1.2323523468394642,1.1495116783046566,0.5041736095934274,1.2435371699537017,Compost,13.48,1.65,63.55,60.65,0.89,0.27,0.42,1
Vegetables,-0.6175048958902662,1.0992082860537635,-0.8318609952768004,1.482566473133537,-0.352258622995196,Biogas,6.14,2.93,-1.76,-24.54,1.43,0.58,1.64,4
Vegetables,1.3811862128459884,0.9227461521491,0.7343270539760891,1.3884019017599585,-0.7002307611798846,Biogas,16.31,7.49,43.95,30.97,1.59,0.55,1.29,4
Vegetables,-1.4315507084010335,0.5439359101512793,-1.2540235124512258,-0.2020606757084127,1.0241152484232294,Biogas,2.0,0.74,0.81,-9.72,1.71,0.37,1.25,4
Fruits,1.070703057596443,0.7327941443715598,-0.05871046795570362,-0.07000060609912555,-0.05304691181727593,Biogas,15.18,6.34,33.92,29.1,1.24,0.38,1.15,0
Vegetables,1.4179632608482122,0.7714408100614242,1.289069535221822,-1.0139430166976822,0.3857969312436685,Animal Feed,17.38,7.2,80.77,91.89,1.53,0.45,0.96,4
Vegetables,-0.8169496562100198,0.9537364029381425,-0.6008927420788914,0.391635463317687,0.2505975654521648,Biogas,5.24,2.32,14.36,2.4,1.61,0.41,1.37,4
Vegetables,1.1704254377563195,0.4502359754126463,-0.0060273769694737245,1.0278204943050353,0.352551185557235,Biogas,16.02,5.91,25.86,11.77,1.85,0.57,1.13,4
Mixed,-0.5609248220406907,0.7805555897052601,1.4049025564630693,-1.3481124102307478,-0.2237084063409797,Animal Feed,6.47,2.77,87.0,101.69,1.16,0.53,1.0,3
Vegetables,1.383307965615347,1.1772307998049991,0.2818107029221801,-1.1597832674835906,0.6938741746046362,Animal Feed,17.45,8.12,53.17,59.79,1.5,0.52,1.04,4
Meat,-0.6380151726607374,0.266482017792914,-1.055851355628851,0.3962288570432273,-1.209998861705226,Biogas,5.77,2.13,1.29,-13.31,3.03,0.83,0.45,2
Vegetables,-1.4159911880924003,1.2902540673885643,1.528760154477054,-0.0791873935502064,-0.6647686324476876,Biogas,1.93,0.99,79.49,83.84,1.46,0.4,1.14,4
Vegetables,0.9448123932811373,1.141500863601162,0.8634180716244673,0.2997675888068785,1.092823122841863,Biogas,15.32,6.92,57.13,54.37,1.45,0.51,0.77,4
Meat,-1.0941920180729396,0.09913466353208669,0.6966464326084545,0.6006348778297762,-1.0548520485018635,Biogas,3.52,1.2,49.72,43.39,3.47,0.95,0.44,2
Grains,0.9646154191284888,-1.5881933441348184,1.4415364939038255,1.6261100270566753,0.9066469469978242,Compost,15.3,1.14,62.15,51.16,1.14,0.36,0.33,1
Grains,-0.18042382540229535,-1.3661573120109753,0.16248873525800378,0.19526788155083386,0.3237382059623254,Compost,8.7,0.94,37.95,32.09,1.05,0.31,0.4,1
Mixed,1.3521889249980807,0.2690341560931883,-0.4662194101538268,-1.1919370235623734,-2.0477916530033973,Animal Feed,15.08,5.83,32.01,34.62,1.2,0.48,0.84,3
Mixed,-0.8897965012913482,0.5027371061611412,-1.3185690212754149,-0.18713214610040624,-1.4072569527780758,Biogas,4.47,1.83,-1.17,-12.2,0.96,0.45,0.97,3
Vegetables,0.7538546440388199,0.9263920640066348,0.3795012027641961,-0.510966403751006,-0.15056776583081913,Biogas,13.44,6.01,50.32,51.85,1.35,0.47,1.34,4
Fruits,-0.040388142624596224,0.6394588008186799,0.6209362952308921,0.8452330937148035,-0.00428648481050433,Biogas,9.31,3.75,45.42,36.52,0.92,0.42,0.83,0
Meat,-1.133090818844523,-0.025555521995588734,1.3427993101349305,-0.640729776497523,-1.7818256875119138,Compost,3.2,1.07,79.07,87.25,3.28,0.87,0.51,2
Fruits,-0.5453653017320573,0.8031602432219728,1.30197863698666,0.23201503135515728,0.06220500656236575,Biogas,6.64,2.82,70.29,70.64,1.31,0.31,0.75,0
Fruits,-0.37774683295269007,-0.6165578341019097,0.21621851017111246,1.0243754490108798,-2.912181040850718,Compost,6.47,1.65,32.27,19.5,0.97,0.43,0.7,0
Vegetables,-0.28863321663960856,1.0948331918247223,1.5702786169099106,0.49958021586788665,1.1305016346198236,Biogas,8.42,3.75,75.66,75.21,1.81,0.59,0.91,4
Fruits,1.5374886668554404,0.8607656505710157,-1.6322253046967445,-1.384859560035071,-0.09515818968676021,Animal Feed,17.62,7.7,0.27,-2.12,0.93,0.41,0.65,0
Vegetables,-1.4046751733224854,0.5844055317699108,1.0853150641227605,1.3815118111716476,-0.7844533169188531,Biogas,1.97,0.81,54.08,43.18,1.33,0.62,1.14,4
Meat,-0.8721152282133559,0.34085861968661535,-0.07406183221659175,1.0381556301875012,-0.3411767077663817,Biogas,4.8,1.75,23.83,9.27,3.68,1.04,0.52,2
Vegetables,-0.9824463722200281,0.9391527555080048,-1.0317776253106399,-1.3733760757212201,1.19477674294693,Animal Feed,4.54,1.92,17.38,18.32,1.36,0.52,1.14,4
Vegetables,0.30121405324221595,1.183793441148561,-1.35031843372407,-1.2321292186608523,0.5032652326690736,Animal Feed,11.4,5.36,7.01,4.9,1.13,0.49,1.4,4
Meat,1.611042762859889,-0.18962155558463525,-1.6650214010722784,1.3482097066614795,-0.6625522494019241,Compost,17.52,5.1,-24.47,-50.86,2.62,1.01,0.63,2
Grains,0.8351885001975845,-1.4489195111770057,-1.4200973621826527,-0.3685711982592529,0.407960761701294,Compost,14.24,1.37,-2.5,-12.53,0.82,0.29,0.45,1
Grains,0.7404168764995458,-1.2961558043463155,-1.6248985172085932,0.10110331017725518,1.1859112107638823,Compost,14.23,1.62,-12.46,-27.76,0.86,0.34,0.45,1
Grains,-0.28863321663960856,-1.4769930324800205,-1.099463185915465,1.1403586405807757,0.8046933268927541,Compost,8.3,0.75,-6.45,-27.77,0.98,0.32,0.48,1
Grains,-0.4986867408061575,-1.2312585732822037,1.1010153230259416,0.8567165780286543,0.5143471478978879,Compost,7.04,0.89,59.09,52.84,0.89,0.22,0.38,1
Fruits,0.538850363410433,0.6409171655616939,-0.7491729650533798,-0.7957568147345122,-1.3695784410001155,Animal Feed,11.58,4.99,20.45,17.99,1.31,0.47,0.87,0
Meat,-1.079339748687426,-0.19837174404271754,1.0486811266820044,-0.06655556080497031,-1.9790837785847637,Compost,3.42,1.06,65.63,67.13,3.25,0.88,0.47,2
Vegetables,0.36698838909234743,0.49398691770305886,-1.092136398427314,1.5778793929385007,0.7049560898334506,Biogas,11.87,4.38,-10.04,-35.14,1.45,0.5,1.43,4
Fruits,0.9773459357446432,-0.5352539996788932,1.7391436237796805,-1.2286841733666969,-1.7086850470017563,Donation,13.52,3.41,95.55,111.12,0.96,0.32,0.72,0
Vegetables,1.33097139730449,0.5614362870674444,0.6924596969009393,-0.24454956766966152,0.13756203011828663,Biogas,16.71,6.5,56.97,57.97,1.41,0.52,0.87,4
Vegetables,0.1724943852344317,0.557061192838403,-0.46796388336529127,1.417110612544586,0.8999977978605369,Biogas,10.9,4.08,9.25,-10.87,1.71,0.53,1.52,4
Grains,-0.7320795454356565,-1.169642662889873,0.19319146377978003,-0.9404487170890354,0.9088633300435878,Animal Feed,5.87,0.78,48.72,52.91,0.99,0.31,0.39,1
Vegetables,0.96107916451289,1.1677514289754096,0.8874918019426782,0.4272342646906251,0.6805758763300648,Biogas,15.12,7.02,56.72,52.99,1.52,0.64,1.0,4
Meat,-0.23841840109811024,0.19465755419948702,-0.9162934987116854,-0.9174817484613333,-1.8704810093424094,Biogas,7.52,2.79,16.72,14.36,2.14,0.63,0.34,2
Vegetables,0.710005086805399,0.9971227540428014,0.9335458947253431,1.4400775811722881,0.37914778210638433,Biogas,13.55,6.05,49.21,36.92,1.78,0.28,1.3,4
Grains,-0.30136373325576304,-1.6392361101402997,0.21552072088652652,1.6559670862726878,0.9465418418215451,Compost,8.28,0.56,26.75,8.47,1.03,0.3,0.32,1
Meat,-1.2738337525453418,0.013455734880029005,1.0779882766346094,-1.1287778598361926,-1.3496309935882567,Compost,2.57,0.86,75.72,86.64,3.33,1.06,0.6,2
Mixed,-1.5171280700985166,-0.04888935788380871,0.9904157214190878,-0.038995198451727754,-3.06511147100832,Compost,1.24,0.44,63.72,64.64,1.26,0.44,0.66,3
Vegetables,-0.4689822020351305,0.8902975366170442,0.9279635804486561,0.776332187831697,0.3170890568250381,Biogas,7.14,3.09,54.83,48.29,1.47,0.55,1.33,4
Meat,0.6286712306466343,0.4917993705885381,1.5179444205659736,-0.7153724245375547,-0.7778041677815689,Biogas,12.39,4.9,84.73,94.56,3.95,1.04,0.55,2
Grains,-1.6062416864115978,-1.1991745489359014,1.0758949087808518,-0.8543225847351525,0.824640774304616,Animal Feed,1.02,0.13,73.27,81.78,0.94,0.26,0.42,1
Grains,0.3358693484750808,-1.2808429745446714,-0.5534430707270552,1.46074785293722,0.25946309763521563,Compost,11.45,1.39,6.42,-14.57,1.08,0.33,0.28,1
Meat,0.7015180757279623,0.544300501337033,1.7272812059417217,-0.2640714910032083,-1.2388118413001388,Biogas,12.47,5.15,86.81,93.92,2.66,1.29,0.6,2
Grains,-1.4265999519391956,-1.6859037819167395,-0.9679299057710367,-1.2895466402301075,0.7714475812063206,Animal Feed,2.01,0.12,18.48,19.06,1.11,0.27,0.39,1
Vegetables,1.0424130206716546,0.7801909985195065,-1.3164756534216575,-0.5879057486538081,0.6340318323690535,Biogas,15.53,6.38,2.38,-5.15,1.71,0.27,1.37,4
Fruits,1.092627836213153,-0.6172870164734164,0.5267347418118054,-1.5513700825859116,-2.5619925196202655,Animal Feed,13.45,3.36,63.6,75.03,0.97,0.52,0.97,0
Mixed,-1.6465549890294204,-0.6508294055627326,1.2056837157138156,0.9933700413634821,-2.218453147527101,Compost,0.68,0.16,60.9,54.07,1.79,0.42,0.73,3
Vegetables,1.3295568954582506,0.49544528244607233,1.713325420250005,0.40541564449430795,-0.1461349997392953,Biogas,16.48,6.33,80.57,81.76,1.35,0.49,1.5,4
Vegetables,1.019073740208705,0.7349816914860805,0.09410538536859267,0.6833159648895036,0.27719416200131414,Biogas,15.15,6.23,31.74,21.23,1.91,0.48,1.12,4
Vegetables,1.0431202715947747,1.2501490369556865,-0.3999294281181733,-1.64553465395949,-0.28133436553079894,Animal Feed,14.87,7.41,37.86,44.8,1.37,0.55,1.49,4
Grains,1.2079097366816633,-1.6786119582016708,-0.47738403870720003,-1.436535239447401,0.23729926717759334,Animal Feed,16.13,1.03,33.82,38.5,1.01,0.27,0.44,1
Vegetables,0.41013069540264874,0.93331929653595,0.9209856876027982,-1.721325650430907,-0.2569541520274132,Animal Feed,11.56,5.21,76.38,91.55,1.06,0.41,1.36,4
Vegetables,-0.23134589186691348,1.2060335034795209,-0.6110106867053859,-1.2275358249353119,-0.37885521954434215,Animal Feed,8.14,4.02,28.17,30.26,1.58,0.49,0.95,4
Grains,1.6202370248604445,-1.2779262450586437,-0.49238650832579534,0.8119309892046356,0.596353320591093,Compost,18.66,2.23,13.81,-1.18,0.93,0.32,0.35,1
Vegetables,0.12723032615477126,1.2085856417797947,0.9471527857747668,-0.7601580133615738,-0.45642862614602653,Animal Feed,9.98,4.95,68.76,75.71,2.0,0.58,0.95,4
Vegetables,0.8450900131212602,0.689772384452654,-1.6814194492600452,-0.33641744218047004,0.5719731070877072,Biogas,14.4,5.75,-10.27,-22.07,1.44,0.39,1.12,4
Vegetables,-1.3686053762433807,0.438204466282783,-1.6549034564457838,-0.129714724531151,-0.8021843812849547,Biogas,2.16,0.84,-11.31,-24.76,1.88,0.42,1.23,4
Grains,-1.4994467970205243,-1.4915766799101575,0.29123085826408884,-0.5890540970851932,0.30379075855046345,Animal Feed,1.57,0.14,48.47,50.17,0.95,0.19,0.44,1
Vegetables,-0.19103258924909092,0.7721699924329309,1.3351236280044865,1.3206493443082372,0.7825294964351318,Biogas,8.83,3.59,61.75,52.81,1.13,0.62,1.02,4
Grains,-0.830387423749294,-1.3158437283770013,0.19633151556041636,-1.382562863172301,0.407960761701294,Animal Feed,5.21,0.6,52.66,60.73,1.07,0.35,0.38,1
Grains,-0.03190113154715983,-1.3865744184131679,-0.5094823457981482,-0.19861563041425725,1.1415835498486346,Compost,9.87,1.0,22.12,15.83,1.14,0.31,0.48,1
Vegetables,-1.1939143982328166,1.0182690428165007,0.04944687115509967,1.177105790385099,0.6295990662775296,Biogas,3.27,1.45,26.16,11.1,1.49,0.55,1.06,4
Mixed,-0.14647578109255027,0.6033642734290898,1.7244900488033785,-0.5190048427707018,0.6052188527741439,Biogas,9.0,3.48,88.94,98.24,1.83,0.39,0.44,3
Grains,0.5572388874115449,-1.645434160298108,-0.6141507384860223,0.14588889900127436,1.0972558889333868,Compost,13.15,0.87,16.12,6.22,1.0,0.17,0.34,1
Vegetables,-0.2150791206351605,0.5286230803496349,1.0078604535337337,-1.6685016225871923,0.9687056722791705,Animal Feed,8.77,3.24,78.41,93.63,1.85,0.42,1.17,4
Grains,0.7156630941903565,-1.6184544125523537,-0.15151644280561855,-0.8014985568914376,0.35033480251147153,Animal Feed,13.56,0.98,37.63,38.64,0.92,0.35,0.46,1
Vegetables,0.9971489615919943,1.2395758925688365,-1.491969658494993,-0.16875857119824456,-0.4475630939629757,Biogas,14.51,7.27,-6.3,-18.48,1.23,0.33,1.06,4
Vegetables,-1.4874235313274893,1.0295713695748574,0.9684353589546345,-0.9037015672847121,0.36584948383180965,Animal Feed,1.64,0.74,70.62,78.94,1.39,0.59,1.13,4
Vegetables,-1.2080594166952103,1.3289007330784286,0.9262191072371916,0.27565227174779117,1.239104403862178,Biogas,3.28,1.56,59.14,56.95,1.31,0.39,1.33,4
Meat,1.2623680577618794,-0.009148918636683979,0.5372015810805931,0.155075686452355,0.013444579555594149,Compost,16.25,5.0,49.04,45.67,3.06,1.19,0.42,2
Vegetables,-0.6005308737353935,1.0237379106028024,1.0626369123737207,-1.3125136088578095,1.2169405734045524,Donation,6.7,2.9,76.88,89.3,1.84,0.45,0.95,4
Mixed,0.630792983415993,0.8305045821534806,-1.374741058684574,-0.49718622257438483,0.2217845858572552,Biogas,13.02,5.54,-0.08,-8.73,0.81,0.36,0.88,3
Vegetables,0.8450900131212602,0.8111812493085484,-0.8507013059606177,-1.132222905130348,-0.38550436868162946,Animal Feed,13.76,6.0,20.47,20.36,1.66,0.44,1.2,4
Mixed,-0.41240212818555494,0.2949201302816821,-0.9250158647690083,-0.24110452237550628,-1.1146943907374463,Biogas,6.94,2.58,10.58,2.28,0.82,0.49,0.78,3
Vegetables,0.45539475448230915,1.2300965217392474,-0.7463818079150365,-1.5973040198413158,-0.7977516151934277,Animal Feed,11.49,5.84,27.51,32.05,1.22,0.43,0.99,4
Vegetables,1.4427170431574017,1.0780619972800642,-1.6116405208014624,0.5122120486131228,1.219156956450316,Biogas,18.21,8.03,-15.66,-34.45,1.7,0.48,1.24,4
Grains,0.17037263246507253,-1.389855739084949,0.6610591790945775,-0.30426368610168697,1.0861739737045757,Compost,10.97,1.11,56.59,57.94,1.02,0.3,0.45,1
Vegetables,1.383307965615347,1.254888722370481,-0.3594576496121951,-1.598452368272701,0.6074352358199042,Animal Feed,17.38,8.31,38.61,45.37,1.41,0.6,1.45,4
Vegetables,-0.33955528310422645,0.570915657897034,-1.2187851535796417,0.8567165780286543,-0.14170223364777146,Biogas,7.67,3.03,-7.39,-26.93,1.45,0.68,1.11,4
Grains,0.7849736846560862,-1.28813479825974,0.3986904080903062,-0.7303009541455612,0.46115395479958937,Animal Feed,14.0,1.67,52.78,56.33,1.03,0.36,0.39,1
Fruits,1.571436711165186,-0.5724423006257439,-0.8705883005713138,0.7705904456747714,-0.23035755547826386,Compost,17.69,4.04,3.33,-13.48,1.23,0.38,0.74,0
Vegetables,0.3464781123218764,0.9511842646378682,1.3225634208819417,0.0505759791963106,-0.013152016993555143,Biogas,11.36,5.09,72.46,74.5,1.3,0.51,1.15,4
Grains,-0.8275584200568152,-1.5954851678498874,-0.21257300520687844,-0.8026469053228227,0.7470673677029348,Animal Feed,5.3,0.39,35.89,36.57,1.03,0.27,0.32,1
Vegetables,1.652063316400831,0.9654033208822522,-1.262048089223963,1.635296814507756,0.9398926926842578,Biogas,19.14,8.24,-15.42,-41.99,1.76,0.51,1.51,4
Grains,-1.363654619781543,-1.455846743706321,-0.6197330527627087,-0.6579550029682995,0.28384331113860145,Animal Feed,2.3,0.22,22.96,20.04,1.14,0.38,0.37,1
Grains,0.00841217107066273,-1.4172000780164569,-0.5974037956559622,-1.075953831992478,0.7758803472978445,Animal Feed,9.92,0.98,27.24,28.1,1.0,0.27,0.45,1
Meat,-0.9930551360668235,0.48341377331620894,0.5288281096655629,-1.0036078808152162,-1.1701039668815052,Biogas,4.0,1.61,58.9,65.58,2.41,0.84,0.59,2
Vegetables,1.1039438509830684,1.2100440065228086,-0.21292189984917154,1.180550835679254,1.0484954619266154,Biogas,16.17,7.48,18.61,2.01,1.4,0.59,0.71,4
Grains,-0.6712559660473628,-1.6625699460285195,-1.0537579877750936,1.561802514899109,0.9509746079130721,Compost,6.22,0.4,-8.81,-33.54,0.92,0.36,0.45,1
Meat,0.6590830203407811,0.388255473834562,-0.6120573706322647,0.3548883135133636,-1.0991797094171083,Biogas,12.35,4.77,14.36,2.66,3.54,0.97,0.34,2
Grains,-1.1620881066924305,-1.3453756144230298,-0.24955583728992736,0.08617478056924872,0.718254388108022,Compost,3.46,0.38,27.09,19.81,0.76,0.31,0.47,1
Grains,1.5212218956236876,-1.5302233456000218,-0.15849433565147691,1.0174853584225694,0.246164799360641,Compost,17.83,1.52,21.59,6.72,1.11,0.38,0.34,1
Fruits,1.1704254377563195,0.23403340226085811,1.3400081529965873,-1.0150913651290674,-0.5916279919375302,Animal Feed,15.31,5.41,82.24,93.66,1.22,0.61,1.15,0
Grains,0.39457117509401557,-1.199539140121655,-1.7389870652383759,-1.0483934696392354,1.0484954619266154,Animal Feed,12.21,1.56,-5.72,-11.66,0.97,0.28,0.39,1
Mixed,-0.645794932815054,0.34304616680113603,-0.24676468015158412,1.1506937764632417,-0.2214920232952162,Biogas,6.02,2.19,17.9,1.37,1.41,0.27,1.1,3
Grains,-1.6380679779519842,-1.6093396329085177,-0.09534440539645946,-0.00569309394155959,0.5209962970351752,Compost,0.83,0.06,32.32,26.73,1.11,0.21,0.45,1
Grains,-0.6436731800456947,-1.2290710261676834,-1.391488001514634,-1.6742433647441177,0.45893757175382904,Animal Feed,6.24,0.79,9.69,11.19,0.95,0.32,0.5,1
Vegetables,0.9179368582025887,0.7801909985195065,0.4524201830034149,0.22053154704130604,0.880050350448675,Biogas,15.02,6.1,46.04,41.62,1.4,0.5,1.52,4
Vegetables,0.5975521900293674,1.0937394182674618,0.15202189598921623,-1.294140033955648,0.37249863296909697,Animal Feed,12.93,5.96,50.62,57.67,1.71,0.35,1.2,4
Vegetables,0.9759314338984036,1.0463425641195152,-0.12500044999135718,0.031054055862763816,0.5342945953097468,Biogas,15.1,6.8,31.14,25.06,1.46,0.57,0.9,4
Meat,-0.9647650991420358,0.09621793404605926,-1.551979536969374,0.28254236233610164,-0.8930560861612106,Biogas,4.2,1.42,-11.95,-28.4,2.13,1.11,0.41,2
Vegetables,-1.6904045462628414,0.7174813145699154,-0.897802082670161,-0.49718622257438483,0.04669032524203076,Biogas,0.53,0.22,13.59,7.68,1.43,0.62,1.12,4
Grains,-1.289393272853975,-1.3698032238685098,1.130671367620839,0.47431655037741444,0.8468046047622415,Compost,2.77,0.29,63.27,60.53,0.96,0.33,0.5,1
Mixed,0.710005086805399,0.051373218198386396,-0.6162441063397796,-1.5559634763114518,-2.284944638899971,Animal Feed,11.84,4.21,30.88,35.8,1.03,0.34,0.67,3
Grains,0.4044726880176913,-1.1175061233271317,0.9401748929289084,-1.3641892882701392,0.7603656659775094,Animal Feed,12.1,1.71,73.82,86.0,1.14,0.27,0.38,1
Vegetables,0.5911869317212904,0.6482089892767622,-0.5747256439069229,-0.43862045257374427,1.2435371699537017,Biogas,13.43,5.12,22.34,17.76,1.58,0.56,1.11,4
Vegetables,-1.30141653854701,1.0386861492186932,1.3968779796903326,1.010595267834259,-0.38993713477315645,Biogas,2.55,1.2,66.23,60.35,1.47,0.55,1.59,4
Vegetables,0.3952784260171351,1.025196275345816,1.4331630224887952,1.3355778739162434,1.006384184057131,Biogas,12.19,5.33,64.45,55.94,1.31,0.54,1.35,4
Vegetables,1.1591094229864045,0.895766404403346,0.3435650546080259,-0.44551054316205496,0.124263731843712,Biogas,15.79,6.9,48.72,49.47,1.23,0.63,0.98,4
Meat,-0.40462236803123836,0.23330421988935138,-0.5743767492646301,0.3227345574345805,-1.143507370332356,Biogas,6.97,2.53,15.72,4.52,3.54,1.11,0.3,2
Grains,-1.7165728304182701,-1.1951640458926136,0.26820381187275644,1.2092595464638818,0.36141671774028267,Compost,0.4,0.05,32.15,18.05,0.96,0.24,0.47,1
Vegetables,0.9752241829752841,0.4648196228427835,0.4618403383453237,0.5328823203780549,1.1371507837571075,Biogas,15.52,5.55,43.59,36.5,1.62,0.44,1.16,4
Grains,-0.5036374972679953,-1.2720927860865887,-1.1619153268858968,1.180550835679254,0.6783594932843012,Compost,7.07,0.85,-8.58,-30.62,0.95,0.38,0.51,1
Fruits,-1.0135654128372946,0.01928919385208413,-1.2522790392397614,1.35280310038702,-1.265408437849285,Compost,3.88,1.29,-12.68,-36.73,1.08,0.4,0.91,0
Fruits,0.1597638686182772,-0.2133199826586086,0.5260369525272197,1.025523797442265,-2.2938101710830185,Compost,9.23,2.89,41.14,30.13,1.32,0.61,0.16,0
Mixed,1.040291267902296,0.8275878526674532,1.2189417121209463,1.657115434704073,-1.1279926890120209,Biogas,14.24,6.48,55.5,42.96,1.42,0.25,0.61,3
Vegetables,-1.4096259297843232,0.884828668830743,-1.5094143906096387,0.14129550527573403,-0.1550005319223461,Biogas,2.01,0.89,-9.5,-24.47,1.4,0.56,1.43,4
Vegetables,1.6251877813222824,0.8629531976855365,-0.7592909096798742,-1.3527058039562883,1.1526654650774457,Animal Feed,19.18,7.91,25.01,27.33,1.68,0.47,1.46,4
Vegetables,0.5169255847937223,1.2242630627671927,-1.0614336699055376,0.22856998606100182,0.10431628443185002,Biogas,12.34,5.99,2.58,-10.59,1.54,0.55,0.97,4
Vegetables,1.0919205852900336,1.1637409259321219,0.6760616487131724,0.6637940415559567,0.2949252263674126,Biogas,15.55,7.34,48.59,41.6,1.51,0.39,1.16,4
Vegetables,-1.1889636417709786,0.5501339603090878,1.2726714870340552,0.30665767939518895,0.7337690694283602,Biogas,3.31,1.25,68.8,68.32,1.54,0.55,0.93,4
Mixed,0.5176328357168424,-0.1476935692229901,0.48277401688289856,0.5673327733196079,0.27941054504707763,Compost,12.44,3.53,43.89,36.62,1.39,0.4,0.62,3
Grains,1.166181932217601,-1.6490800721556425,-0.5161113440017134,-0.17564866178655525,0.25946309763521563,Compost,15.93,1.09,21.73,15.21,1.09,0.32,0.4,1
Fruits,1.4639345708509923,0.9296733846784153,-1.5540729048231317,1.430890793721207,0.17745692494200743,Biogas,17.46,7.7,-22.01,-48.47,0.73,0.4,0.54,0
Grains,0.04165296445728825,-1.3136561812624805,1.100317533741356,-1.0036078808152162,0.7049560898334506,Animal Feed,10.08,1.15,75.28,85.23,1.04,0.34,0.39,1
Vegetables,0.5699694040276994,0.9504550822663614,-0.9012910290930901,1.2712703617586778,0.7936114116639429,Biogas,13.04,5.62,-1.9,-23.23,1.69,0.6,1.26,4
Vegetables,1.4370590357724442,1.1812413028482869,1.6606423292637749,-0.15727508688439354,-0.7401256560036085,Biogas,16.56,8.27,83.96,89.75,1.59,0.5,1.51,4
Vegetables,-0.7037895085108689,0.8221189848811519,-0.6933498222865137,-0.18713214610040624,0.407960761701294,Biogas,5.89,2.48,16.75,9.32,1.51,0.38,1.45,4
Vegetables,0.47166152571406217,1.1918144472351369,-0.6242686831125167,-1.2401676576805478,0.5941369375453327,Animal Feed,12.38,5.81,27.9,30.02,1.49,0.72,1.09,4
Vegetables,-0.18183832724853496,0.8301399909677275,-1.124234705518262,0.31125107312072925,0.7315526863825967,Biogas,8.86,3.68,0.06,-14.19,1.47,0.56,1.48,4
Fruits,1.2545882976075629,0.49508069126031923,-1.075738350239547,-0.17220361649239999,-2.7947127394253126,Compost,14.03,6.18,5.66,-4.1,0.85,0.43,0.78,0
Vegetables,-1.0072001545292173,0.7247731382849842,1.5751631419020113,0.33192134488566155,-0.4830252226951727,Biogas,4.07,1.73,77.25,78.29,1.48,0.51,1.31,4
Vegetables,-0.860091962520321,1.111239795183627,0.22842982265136424,-0.7119273792433994,1.270133766502851,Animal Feed,5.25,2.33,47.75,50.16,1.53,0.46,1.06,4
Grains,-0.27378094725409496,-1.5980373061501612,-0.6982343472786143,-0.4512522853189806,0.7913950286181826,Compost,8.38,0.62,18.9,13.73,1.07,0.3,0.41,1
Vegetables,-0.4788837149588063,0.822483576066905,0.39345698845591254,0.009235435666446667,-0.8575939574290137,Biogas,6.69,3.0,46.19,43.27,1.4,0.35,1.38,4
Grains,-0.0722144341649824,-1.1940702723353533,-1.4884807120720638,-1.6639082288616518,0.2550303315436918,Animal Feed,9.25,1.24,6.82,7.68,1.07,0.2,0.34,1
Grains,-0.5743625895799648,-1.3435526584942625,0.4199729812701739,0.4892450799854207,0.702739706787687,Compost,6.69,0.73,42.77,35.82,1.03,0.35,0.38,1
Vegetables,0.9731024302059249,0.5683635195967597,-1.6556012457303695,0.70054119136028,-0.013152016993555143,Biogas,14.69,5.77,-18.56,-39.24,1.48,0.42,0.99,4
Vegetables,0.7849736846560862,0.4363815103540159,0.8826072769505774,-0.18713214610040624,-0.2126264911121654,Biogas,13.56,5.11,61.92,63.52,1.73,0.59,1.26,4
Meat,0.14349709738652425,0.44185037814031713,-1.0373599395873265,-0.2835934143367551,-0.30128181294266093,Biogas,10.14,3.85,7.73,-0.84,2.46,0.89,0.65,2
Grains,0.5643113966427419,-1.6829870524307118,-0.1923371159538895,0.6580522993990314,1.2258061055876033,Compost,13.26,0.8,23.75,11.83,1.12,0.24,0.34,1
Vegetables,-0.8360454311342514,1.306296079561716,-0.4721506190728064,-0.48799943512330396,1.0396299297435645,Biogas,5.33,2.54,25.7,22.15,1.57,0.36,1.25,4
Grains,-0.8466541949810469,-1.4627739762356364,-0.9449028593797043,0.5340306688094398,1.230238871679127,Compost,5.32,0.48,3.26,-11.91,0.86,0.27,0.47,1
Fruits,1.263782559608119,0.2617423323781195,-0.6643915669762018,-1.6145292463120922,-1.0592848145933873,Animal Feed,15.42,5.65,30.01,35.16,0.95,0.46,1.1,0
Meat,-1.6359462251826251,-0.13566206009312648,0.5870935149284796,1.5468739852911029,-0.8066171473764786,Compost,0.79,0.24,38.35,23.16,3.86,0.64,0.58,2
Vegetables,1.5933614897818966,1.2235338803956854,1.0867106426919322,-0.6556583061055292,0.44120650738772743,Animal Feed,18.38,8.78,71.85,78.7,1.61,0.54,1.08,4
Fruits,-0.8339236783648925,0.2748676150652432,1.480263799198339,-1.0943274068946396,-0.3566913890867198,Animal Feed,5.0,1.78,86.95,99.87,1.51,0.54,0.73,0
Vegetables,0.4518584998667106,0.978528603569376,0.4914963829402214,-0.5557519925750252,-0.1483513827850588,Biogas,11.84,5.39,53.92,56.48,1.61,0.55,1.45,4
Mixed,-0.5191970175766288,0.3536193111879854,-0.20594400700331317,0.2917291497871827,-1.604515043850926,Biogas,6.24,2.44,26.55,17.73,0.86,0.47,0.68,3
Mixed,-1.2101811694645694,0.7499299301019713,0.9080765858379602,-1.6696499710185773,-1.6067314268966892,Animal Feed,2.85,1.29,75.56,90.21,1.55,0.25,0.74,3
Grains,0.46600351832910447,-1.352302846952345,-0.15605207315542652,0.9933700413634821,1.2435371699537017,Compost,12.72,1.35,21.87,7.22,1.07,0.29,0.42,1
Fruits,-0.2709519435616162,-0.09118193543120724,-0.6096151081362143,0.2986192403754932,0.15307671143862164,Compost,8.14,2.39,14.93,3.74,0.8,0.23,0.83,0
Grains,0.8733800500460479,-1.5550155462312556,0.21796298338257694,1.5055334417612392,0.3946624634267193,Compost,14.44,1.17,28.13,11.17,0.89,0.26,0.48,1
Grains,-1.1910853945403375,-1.446731964062485,0.7008331683159696,0.8268595188126419,0.7337690694283602,Compost,3.3,0.31,47.88,39.6,0.93,0.33,0.38,1
Grains,0.14632610107900296,-1.2108414668800114,0.5473195257070874,-1.467540647094799,0.5010488496233133,Animal Feed,10.55,1.37,63.45,74.27,0.99,0.32,0.4,1
Vegetables,0.0798445143057519,0.49617446481757904,-1.1134189716071818,-1.7259190441564476,0.596353320591093,Animal Feed,10.23,3.8,18.12,21.67,1.67,0.53,1.59,4
Vegetables,-1.5036903025592423,0.8195668465808775,-0.999330423577399,1.014040313128414,0.1331292640267628,Biogas,1.53,0.65,-2.48,-22.13,1.5,0.41,1.28,4
Grains,-1.617557701181513,-1.1390170032865845,1.0608924391622563,-0.5006312678685401,0.9022141809063005,Compost,0.96,0.13,69.76,75.11,0.94,0.26,0.5,1
Grains,0.2990923004728568,-1.3504798910235776,1.7154187881037626,-0.13201142139392114,0.28384331113860145,Compost,11.27,1.25,85.31,91.19,1.18,0.21,0.35,1
Grains,-0.04321714631707494,-1.0872450549095964,-0.37585569779996203,1.5928079225465068,0.8822667334944385,Compost,9.69,1.4,10.35,-10.78,1.08,0.29,0.39,1
Grains,-0.22285888078947708,-1.6151730918805727,-1.4577779835502875,-1.7178806051367517,0.6295990662775296,Animal Feed,8.59,0.62,8.17,9.67,1.02,0.28,0.41,1
Vegetables,-1.0849977560723836,1.2053043211080137,-0.3224748175291465,1.2150012886208073,-0.49410713792398697,Biogas,3.66,1.82,15.17,-2.35,1.34,0.53,0.92,4
Vegetables,0.3436491086293977,1.1790537557337661,-1.7396848545229617,-0.13315976982530622,0.6783594932843012,Biogas,11.72,5.46,-13.72,-27.63,1.9,0.53,1.38,4
Meat,-1.087119508841743,0.3189831485414088,-1.0038660539272068,-0.9634156857167375,-1.702035897864469,Biogas,3.44,1.33,14.62,12.16,3.15,1.27,0.56,2
Meat,-0.7108620177420657,-0.2643627486640897,1.4795660099137526,0.9037988637154437,-0.41431734827654226,Compost,5.63,1.56,69.53,65.05,2.12,0.56,0.64,2
Grains,1.3295568954582506,-1.319125049048782,0.6969953272507475,-1.1460030863069695,1.2834320647774256,Animal Feed,17.62,1.94,64.95,73.83,1.02,0.36,0.39,1
Fruits,-0.860091962520321,0.8932142661030716,0.9408726822134941,-0.041291895314497916,-3.051813172733745,Compost,4.23,2.18,62.32,62.98,1.38,0.31,0.89,0
Mixed,0.7588054005006577,0.5964370408997741,1.491777322394005,1.1564355186201671,-2.639565926221947,Compost,11.84,5.37,67.68,61.07,1.34,0.36,0.71,3
Vegetables,-0.16627880693990152,1.2592638165995222,-1.3820678461727252,-0.1894288429631764,-0.8708922557035852,Biogas,8.28,4.26,-2.97,-14.33,1.34,0.53,1.04,4
Grains,1.2616608068387598,-1.0595361247923352,-0.3594576496121951,-0.9737508215992036,0.7714475812063206,Animal Feed,16.84,2.52,33.17,34.49,1.18,0.3,0.33,1
Grains,1.1499151609858485,-1.2480297678268621,0.799221457442571,0.5524042437116016,0.30822352464198727,Compost,15.88,1.99,53.08,47.75,1.12,0.3,0.37,1
Fruits,-1.2575669813135888,0.3299208841140123,1.2559245442039952,1.5388355462714072,-0.06412882704608709,Biogas,2.82,1.01,57.6,46.3,0.99,0.27,0.34,0
Vegetables,0.7050543303435611,0.5340919481359366,0.2971620671830684,-0.37775798571033375,1.0861739737045757,Biogas,13.97,5.14,46.8,46.69,1.71,0.31,0.96,4
Vegetables,0.46105276186726657,1.0937394182674618,-1.6287363582738152,-0.510966403751006,1.1903439768554063,Biogas,12.66,5.62,-7.24,-17.23,1.83,0.43,1.27,4
Vegetables,0.2177584443140921,1.2184296037951372,-1.5868690011986655,-1.142558041012814,0.9022141809063005,Animal Feed,11.15,5.2,-0.54,-4.79,1.57,0.45,1.42,4
Grains,-1.25544522854423,-1.666215857886054,-0.837443309553487,1.647928647252992,0.596353320591093,Compost,2.93,0.19,-3.35,-27.6,0.97,0.27,0.43,1
Fruits,1.3465309176131233,-0.4499396622125891,-1.7047953902936703,1.5388355462714072,0.35033480251147153,Compost,16.97,4.07,-27.27,-55.54,1.17,0.54,0.61,0
Grains,-0.4774692131125669,-1.3486569350948105,0.7161845325768578,-0.620059504732591,0.9975186518740802,Animal Feed,7.32,0.79,60.92,65.32,0.91,0.25,0.5,1
Vegetables,-0.031193880624040025,0.9238399257063604,-0.7125390276126239,-0.6751802294390761,0.5342945953097468,Animal Feed,9.6,4.16,20.45,17.15,1.42,0.35,1.48,4
Grains,-0.218615375250759,-1.6596532165424922,1.1875411943145844,1.6869724939200856,0.21070267062844406,Compost,8.45,0.56,54.34,41.36,1.2,0.27,0.49,1
Meat,0.504902319100688,0.5395608159222385,-1.1151634448186463,0.8521231843031141,-0.15721691496810647,Biogas,12.12,4.74,-4.4,-23.31,1.86,1.3,0.51,2
Vegetables,0.27363126724054787,1.2056689122937672,-0.08836651255060134,1.1633256092084776,0.051123091333554596,Biogas,11.01,5.33,22.33,6.6,1.54,0.67,1.25,4
Vegetables,0.30687206062717337,0.5344565393216903,-0.4585437280233827,0.056317721353236004,0.3436856533741842,Biogas,11.34,4.32,21.36,13.14,1.94,0.63,1.13,4
Vegetables,-0.9463765751409238,1.055457343763351,1.6808782185167643,-1.4514637690554073,0.9332435435469736,Donation,4.69,2.08,95.8,112.98,1.7,0.54,1.45,4
Grains,-1.0616584756094338,-1.4186584427594702,-0.6155463170551939,-1.5869688839588496,0.758149282931746,Animal Feed,4.02,0.4,31.18,36.38,1.04,0.25,0.5,1
Vegetables,-1.1125805420740518,0.8388901794258098,1.0322830784942376,1.6720439643120792,0.02231011173864496,Biogas,3.61,1.56,50.02,36.28,1.6,0.45,0.98,4
Vegetables,-0.46261694372705325,1.3347341920504834,-0.11418471608027678,-1.4663922986634137,-0.5982771410748176,Animal Feed,6.86,3.56,44.49,51.51,1.76,0.5,1.04,4
Vegetables,-0.2674156889460177,1.1794183469195199,-1.7222401224083161,-1.0219814557173779,0.6650611950097266,Animal Feed,8.36,3.9,-5.47,-11.54,1.45,0.56,1.13,4
Vegetables,-1.5079338080979605,0.8447236383978646,1.0567057034547416,-1.3527058039562883,1.103905038070674,Donation,1.58,0.65,77.06,89.8,1.12,0.52,1.18,4
Fruits,0.1597638686182772,0.6748241458367632,1.149860572946949,0.5489591984174461,-0.6559031002646368,Biogas,10.05,4.23,63.17,59.89,1.65,0.24,1.06,0
Mixed,0.9787604375908824,0.8301399909677275,-0.21431747841834317,1.5755826960757304,-1.8461007958390234,Biogas,13.43,6.34,15.13,-4.92,1.4,0.29,0.52,3
Vegetables,0.007704920147543177,0.5767491168690888,-0.4341211030628787,1.0507874629327374,0.8933486487232496,Biogas,9.98,3.76,13.4,-3.34,1.49,0.45,1.04,4
Vegetables,1.6888403644030547,0.48304918213045533,-0.07231735900512727,-1.0931790584632546,-0.2636033011647005,Animal Feed,18.28,7.03,42.44,46.44,1.46,0.44,1.45,4
Meat,-1.0970210217654184,0.47429899367237305,1.2451088102929149,-1.4204583614080095,-0.8176990626052897,Donation,3.54,1.4,83.05,97.46,3.37,1.02,0.57,2
Meat,-0.9110140289849391,-0.043420490097506946,-1.2623969838662559,-0.6062793235559698,-1.9790837785847637,Compost,4.23,1.42,4.09,-2.96,3.42,1.06,0.55,2
Grains,-0.007854600161090255,-1.3235001432778233,-0.9822345861050461,-1.318255351014735,0.7271199202910729,Animal Feed,9.81,1.1,18.32,19.07,1.08,0.32,0.45,1
Vegetables,-1.003663899913619,1.3278069595211683,-0.19512827309223277,-0.9657123825795079,-0.05969606095456326,Animal Feed,4.17,2.11,37.81,40.01,1.45,0.63,1.4,4
Grains,-0.07787244154993982,-1.0620882630926094,1.0158850303064708,-0.2835934143367551,0.8335063064876669,Compost,9.48,1.41,66.58,69.78,1.01,0.32,0.38,1
Vegetables,-1.3862866493213732,0.646021442162242,0.8546957055671445,0.4880967315540358,0.3481184194657112,Biogas,2.18,0.87,55.24,50.79,1.29,0.51,1.45,4
Grains,-0.9746666120657115,-1.1138602114695972,-0.6057772670709923,0.06205946351016161,0.509914381806361,Compost,4.44,0.64,17.09,7.99,0.92,0.26,0.4,1
Grains,0.08196626707511082,-1.5407964899868718,1.3979246636172113,-1.359595894544599,1.108337804162198,Donation,10.49,0.84,86.9,101.65,0.91,0.23,0.41,1
Meat,0.6315002343391131,-0.23300790668929414,1.6438953864337154,0.3675201462585997,-0.013152016993555143,Compost,12.88,3.55,78.91,80.03,3.56,0.83,0.52,2
Vegetables,-0.13091626078391685,1.0459779729337622,1.5395758883881339,-0.6441748217916783,0.08215245397422771,Animal Feed,8.86,4.08,84.73,94.08,1.14,0.54,1.1,4
Vegetables,-1.6861610407241234,0.535185721693197,0.02676871940606033,0.7556619160667651,1.2258061055876033,Biogas,0.59,0.21,29.18,17.66,1.19,0.35,1.05,4
Grains,-1.5963401734879223,-1.1718302100043938,-0.9462984379488761,-0.6958505012040079,1.2368880208164144,Animal Feed,1.09,0.14,13.93,9.47,0.95,0.2,0.35,1
Grains,0.9497631497429752,-1.5156396981698845,-0.23560005159821087,-1.3148103057205798,0.5808386392707581,Animal Feed,14.98,1.29,39.69,44.69,0.87,0.29,0.41,1
Fruits,-0.04321714631707494,0.6434693038619677,-0.04615026083315875,-0.7199658182630952,-2.9875380644066385,Animal Feed,7.96,3.75,39.94,40.85,1.32,0.48,0.51,0
Vegetables,-0.673377718816722,1.1065001097688325,-0.8060427917471247,-0.3628294561023273,-0.49632352096974736,Biogas,5.8,2.8,15.05,8.49,1.2,0.68,1.06,4
Vegetables,-0.12101474786024109,0.8089937021940282,-0.14384076067517448,1.2907922850922242,1.2900812139147129,Biogas,9.43,3.79,19.64,2.48,1.63,0.43,1.23,4
Fruits,1.6138717665523676,0.8031602432219728,-0.23071552660611006,1.012891964697029,-2.417927621645711,Compost,16.01,7.72,19.56,4.31,0.98,0.44,0.89,0
Vegetables,0.8323594965051058,0.7914933252778631,0.07212502290413901,0.49958021586788665,1.0883903567503361,Biogas,14.68,5.93,32.71,23.68,1.44,0.53,0.79,4
Vegetables,0.5077313227931667,0.558519557581417,-0.6061261617132851,1.591659574115122,1.0773084415215248,Biogas,12.86,4.78,3.76,-18.67,1.53,0.48,0.99,4
Vegetables,0.7856809355792063,0.5971662232712813,1.3187255798167195,0.1562240348837403,1.1016886550249108,Biogas,14.43,5.43,71.43,72.52,1.76,0.52,1.22,4
Vegetables,-0.9520345825258812,0.6139374178159392,-0.7104456597588664,-0.4179501808088124,-0.41431734827654226,Biogas,4.37,1.78,18.27,12.75,1.72,0.49,1.4,4
Vegetables,-0.7016677557415096,1.0667596705217077,-1.100509869842344,-0.9714541247364332,0.5498092766300849,Animal Feed,5.94,2.69,11.9,8.95,1.55,0.51,1.39,4
Grains,1.4632273199278727,-1.37089699742577,-0.18501032846573828,-1.383711211603686,1.2413207869079412,Animal Feed,18.34,1.9,41.73,47.62,0.96,0.29,0.42,1
Vegetables,-1.502275800713003,0.8301399909677275,-0.1501208642364469,0.39967390233738276,-0.38328798563586913,Biogas,1.5,0.66,27.21,17.78,1.55,0.41,0.59,4
Grains,-0.34733504325854325,-1.51199378631235,0.7440961039602907,1.6697472674493092,0.6118680019114312,Compost,7.9,0.68,41.78,26.42,0.98,0.28,0.37,1
Mixed,1.1279903823691377,0.5453942748942933,0.34984515816929834,-0.6832186684587718,0.6495465136893916,Animal Feed,16.01,6.04,50.96,53.82,0.92,0.38,1.13,3
Vegetables,-0.49373598434431987,0.798785148992932,-1.629783042200694,0.09536156802032957,0.7204707711537855,Biogas,7.14,2.94,-12.54,-27.81,1.58,0.49,0.86,4
Grains,-0.8452396931348076,-1.0722968162937054,-0.007074060896352505,-0.10559940747206388,0.880050350448675,Compost,5.24,0.77,35.72,31.5,1.12,0.33,0.36,1
Fruits,-1.2405929591587164,0.14142724107948548,-0.6288043134623245,0.7958541111652441,-0.00650286785626782,Biogas,2.92,0.97,10.04,-5.59,1.41,0.44,0.52,0
Mixed,1.3486526703824824,-0.4174910466805332,1.3899000868444742,-0.6292462921836718,-0.6226573545782034,Animal Feed,16.2,4.15,80.31,88.66,0.81,0.47,0.85,3
Vegetables,0.5190473375630815,1.2928062056888385,-0.39260264063002204,-0.4374721041423592,0.2217845858572552,Biogas,12.42,6.12,27.55,24.01,1.72,0.49,1.56,4
Vegetables,-1.4131621843999214,1.236659163082809,0.1565575263390242,0.21938319860992117,-0.5029726701070346,Biogas,1.96,0.98,37.57,31.45,1.35,0.51,1.07,4
Grains,-1.227862442542562,-1.742415415708522,0.5270836364540984,-0.43862045257374427,0.2550303315436918,Compost,3.03,0.17,53.92,55.66,1.0,0.33,0.32,1
Meat,-0.8183641580562592,0.03533120602523526,-0.4763373547803213,-0.11248949806037437,0.05998862351660226,Compost,5.18,1.63,22.32,15.48,2.14,1.17,0.38,2
Vegetables,-1.1401633280757197,0.5227896213775801,0.8222485038339037,1.010595267834259,0.9687056722791705,Biogas,3.62,1.33,49.76,40.58,1.52,0.42,1.64,4
Vegetables,-1.5885604133336055,1.2403050749403437,0.030955455113575208,0.4100090382198487,0.13756203011828663,Biogas,1.08,0.53,32.31,23.82,1.51,0.5,1.3,4
Vegetables,-0.8388744348267303,1.2556179047419882,1.2716248031071764,1.1564355186201671,-0.4342647956884011,Biogas,4.96,2.49,61.37,53.49,1.51,0.34,0.75,4
Mixed,1.198715474681107,0.6266981093173098,0.6366365541340734,1.4435226264664436,0.3060071415962238,Biogas,16.14,6.37,40.67,26.65,0.91,0.35,0.6,3
Grains,-0.9987131434517811,-1.0690154956219244,-0.2673494640468659,1.3906985986227285,1.0462790788808518,Compost,4.42,0.65,15.22,-3.51,1.1,0.34,0.45,1
Grains,0.4702470238678228,-1.5830890675342704,1.1125288462216076,-1.0277231978743033,0.26832862981826644,Animal Feed,12.18,0.95,75.83,86.06,0.92,0.32,0.49,1
Grains,0.40871619355640937,-1.7034041588329043,1.3497772029807888,-0.16301682904131914,1.0218988653774659,Compost,12.28,0.71,75.1,79.15,0.9,0.29,0.36,1
Vegetables,-0.8459469440579273,1.0904580975956812,-1.0739938770280826,-1.3125136088578095,0.8379390725791908,Animal Feed,5.23,2.35,15.64,15.82,1.45,0.48,1.32,4
Grains,0.9525921534354539,-1.3778242299550854,1.6194727614732114,0.3238829058659658,0.22621735194877904,Compost,14.75,1.58,78.59,79.95,0.8,0.29,0.41,1
Grains,0.08338076892135017,-1.5309525279715288,-0.922224707630665,-0.4696258602211423,0.9022141809063005,Compost,10.4,0.86,12.65,6.36,1.2,0.36,0.35,1
Grains,0.4589310090979077,-1.2702698301578217,-0.7934825846245798,-1.0506901665020054,0.9797875875079817,Animal Feed,12.53,1.49,21.39,20.89,1.07,0.28,0.41,1
Grains,0.4256902157112819,-1.3063643575474118,0.237849977993273,-1.4928043125852712,0.8224243912588557,Animal Feed,12.26,1.4,54.81,64.08,0.95,0.34,0.36,1
Vegetables,1.051607282672211,0.9263920640066348,-1.4019548407834213,0.2745039233164063,0.36141671774028267,Biogas,15.38,6.72,-7.59,-23.11,1.61,0.48,1.28,4
Grains,-1.283028014545898,-1.5050665537830348,-0.6483424134307277,0.5524042437116016,0.44120650738772743,Compost,2.76,0.24,11.59,-2.04,1.02,0.3,0.42,1
Grains,-0.5156607629610303,-1.0329209682323344,1.3155855280360833,1.109353232933378,1.0994722719791503,Compost,7.14,1.08,63.03,55.82,1.17,0.25,0.36,1
Meat,-0.9477910769871631,-0.17503790815449785,-1.6880484474636106,-0.7291526057141761,-1.6111641929882132,Compost,4.14,1.27,-7.04,-15.47,3.27,0.77,0.58,2
Grains,-1.650091243645019,-1.521837748327693,0.13946168886667135,-0.9404487170890354,0.9797875875079817,Animal Feed,0.78,0.07,47.19,51.09,0.99,0.22,0.37,1
Grains,0.8125564706577543,-1.6107979976515314,-0.7254481293774617,-0.18024205551209557,0.5852714053622818,Compost,14.24,1.03,15.76,8.08,1.13,0.2,0.48,1
Vegetables,-0.673377718816722,0.9865496096559515,1.276160433456984,1.3505064035242498,0.15307671143862164,Biogas,5.99,2.69,59.82,50.28,1.68,0.55,1.44,4
Meat,0.34435635955251725,-0.11779709199120826,-1.1064410787613235,1.4033304313679646,-1.3983914205950283,Compost,10.59,3.32,-8.95,-32.61,3.92,0.79,0.53,2
Mixed,-1.7010133101096367,0.7510237036592317,0.48870522580187814,-0.6223562015953613,0.6207335340944788,Animal Feed,0.49,0.2,54.42,57.55,0.41,0.53,0.7,3
Grains,1.0820190723663576,-1.625381645081669,0.9300569483024137,-0.1963189335514871,0.9398926926842578,Compost,15.97,1.11,63.36,65.31,1.08,0.3,0.45,1
Grains,-0.735615800051255,-1.5499112696307078,-0.5377428118238741,1.3608415394067157,0.246164799360641,Compost,5.68,0.47,7.73,-12.3,0.81,0.32,0.39,1
Grains,0.21068593508289507,-1.717987806263042,1.6833204810128144,1.4159622641132008,0.7803131133893683,Compost,11.04,0.63,70.9,63.12,0.98,0.25,0.42,1
Mixed,-0.47039670388136984,0.6850326990378595,0.5773244649442779,0.06320781194154669,-1.808422284061063,Biogas,6.41,2.87,50.99,48.66,1.18,0.39,0.82,3
Meat,1.2262982606827753,0.5661759724822389,-0.13895623568307366,-0.05622042492250417,-1.5668365320729654,Biogas,14.84,6.29,31.5,26.1,2.92,1.16,0.49,2
Mixed,0.8267014891201483,0.2416898171616806,0.10980564427177364,-0.3674228498278678,-1.6953867487271816,Biogas,12.79,4.8,41.34,40.07,1.31,0.39,1.27,3
Grains,0.9370326331268207,-1.4919412710959112,0.8602780198438309,0.28024566547333146,0.8578865199910527,Compost,15.11,1.33,57.22,54.62,1.0,0.3,0.36,1
Fruits,-0.7278360398969385,0.1428856058224992,1.7314679416492365,0.9233207870489907,-2.7725489089676905,Compost,4.9,1.87,76.58,73.37,1.05,0.58,0.58,0
Grains,0.25594999416255554,-1.3067289487331655,1.6627356971175324,-0.696998849635393,1.2679173834570874,Animal Feed,11.55,1.29,88.72,99.22,1.01,0.27,0.46,1
Grains,0.7085905849591594,-1.5601198228318038,-0.9752566932591878,-1.6168259431748624,1.2634846173655636,Animal Feed,14.1,1.09,21.12,24.51,0.97,0.23,0.41,1
Vegetables,-0.2858042129471299,0.9063395487901953,0.21447403695964773,-1.4824691767028053,-0.8110499134680024,Animal Feed,7.69,3.53,54.05,63.09,1.47,0.38,1.41,4
Fruits,-0.664183456816166,0.6128436442586789,-0.01684311088055388,1.2942373303863797,0.17745692494200743,Biogas,6.04,2.39,23.24,6.78,0.85,0.38,1.12,0
Meat,-1.4230636973235973,0.3860679267200413,0.6401255005570023,-1.6834301521951984,-1.4205552510526507,Biogas,1.82,0.71,67.99,81.22,2.83,0.83,0.56,2
Grains,1.164767430371362,-1.289593163002754,1.0399587606246816,0.6465688150851803,0.27719416200131414,Compost,15.93,1.91,59.17,54.4,0.93,0.29,0.37,1
Grains,1.2743913234549142,-1.0300042387463069,0.4995209597129585,-1.6903202427835091,0.6295990662775296,Animal Feed,16.8,2.6,64.03,76.52,0.92,0.37,0.37,1
Grains,0.7743649208092909,-1.0387544272043894,0.1596975781196603,-1.3917496506233817,0.8534537538995288,Animal Feed,14.2,2.16,51.68,59.62,1.1,0.33,0.41,1
Grains,-0.9067705234462209,-1.3654281296394686,-0.21745753019897926,-0.03440180472618722,0.5143471478978879,Compost,4.82,0.52,29.06,23.01,0.95,0.29,0.38,1
Vegetables,-0.6068961320434707,1.212960736008836,1.7182099452421058,0.8314529125381821,1.1127705702537218,Biogas,6.63,3.06,77.0,74.51,1.33,0.81,0.92,4
Vegetables,-0.7759291026690776,1.0208211811167744,-0.817207420300498,0.6936511007719696,-0.18824627760877957,Biogas,5.35,2.47,5.54,-10.28,1.58,0.62,1.08,4
Mixed,-1.289393272853975,-0.4273350086958759,1.4533989117417843,0.9313592260686865,0.6406809815063408,Compost,2.75,0.66,68.53,63.65,1.08,0.47,0.6,3
Grains,-0.1485975338619092,-1.6530905751989302,1.5573695151450726,1.486011518427692,1.230238871679127,Compost,9.25,0.6,66.69,57.59,0.93,0.26,0.45,1
Grains,1.6944983717880127,-1.6213711420383812,0.9140077947569398,-1.243612702974703,1.0152497162401786,Animal Feed,19.44,1.35,72.01,82.98,1.05,0.26,0.4,1
Grains,-1.500154047943644,-1.730748497764412,0.041073399740069676,0.6213051495947081,0.9066469469978242,Compost,1.61,0.09,30.76,20.49,1.08,0.21,0.44,1
Grains,-1.4640842508645395,-1.2633425976285064,1.6707602738902696,0.8544198811658842,0.9354599265927339,Compost,1.81,0.22,75.45,72.49,1.09,0.32,0.43,1
Vegetables,-1.2236189370038435,1.1772307998049991,1.6114481847004742,0.70054119136028,-0.5783296936629555,Biogas,2.93,1.45,75.08,73.12,1.52,0.32,1.3,4
Grains,-0.5778988441955633,-1.2644363711857667,1.2175461335517748,0.4157507803767739,1.0130333331944184,Compost,6.77,0.81,66.26,64.52,0.91,0.33,0.44,1
Vegetables,-0.6153831431209071,1.1079584745118458,-1.6950263403094687,-0.5936474908107336,0.7359854524741236,Animal Feed,6.47,2.94,-8.42,-18.06,1.84,0.44,0.96,4
Vegetables,1.3055103640721812,1.037592375661433,-0.7073056079782302,-0.9657123825795079,1.2435371699537017,Animal Feed,17.45,7.59,23.14,22.4,1.55,0.59,1.41,4
Grains,-1.5348093431765089,-1.5375151693150908,0.72246463613813,0.1125867944911064,0.2971416094131761,Compost,1.38,0.12,54.72,52.78,1.0,0.3,0.37,1
Vegetables,-0.35087129787414156,0.5308106274641556,-1.010843946773065,-0.6441748217916783,0.5365109783555103,Animal Feed,7.86,2.96,11.63,6.35,1.47,0.43,0.99,4
Mixed,1.2531737957613238,0.3226290603989435,1.333728049435315,-0.9404487170890354,0.0732869217911769,Animal Feed,16.25,5.77,81.41,92.14,0.94,0.49,0.53,3
Vegetables,1.219225751451578,0.8027956520362197,-0.744637334703572,1.3734733721519519,0.6473301306436281,Biogas,16.51,6.83,1.69,-19.63,1.24,0.52,1.07,4
Vegetables,-0.31621600264127664,0.703626849511285,1.1749809871920394,-0.9094433094416375,-0.7844533169188531,Animal Feed,7.55,3.23,76.59,86.14,1.84,0.32,1.21,4
Meat,-0.9902261323743446,-0.2607168368065553,-0.1703567534894361,1.6169232396055941,-1.4249880171441744,Compost,3.96,1.15,16.03,-4.13,3.27,1.03,0.63,2
Meat,-1.5659283837937756,-0.2001946999714849,0.605236036327711,0.25038860625731896,-0.9706294927628919,Compost,1.14,0.33,50.17,46.37,2.06,0.72,0.59,2
Grains,0.29838504954973727,-1.0894326020241172,-0.42295647450950546,0.32503125429735064,0.47445225307416405,Compost,11.37,1.67,20.04,9.69,1.1,0.37,0.35,1
Grains,-1.1316763169982835,-1.4328774990038542,0.2772750725723724,0.9003538184212886,0.8312899234419033,Compost,3.64,0.35,35.1,23.76,0.95,0.3,0.43,1
Grains,-0.3890628477226052,-1.3267814639496043,0.0787540211077043,-0.5660871284574911,1.072875675430001,Compost,7.84,0.86,42.19,42.47,0.89,0.32,0.42,1
Grains,0.6131117103380006,-1.4164708956449499,-0.2746762515350171,1.6950109329397813,0.7049560898334506,Compost,13.22,1.32,12.36,-9.07,0.75,0.33,0.44,1
Vegetables,-0.5899221098885982,0.46336125809977,-0.5087845565135622,1.256341832150671,0.9554073740045959,Biogas,6.68,2.41,9.47,-9.48,1.66,0.61,1.34,4
Vegetables,-0.9647650991420358,1.3052023060044555,1.1516050461584142,-0.5213015396334719,0.24173203326911716,Biogas,4.44,2.2,72.54,78.58,1.31,0.3,1.05,4
Vegetables,-1.292222276546454,0.9045165928614283,1.0643813855851858,1.1415069890121605,1.1437999328943949,Biogas,2.8,1.17,55.56,46.63,1.81,0.48,1.58,4
Vegetables,1.5480974307022362,1.179782938105273,0.9495950482708169,0.3261796027287359,0.6938741746046362,Biogas,18.35,8.55,59.37,56.87,1.91,0.51,1.43,4
Grains,-0.9859826268356267,-1.1397461856580913,-0.15884323029376976,0.7648487035178463,1.183694827718119,Compost,4.52,0.61,23.78,11.11,1.1,0.24,0.42,1
Vegetables,0.5763346623357768,0.43711069272552266,-1.540466013773708,-0.07574234825605096,-0.7977516151934277,Biogas,12.11,4.7,-8.5,-21.77,1.62,0.49,1.52,4
Vegetables,-0.5199042684997484,0.5731032050115547,-0.32805713180583296,1.1575838670515521,-0.4187501143680661,Biogas,6.62,2.66,15.51,-1.54,1.4,0.38,1.21,4
Fruits,1.137184644369694,0.10642648724715552,0.10003659428757201,0.414602431945389,-1.961352714218665,Biogas,14.11,5.06,34.25,26.12,0.91,0.57,0.64,0
Grains,1.4632273199278727,-1.069380086807678,0.4374177133848196,-0.7762348914009655,1.1349344007113473,Animal Feed,18.25,2.66,54.29,58.47,1.1,0.36,0.4,1
Vegetables,0.1258158243085319,0.836702632311289,-0.26700056940457306,-0.804943602185593,-0.8066171473764786,Animal Feed,9.8,4.4,34.34,34.72,1.41,0.4,1.21,4
Mixed,-1.599169177180401,0.2548150998488043,0.9457572072055949,0.4203441741023146,-2.5154484756592543,Compost,0.89,0.35,58.44,55.1,0.91,0.34,1.25,3
Vegetables,0.35284337062995363,1.3183275886915793,-1.2847262409730025,0.22742163762961692,0.9753548214164578,Biogas,11.94,5.72,-3.81,-18.25,1.67,0.37,0.66,4
Vegetables,-1.3445588448573111,0.8622240153140297,0.062007078277644546,0.49958021586788665,-0.8044007643307151,Biogas,2.28,1.03,32.42,23.33,1.44,0.46,0.89,4
Vegetables,1.704399884711688,1.0011332570860891,-0.13825844639848797,-1.7041004239601305,1.285648447823186,Animal Feed,19.74,8.47,45.86,54.81,1.55,0.73,1.09,4
Fruits,-0.1634498032474228,0.10861403436167597,1.6522688578487452,-0.3892414700241848,-1.6843048334983706,Biogas,7.96,2.81,85.73,93.49,1.7,0.35,0.99,0
Vegetables,-0.009269102007329612,0.5705510667112803,1.26604248883049,0.3962288570432273,0.7758803472978445,Biogas,9.83,3.72,67.83,66.54,1.62,0.36,1.28,4
Vegetables,-1.0383191951464839,1.242128030869111,-1.3911391068723409,1.046194069207197,-0.05969606095456326,Biogas,3.99,1.96,-13.99,-36.17,1.5,0.53,1.29,4
Grains,1.6209442757835641,-1.2545924091704237,1.4502588599611483,-0.2468462645324317,0.25946309763521563,Compost,18.38,2.3,78.7,84.07,0.87,0.43,0.3,1
Grains,-1.075096243148708,-1.5794431556767359,0.687226277266546,-1.7178806051367517,0.8113424760300414,Animal Feed,3.95,0.3,69.65,83.45,0.94,0.39,0.32,1
Grains,-1.7073785684177143,-1.3249585080208373,0.6380321327032452,1.2046661527383413,0.23729926717759334,Compost,0.45,0.05,42.79,30.87,0.96,0.3,0.44,1
Vegetables,0.15198410846396063,1.216971239052124,-1.588962369052423,-0.30541203453307203,0.28827607723012527,Biogas,10.48,5.03,-7.9,-19.44,1.18,0.37,1.5,4
Grains,1.0056359726694308,-1.3712615886115236,-1.6870017635367318,-0.915185051598563,1.230238871679127,Animal Feed,15.75,1.63,-5.4,-12.2,0.85,0.4,0.36,1
Fruits,0.3118228170890113,0.8884745806882771,-1.5840778440603223,1.246006696268205,-0.11732202014438567,Biogas,11.12,4.91,-21.26,-46.29,1.65,0.37,0.39,0
Grains,0.6548395148020628,-1.6461633426696147,0.596513670270388,0.05976276664739145,1.1216361024367727,Compost,13.71,0.9,51.57,49.37,0.96,0.3,0.47,1
Grains,1.360675936075517,-1.05260889226302,-1.5955913672559883,-1.4319418457218605,0.6118680019114312,Animal Feed,17.26,2.61,1.73,-0.05,0.88,0.25,0.44,1
Grains,-0.7667348406685215,-1.6910080585172877,0.6785039112092232,1.3665832815636414,0.6628448119639632,Compost,5.62,0.34,42.55,29.44,1.09,0.28,0.44,1
Vegetables,0.3938639241708957,1.2570762694850017,-0.040219051914179155,0.4812066409657249,-0.47637607355788536,Biogas,11.35,5.72,29.65,20.14,1.61,0.45,1.6,4
Vegetables,-0.5057592500373546,1.0288421872033506,-0.07720188399722809,0.8762385013622013,-0.12618755232743334,Biogas,6.79,3.14,25.15,11.97,1.42,0.51,1.33,4
Mixed,-0.9138430326774177,-0.03649325756819173,1.6634334864021185,-1.6822818037638134,-1.4538009967390872,Animal Feed,4.34,1.42,97.33,116.42,0.75,0.52,0.73,3
Vegetables,-0.13445251539951536,0.6635218190784066,1.6372663882301501,-0.1653135259040893,0.7293363033368363,Biogas,9.12,3.58,83.36,89.09,1.66,0.56,1.38,4
Mixed,-1.287271520084616,0.724043955913477,-0.20943295342624235,1.3493580550928648,-2.9675906169947766,Compost,2.29,1.11,17.24,-0.81,0.77,0.69,0.89,3
Fruits,-1.633824472413266,0.7652427599036157,-1.221227416075692,0.7522168707726101,-1.0193899197696634,Biogas,0.79,0.35,-6.56,-25.2,1.43,0.36,0.88,0
Vegetables,0.2170511933909723,1.0576448908778717,1.2356886549510062,1.178254138816484,0.44785565652501474,Biogas,10.91,4.95,60.15,51.88,1.68,0.65,1.05,4
Vegetables,1.1944719691423893,0.5672697460394993,-1.4260285711016323,1.111649929796148,-0.16608244715115728,Biogas,15.75,6.23,-15.56,-38.51,1.46,0.67,1.03,4
Mixed,1.5820454750119812,-0.5133785285336869,-0.15500538922854773,0.07239459939262755,0.5475928935843214,Compost,18.41,4.21,29.92,23.3,1.7,0.45,0.84,3
Grains,1.554462689010313,-1.1087559348690492,-0.4861064047645229,-0.739487741596642,0.8445882217164781,Animal Feed,18.52,2.63,27.51,26.07,1.05,0.27,0.34,1
Meat,1.1774979469875164,-0.007690553893670262,0.20889172268296125,-0.2100991147281085,-0.13726946755624764,Compost,15.69,4.87,42.81,40.74,2.79,1.33,0.6,2
Vegetables,-1.714451077648911,1.2840560172307562,1.106597637302628,-1.3136619572891948,-0.31236372817147207,Donation,0.4,0.2,78.15,90.84,1.65,0.54,1.23,4
Fruits,0.7977042012722412,-0.12363055096326313,0.791545775312127,-1.133371253561733,-0.3699896873612945,Animal Feed,13.53,4.01,67.56,76.87,1.04,0.49,0.49,0
Vegetables,-1.2780772580840603,1.1699389760899301,-1.2515812499551755,0.21364145645299557,-0.6115754393493922,Biogas,2.65,1.31,-2.74,-16.88,1.53,0.6,1.41,4
Grains,0.3408201049369187,-1.0744843634082262,0.7011820629582622,0.15392733802097014,0.29270884332165226,Compost,11.5,1.73,53.75,51.33,1.03,0.31,0.42,1
Grains,-0.6182121468133859,-1.2553215915419307,-1.436146515728127,0.08387808370647856,0.5209962970351752,Compost,6.39,0.79,-6.9,-20.96,0.92,0.36,0.39,1
Grains,-0.4074513717237171,-1.3220417785348098,-1.0241019431801957,0.4938384737109614,0.2217845858572552,Compost,7.43,0.86,1.34,-13.92,0.67,0.21,0.33,1
Vegetables,-0.6592327003543281,1.1870747618203417,-1.2543724070935187,-0.6602516998310698,-0.6736341646307352,Animal Feed,5.82,2.9,4.79,-1.75,1.52,0.7,1.12,4
Grains,-0.5856786043498798,-1.6775181846444105,-0.010563007319281444,0.7682937488120013,0.46115395479958937,Compost,6.55,0.42,27.99,16.14,1.02,0.22,0.49,1
Fruits,-0.7306650435894171,-0.3628023688175177,1.3735020386567072,0.5742228639079188,0.8069097099385176,Compost,5.86,1.45,69.36,67.14,0.65,0.37,0.99,0
Grains,1.30763211684154,-1.2651655535572737,-0.2289710533946456,-0.3398624874746253,1.1194197193910091,Compost,17.37,2.06,31.4,27.95,1.13,0.28,0.47,1
Meat,-1.2858570182383768,0.5468526396373068,0.505103273989645,0.7097279788113611,-0.8841905539781598,Biogas,2.57,1.04,43.29,34.91,2.61,0.76,0.67,2
Fruits,1.2411505300682888,-0.0769628791868232,1.0685681212927003,1.1506937764632417,-0.6625522494019241,Compost,15.62,4.81,55.61,46.62,1.41,0.47,0.99,0
Vegetables,0.9900764523607978,1.2949937528033593,1.2765093280992772,1.2873472397980688,-0.38772075172739295,Biogas,14.52,7.37,60.38,51.39,1.67,0.54,1.09,4
Grains,-0.002903843699252379,-1.5222023395134463,-0.3409662335706707,1.1966277137186456,0.36806586687757004,Compost,9.68,0.83,14.8,-2.66,0.96,0.28,0.34,1
Grains,0.5770419132588964,-1.1656321598465853,-0.5415806528890961,-0.6751802294390761,0.2505975654521648,Animal Feed,12.75,1.76,25.35,23.03,0.97,0.27,0.43,1
Vegetables,-1.1175312985358896,1.3015563941469208,0.2940220154024321,0.3790036305724509,0.4256918260673924,Biogas,3.65,1.79,40.12,33.4,1.82,0.48,1.24,4
Fruits,0.6350364889547113,0.9690492327397869,-0.47249951371509924,1.3057208147002306,-1.9923820768593383,Biogas,11.67,5.82,10.08,-9.1,1.23,0.43,1.01,0
Mixed,-1.5192498228678755,0.8545676004132078,-1.3293847551864955,0.8521231843031141,-2.309324852403357,Compost,1.28,0.63,-10.53,-30.67,1.23,0.42,0.83,3
Grains,-1.5397600996383467,-1.152871468345215,-0.23280889445986763,0.6706841321442676,0.8379390725791908,Compost,1.38,0.19,22.48,10.21,0.95,0.34,0.46,1
Vegetables,-0.5418290471164591,1.1389487253008883,-0.0021895359042516933,-1.056431908658931,0.7869622625266556,Animal Feed,6.89,3.16,44.13,48.22,1.55,0.59,1.22,4
Meat,0.6788860461881321,0.12064554349153958,1.2548778602771165,1.361989887838101,-1.8195041992898742,Biogas,11.99,4.3,59.1,49.34,3.34,0.79,0.46,2
Fruits,0.39032766955529724,0.31460805431236794,0.1687688388192762,-1.1884919782682182,0.4345573582504432,Animal Feed,11.84,4.12,50.18,56.39,1.0,0.39,1.31,0
Meat,0.8175072271195921,-0.08972357068819352,1.199752506794836,1.0163370099911841,-0.7911024660561404,Compost,13.35,4.11,60.53,53.47,2.3,0.96,0.32,2
Vegetables,-0.11606399139840322,0.7076373525545727,-1.2208785214333993,0.21249310802161028,-0.015368400039315486,Biogas,8.9,3.68,-1.85,-15.8,1.49,0.82,1.18,4
Vegetables,-0.9951768888361826,1.3402030598367853,1.469796959929551,-0.3237856094352337,-0.1483513827850588,Biogas,4.2,2.13,79.93,86.08,1.42,0.59,1.27,4
Mixed,0.7913389429641636,0.29309717435291505,0.9338947893676357,-0.8715478112059291,-0.3544750060409564,Animal Feed,13.5,4.84,69.35,77.19,0.89,0.21,0.45,3
Meat,-1.1917926454634573,-0.10139048863230352,0.9865778803538658,-0.8497291910096121,-0.3433930908121452,Compost,3.13,0.94,70.67,78.63,3.43,1.16,0.43,2
Vegetables,-1.1429923317681985,1.1156148894126683,-0.18570811775032423,0.6821676164581184,0.9731384383706944,Biogas,3.6,1.63,23.73,11.63,1.28,0.46,1.34,4
Grains,-0.24831991402178602,-1.5870995705775581,0.6683859665827284,0.4651297629263338,1.1371507837571075,Compost,8.65,0.64,50.1,44.79,1.23,0.31,0.34,1
Grains,0.5763346623357768,-1.1193290792558988,0.5361548971537143,-0.27440662688567424,0.6096516188656677,Compost,12.96,1.84,52.75,53.11,1.15,0.35,0.44,1
Fruits,-0.02270686954660388,0.20595988095784362,-1.4061415764909362,1.2574901805820564,-0.7977516151934277,Biogas,9.04,3.19,-16.25,-40.36,1.26,0.52,0.61,0
Meat,-0.49373598434431987,-0.09300489135997458,0.6865284879819603,-0.5029279647313102,-1.1523729025154068,Compost,6.52,2.04,59.05,62.27,2.17,0.96,0.48,2
Vegetables,-0.5899221098885982,1.0478009288625292,-0.8224408399348917,0.1562240348837403,1.2324552547248906,Biogas,6.76,2.95,10.06,-1.11,1.7,0.56,0.96,4
Grains,-0.1599135486318243,-1.3942308333139901,0.3170490617937645,0.772887142537542,1.179262061626595,Compost,9.17,0.92,37.35,27.34,0.8,0.28,0.42,1
Vegetables,-0.3572365561822188,1.2625451372713035,0.674317175501708,0.2871357560616424,1.2258061055876033,Biogas,8.07,3.76,51.82,48.1,1.41,0.59,1.37,4
Grains,1.6209442757835641,-1.2101122845085044,-1.5676797958725555,1.2494517415623605,0.93102716050121,Compost,18.96,2.41,-20.82,-45.79,1.07,0.3,0.45,1
Grains,-1.5652211328706558,-1.4853786297523492,-1.3517140122932418,-1.5490733857231411,0.23729926717759334,Animal Feed,1.21,0.11,9.74,10.38,1.01,0.26,0.45,1
Mixed,0.44832224525111214,-0.40035526095012175,1.4813104831252173,1.309165859994386,-0.40101905000196764,Compost,11.68,2.99,66.05,58.04,1.6,0.38,0.73,3
Grains,0.04165296445728825,-1.5918392559923527,-1.1549374340400385,-1.0001628355210608,1.12828525157406,Animal Feed,10.27,0.75,10.59,7.58,1.02,0.39,0.32,1
Mixed,-0.0071473492379704505,0.6744595546510096,1.1184600551405872,1.4113688703876606,0.1907552232165821,Biogas,9.57,3.87,54.76,43.78,1.39,0.39,1.06,3
Grains,-0.2709519435616162,-1.2265188878674091,1.1861456157454124,-0.860064326892078,0.7093888559249744,Animal Feed,8.36,1.06,76.48,85.68,0.84,0.35,0.43,1
Grains,-1.6324099705670265,-1.1758407130476816,-1.0495712520675784,-0.37775798571033375,0.3436856533741842,Compost,0.85,0.12,8.2,0.37,0.97,0.35,0.42,1
Grains,-0.4718112057276092,-1.6272046010104362,-1.1500529090479377,-0.07459399982466587,0.6539792797809154,Compost,7.24,0.51,2.68,-8.36,0.95,0.32,0.36,1
Grains,1.5558771908565527,-1.700487429346877,0.07840512646541145,0.43182765841616544,1.234671637770654,Compost,18.86,1.09,33.48,25.07,1.05,0.28,0.41,1
Grains,0.8245797363507892,-1.5036081890400212,-0.2589759926318361,0.5340306688094398,0.3990952295182431,Compost,14.18,1.25,22.92,11.68,0.85,0.3,0.39,1
Fruits,-0.8876747485219891,0.14507315293701964,-0.7652221185988538,-1.0460967727764652,-2.1874237848864277,Animal Feed,4.3,1.59,22.17,21.79,1.24,0.44,0.87,0
Grains,1.4745433346977874,-1.6024124003792026,0.3023954868174621,-0.7969051631658973,0.8379390725791908,Animal Feed,18.07,1.32,50.6,54.17,1.2,0.41,0.42,1
Grains,-0.7745146008228382,-1.2815721569161784,1.03856318205551,1.6823791001945452,0.5365109783555103,Compost,5.54,0.66,50.11,36.31,0.88,0.25,0.41,1
Mixed,-1.5482471107157831,-0.24139350396162307,0.2413389244162022,0.5363273656722101,-1.4759648271967094,Compost,1.19,0.35,37.24,28.86,1.02,0.37,0.98,3
Vegetables,0.2976777986266174,0.4761219496011401,1.3284946298009213,1.3229460411710074,0.15972586057590896,Biogas,11.19,4.21,61.55,52.54,1.2,0.37,1.33,4
Vegetables,-0.821193161748738,0.519508300705799,-0.45261251910440314,0.174597609785902,0.5852714053622818,Biogas,5.3,1.99,20.5,11.29,1.39,0.38,1.02,4
Vegetables,1.612457264706128,1.0977499213107496,0.7566563110828356,0.7395850380273736,-0.7999679982391913,Biogas,17.41,8.5,50.24,43.03,1.45,0.49,1.05,4
Vegetables,0.3188953263202083,1.3055668971902086,-0.14418965531746758,-0.0298084110006469,0.4877505513487387,Biogas,11.48,5.61,31.11,25.44,1.31,0.49,1.29,4
Mixed,-0.4017933643387597,0.9493613087091012,0.8260863448991257,0.9589195884219288,-0.9528984283967934,Biogas,7.05,3.31,50.32,41.62,1.12,0.38,0.83,3
Mixed,-1.3141470551631644,-0.3587918657742299,1.1941701925181496,1.418258960975971,-0.9329509809849315,Compost,2.42,0.65,56.87,46.26,1.78,0.52,0.98,3
Grains,1.6761098477869003,-1.7300193153929053,-0.263860517623937,-0.42254357453435293,1.1681801463977808,Compost,19.48,1.05,31.1,28.17,1.05,0.29,0.44,1
Vegetables,0.7269791089602717,0.589509808370459,-0.9421117022413611,0.31125107312072925,0.12204734879794851,Biogas,13.47,5.29,5.27,-7.94,1.33,0.53,0.99,4
Mixed,1.4724215819284288,-0.3350934387002563,1.6669224328250476,0.8659033654797353,-2.7237884819609155,Compost,15.09,4.52,75.23,72.16,0.95,0.3,0.91,3
Fruits,0.4306409721731198,0.20340774265756956,-0.04301020905252241,0.9577712399905439,-0.24143947070707816,Biogas,11.68,4.01,25.42,11.74,1.06,0.29,1.05,0
Grains,1.0714103085195623,-1.4522008318487865,-0.41632747630594014,0.3020642856696486,0.5232126800809356,Compost,15.61,1.49,20.43,10.32,0.95,0.28,0.35,1
Meat,-1.0340756896077659,0.3926305680636034,1.568185249056153,1.111649929796148,-1.7042522809102325,Biogas,3.69,1.47,70.27,64.48,2.52,0.92,0.54,2
Vegetables,-0.25892867786858154,0.43346478086798795,0.5839534631478432,-0.456994027475906,-0.347825856903669,Biogas,8.01,3.04,55.71,57.94,1.42,0.32,1.19,4
Vegetables,0.1788596435425089,0.4564340255704548,-0.5433251261005607,1.1862925778361797,-0.1483513827850588,Biogas,10.4,3.94,9.09,-9.45,1.27,0.29,1.27,4
Mixed,1.1477934082164891,-0.5017116105895769,-0.08034193577786418,0.578816257633459,-1.9635690972644286,Compost,14.16,3.69,27.65,17.05,1.32,0.38,0.76,3
Grains,1.4214995154638106,-1.1463088270016533,1.7304212577223577,-0.2640714910032083,0.26611224677250295,Compost,17.31,2.43,86.9,94.02,0.92,0.17,0.38,1
Grains,-0.7334940472818959,-1.3096456782191928,1.6791337453052992,-1.1873436298368332,0.43234097520467973,Donation,5.74,0.67,93.46,108.33,1.1,0.31,0.4,1
Vegetables,-0.08777395447361556,1.2235338803956854,1.6079592382775452,-0.5408234629670188,0.3436856533741842,Biogas,9.21,4.42,85.79,94.61,1.42,0.41,1.2,4
Vegetables,-0.2921694712552071,0.8071707462652606,-0.303983401487622,-1.698358681803205,0.11318181661490084,Animal Feed,8.01,3.4,41.07,49.02,1.66,0.54,1.2,4
Fruits,-1.3579966123965854,-0.47582563640108316,-0.5346027600432379,0.5351790172408252,-2.9276957221710527,Compost,1.98,0.55,15.01,2.19,0.99,0.35,0.7,0
Vegetables,1.2616608068387598,0.727325276585258,-1.0889963466466779,-1.3366289259168966,0.44120650738772743,Animal Feed,16.58,6.75,15.43,15.73,1.82,0.26,1.29,4
Vegetables,0.1915901601586634,1.3310882801929493,0.9234279500988484,-1.110404284934031,0.024526494784405304,Animal Feed,10.56,5.31,71.13,80.99,1.37,0.43,1.18,4
Meat,1.4363517848493241,0.4010161653359321,-0.08313309291620768,0.41919582567092933,-0.5894116088917667,Biogas,16.68,6.31,28.96,19.74,2.5,1.44,0.54,2
Vegetables,-1.0234669257609703,1.1648346994893821,1.2346419710241274,0.05287267605908076,-0.1461349997392953,Biogas,4.05,1.95,69.92,71.44,1.4,0.49,1.22,4
Vegetables,-1.3968954131681688,0.6835743342948455,1.6107503954158884,1.1713640482281735,-0.6004935241205779,Biogas,2.03,0.86,70.97,64.91,1.61,0.57,1.54,4
Fruits,-0.8926255049838271,-0.40910544940820404,1.4021113993247258,-0.6774769263018462,-2.132014208742369,Animal Feed,4.29,1.19,81.08,89.92,1.17,0.43,0.72,0
Fruits,-1.5284440848684318,0.4473192459266189,0.7283958450571095,-0.5706805221830314,-1.0171735367239032,Biogas,1.32,0.52,60.84,64.89,1.48,0.32,0.72,0
Fruits,1.2800493308398717,-0.33181211802847554,0.0030438837301422104,-1.4801724798400349,-1.3629292918628282,Animal Feed,15.27,4.26,47.97,55.77,0.79,0.21,0.51,0
Fruits,-0.7143982723576642,-0.661037958763829,1.1167155819291228,-0.5798673096341123,-0.38772075172739295,Compost,5.62,1.22,72.05,78.41,0.92,0.52,0.77,0
Vegetables,0.8238724854276697,0.7492007477304645,-1.3367115426746463,-0.34215918433739545,-0.15278414887658262,Biogas,13.8,5.82,-0.33,-10.11,1.59,0.4,1.44,4
Fruits,-1.2681757451603843,0.24570032020496838,-0.1933837998807683,-0.04358859217726808,-2.5930218822609388,Compost,2.43,0.96,29.83,24.01,1.16,0.35,0.55,0
Fruits,1.1187961203685821,-0.6599441852065686,-1.5777977404990498,0.42838261312201037,-1.469315678059422,Compost,14.39,3.3,-13.96,-31.83,1.47,0.49,0.88,0
Fruits,-0.8353381802111318,-0.32707243261368074,-1.100509869842344,-0.01373153296125536,-1.2543265226204738,Compost,4.77,1.33,3.57,-7.72,1.1,0.39,0.4,0
Vegetables,-1.5850241587180072,1.091187279967188,-1.039453307441084,-0.7498228774791079,0.7204707711537855,Animal Feed,1.13,0.51,11.73,7.21,1.65,0.61,1.28,4
Grains,-1.5107628117904393,-1.1134956202838437,-0.18535922310803138,-0.07574234825605096,0.7470673677029348,Compost,1.54,0.22,30.34,24.85,0.97,0.2,0.34,1
Grains,0.17956689446562873,-1.186413857434531,-0.8688438273598492,0.3284762995915061,0.26832862981826644,Compost,10.61,1.43,7.23,-5.72,0.9,0.27,0.43,1
Mixed,-1.6592855056455749,0.4403920133973037,-1.475920504949519,0.6614973446931866,-0.3411767077663817,Biogas,0.69,0.26,-13.08,-32.4,1.15,0.4,0.62,3
Meat,1.3649194416142352,-0.2964467730103922,-0.5066911886598047,0.762552006655076,-1.1723203499272656,Compost,15.84,4.47,13.83,-0.81,3.13,1.64,0.41,2
Grains,0.07277200507455486,-1.1743823483046678,-1.4944119209910434,1.6697472674493092,0.3968788464724828,Compost,10.1,1.37,-22.39,-50.6,1.02,0.2,0.38,1
Meat,0.7849736846560862,0.12465604653482736,0.2521546583272826,-1.4939526610166562,-0.7999679982391913,Biogas,13.18,4.49,55.22,64.57,3.74,0.92,0.5,2
Grains,1.1407208989852922,-1.3646989472679616,-1.3963725265067348,-0.7992018600286674,0.6185171510487185,Animal Feed,16.06,1.72,1.93,-4.22,1.0,0.19,0.37,1
Grains,-0.927280800216692,-1.257144547470698,0.23122097978970774,1.1059081876392225,0.5897041714538057,Compost,4.72,0.58,32.0,18.6,0.83,0.31,0.39,1
Vegetables,-1.6522129964143781,0.47247603774360597,-0.05173257510984525,0.0069387388036765045,0.8578865199910527,Biogas,0.76,0.28,33.44,27.98,1.57,0.49,1.14,4
Vegetables,-1.2837352654690175,0.8155563435375898,-0.42574763164784896,0.4352727037103209,0.5209962970351752,Biogas,2.76,1.15,19.0,7.67,1.58,0.52,0.86,4
Grains,1.2319562680677325,-1.0405773831331564,-0.5021555583099969,0.15737238331512515,1.2169405734045524,Compost,17.02,2.54,19.23,9.89,0.98,0.24,0.46,1
Grains,-1.3332428300873962,-1.350844482209331,-1.4016059461411285,-1.4962493578794265,0.4766686361199275,Animal Feed,2.49,0.27,7.84,7.74,0.99,0.27,0.36,1
Grains,1.5417321723941586,-1.2560507739134377,-0.11383582143798393,-0.017176578255410604,0.5498092766300849,Compost,18.19,2.24,31.88,26.28,1.05,0.2,0.38,1
Mixed,0.13854634092468635,0.6172187384877202,0.6157028755964987,1.3137592537199263,-2.7703325259219267,Compost,8.9,4.1,41.21,28.2,1.31,0.5,0.48,3
Grains,-0.7158127742039037,-1.3646989472679616,-1.2501856713860038,0.9267658323431461,0.9930858857825563,Compost,5.99,0.63,-8.91,-29.25,1.06,0.25,0.37,1
Mixed,-1.615435948412154,0.6708136427934754,0.0201397212024948,-0.9393003686576503,-2.156394422245755,Animal Feed,0.83,0.38,43.75,46.95,0.89,0.57,0.78,3
Mixed,0.33799110124444,0.8640469712427968,0.8867940126580925,0.7614036582236908,0.25724671458945214,Biogas,11.46,4.93,53.78,47.13,1.1,0.49,0.95,3
Vegetables,-1.640896981644463,1.0631137586641735,1.1749809871920394,-0.11478619492314472,-0.2857671316223228,Biogas,0.78,0.37,69.67,72.31,1.44,0.49,1.15,4
Grains,1.0544362863646897,-1.521837748327693,0.9045876394150313,-1.3400739712110519,0.21735181976573137,Animal Feed,15.29,1.32,72.59,84.36,1.03,0.29,0.53,1
Meat,-0.6875227372791158,0.054289947684414086,-1.4183528889711883,1.1736607450909435,-1.4161224849611267,Compost,5.47,1.86,-15.88,-39.33,2.66,0.92,0.4,2
Vegetables,0.5459228726416301,0.700345528839504,-1.730962488465639,-1.1264811629734224,-0.4364811787341646,Animal Feed,12.17,5.11,-4.81,-10.01,1.67,0.65,1.3,4
Meat,-0.2978274786401645,-0.11378658894792022,-1.4954586049179222,1.0863862643056754,-0.8908397031154471,Compost,7.6,2.32,-17.33,-40.46,2.34,1.44,0.44,2
Vegetables,-0.14647578109255027,1.0773328149085577,-1.5969869458251602,1.025523797442265,-0.139485850602008,Biogas,8.69,4.08,-19.71,-42.89,1.54,0.53,0.94,4
Vegetables,-0.7851233646696335,0.43929823984004335,0.9757621464427855,0.9164306964606802,-0.8642431065662979,Biogas,5.13,2.0,54.99,47.51,1.44,0.55,1.13,4
Fruits,-1.0729744903793488,0.9424340761797859,0.8285286073951759,-0.4558456790445209,-2.194072934023712,Compost,3.42,1.71,62.72,66.34,1.06,0.32,0.59,0
Grains,0.8252869872739087,-1.1000057464109667,0.09968769964527917,0.11029009762833583,1.1127705702537218,Compost,14.66,2.07,36.89,31.41,1.01,0.31,0.4,1
Vegetables,-1.2038159111564923,0.5836763493984041,-0.42958547271307096,0.40197059920015293,0.407960761701294,Biogas,3.18,1.23,19.17,8.11,1.14,0.37,1.14,4
Vegetables,-0.2681229398691375,0.6781054665085443,-1.0377088342296195,-0.6166144594384357,-0.6115754393493922,Animal Feed,7.86,3.31,10.62,4.95,1.31,0.49,1.19,4
Vegetables,0.584821673413213,0.6857618814093662,-0.8325587845613862,-1.6627598804302666,0.46115395479958937,Animal Feed,12.92,5.17,25.61,30.22,1.35,0.7,1.64,4
Grains,0.38962041863217767,-1.4102728454871414,0.7409560521796544,1.5790277413698859,1.174829295535068,Compost,12.25,1.2,42.48,27.88,0.86,0.2,0.4,1
Meat,1.4299865265412472,-0.19654878811395046,-0.8346521524151437,0.7992991564593991,-1.7441471757339564,Compost,15.7,4.81,4.11,-12.74,3.24,0.84,0.45,2
Fruits,-1.1642098594617896,-0.34785413020162664,0.877373857316184,0.9968150866576375,-1.7663110061915788,Compost,3.05,0.86,51.46,42.71,0.48,0.43,0.44,0
Vegetables,-1.1111660402278123,0.7612322568603279,0.7751477271243601,-0.9691574278736631,-0.5761133106171921,Animal Feed,3.51,1.52,65.64,73.42,1.46,0.47,1.49,4
Fruits,-1.6027054317959997,0.0644985008855101,1.27685822274157,-1.4284968004277052,-0.5938443749832906,Donation,0.97,0.32,84.02,98.68,0.68,0.5,0.57,0
Grains,-1.6543347491837372,-1.5539217726739956,-0.897802082670161,-0.9611189888539673,0.3547675686029985,Animal Feed,0.73,0.06,17.63,15.75,0.86,0.33,0.36,1
Grains,1.5926542388587765,-1.4004288834717984,-0.6947454008556853,1.5399838947027924,0.8689684352198638,Compost,18.75,1.89,1.67,-20.82,0.93,0.29,0.47,1
Mixed,-0.9555708371414797,0.48961182347401744,1.203590347860058,-0.8233171770877546,-0.5384347988392316,Animal Feed,4.32,1.69,76.66,85.64,1.51,0.45,0.84,3
Grains,0.7114195886516381,-1.1229749911134332,0.34740289567324795,0.5328823203780549,1.3100286613265717,Compost,14.15,1.94,40.31,32.56,1.2,0.26,0.54,1
Meat,-0.7448100620518111,0.14470856175126628,0.7371182111144323,-0.9473388076773461,-1.1900514142933671,Biogas,5.24,1.84,64.37,71.76,3.05,0.91,0.66,2
Vegetables,0.8719655481998088,0.6875848373381334,0.5005676436398369,1.1816991841106395,0.3126562907335111,Biogas,14.38,5.8,39.05,26.53,1.52,0.63,1.22,4
Meat,1.7454204382526306,0.48815345873100346,-1.0010748967888634,1.2172979854835775,-1.544672701615343,Biogas,17.42,7.16,-4.3,-25.74,2.95,1.06,0.56,2
Mixed,1.2390287772989297,0.6799284224373113,-1.3360137533900607,1.3240943896023922,-2.065522717369496,Compost,14.52,6.58,-14.83,-39.12,1.24,0.55,0.7,3
Vegetables,0.23826872108456318,0.5257063508636075,0.16911773346156905,1.1598805639143221,-0.49410713792398697,Biogas,10.54,4.17,29.74,15.51,1.86,0.61,1.08,4
Vegetables,0.677471544341893,0.7816493632625204,1.471192538498723,1.0967214001881418,1.1859112107638823,Biogas,13.88,5.56,67.6,61.38,1.43,0.53,1.12,4
Meat,-1.5199570737909953,-0.10430721811833094,1.366873040453142,0.5248438813583592,0.05998862351660226,Compost,1.44,0.42,69.6,67.77,2.71,1.45,0.39,2
Grains,-0.13445251539951536,-1.157975744945763,-1.4654536656807318,0.013828829391987194,0.5453765105385611,Compost,9.04,1.24,-7.12,-20.74,1.05,0.29,0.38,1
Grains,1.5176856410080892,-1.2101122845085044,1.7314679416492365,-0.13775316355084674,0.8512373708537654,Compost,18.32,2.34,85.81,91.84,0.98,0.31,0.35,1
Meat,1.1011148472905896,0.29601390383894244,-0.8800084559132224,-1.4376835878787861,-1.9724346294474764,Biogas,13.93,5.42,22.29,24.66,2.37,1.05,0.67,2
Vegetables,0.29201979124166,0.9274858375638951,0.8766760680315978,-0.22962103806165526,1.1814784446723554,Biogas,11.71,4.92,62.12,64.04,1.52,0.55,1.28,4
Vegetables,-0.8042191395938654,1.2840560172307562,0.2797173350684228,-0.31115377668999766,0.9443254587757848,Biogas,5.48,2.61,45.72,44.94,1.58,0.44,1.06,4
Vegetables,1.0226099948243037,0.43127723375346777,1.4942195848900552,1.1725123966595583,-0.14391861669353181,Biogas,14.86,5.57,67.61,60.88,1.64,0.48,1.14,4
Vegetables,0.055797982919682326,1.0864475945523935,-0.7920870060554082,-0.3834997278672594,-0.2924162807596101,Biogas,9.69,4.59,15.63,9.33,1.31,0.42,1.48,4
Mixed,1.4179632608482122,0.8356088587540287,-0.3580620710430235,-0.24340121923827643,0.5387273614012738,Biogas,17.51,7.36,26.85,21.82,1.36,0.36,0.48,3
Meat,0.3811334075547413,0.4451316988120982,-1.528254701293456,-0.4420654978678997,-1.1324254551035449,Biogas,10.92,4.32,-4.95,-14.96,3.13,1.16,0.57,2
Fruits,0.723442854344673,0.022570514523864924,-1.1312125983641201,-1.2332775670922371,-2.391331025096562,Animal Feed,11.84,4.18,13.31,12.47,1.14,0.37,0.66,0
Fruits,-0.8544339551353635,0.2573672381490781,-1.4455666710700357,1.647928647252992,-2.324839533723692,Compost,4.42,1.73,-20.79,-48.51,0.8,0.22,0.79,0
Grains,-0.3572365561822188,-1.6126209535802989,0.09270980679942104,0.9761448148927057,0.7537165168402221,Compost,7.9,0.57,29.15,16.09,0.86,0.35,0.32,1
Vegetables,0.07489375784391403,0.7936808723923838,-0.8025538453241956,0.08043303841232331,-0.7401256560036085,Biogas,9.57,4.22,11.3,0.91,1.48,0.3,1.4,4
Grains,1.0028069689769523,-1.2954266219748087,-0.6417134152271624,-0.19861563041425725,0.7869622625266556,Compost,15.42,1.79,18.33,11.29,1.01,0.38,0.4,1
Grains,-0.7370303018974943,-1.642152839626327,-0.4861064047645229,0.8739418044994312,0.6827922593758251,Compost,5.79,0.39,13.45,-2.05,1.05,0.29,0.42,1
Vegetables,1.1400136480621725,1.0864475945523935,0.09236091215712795,1.5388355462714072,0.3148726737792746,Biogas,15.83,7.29,24.24,6.27,1.65,0.42,1.22,4
Fruits,0.5537026327959467,-0.6016095954860187,-0.38981148349167877,1.4997916996043135,-1.9724346294474764,Compost,11.29,2.76,10.76,-9.64,1.26,0.29,0.54,0
Meat,0.6781787952650126,0.08929070151674379,-1.2027360000341676,-0.5511585988494847,-1.2631920548035247,Biogas,12.34,4.23,5.32,-1.87,2.94,0.8,0.45,2
Vegetables,-1.698184306417158,1.2228046980241787,0.7870101449623192,0.7992991564593991,0.5165635309436483,Biogas,0.5,0.24,50.59,43.04,1.24,0.54,1.72,4
Mixed,-0.8721152282133559,0.6241459710170355,-1.7006086545861556,0.3261796027287359,0.8335063064876669,Biogas,5.08,1.96,-16.58,-34.27,1.18,0.37,1.05,3
Fruits,-1.2080594166952103,-0.47436727165806913,-0.35631759783155903,1.2058145011697268,0.8689684352198638,Compost,3.23,0.74,14.28,-3.36,1.12,0.45,0.98,0
Mixed,0.8189217289658317,-0.010971874565451317,-0.3570153871161447,0.06320781194154669,-0.793318849101904,Compost,13.35,4.27,24.22,16.52,1.2,0.34,0.69,3
Vegetables,-0.04392439724019449,0.7677948982038895,0.3777567295527313,0.22627328919823164,-0.7246109746832704,Biogas,8.97,3.91,43.84,38.94,1.33,0.46,1.34,4
