food_category,weight,moisture,freshness,contamination_level,organic_percentage,recommended_method,compost_yield,biogas_yield,animal_feed_score,donation_score,nitrogen,phosphorus,potassium
Vegetables,23.21,76.18,18.64,3.61,92.59,Animal Feed,8.6,3.54,15.04,15.16,1.51,0.61,1.13
Fruits,47.03,43.55,97.82,14.14,86.28,Compost,16.23,4.1,83.69,89.11,0.52,0.42,0.81
Vegetables,10.9,92.24,82.73,20.56,99.12,Biogas,4.32,2.01,62.17,58.15,1.78,0.56,1.37
Grains,12.61,24.88,69.67,28.12,97.37,Compost,4.91,0.63,41.55,27.37,1.12,0.35,0.37
Vegetables,32.81,76.11,95.41,25.52,99.04,Biogas,13.0,4.99,69.89,63.45,1.56,0.43,1.08
Vegetables,1.37,77.42,54.83,2.79,92.81,Animal Feed,0.51,0.21,52.05,60.23,1.73,0.49,1.05
Vegetables,16.54,83.4,88.91,13.48,96.61,Biogas,6.39,2.76,75.43,79.73,1.35,0.54,1.31
Fruits,43.42,59.73,92.82,23.91,86.86,Compost,15.09,5.19,68.92,63.57,1.5,0.42,0.87
Grains,6.68,15.83,28.55,8.93,99.84,Animal Feed,2.67,0.21,19.62,16.39,0.94,0.29,0.45
Grains,2.07,25.79,66.14,9.75,96.59,Animal Feed,0.8,0.11,56.39,59.88,1.09,0.32,0.42
Grains,22.8,16.78,50.98,15.69,99.24,Compost,9.05,0.76,35.28,29.78,1.13,0.3,0.4
Vegetables,36.22,72.12,52.62,4.11,95.73,Animal Feed,13.87,5.22,48.51,54.92,1.57,0.58,1.23
Grains,5.48,14.08,71.98,2.32,95.16,Animal Feed,2.08,0.15,69.65,81.73,0.91,0.3,0.44
Vegetables,34.01,92.37,54.61,28.73,90.33,Biogas,12.29,6.28,25.87,8.06,1.49,0.53,1.46
Meat,42.66,58.85,14.34,11.22,90.54,Compost,15.45,5.02,3.12,-5.23,2.22,1.2,0.35
Meat,45.89,61.44,79.44,7.69,91.43,Biogas,16.78,5.64,71.75,79.94,3.2,1.29,0.54
Grains,48.06,11.79,83.15,25.49,98.42,Compost,18.92,1.13,57.66,48.8,0.92,0.34,0.39
Grains,18.27,11.54,73.05,24.86,98.77,Compost,7.22,0.42,48.19,37.94,0.99,0.32,0.41
Meat,31.9,60.67,54.37,8.27,94.02,Biogas,12.0,3.87,46.1,48.71,2.44,1.33,0.48
Vegetables,26.84,74.25,14.74,9.74,98.0,Animal Feed,10.52,3.99,5.0,-1.79,1.41,0.77,1.09
Grains,40.6,25.4,80.14,21.63,96.11,Compost,15.61,2.06,58.51,52.91,0.86,0.33,0.49
Grains,47.97,21.93,73.29,7.03,98.18,Animal Feed,18.84,2.1,66.27,73.9,1.06,0.32,0.45
Vegetables,8.22,82.64,69.7,8.83,94.56,Animal Feed,3.11,1.36,60.87,65.97,1.37,0.61,1.28
Grains,32.07,21.78,42.74,7.15,99.58,Animal Feed,12.77,1.4,35.59,36.99,1.11,0.27,0.44
Vegetables,10.21,70.1,97.53,19.26,97.2,Biogas,3.97,1.43,78.27,78.52,1.15,0.43,1.33
Grains,15.96,14.45,35.25,13.72,96.06,Compost,6.13,0.46,21.53,14.86,1.05,0.33,0.36
Vegetables,20.84,72.58,41.85,11.44,95.33,Biogas,7.95,3.03,30.41,27.33,1.52,0.49,1.53
Vegetables,26.67,82.86,75.08,4.32,94.68,Animal Feed,10.1,4.42,70.76,81.46,1.6,0.57,1.3
Grains,4.94,23.89,92.32,17.89,96.91,Compost,1.91,0.24,74.43,75.0,0.84,0.36,0.4
Mixed,7.69,65.57,58.29,18.35,94.37,Biogas,2.9,1.01,39.94,33.24,1.05,0.31,0.81
Meat,38.3,69.27,31.25,6.76,91.63,Biogas,14.04,5.31,24.49,23.98,2.77,0.73,0.51
Grains,30.7,10.2,42.66,10.04,98.9,Compost,12.14,0.63,32.62,31.11,0.92,0.32,0.34
Grains,39.34,10.46,75.16,11.6,99.85,Compost,15.71,0.82,63.56,66.99,1.06,0.34,0.37
Fruits,9.68,53.16,49.24,25.69,89.92,Compost,3.48,1.03,23.55,7.71,1.62,0.33,0.44
Grains,18.76,14.95,37.97,10.81,97.04,Compost,7.28,0.56,27.15,23.93,1.17,0.31,0.39
Vegetables,39.88,78.1,71.87,16.41,95.02,Biogas,15.16,6.23,55.46,53.42,1.42,0.37,1.32
Grains,40.68,14.87,60.16,22.6,99.42,Compost,16.18,1.21,37.56,27.0,1.21,0.36,0.41
Grains,27.82,11.24,0.11,8.47,95.45,Animal Feed,10.62,0.63,-8.36,-16.81,1.02,0.32,0.37
Grains,30.18,25.54,89.78,12.04,97.53,Compost,11.77,1.54,77.73,83.65,1.18,0.3,0.52
Vegetables,1.17,85.34,54.99,8.09,90.3,Animal Feed,0.42,0.2,46.9,49.81,1.49,0.64,1.2
Meat,14.22,68.33,44.43,19.77,91.1,Biogas,5.18,1.94,24.66,13.77,3.45,1.22,0.43
Grains,35.17,22.68,65.58,4.65,95.57,Animal Feed,13.44,1.6,60.93,69.39,1.08,0.34,0.45
Vegetables,20.27,77.0,91.81,5.74,92.28,Animal Feed,7.48,3.12,86.07,98.7,1.6,0.62,0.91
Meat,48.37,68.18,20.38,9.74,94.93,Biogas,18.37,6.6,10.65,4.98,3.18,0.76,0.56
Vegetables,34.4,76.72,22.1,15.03,98.15,Biogas,13.51,5.28,7.07,-3.54,1.44,0.28,1.39
Vegetables,38.82,85.56,75.36,25.96,94.76,Biogas,14.72,6.64,49.4,38.51,1.66,0.43,1.35
Fruits,39.4,58.36,6.58,22.9,97.67,Compost,15.39,4.6,-16.32,-37.91,1.65,0.27,1.0
Meat,33.92,57.3,24.38,10.47,89.9,Compost,12.2,3.89,13.91,8.31,3.41,0.99,0.4
Vegetables,12.27,71.91,92.19,5.36,99.2,Animal Feed,4.87,1.77,86.83,99.9,1.02,0.57,1.64
Vegetables,48.81,79.28,8.16,14.45,90.23,Biogas,17.62,7.74,-6.29,-19.1,1.62,0.46,1.22
Grains,30.7,18.78,13.96,15.38,99.67,Compost,12.24,1.15,-1.41,-14.0,1.19,0.32,0.38
Vegetables,21.74,94.56,31.85,15.83,91.57,Biogas,7.96,4.11,16.02,6.57,1.45,0.41,1.22
Mixed,20.17,42.92,46.47,18.28,86.99,Compost,7.02,1.73,28.19,19.2,1.08,0.35,0.67
Grains,1.94,29.71,47.5,11.65,96.84,Compost,0.75,0.12,35.85,33.69,1.02,0.27,0.45
Vegetables,2.07,79.0,70.0,4.46,98.89,Animal Feed,0.82,0.33,65.54,75.08,1.34,0.54,1.38
Fruits,15.78,60.43,47.99,18.14,89.47,Biogas,5.65,1.91,29.85,21.31,1.26,0.41,0.45
Grains,46.78,14.81,17.28,25.58,96.37,Compost,18.03,1.39,-8.3,-30.43,1.16,0.35,0.5
Vegetables,20.64,71.88,73.93,16.23,95.45,Biogas,7.88,2.97,57.7,56.25,1.51,0.54,1.23
Mixed,24.44,65.25,72.22,27.12,90.73,Biogas,8.87,3.19,45.1,32.43,1.55,0.37,0.85
Fruits,25.93,68.94,93.07,26.86,87.1,Biogas,9.03,3.58,66.21,57.96,0.8,0.49,0.79
Vegetables,42.65,93.71,45.57,21.42,93.61,Biogas,15.97,7.99,24.15,11.85,1.8,0.51,1.23
Meat,25.21,71.42,39.34,22.02,90.46,Biogas,9.12,3.6,17.32,3.17,3.01,0.82,0.48
Mixed,13.33,55.99,55.35,2.65,82.77,Animal Feed,4.41,1.49,52.7,61.11,1.23,0.4,1.06
Meat,30.5,66.54,92.72,29.7,93.99,Biogas,11.47,4.06,63.02,51.87,3.77,1.13,0.57
Grains,6.34,19.18,10.56,21.97,98.94,Compost,2.51,0.24,-11.41,-31.26,1.01,0.29,0.28
Vegetables,14.0,86.31,27.12,23.84,95.59,Biogas,5.35,2.42,3.28,-15.14,1.5,0.64,0.93
Vegetables,8.78,89.56,32.73,19.75,97.08,Biogas,3.41,1.57,12.98,-0.22,1.48,0.49,1.29
Vegetables,25.85,70.47,42.17,13.33,93.92,Biogas,9.71,3.64,28.84,23.94,1.61,0.5,1.04
Vegetables,18.72,88.91,95.07,3.27,93.69,Donation,7.02,3.33,91.8,107.55,1.33,0.64,1.52
Vegetables,30.79,93.73,64.5,16.67,99.9,Biogas,12.3,5.77,47.83,44.06,1.11,0.21,0.91
Grains,43.83,24.93,1.63,5.22,97.48,Animal Feed,17.09,2.18,-3.59,-8.49,1.21,0.27,0.3
Grains,41.31,15.57,95.83,25.64,97.61,Compost,16.13,1.29,70.19,63.72,0.79,0.26,0.39
Vegetables,36.27,78.69,19.25,21.28,99.95,Biogas,14.5,5.71,-2.03,-19.46,1.29,0.42,1.44
Vegetables,46.03,72.03,97.33,29.71,99.14,Biogas,18.25,6.63,67.62,57.37,1.55,0.2,1.1
Grains,7.23,20.12,57.02,17.05,97.65,Compost,2.82,0.29,39.97,34.33,1.27,0.33,0.37
Grains,5.18,22.53,70.56,3.57,96.4,Animal Feed,2.0,0.23,67.0,77.54,1.03,0.38,0.4
Grains,48.49,13.14,90.6,10.79,99.26,Compost,19.25,1.27,79.81,87.13,1.1,0.34,0.35
Vegetables,30.43,73.12,78.48,3.36,97.97,Animal Feed,11.92,4.45,75.12,87.45,1.3,0.59,1.27
Vegetables,38.95,80.43,28.9,10.54,99.72,Biogas,15.54,6.27,18.37,13.61,1.59,0.43,1.22
Vegetables,17.01,76.07,18.67,25.16,96.09,Biogas,6.54,2.59,-6.49,-27.91,1.72,0.47,1.32
Meat,46.61,54.14,18.04,14.39,86.44,Compost,16.12,5.05,3.65,-7.13,4.12,1.16,0.75
Grains,22.2,23.59,41.09,0.69,97.26,Animal Feed,8.64,1.05,40.4,47.92,0.95,0.24,0.35
Grains,42.41,17.09,57.47,12.47,95.23,Compost,16.15,1.45,45.0,44.03,0.97,0.25,0.36
Vegetables,17.18,88.12,34.95,17.86,96.12,Biogas,6.61,3.03,17.09,6.22,1.71,0.61,1.3
Vegetables,16.26,70.51,28.57,5.55,97.68,Animal Feed,6.35,2.29,23.01,23.17,1.74,0.46,1.37
Mixed,36.15,77.53,7.8,17.02,80.24,Compost,11.6,5.61,-9.22,-24.68,1.36,0.53,0.64
Grains,1.86,14.72,89.82,14.01,96.42,Compost,0.72,0.05,75.81,79.76,1.03,0.26,0.36
Vegetables,36.47,92.74,31.86,23.17,90.25,Biogas,13.17,6.76,8.68,-8.12,1.31,0.72,1.0
Mixed,47.23,51.97,28.44,8.02,84.07,Animal Feed,15.88,4.91,20.42,18.1,1.18,0.46,0.93
Fruits,8.96,42.9,47.16,18.82,84.85,Compost,3.04,0.77,28.34,18.95,0.92,0.3,0.85
Fruits,12.26,76.78,21.78,5.3,84.23,Animal Feed,4.13,1.88,16.48,15.53,0.98,0.58,0.87
Vegetables,33.01,75.85,42.86,7.02,91.84,Animal Feed,12.13,5.01,35.85,37.41,1.38,0.5,1.15
Vegetables,22.03,89.71,35.58,25.27,97.15,Biogas,8.56,3.95,10.31,-7.85,1.48,0.52,0.77
Meat,49.62,65.34,40.67,16.43,89.63,Biogas,17.79,6.48,24.24,15.95,2.79,1.36,0.55
Mixed,9.15,53.16,4.48,28.72,82.74,Compost,3.03,0.97,-24.24,-52.07,1.13,0.35,0.29
Mixed,14.69,72.92,49.12,12.58,90.41,Biogas,5.31,2.14,36.54,33.78,1.32,0.32,0.63
Vegetables,40.57,82.04,78.08,23.07,96.55,Biogas,15.67,6.66,55.02,47.56,1.53,0.36,1.26
Vegetables,35.02,93.53,10.49,26.16,96.26,Biogas,13.48,6.55,-15.67,-39.74,1.1,0.54,1.03
Grains,19.87,11.14,57.86,13.89,96.9,Compost,7.7,0.44,43.97,41.65,1.08,0.3,0.33
Vegetables,1.91,85.25,37.02,24.26,99.21,Biogas,0.76,0.33,12.76,-4.1,1.11,0.48,1.15
Vegetables,44.22,71.37,16.66,1.47,99.41,Animal Feed,17.58,6.31,15.19,17.05,1.89,0.57,1.45
Vegetables,42.83,88.87,84.07,23.61,95.17,Biogas,16.31,7.61,60.46,53.66,1.38,0.4,1.24
Grains,23.84,29.29,39.42,9.2,99.4,Animal Feed,9.48,1.4,30.22,28.91,0.87,0.37,0.46
Grains,29.12,18.56,6.77,11.05,96.32,Compost,11.22,1.08,-4.28,-13.98,1.19,0.31,0.48
Fruits,38.01,54.55,84.24,12.04,96.89,Compost,14.73,4.15,72.21,77.02,0.61,0.31,1.08
Grains,8.26,10.95,53.91,5.96,98.21,Animal Feed,3.25,0.18,47.95,52.78,1.02,0.31,0.39
Grains,9.97,18.77,73.85,14.38,99.0,Compost,3.95,0.37,59.47,59.86,0.88,0.29,0.36
Grains,42.72,24.17,1.83,16.36,95.16,Compost,16.26,2.07,-14.52,-30.52,1.06,0.34,0.38
Meat,31.47,69.01,47.19,21.5,92.26,Biogas,11.61,4.34,25.69,13.63,3.46,1.11,0.39
Fruits,14.34,55.39,66.37,29.72,96.75,Compost,5.55,1.59,36.65,20.2,1.71,0.27,0.86
Fruits,37.54,49.36,47.6,8.1,95.77,Animal Feed,14.38,3.71,39.5,40.93,1.5,0.41,0.71
Meat,47.9,67.27,84.3,21.33,93.87,Biogas,17.98,6.44,62.98,58.51,2.91,1.3,0.47
Grains,31.67,24.01,54.71,26.45,96.27,Compost,12.19,1.52,28.26,12.75,1.19,0.28,0.44
Grains,3.99,26.89,82.32,21.26,98.37,Compost,1.57,0.21,61.06,56.26,1.12,0.32,0.38
Vegetables,33.7,92.23,20.27,20.03,94.26,Biogas,12.71,6.22,0.24,-15.73,1.22,0.29,1.5
Grains,45.16,26.62,5.65,20.33,99.69,Compost,18.01,2.4,-14.68,-33.88,1.05,0.22,0.47
Vegetables,23.92,87.04,37.24,3.33,99.12,Animal Feed,9.48,4.16,33.91,38.03,1.46,0.63,0.92
Mixed,29.12,45.75,3.55,28.53,86.35,Compost,10.06,2.66,-24.97,-52.79,1.02,0.57,1.28
Vegetables,1.79,71.91,41.78,4.78,95.8,Animal Feed,0.69,0.26,36.99,40.56,1.8,0.36,1.13
Grains,5.18,10.93,42.39,27.45,97.6,Compost,2.02,0.11,14.94,-4.04,0.93,0.28,0.39
Meat,40.97,71.8,68.67,29.85,94.73,Biogas,15.52,5.88,38.82,22.7,3.29,1.28,0.39
Grains,36.46,19.9,36.69,22.46,97.16,Compost,14.17,1.45,14.23,-0.9,0.95,0.31,0.27
Fruits,44.26,50.25,5.3,11.21,96.13,Compost,17.02,4.45,-5.91,-16.06,0.81,0.29,0.61
Meat,17.02,65.74,43.26,4.99,91.6,Biogas,6.24,2.24,38.26,41.92,3.54,1.1,0.53
Vegetables,22.18,87.85,81.18,23.5,90.13,Biogas,8.0,3.9,57.68,50.42,1.71,0.43,1.44
Grains,22.54,29.67,69.36,27.74,97.85,Compost,8.82,1.34,41.61,27.74,1.09,0.27,0.35
Vegetables,5.03,92.04,87.72,3.23,99.15,Donation,2.0,0.93,84.49,98.8,1.34,0.36,0.95
Vegetables,11.22,77.15,22.54,7.21,91.13,Animal Feed,4.09,1.73,15.33,12.63,1.74,0.65,0.98
Grains,28.47,25.37,99.02,24.58,98.79,Compost,11.25,1.44,74.44,69.66,0.94,0.4,0.41
Vegetables,16.71,84.3,28.27,5.52,97.21,Animal Feed,6.5,2.82,22.75,22.88,1.67,0.65,1.25
Vegetables,29.09,87.21,36.81,20.14,93.26,Biogas,10.85,5.07,16.67,3.89,1.39,0.51,1.26
Fruits,42.78,47.75,78.47,6.85,88.75,Animal Feed,15.19,4.09,71.62,80.47,1.02,0.49,0.95
Vegetables,29.91,88.53,14.77,9.45,93.19,Animal Feed,11.15,5.3,5.33,-1.17,1.56,0.44,1.03
Grains,18.56,10.41,9.85,16.82,95.48,Compost,7.09,0.39,-6.97,-21.82,0.95,0.35,0.34
Vegetables,11.37,74.3,76.59,9.17,90.67,Animal Feed,4.12,1.69,67.41,73.56,1.41,0.7,1.11
Grains,15.78,11.6,65.84,15.43,99.7,Compost,6.29,0.37,50.41,48.15,0.92,0.37,0.41
Vegetables,32.49,73.88,14.9,10.38,94.14,Biogas,12.24,4.8,4.52,-2.88,1.75,0.56,1.42
Vegetables,36.25,93.81,85.67,16.56,92.64,Biogas,13.43,6.8,69.11,69.69,1.74,0.49,1.03
Vegetables,48.74,90.72,83.46,19.78,91.32,Biogas,17.8,8.84,63.67,60.58,1.48,0.58,1.07
Vegetables,47.92,73.69,17.07,26.11,97.46,Biogas,18.68,7.06,-9.04,-31.73,1.06,0.39,1.3
Grains,33.07,20.08,46.8,6.4,98.64,Animal Feed,13.05,1.33,40.4,43.36,0.82,0.29,0.45
Mixed,40.03,42.5,23.72,20.77,97.98,Compost,15.69,3.4,2.94,-13.09,1.09,0.31,0.9
Meat,12.71,56.42,77.91,15.03,88.07,Compost,4.48,1.43,62.88,63.44,2.41,1.07,0.53
Vegetables,22.17,79.71,38.42,16.32,99.6,Biogas,8.83,3.53,22.1,13.46,1.36,0.43,1.33
Grains,23.94,26.2,95.64,7.99,98.84,Animal Feed,9.47,1.25,87.65,98.78,1.12,0.3,0.44
Vegetables,44.56,89.31,14.46,15.12,99.27,Biogas,17.69,7.96,-0.65,-12.88,1.64,0.52,1.08
Vegetables,7.28,70.3,94.17,9.6,96.3,Animal Feed,2.8,1.02,84.57,93.8,1.34,0.47,1.01
Vegetables,42.15,86.19,20.7,29.67,97.1,Biogas,16.37,7.27,-8.97,-34.5,1.4,0.55,1.23
Fruits,29.86,69.81,52.45,0.39,91.68,Animal Feed,10.95,4.17,52.06,62.15,1.21,0.46,1.07
Meat,36.88,54.13,11.47,18.1,94.57,Compost,13.95,3.99,-6.62,-22.43,2.69,0.95,0.35
Vegetables,18.31,90.67,5.54,1.52,90.1,Animal Feed,6.6,3.32,4.02,3.61,1.57,0.64,1.21
Fruits,42.22,55.57,95.0,29.52,91.12,Compost,15.39,4.69,65.48,54.96,1.26,0.45,0.8
Fruits,45.57,49.78,22.03,11.82,94.96,Compost,17.31,4.54,10.21,2.79,0.95,0.41,1.13
Grains,19.33,17.5,45.28,23.34,95.67,Compost,7.4,0.68,21.94,7.65,1.09,0.37,0.32
Grains,8.54,29.53,19.22,13.5,96.21,Compost,3.29,0.5,5.72,-3.93,0.93,0.32,0.37
Vegetables,28.39,86.59,22.54,19.84,90.62,Biogas,10.29,4.92,2.7,-12.64,1.12,0.48,1.25
Grains,25.47,12.56,56.84,3.26,99.03,Animal Feed,10.09,0.64,53.58,61.68,0.9,0.32,0.46
Vegetables,12.89,82.94,90.54,17.29,98.43,Biogas,5.08,2.14,73.25,74.07,1.4,0.31,0.84
Grains,13.83,22.15,18.49,9.17,97.88,Animal Feed,5.42,0.61,9.32,3.84,1.03,0.33,0.29
Meat,23.23,72.06,51.68,26.68,86.48,Biogas,8.04,3.35,25.01,8.67,4.05,1.44,0.51
Mixed,6.68,45.85,62.76,23.1,82.35,Compost,2.2,0.61,39.66,29.12,0.89,0.55,0.68
Grains,27.44,11.76,90.08,27.2,97.05,Compost,10.65,0.65,62.88,53.7,1.15,0.21,0.51
Fruits,19.39,72.28,46.07,28.66,87.12,Biogas,6.76,2.8,17.41,-2.04,0.99,0.28,0.76
Vegetables,45.22,75.72,4.43,6.63,91.91,Animal Feed,16.62,6.85,-2.2,-7.94,1.39,0.7,1.25
Grains,17.22,24.25,33.49,20.35,97.56,Compost,6.72,0.84,13.14,-0.51,1.1,0.25,0.52
Grains,22.44,27.11,36.18,29.83,95.25,Compost,8.55,1.22,6.36,-16.23,1.0,0.14,0.51
Vegetables,29.92,87.04,13.88,26.44,99.34,Biogas,11.89,5.21,-12.55,-36.21,1.62,0.62,1.14
Meat,38.12,66.31,13.69,21.75,90.07,Biogas,13.73,5.06,-8.06,-27.06,2.56,0.91,0.41
Vegetables,35.4,87.31,11.37,24.87,94.59,Biogas,13.4,6.18,-13.5,-36.09,1.42,0.42,1.43
Meat,10.13,67.98,15.76,7.09,91.69,Biogas,3.71,1.38,8.66,4.72,2.47,0.85,0.56
Vegetables,39.89,88.45,10.24,19.28,99.25,Biogas,15.84,7.06,-9.04,-26.27,1.29,0.6,1.31
Vegetables,32.0,90.85,92.29,6.23,91.71,Animal Feed,11.74,5.81,86.06,98.29,1.1,0.51,1.35
Grains,20.79,25.48,60.81,18.72,98.03,Compost,8.15,1.06,42.09,35.53,1.09,0.3,0.34
Grains,24.84,29.19,97.56,21.79,98.66,Compost,9.8,1.45,75.76,73.48,0.94,0.29,0.39
Mixed,15.89,73.38,82.72,24.99,92.85,Biogas,5.9,2.33,57.73,49.29,1.33,0.22,0.73
Fruits,40.37,61.96,24.64,15.22,86.87,Biogas,14.03,5.0,9.42,-0.88,1.89,0.4,1.06
Vegetables,34.89,78.4,59.88,28.83,92.61,Biogas,12.92,5.47,31.04,14.19,1.61,0.63,1.3
Vegetables,47.23,80.04,61.12,29.93,95.28,Biogas,18.0,7.56,31.19,13.48,1.63,0.51,0.99
Mixed,48.35,55.68,96.6,28.41,97.84,Compost,18.92,5.38,68.19,59.1,1.55,0.39,0.81
Grains,40.09,13.53,11.32,3.25,98.61,Animal Feed,15.81,1.08,8.06,7.07,0.85,0.26,0.41
Meat,7.94,61.69,46.43,11.93,88.57,Biogas,2.81,0.98,34.5,31.85,3.9,1.09,0.52
Fruits,17.21,51.67,32.79,21.06,93.38,Compost,6.43,1.78,11.73,-2.77,1.8,0.5,0.72
Vegetables,19.89,78.58,96.74,24.33,98.17,Biogas,7.81,3.13,72.41,67.42,1.49,0.55,1.31
Vegetables,35.95,83.39,92.61,23.97,90.16,Biogas,12.97,6.0,68.64,63.2,1.68,0.52,1.17
Mixed,40.52,40.46,50.01,26.67,85.18,Compost,13.81,3.28,23.34,6.67,1.21,0.25,0.93
Grains,14.58,28.33,66.28,29.85,96.94,Compost,5.66,0.83,36.43,19.84,1.02,0.2,0.4
Vegetables,45.09,70.1,29.49,4.01,93.64,Animal Feed,16.89,6.32,25.48,27.37,1.6,0.43,1.21
Meat,11.65,55.59,1.76,7.26,87.75,Compost,4.09,1.3,-5.5,-12.4,2.69,1.35,0.6
Grains,17.27,27.68,59.48,23.53,98.94,Compost,6.83,0.96,35.95,24.31,0.85,0.36,0.44
Meat,29.02,57.8,80.45,24.66,92.46,Compost,10.73,3.35,55.79,47.22,3.24,1.13,0.43
Grains,10.43,11.99,59.48,23.32,98.72,Compost,4.12,0.25,36.17,24.75,1.03,0.34,0.4
Meat,48.42,52.87,87.41,29.34,90.81,Compost,17.59,5.12,58.07,46.21,3.11,1.13,0.53
Grains,41.71,18.55,25.22,2.13,97.11,Animal Feed,16.2,1.55,23.09,26.01,1.07,0.27,0.42
Grains,5.19,15.24,95.39,8.36,95.63,Animal Feed,1.98,0.16,87.03,97.75,1.01,0.28,0.39
Grains,45.03,23.55,89.0,16.06,98.09,Compost,17.67,2.12,72.94,74.68,1.09,0.33,0.42
Vegetables,44.12,83.54,94.78,7.49,99.06,Animal Feed,17.48,7.37,87.29,98.76,1.67,0.49,1.1
Mixed,47.74,79.7,98.23,20.57,90.15,Biogas,17.21,7.61,77.66,76.73,1.47,0.44,0.92
Mixed,3.81,46.25,16.06,29.28,88.13,Compost,1.34,0.35,-13.22,-39.29,1.58,0.53,0.69
Vegetables,22.02,76.87,9.33,13.12,95.79,Biogas,8.44,3.38,-3.79,-15.05,1.35,0.56,1.34
Vegetables,17.99,87.47,0.51,12.26,90.9,Biogas,6.54,3.15,-11.75,-23.9,1.37,0.45,1.15
Grains,17.28,26.73,49.8,16.27,98.58,Compost,6.81,0.92,33.53,27.23,1.13,0.26,0.38
Vegetables,33.7,86.13,35.62,14.73,95.78,Biogas,12.91,5.8,20.89,13.28,1.12,0.49,1.0
Mixed,24.55,40.63,46.51,16.91,87.9,Compost,8.63,1.99,29.6,21.99,1.36,0.46,0.47
Mixed,32.56,71.24,49.49,29.84,88.85,Biogas,11.57,4.64,19.65,-0.29,1.23,0.51,0.7
Grains,4.33,23.65,2.86,18.51,95.23,Compost,1.65,0.2,-15.64,-33.57,0.93,0.24,0.4
Grains,46.17,19.99,72.1,27.12,98.54,Compost,18.2,1.85,44.97,32.27,1.17,0.34,0.36
Vegetables,22.93,86.98,5.68,21.53,90.95,Biogas,8.34,3.99,-15.85,-36.25,1.63,0.49,1.26
Grains,25.53,29.42,25.9,27.05,95.65,Compost,9.77,1.5,-1.15,-23.02,1.0,0.32,0.43
Grains,40.9,17.78,41.19,5.11,99.25,Animal Feed,16.24,1.45,36.08,39.21,0.9,0.32,0.34
Vegetables,11.38,83.41,68.52,21.13,94.82,Biogas,4.32,1.9,47.39,39.96,1.61,0.33,1.2
Vegetables,44.18,86.1,66.13,19.56,97.13,Biogas,17.16,7.61,46.57,40.23,1.54,0.52,1.14
Fruits,7.87,59.35,89.83,15.81,81.75,Compost,2.57,0.93,74.02,76.17,0.93,0.39,0.79
Fruits,3.94,50.24,6.5,2.38,84.67,Animal Feed,1.33,0.4,4.11,3.03,1.57,0.35,0.55
Meat,22.8,68.15,37.8,2.32,91.82,Biogas,8.37,3.11,35.48,40.72,2.76,1.16,0.59
Vegetables,15.12,70.23,34.58,20.31,92.3,Biogas,5.58,2.12,14.27,0.87,1.3,0.48,1.34
Vegetables,31.3,73.24,92.69,10.01,90.02,Biogas,11.27,4.58,82.68,91.2,1.53,0.51,1.35
Vegetables,20.63,87.65,50.51,4.11,95.66,Animal Feed,7.89,3.62,46.4,52.39,1.3,0.62,1.21
Vegetables,21.0,80.22,67.37,2.07,93.18,Animal Feed,7.83,3.37,65.3,76.71,1.23,0.52,1.2
Vegetables,45.89,85.75,16.67,13.37,98.43,Biogas,18.07,7.87,3.3,-6.74,1.48,0.59,1.01
Vegetables,23.92,80.73,21.54,24.87,96.44,Biogas,9.23,3.86,-3.32,-23.88,1.46,0.66,1.21
Mixed,32.14,44.76,57.71,7.95,96.12,Animal Feed,12.36,2.88,49.76,53.36,1.4,0.48,0.73
Grains,30.8,12.16,45.96,8.61,98.28,Animal Feed,12.11,0.75,37.35,37.93,0.95,0.22,0.45
Vegetables,2.42,94.54,35.99,13.92,96.25,Biogas,0.93,0.46,22.07,15.35,1.02,0.5,0.75
Vegetables,9.82,83.92,92.92,13.36,98.43,Biogas,3.87,1.65,79.57,84.79,1.65,0.53,1.44
Mixed,15.52,50.81,27.57,1.53,91.48,Animal Feed,5.68,1.58,26.05,30.03,1.64,0.26,0.98
Mixed,44.28,83.69,12.59,5.68,92.9,Animal Feed,16.45,7.41,6.92,3.76,0.74,0.46,1.17
Vegetables,44.62,74.32,95.85,7.98,99.23,Animal Feed,17.71,6.63,87.87,99.05,1.86,0.52,1.14
Vegetables,10.68,73.23,55.38,3.67,92.33,Animal Feed,3.95,1.56,51.7,59.11,1.39,0.43,1.62
Fruits,39.42,40.97,18.45,11.14,86.9,Compost,13.7,3.23,7.31,-0.14,1.34,0.43,0.75
Grains,3.61,24.3,90.33,29.96,97.72,Compost,1.41,0.18,60.37,48.48,0.84,0.27,0.44
Mixed,39.12,76.56,68.37,29.38,90.33,Biogas,14.13,5.99,38.99,23.28,1.37,0.3,0.46
Vegetables,16.97,83.55,95.32,29.56,91.7,Biogas,6.23,2.84,65.75,55.25,1.56,0.65,1.12
Grains,47.57,10.71,87.16,10.74,98.73,Compost,18.79,1.02,76.42,83.12,0.87,0.34,0.35
Grains,8.78,14.12,50.31,14.84,99.96,Compost,3.51,0.25,35.47,30.69,1.0,0.26,0.37
Vegetables,36.93,79.04,52.56,4.17,91.86,Animal Feed,13.57,5.84,48.39,54.73,1.64,0.31,1.17
Mixed,46.51,70.75,99.47,29.88,80.32,Compost,14.94,6.58,69.58,59.59,1.73,0.62,0.93
Fruits,4.13,82.9,14.69,10.71,91.03,Biogas,1.5,0.68,3.98,-3.8,1.08,0.53,0.72
Fruits,2.86,46.79,91.51,26.46,82.25,Compost,0.94,0.27,65.04,56.88,0.61,0.37,0.75
Vegetables,37.83,86.39,92.14,16.8,97.68,Biogas,14.78,6.54,75.34,76.96,1.55,0.5,0.99
Vegetables,20.99,80.41,71.33,23.1,99.65,Biogas,8.37,3.37,48.22,39.39,1.06,0.67,1.45
Grains,12.62,27.48,32.93,25.18,98.66,Compost,4.98,0.69,7.75,-10.85,1.05,0.32,0.54
Meat,36.32,74.93,31.3,4.82,87.59,Biogas,12.73,5.44,26.48,27.92,2.96,1.07,0.67
Fruits,30.18,77.12,0.56,29.57,89.82,Biogas,10.84,4.65,-29.01,-58.46,1.0,0.29,0.86
Mixed,49.81,61.45,22.43,28.36,97.35,Biogas,19.4,6.12,-5.92,-29.8,1.18,0.37,0.79
Vegetables,27.75,71.89,57.63,14.53,92.86,Biogas,10.31,3.99,43.1,40.1,1.67,0.52,1.65
Fruits,32.58,76.06,19.96,17.5,94.15,Biogas,12.27,4.96,2.47,-11.04,1.25,0.45,0.58
Grains,49.86,10.61,73.7,26.91,95.46,Compost,19.04,1.06,46.79,34.62,0.98,0.26,0.42
Vegetables,5.32,71.45,33.97,11.4,98.52,Biogas,2.1,0.76,22.57,17.97,1.57,0.59,1.41
Mixed,4.13,74.82,77.74,17.43,85.57,Biogas,1.41,0.62,60.31,58.42,1.56,0.31,0.86
Vegetables,36.97,84.73,86.86,26.48,90.13,Biogas,13.33,6.27,60.38,51.27,1.87,0.51,1.38
Grains,25.88,18.32,99.59,17.87,97.25,Compost,10.07,0.95,81.72,83.78,1.02,0.31,0.41
Meat,38.68,58.76,57.06,21.39,88.72,Compost,13.73,4.55,35.67,25.69,2.52,1.0,0.68
Meat,14.3,53.67,50.98,11.04,87.92,Compost,5.03,1.54,39.94,39.09,1.93,1.02,0.44
Grains,21.7,15.68,92.46,16.16,99.52,Compost,8.64,0.68,76.3,78.64,1.01,0.33,0.35
Fruits,7.12,62.22,93.83,2.57,88.23,Donation,2.51,0.89,91.26,107.45,1.19,0.38,1.09
Vegetables,22.76,81.38,71.01,26.54,97.75,Biogas,8.9,3.7,44.47,32.12,1.28,0.46,1.19
Grains,29.47,13.26,19.21,7.98,96.1,Animal Feed,11.33,0.78,11.23,7.09,0.96,0.22,0.4
Vegetables,31.54,81.0,7.89,0.73,93.92,Animal Feed,11.85,5.11,7.16,8.0,1.66,0.35,1.28
Vegetables,5.49,78.41,88.51,11.98,97.73,Biogas,2.15,0.86,76.53,82.25,1.66,0.65,1.11
Grains,20.86,11.96,31.93,2.24,99.88,Animal Feed,8.33,0.5,29.69,33.84,1.07,0.28,0.36
Vegetables,3.2,77.31,97.18,5.36,98.67,Animal Feed,1.26,0.49,91.82,105.9,1.34,0.46,1.05
Grains,12.74,28.65,40.35,7.27,99.91,Animal Feed,5.09,0.73,33.08,33.88,0.91,0.27,0.45
Fruits,45.81,58.85,35.76,0.03,91.82,Animal Feed,16.83,5.39,35.73,42.85,1.13,0.28,0.53
Fruits,44.58,83.63,99.93,17.69,92.95,Biogas,16.57,7.46,82.24,84.53,1.66,0.23,0.87
Grains,34.44,26.91,41.35,10.85,95.05,Compost,13.09,1.85,30.5,27.93,1.07,0.24,0.42
Meat,37.32,65.18,79.05,6.43,87.91,Biogas,13.12,4.86,72.62,82.0,3.33,1.02,0.58
Vegetables,43.85,71.25,92.61,17.15,95.12,Biogas,16.69,6.25,75.46,76.83,1.83,0.49,1.02
Vegetables,10.46,94.97,88.56,22.66,91.96,Biogas,3.85,1.99,65.9,60.96,1.36,0.37,1.57
Grains,1.53,27.6,74.52,10.14,97.22,Compost,0.59,0.08,64.38,69.14,1.0,0.34,0.38
Vegetables,6.81,73.67,36.83,21.73,91.86,Biogas,2.5,1.0,15.1,0.73,1.54,0.57,1.14
Vegetables,29.96,82.05,56.23,2.24,99.78,Animal Feed,11.96,4.92,54.0,63.0,1.47,0.62,1.07
Vegetables,12.07,87.97,8.65,22.06,94.9,Biogas,4.58,2.12,-13.41,-33.74,1.62,0.51,1.53
Fruits,45.27,65.74,99.79,12.93,93.56,Biogas,16.94,5.95,86.86,93.89,1.01,0.45,0.74
Meat,34.98,55.11,99.83,10.76,85.59,Compost,11.97,3.86,89.07,98.27,2.01,1.37,0.54
Fruits,19.71,71.02,60.59,8.66,90.77,Animal Feed,7.16,2.8,51.92,55.37,1.19,0.38,0.66
Meat,40.12,69.39,18.61,8.69,90.25,Biogas,14.48,5.57,9.92,4.95,3.27,1.17,0.44
Vegetables,34.04,87.16,40.7,17.66,96.53,Biogas,13.14,5.93,23.03,13.51,1.32,0.48,1.2
Vegetables,7.49,80.14,53.08,14.5,92.27,Biogas,2.77,1.2,38.57,34.68,1.68,0.54,1.14
Grains,47.63,12.24,69.12,7.28,99.17,Animal Feed,18.89,1.17,61.84,68.38,0.89,0.31,0.39
Grains,34.55,18.97,97.29,2.27,99.32,Donation,13.72,1.31,95.03,112.22,0.81,0.3,0.45
Vegetables,19.65,85.03,86.79,20.22,96.29,Biogas,7.57,3.34,66.57,63.72,1.29,0.49,1.26
Grains,30.29,14.06,1.86,28.61,97.14,Compost,11.77,0.85,-26.75,-54.98,0.97,0.32,0.49
Fruits,13.77,67.74,83.56,11.42,96.62,Biogas,5.32,1.87,72.14,77.43,1.2,0.31,0.34
Vegetables,4.23,71.07,64.65,20.61,94.09,Biogas,1.59,0.6,44.03,36.35,1.28,0.41,1.33
Vegetables,30.43,87.12,39.17,13.93,94.67,Biogas,11.52,5.3,25.25,19.15,1.72,0.35,1.19
Vegetables,28.11,78.22,40.18,3.17,91.21,Animal Feed,10.25,4.4,37.01,41.87,1.57,0.49,1.2
Vegetables,41.4,92.91,26.91,21.01,92.08,Biogas,15.25,7.69,5.89,-9.74,1.15,0.53,0.63
Vegetables,3.6,89.19,49.74,13.11,96.66,Biogas,1.39,0.64,36.63,33.47,1.44,0.17,1.17
Vegetables,25.48,83.21,53.65,13.6,96.92,Biogas,9.88,4.24,40.05,37.18,1.33,0.65,0.84
Fruits,35.12,80.44,96.36,4.75,92.76,Donation,13.03,5.65,91.61,106.14,0.83,0.41,0.85
Vegetables,29.38,94.59,71.48,29.25,94.18,Biogas,11.07,5.56,42.22,27.27,1.52,0.35,0.93
Fruits,15.29,54.7,76.2,10.96,86.69,Compost,5.3,1.67,65.24,69.52,1.52,0.32,0.76
Fruits,46.42,41.1,32.46,18.68,97.79,Compost,18.16,3.82,13.78,1.59,1.25,0.58,0.88
Vegetables,31.44,76.88,42.66,2.17,90.18,Animal Feed,11.34,4.83,40.49,46.85,1.02,0.71,1.49
Fruits,30.96,45.21,74.9,6.09,89.2,Animal Feed,11.05,2.8,68.81,77.7,0.98,0.4,1.05
Fruits,17.78,82.59,24.77,23.14,81.29,Compost,5.78,2.94,1.62,-16.56,1.33,0.65,0.73
Grains,1.89,22.17,77.55,27.91,97.46,Compost,0.74,0.08,49.64,37.24,0.97,0.33,0.3
Vegetables,40.47,82.46,46.74,20.17,93.97,Biogas,15.21,6.67,26.57,15.74,1.59,0.5,1.34
Vegetables,16.91,93.3,31.87,4.81,96.79,Animal Feed,6.55,3.16,27.06,28.62,1.39,0.58,1.29
Grains,20.0,13.19,77.47,25.77,99.44,Compost,7.96,0.53,51.7,41.42,1.0,0.3,0.41
Meat,3.16,53.94,27.33,23.88,85.71,Compost,1.08,0.34,3.45,-14.96,2.3,0.88,0.51
Vegetables,42.28,93.87,20.91,29.84,97.16,Biogas,16.43,7.94,-8.93,-34.59,1.35,0.52,1.22
Meat,36.6,59.03,35.56,13.02,90.46,Compost,13.24,4.32,22.54,16.64,3.6,1.31,0.45
Vegetables,9.46,73.47,94.65,22.96,93.66,Biogas,3.54,1.39,71.69,67.66,1.55,0.43,1.2
Meat,9.47,65.1,11.54,22.34,90.3,Biogas,3.42,1.23,-10.8,-30.83,3.56,1.05,0.44
Vegetables,31.8,92.94,13.05,1.87,93.16,Animal Feed,11.85,5.91,11.18,11.92,1.56,0.47,1.16
Vegetables,22.17,78.02,70.98,10.88,97.07,Biogas,8.61,3.46,60.09,63.4,1.56,0.54,1.01
Vegetables,42.28,78.46,57.96,22.0,92.18,Biogas,15.59,6.63,35.96,25.55,1.51,0.38,0.93
Vegetables,30.07,93.82,79.74,7.42,92.62,Animal Feed,11.14,5.64,72.33,80.86,1.68,0.42,1.36
Meat,40.79,58.96,97.81,24.69,86.68,Compost,14.14,4.81,73.12,67.99,2.56,1.03,0.42
Grains,27.29,15.59,60.39,18.17,95.82,Compost,10.46,0.85,42.22,36.12,0.72,0.23,0.43
Vegetables,49.83,89.32,52.21,5.82,98.77,Animal Feed,19.69,8.9,46.39,51.0,1.51,0.51,0.67
Grains,45.25,13.27,32.19,24.45,95.43,Compost,17.27,1.2,7.74,-10.28,0.91,0.35,0.47
Grains,43.58,25.27,89.0,14.03,99.34,Compost,17.32,2.2,74.97,78.74,1.09,0.29,0.36
Fruits,17.03,55.28,8.95,14.78,96.12,Compost,6.55,1.88,-5.83,-18.82,1.62,0.36,1.1
Mixed,43.97,42.11,73.0,5.54,85.47,Animal Feed,15.03,3.7,67.46,76.53,1.33,0.27,0.76
Vegetables,33.5,82.05,13.59,9.59,97.39,Animal Feed,13.05,5.5,4.0,-2.88,1.3,0.58,1.11
Vegetables,45.08,88.55,32.77,9.6,99.72,Animal Feed,17.98,7.98,23.17,20.13,1.48,0.36,1.31
Vegetables,33.98,83.27,72.42,11.57,93.85,Biogas,12.75,5.66,60.85,63.77,1.44,0.48,1.14
Vegetables,40.82,84.49,70.94,8.68,92.36,Animal Feed,15.08,6.9,62.26,67.77,1.55,0.56,1.05
Vegetables,43.05,77.84,74.41,28.97,91.96,Biogas,15.83,6.7,45.43,31.34,1.68,0.5,0.84
Vegetables,8.04,92.82,74.56,23.19,96.69,Biogas,3.11,1.49,51.37,43.09,1.85,0.7,0.87
Mixed,21.92,53.2,46.94,20.73,91.51,Compost,8.02,2.33,26.22,14.88,1.72,0.24,0.57
Meat,25.17,54.13,69.65,15.22,89.15,Compost,8.98,2.73,54.44,53.15,2.87,0.92,0.64
Vegetables,40.01,72.11,72.78,12.29,95.25,Biogas,15.24,5.77,60.49,62.76,1.37,0.95,1.4
Grains,29.27,18.43,62.64,3.94,97.99,Animal Feed,11.47,1.08,58.7,67.29,1.09,0.24,0.35
Fruits,41.6,69.34,33.1,13.86,88.25,Biogas,14.68,5.77,19.24,11.99,1.77,0.4,1.19
Vegetables,18.51,87.4,60.66,5.57,99.53,Animal Feed,7.37,3.24,55.09,61.65,1.8,0.51,1.3
Grains,4.46,15.69,6.31,2.24,98.34,Animal Feed,1.76,0.14,4.07,3.09,0.97,0.29,0.37
Vegetables,9.72,89.36,49.29,20.64,93.22,Biogas,3.63,1.74,28.65,17.86,1.68,0.45,1.29
Grains,30.46,28.5,25.99,5.71,96.14,Animal Feed,11.71,1.74,20.28,19.77,1.1,0.3,0.43
Grains,31.07,14.97,67.47,23.49,96.5,Compost,11.99,0.93,43.99,33.99,0.87,0.33,0.41
Vegetables,14.34,81.36,87.07,0.69,98.07,Donation,5.63,2.33,86.37,103.09,1.74,0.49,1.01
Vegetables,10.05,93.29,19.37,6.69,96.69,Animal Feed,3.89,1.88,12.69,9.87,1.44,0.34,1.2
Meat,2.98,51.28,53.36,3.16,91.08,Compost,1.09,0.31,50.2,57.71,3.69,1.24,0.62
Meat,47.7,51.5,86.77,8.52,88.91,Compost,16.96,4.91,78.25,87.08,2.75,0.76,0.5
Meat,33.88,64.95,75.46,13.18,86.92,Biogas,11.78,4.4,62.28,64.19,2.64,0.76,0.46
Meat,48.84,56.0,65.16,12.72,93.62,Compost,18.29,5.47,52.44,52.75,3.53,1.23,0.54
Vegetables,4.43,83.39,28.16,0.43,99.9,Animal Feed,1.77,0.74,27.73,32.94,1.33,0.62,1.3
Vegetables,43.99,90.91,93.77,23.37,92.95,Biogas,16.36,8.0,70.4,65.78,1.63,0.59,1.07
Grains,12.89,20.51,82.41,10.0,96.17,Animal Feed,4.96,0.53,72.42,78.9,0.96,0.36,0.38
Grains,31.16,11.41,83.94,25.97,99.74,Compost,12.43,0.71,57.97,48.78,1.11,0.31,0.54
Grains,46.44,11.29,40.47,24.68,95.57,Compost,17.75,1.05,15.79,-0.79,0.83,0.36,0.3
Grains,49.87,25.74,84.33,0.82,96.37,Donation,19.22,2.57,83.51,99.55,0.96,0.26,0.34
Vegetables,45.34,86.0,42.05,25.04,92.27,Biogas,16.73,7.8,17.01,0.39,1.59,0.46,1.14
Meat,40.88,62.96,70.87,16.18,94.12,Biogas,15.39,5.15,54.69,52.69,3.24,0.82,0.45
Fruits,4.98,77.97,36.88,6.46,85.28,Animal Feed,1.7,0.78,30.41,31.33,1.1,0.41,1.1
Grains,41.83,16.47,12.86,29.55,96.26,Compost,16.11,1.38,-16.69,-43.67,1.08,0.34,0.45
Grains,25.54,17.64,59.55,18.27,99.49,Compost,10.16,0.9,41.28,34.92,0.92,0.25,0.42
Vegetables,32.91,89.14,75.81,1.01,93.58,Animal Feed,12.32,5.87,74.8,88.95,1.4,0.44,1.42
Grains,48.51,29.62,38.51,3.38,96.41,Animal Feed,18.71,2.87,35.13,39.45,0.93,0.3,0.41
Mixed,26.98,52.73,93.0,25.7,86.3,Compost,9.31,2.85,67.3,60.19,1.51,0.47,0.5
Grains,41.5,18.46,0.25,11.25,96.26,Compost,15.98,1.53,-11.0,-22.2,1.04,0.27,0.4
Vegetables,21.39,89.75,58.17,25.69,94.39,Biogas,8.08,3.84,32.48,18.43,1.65,0.67,0.8
Vegetables,41.26,84.15,92.03,17.25,93.01,Biogas,15.35,6.94,74.79,75.95,1.31,0.36,0.94
Mixed,3.27,55.42,3.66,13.08,80.41,Compost,1.05,0.36,-9.42,-21.78,1.38,0.47,0.72
Vegetables,21.43,90.97,42.18,12.79,96.23,Biogas,8.25,3.9,29.39,25.03,1.34,0.63,1.22
Mixed,29.24,71.79,60.78,15.04,87.51,Biogas,10.24,4.2,45.74,42.86,1.27,0.47,0.62
Grains,11.21,25.88,59.51,16.44,99.74,Compost,4.47,0.58,43.07,38.54,0.97,0.34,0.46
Mixed,27.27,63.17,46.86,25.36,80.76,Compost,8.81,3.44,21.49,5.5,1.08,0.38,0.96
Grains,30.87,15.93,21.78,20.3,99.17,Compost,12.24,0.98,1.48,-14.46,0.94,0.26,0.45
Vegetables,8.21,82.72,62.5,18.68,99.22,Biogas,3.26,1.36,43.82,37.63,1.26,0.63,1.43
Vegetables,27.64,79.65,97.97,3.56,94.43,Donation,10.44,4.4,94.41,110.45,1.28,0.51,1.09
Vegetables,44.67,82.07,20.02,1.56,91.36,Animal Feed,16.32,7.33,18.46,20.9,1.46,0.41,1.15
Grains,40.53,21.72,83.71,9.54,98.03,Animal Feed,15.89,1.76,74.17,81.38,0.94,0.24,0.4
Vegetables,37.83,89.62,72.27,28.83,92.3,Biogas,13.97,6.78,43.45,29.08,1.73,0.52,1.06
Grains,2.24,22.06,42.63,21.38,96.45,Compost,0.86,0.1,21.26,8.41,0.95,0.16,0.4
Grains,10.08,14.12,99.44,19.56,96.26,Compost,3.88,0.28,79.88,80.21,0.93,0.33,0.35
Grains,21.09,16.25,13.25,22.97,99.56,Compost,8.4,0.69,-9.72,-30.04,1.0,0.33,0.45
Fruits,7.12,83.96,24.61,17.46,97.74,Biogas,2.78,1.2,7.15,-5.39,0.97,0.4,0.95
Grains,11.09,18.47,96.47,0.68,98.32,Donation,4.36,0.41,95.8,114.41,0.98,0.27,0.37
Grains,39.04,25.76,4.49,16.86,95.17,Compost,14.86,2.01,-12.37,-28.33,1.02,0.26,0.54
Grains,38.87,18.08,68.06,10.19,98.42,Compost,15.3,1.41,57.87,61.3,1.14,0.31,0.46
Vegetables,16.4,87.8,94.24,18.28,91.62,Biogas,6.01,2.88,75.96,76.52,1.88,0.5,1.17
Meat,33.97,62.44,45.22,26.55,92.18,Biogas,12.52,4.24,18.67,1.16,2.74,1.12,0.39
Vegetables,19.35,91.51,49.05,20.45,95.15,Biogas,7.36,3.54,28.61,17.97,1.36,0.61,1.22
Vegetables,9.75,80.11,1.65,4.38,94.95,Animal Feed,3.7,1.56,-2.73,-6.79,1.41,0.59,1.51
Fruits,32.63,56.39,39.81,3.61,89.01,Animal Feed,11.62,3.68,36.21,40.56,0.95,0.42,0.95
Vegetables,48.94,80.93,38.94,0.87,94.72,Animal Feed,18.54,7.92,38.07,44.98,1.71,0.5,1.52
Mixed,47.51,82.71,84.45,18.02,96.99,Biogas,18.43,7.86,66.43,65.31,1.46,0.46,0.99
Vegetables,20.17,94.28,6.34,8.96,93.51,Animal Feed,7.54,3.8,-2.62,-10.31,1.26,0.37,1.29
Vegetables,35.09,85.51,72.03,24.33,96.45,Biogas,13.54,6.0,47.7,37.77,1.42,0.38,1.09
Vegetables,24.85,76.22,96.67,25.46,91.68,Biogas,9.11,3.79,71.2,65.08,1.56,0.67,1.06
Fruits,23.54,68.07,59.4,8.61,86.78,Animal Feed,8.17,3.2,50.78,54.05,0.89,0.38,0.65
Fruits,8.4,56.52,47.82,16.31,82.25,Compost,2.76,0.95,31.51,24.76,1.05,0.39,0.67
Vegetables,26.63,82.73,33.23,28.42,93.16,Biogas,9.92,4.41,4.81,-16.97,1.19,0.52,1.45
Fruits,49.15,71.15,88.16,9.87,86.81,Animal Feed,17.07,6.99,78.29,86.05,1.48,0.28,0.81
Grains,45.41,25.14,53.11,27.02,99.91,Compost,18.15,2.28,26.09,9.7,1.01,0.29,0.47
Grains,13.51,18.71,80.46,14.03,97.58,Compost,5.28,0.51,66.44,68.5,1.03,0.28,0.39
Fruits,17.75,83.09,98.47,15.07,83.77,Compost,5.95,2.95,83.41,88.03,0.93,0.32,0.95
Mixed,25.75,61.23,26.04,6.39,88.08,Animal Feed,9.07,3.15,19.65,18.46,1.33,0.2,0.69
Fruits,30.34,74.37,40.33,14.12,97.22,Biogas,11.8,4.51,26.21,20.15,1.18,0.3,0.68
Fruits,28.44,53.15,84.26,17.6,93.37,Compost,10.62,3.02,66.66,65.91,0.82,0.4,0.97
Vegetables,5.26,81.74,93.14,24.65,97.52,Biogas,2.05,0.86,68.49,62.47,1.53,0.37,1.07
Grains,7.7,12.9,71.17,28.11,95.52,Compost,2.94,0.2,43.05,29.17,0.91,0.31,0.36
Fruits,3.82,47.61,50.21,23.42,93.58,Compost,1.43,0.36,26.78,13.4,0.56,0.32,0.88
Vegetables,43.69,71.32,93.39,11.03,97.82,Biogas,17.1,6.23,82.36,90.0,1.19,0.6,1.38
Grains,30.53,20.5,90.79,19.43,99.45,Compost,12.14,1.25,71.36,70.09,1.07,0.23,0.41
Grains,40.92,19.02,46.78,6.29,97.79,Animal Feed,16.01,1.56,40.49,43.56,1.04,0.26,0.3
Mixed,3.64,78.94,96.67,8.46,89.2,Animal Feed,1.3,0.58,88.21,99.09,1.14,0.25,0.98
Grains,49.68,27.62,76.05,17.53,97.68,Compost,19.41,2.74,58.52,56.2,0.96,0.23,0.34
Vegetables,43.99,77.42,53.26,6.73,99.97,Animal Feed,17.59,6.81,46.53,50.46,1.24,0.44,1.33
Vegetables,30.94,71.02,88.22,20.66,99.69,Biogas,12.34,4.39,67.56,64.55,1.46,0.57,0.61
Vegetables,22.9,80.72,65.97,16.9,99.59,Biogas,9.12,3.7,49.07,45.37,1.77,0.5,1.42
Vegetables,30.2,70.34,76.16,15.04,93.25,Biogas,11.26,4.25,61.12,61.31,1.46,0.54,1.4
Fruits,2.97,81.5,83.28,20.15,83.53,Compost,0.99,0.48,63.13,59.63,0.76,0.38,0.99
Vegetables,45.98,76.14,54.77,21.34,92.44,Biogas,17.0,7.0,33.43,23.05,1.5,0.35,1.15
Fruits,46.84,75.31,70.97,29.78,91.75,Biogas,17.19,7.06,41.19,25.6,1.28,0.3,0.77
Meat,1.82,62.41,94.22,20.9,91.15,Biogas,0.66,0.23,73.32,71.26,3.56,1.19,0.35
Vegetables,16.79,93.05,4.85,8.52,98.87,Animal Feed,6.64,3.13,-3.67,-11.22,1.56,0.45,1.18
Grains,29.63,22.68,81.53,22.58,98.59,Compost,11.68,1.34,58.95,52.68,0.9,0.28,0.41
Fruits,33.63,73.09,97.53,29.65,84.89,Compost,11.42,4.92,67.88,57.74,1.01,0.33,0.61
Meat,31.82,63.0,85.47,4.5,94.71,Donation,12.06,4.01,80.98,93.58,3.16,1.03,0.39
Mixed,25.87,81.69,62.68,15.13,86.06,Biogas,8.9,4.23,47.55,44.95,0.83,0.39,1.16
Mixed,34.91,51.31,92.03,24.17,96.37,Compost,13.46,3.58,67.86,62.1,0.93,0.26,0.6
Vegetables,38.7,92.83,66.92,14.79,90.79,Biogas,14.05,7.18,52.13,50.73,1.32,0.52,1.46
Grains,2.67,25.25,45.41,12.86,95.17,Compost,1.02,0.13,32.55,28.77,0.88,0.29,0.37
Meat,24.58,69.72,94.71,2.24,85.74,Donation,8.43,3.43,92.47,109.17,3.47,1.05,0.36
Vegetables,8.67,86.03,12.42,28.31,93.99,Biogas,3.26,1.49,-15.89,-41.72,1.38,0.41,1.5
Vegetables,35.95,83.11,39.61,17.66,92.23,Biogas,13.26,5.97,21.95,12.21,1.7,0.53,1.27
Vegetables,34.8,77.73,76.32,7.24,98.44,Animal Feed,13.7,5.41,69.08,77.1,1.34,0.44,0.91
Meat,29.35,74.66,38.65,22.6,95.0,Biogas,11.15,4.38,16.05,1.18,3.02,1.07,0.55
Mixed,2.15,64.21,96.01,16.57,83.92,Compost,0.72,0.28,79.45,82.08,0.77,0.65,1.09
Fruits,16.67,59.71,59.85,17.41,88.47,Compost,5.9,1.99,42.45,37.01,1.85,0.32,0.51
Grains,18.24,16.32,6.11,13.1,98.06,Compost,7.15,0.6,-6.99,-18.87,0.96,0.27,0.44
Mixed,39.77,53.74,99.41,26.1,96.65,Compost,15.38,4.28,73.3,67.09,0.83,0.35,0.76
Grains,33.65,23.42,68.68,1.75,95.97,Animal Feed,12.92,1.58,66.92,78.9,0.99,0.23,0.51
Grains,29.61,11.32,16.18,16.06,95.68,Compost,11.33,0.67,0.13,-12.69,0.96,0.31,0.5
Mixed,1.76,68.92,41.12,7.03,81.33,Animal Feed,0.57,0.24,34.09,35.28,1.6,0.37,0.97
Grains,40.08,26.65,21.22,22.15,99.23,Compost,15.91,2.14,-0.93,-18.84,0.86,0.36,0.37
Mixed,1.67,59.82,16.43,0.62,91.66,Animal Feed,0.61,0.2,15.82,18.49,0.94,0.45,0.82
Meat,4.91,53.53,39.35,23.22,90.75,Compost,1.78,0.53,16.13,0.79,3.16,1.32,0.59
Mixed,14.28,71.64,56.25,21.0,96.71,Biogas,5.53,2.05,35.25,25.49,1.54,0.52,0.84
Mixed,2.65,42.94,62.25,9.74,81.4,Animal Feed,0.86,0.23,52.51,55.21,0.74,0.34,0.88
Grains,11.57,27.32,98.91,21.77,97.93,Compost,4.53,0.63,77.14,75.15,1.01,0.33,0.4
Vegetables,35.49,80.3,6.38,8.7,93.07,Animal Feed,13.21,5.7,-2.31,-9.73,1.49,0.52,1.15
Vegetables,8.88,82.7,47.32,16.85,90.12,Biogas,3.2,1.47,30.47,23.08,1.58,0.48,0.99
Fruits,10.33,79.23,2.16,17.82,93.64,Biogas,3.87,1.64,-15.66,-33.04,0.78,0.36,0.85
Fruits,29.64,49.6,70.6,24.3,81.63,Compost,9.68,2.94,46.3,36.12,1.52,0.5,1.12
Grains,6.43,23.65,85.11,20.35,99.92,Compost,2.57,0.3,64.76,61.43,0.82,0.35,0.36
Vegetables,47.74,81.27,74.04,23.98,91.3,Biogas,17.43,7.76,50.06,40.88,1.56,0.42,1.02
Meat,10.91,67.24,83.52,11.71,85.11,Biogas,3.71,1.47,71.81,76.81,2.93,0.83,0.34
Vegetables,18.26,82.47,24.76,2.77,99.49,Animal Feed,7.27,3.01,21.99,24.17,1.42,0.46,1.22
Vegetables,14.44,82.78,93.2,26.31,99.79,Biogas,5.76,2.39,66.89,59.23,1.29,0.47,1.02
Vegetables,35.25,72.2,63.38,17.71,97.13,Biogas,13.69,5.09,45.67,40.63,1.51,0.55,0.93
Grains,2.28,20.97,27.62,21.35,97.97,Compost,0.89,0.1,6.27,-9.56,1.0,0.27,0.37
Grains,42.44,15.91,95.68,9.31,99.56,Animal Feed,16.9,1.35,86.37,96.19,0.94,0.37,0.39
Vegetables,10.29,90.17,43.37,12.34,92.76,Biogas,3.82,1.86,31.03,27.37,1.42,0.41,0.85
Grains,40.91,26.39,98.94,18.32,98.99,Compost,16.2,2.16,80.62,82.09,1.01,0.3,0.45
Grains,37.97,14.64,13.51,9.45,95.84,Animal Feed,14.55,1.11,4.06,-2.68,1.01,0.26,0.46
Vegetables,48.3,87.45,23.27,19.87,95.31,Biogas,18.41,8.45,3.4,-11.82,1.68,0.5,0.92
Grains,33.29,23.72,19.1,18.98,95.11,Compost,12.66,1.58,0.13,-15.03,0.95,0.3,0.37
Grains,29.7,16.05,93.77,6.36,98.2,Animal Feed,11.67,0.95,87.41,99.81,1.02,0.36,0.43
Vegetables,8.3,88.42,34.4,8.71,94.07,Animal Feed,3.12,1.47,25.69,23.86,1.3,0.31,1.33
Grains,17.52,20.96,6.82,2.35,98.87,Animal Feed,6.93,0.73,4.47,3.49,0.88,0.35,0.46
Grains,32.32,14.23,16.9,22.54,98.73,Compost,12.76,0.92,-5.65,-24.81,1.01,0.33,0.41
Vegetables,28.7,83.8,83.29,4.58,93.88,Donation,10.78,4.81,78.71,90.79,1.2,0.51,1.27
Grains,1.7,26.96,9.43,15.86,98.61,Compost,0.67,0.09,-6.43,-20.4,1.03,0.39,0.41
Vegetables,48.66,91.43,73.28,22.09,97.33,Biogas,18.94,8.9,51.19,43.75,1.46,0.55,1.14
Vegetables,18.69,70.49,79.06,6.04,99.97,Animal Feed,7.47,2.64,73.02,82.79,1.63,0.51,0.99
Grains,30.76,13.2,92.03,26.4,98.89,Compost,12.17,0.81,65.63,57.63,0.9,0.27,0.3
Grains,18.6,16.51,31.08,5.7,96.34,Animal Feed,7.17,0.61,25.37,25.89,1.14,0.37,0.41
Grains,4.38,24.03,88.06,21.86,97.59,Compost,1.71,0.21,66.2,61.95,0.81,0.3,0.38
Vegetables,41.75,87.05,66.26,22.4,90.32,Biogas,15.08,7.27,43.86,34.71,1.69,0.53,1.01
Meat,33.32,69.16,72.89,12.81,90.75,Biogas,12.09,4.61,60.07,61.84,3.19,0.96,0.5
Vegetables,4.23,86.22,31.83,7.7,99.65,Animal Feed,1.69,0.73,24.13,22.8,1.5,0.54,1.8
Vegetables,14.37,81.23,74.09,3.3,91.98,Animal Feed,5.29,2.34,70.78,82.3,1.55,0.45,1.09
Grains,39.19,24.52,26.17,27.74,99.76,Compost,15.64,1.92,-1.57,-24.08,1.01,0.34,0.45
Vegetables,45.34,77.82,66.62,10.96,91.3,Biogas,16.56,7.06,55.66,58.02,1.4,0.57,1.27
Vegetables,41.67,74.27,19.87,4.22,93.72,Animal Feed,15.62,6.19,15.65,15.4,1.64,0.46,1.7
Vegetables,43.29,70.79,60.25,25.52,99.77,Biogas,17.28,6.13,34.73,21.26,1.46,0.49,1.04
Vegetables,40.19,79.86,46.45,24.52,91.59,Biogas,14.73,6.42,21.92,6.69,1.53,0.44,1.21
Meat,24.95,71.5,56.06,10.66,86.2,Biogas,8.6,3.57,45.4,45.95,3.44,1.11,0.7
Grains,13.62,18.81,85.2,11.43,96.4,Compost,5.25,0.51,73.77,79.37,1.05,0.28,0.36
Meat,9.58,60.61,47.44,25.9,86.15,Biogas,3.3,1.16,21.54,5.13,3.16,0.8,0.37
Vegetables,1.94,86.3,47.04,12.9,90.53,Biogas,0.7,0.34,34.14,30.65,1.6,0.51,1.25
Grains,5.44,28.6,58.37,5.5,98.13,Animal Feed,2.14,0.31,52.87,59.03,1.03,0.23,0.47
Grains,3.77,22.18,85.04,29.42,97.77,Compost,1.47,0.17,55.62,43.2,1.13,0.34,0.41
Mixed,38.84,83.04,31.29,11.93,95.61,Biogas,14.86,6.45,19.36,13.69,1.1,0.42,1.07
Meat,45.85,52.19,35.52,1.39,93.61,Compost,17.17,4.79,34.13,39.84,2.98,0.87,0.6
Vegetables,24.37,72.39,82.87,26.04,91.94,Biogas,8.96,3.53,56.83,47.36,1.55,0.62,0.97
Grains,45.72,26.9,27.08,2.01,98.66,Animal Feed,18.04,2.46,25.08,28.49,1.05,0.27,0.41
Vegetables,8.76,92.01,21.91,29.52,92.4,Biogas,3.24,1.61,-7.61,-32.75,1.52,0.54,1.2
Fruits,2.29,82.65,64.69,6.56,92.98,Animal Feed,0.85,0.38,58.13,64.5,0.72,0.42,0.68
Meat,5.27,62.24,5.89,25.21,85.1,Biogas,1.79,0.66,-19.32,-43.36,2.78,0.81,0.55
Mixed,34.15,49.58,66.87,16.63,86.48,Compost,11.82,3.39,50.24,46.99,1.02,0.64,0.69
Vegetables,44.65,72.03,23.37,28.88,94.66,Biogas,16.91,6.43,-5.51,-29.72,1.68,0.56,1.1
Grains,15.55,28.59,19.94,29.13,98.7,Compost,6.14,0.89,-9.19,-34.33,0.9,0.26,0.33
Grains,44.91,16.93,90.13,9.22,99.3,Animal Feed,17.84,1.52,80.91,89.72,0.98,0.34,0.44
Grains,43.38,25.57,28.61,14.8,96.97,Compost,16.83,2.22,13.82,4.74,1.08,0.27,0.43
Grains,26.51,20.9,64.47,27.29,96.66,Compost,10.25,1.11,37.18,22.79,1.05,0.27,0.41
Meat,3.23,70.96,54.73,13.79,94.89,Biogas,1.23,0.46,40.94,38.1,1.73,1.1,0.5
Vegetables,33.22,75.75,10.33,7.82,91.05,Animal Feed,12.1,5.03,2.51,-3.24,1.72,0.28,1.1
Vegetables,28.42,88.78,6.33,10.95,91.96,Biogas,10.45,5.05,-4.62,-14.3,1.15,0.55,1.31
Mixed,20.21,63.68,35.67,29.57,86.39,Biogas,6.98,2.57,6.11,-16.33,1.29,0.41,0.77
Meat,23.0,50.3,18.24,0.66,90.2,Compost,8.3,2.31,17.58,20.57,1.72,1.0,0.54
Vegetables,45.99,94.91,70.7,12.57,99.45,Biogas,18.3,8.73,58.14,59.71,1.58,0.67,1.4
Grains,6.96,15.31,3.16,27.81,99.18,Compost,2.76,0.21,-24.65,-51.82,1.23,0.3,0.45
Meat,21.29,64.96,1.12,6.82,89.3,Biogas,7.6,2.77,-5.69,-12.28,3.5,0.98,0.46
Vegetables,2.55,85.2,99.87,28.33,95.69,Biogas,0.97,0.43,71.53,63.17,1.4,0.52,1.03
Vegetables,39.97,78.84,74.91,7.38,90.64,Animal Feed,14.49,6.3,67.53,75.13,1.29,0.38,1.62
Vegetables,16.11,79.07,38.97,14.66,100.0,Biogas,6.44,2.55,24.32,17.45,1.56,0.42,1.53
Grains,41.59,19.3,5.88,15.88,96.48,Compost,16.05,1.61,-10.0,-24.71,1.05,0.32,0.49
Vegetables,2.43,85.32,13.94,21.74,93.03,Biogas,0.9,0.41,-7.8,-26.74,1.33,0.55,1.26
Grains,6.49,23.03,50.92,3.48,98.05,Animal Feed,2.55,0.3,47.45,54.16,1.08,0.3,0.41
Grains,9.93,21.94,46.86,2.44,98.47,Animal Feed,3.91,0.44,44.42,51.35,1.0,0.25,0.4
Grains,39.73,29.25,14.55,13.09,95.74,Compost,15.21,2.32,1.46,-8.72,1.25,0.36,0.41
Grains,35.31,27.26,7.27,1.24,95.9,Animal Feed,13.55,1.93,6.02,6.23,1.07,0.36,0.44
Vegetables,5.28,83.68,31.99,7.3,92.15,Animal Feed,1.95,0.88,24.69,23.79,1.47,0.61,1.41
Vegetables,40.04,84.66,73.13,27.82,92.54,Biogas,14.82,6.78,45.31,32.11,1.76,0.45,1.56
Meat,22.66,53.77,4.89,27.08,93.06,Compost,8.43,2.44,-22.19,-48.3,2.6,0.99,0.4
Grains,14.77,24.33,48.96,2.68,99.43,Animal Feed,5.87,0.72,46.28,53.4,1.1,0.26,0.43
Meat,42.53,52.7,62.03,19.94,93.16,Compost,15.85,4.48,42.09,34.56,2.66,1.24,0.51
Grains,42.98,22.19,91.36,20.45,99.54,Compost,17.11,1.91,70.91,68.73,1.07,0.24,0.42
Grains,49.29,11.5,91.71,20.5,97.14,Compost,19.15,1.13,71.21,69.05,1.07,0.23,0.47
Vegetables,30.78,94.25,20.03,7.38,99.88,Animal Feed,12.3,5.8,12.65,9.28,1.45,0.58,1.26
Mixed,7.63,48.6,91.51,11.76,87.57,Compost,2.67,0.74,79.75,86.29,1.72,0.55,0.89
Grains,35.42,23.26,23.54,13.74,96.91,Compost,13.73,1.65,9.79,0.76,0.98,0.21,0.35
Grains,37.36,25.58,64.46,27.21,96.87,Compost,14.48,1.91,37.26,22.94,1.14,0.29,0.38
Grains,40.19,29.61,37.45,16.96,98.53,Compost,15.84,2.38,20.48,11.01,1.23,0.27,0.4
Meat,22.47,74.0,29.62,2.9,87.72,Biogas,7.88,3.33,26.72,29.74,2.74,1.31,0.64
Grains,26.91,25.94,68.13,29.57,99.84,Compost,10.75,1.4,38.55,22.61,0.99,0.31,0.37
Mixed,35.91,63.48,71.41,12.87,82.91,Compost,11.91,4.56,58.54,59.95,1.6,0.22,0.97
Meat,8.04,54.06,46.84,27.48,86.63,Compost,2.79,0.87,19.36,1.25,3.69,0.88,0.57
Grains,11.3,15.68,22.33,20.59,99.6,Compost,4.5,0.35,1.74,-14.38,1.19,0.22,0.29
Meat,14.47,69.73,19.85,0.1,93.55,Biogas,5.41,2.02,19.75,23.62,2.63,1.16,0.46
Fruits,17.0,58.65,52.73,9.77,88.03,Animal Feed,5.98,1.99,42.96,43.74,1.07,0.49,0.85
Vegetables,31.58,81.17,41.67,23.68,99.11,Biogas,12.52,5.13,17.99,2.65,1.67,0.81,0.76
Grains,14.2,27.24,3.38,24.32,97.98,Compost,5.56,0.77,-20.93,-44.57,1.17,0.37,0.35
Vegetables,36.37,72.06,65.31,5.14,93.75,Animal Feed,13.64,5.24,60.17,68.09,1.73,0.5,1.05
Vegetables,46.58,81.06,23.26,28.87,98.03,Biogas,18.26,7.55,-5.61,-29.83,1.44,0.57,1.17
Grains,20.5,26.8,34.99,9.23,95.44,Animal Feed,7.82,1.1,25.75,23.52,1.01,0.21,0.34
Vegetables,9.47,86.01,97.15,10.47,99.19,Biogas,3.76,1.63,86.67,95.63,1.12,0.51,1.26
Vegetables,30.47,89.38,96.06,4.95,94.55,Donation,11.53,5.45,91.11,105.37,1.43,0.64,1.37
Mixed,20.22,72.54,48.89,15.66,90.3,Biogas,7.3,2.93,33.23,27.35,1.78,0.39,0.61
Vegetables,46.85,75.69,30.76,14.68,94.09,Biogas,17.63,7.09,16.09,7.56,1.45,0.51,0.96
Vegetables,3.63,89.48,93.07,14.36,96.41,Biogas,1.4,0.65,78.72,82.97,1.42,0.49,1.17
Vegetables,37.35,91.92,92.23,20.78,93.71,Biogas,14.0,6.87,71.46,69.12,1.54,0.36,0.81
Vegetables,10.06,75.76,62.51,8.73,92.64,Animal Feed,3.73,1.53,53.78,57.55,1.64,0.38,1.15
Vegetables,5.01,73.15,39.11,8.36,98.36,Animal Feed,1.97,0.73,30.75,30.21,1.32,0.45,1.24
Grains,26.62,19.62,5.46,18.94,96.57,Compost,10.28,1.04,-13.47,-31.32,1.04,0.27,0.44
Vegetables,38.68,91.58,41.69,10.82,93.65,Biogas,14.49,7.08,30.87,28.38,1.33,0.4,1.21
Vegetables,44.83,73.7,92.24,21.27,96.36,Biogas,17.28,6.61,70.97,68.14,1.39,0.55,1.08
Meat,5.17,64.57,10.73,1.44,93.21,Biogas,1.93,0.67,9.29,10.0,3.41,1.31,0.59
Meat,19.85,52.68,65.08,24.4,92.63,Compost,7.35,2.09,40.68,29.3,3.14,1.22,0.55
Grains,7.1,28.8,93.16,17.16,97.73,Compost,2.78,0.41,76.0,77.46,1.18,0.33,0.41
Vegetables,49.86,87.02,82.35,25.21,94.08,Biogas,18.76,8.68,57.15,48.41,1.09,0.65,1.19
Fruits,36.39,78.47,11.53,4.78,86.97,Animal Feed,12.66,5.71,6.75,4.28,1.5,0.29,0.8
Meat,35.83,55.1,38.14,10.41,93.47,Compost,13.4,3.95,27.72,24.94,3.45,0.87,0.68
Fruits,2.73,83.86,12.27,15.42,91.67,Biogas,1.0,0.46,-3.15,-16.11,1.17,0.6,0.59
Mixed,12.53,72.5,19.53,19.09,87.83,Biogas,4.4,1.82,0.44,-14.75,0.86,0.46,0.88
Grains,28.69,22.3,41.33,23.12,97.51,Compost,11.19,1.28,18.21,3.36,1.0,0.28,0.42
Mixed,47.61,80.47,26.08,0.69,82.85,Animal Feed,15.78,7.66,25.4,29.92,0.79,0.24,1.21
Vegetables,22.57,77.05,43.81,3.94,97.65,Animal Feed,8.81,3.48,39.87,44.69,1.39,0.45,1.26
Mixed,17.32,66.34,60.54,2.82,94.03,Animal Feed,6.51,2.3,57.72,67.0,1.24,0.42,0.72
Fruits,27.65,41.81,85.69,24.47,96.56,Compost,10.68,2.31,61.22,53.88,1.8,0.51,0.79
Vegetables,13.11,91.89,66.07,7.29,98.99,Animal Feed,5.19,2.41,58.79,64.72,1.05,0.34,1.08
Mixed,1.53,40.26,49.45,12.35,89.09,Compost,0.55,0.12,37.1,34.64,1.03,0.27,0.79
Fruits,1.45,83.93,65.02,16.61,91.24,Biogas,0.53,0.24,48.41,44.81,0.73,0.42,0.59
Vegetables,26.8,89.78,95.06,4.44,90.81,Donation,9.73,4.81,90.62,105.19,1.34,0.52,1.39
Mixed,32.57,65.54,49.97,9.2,89.28,Animal Feed,11.63,4.27,40.76,41.55,0.99,0.43,1.11
Grains,26.3,10.39,60.31,13.59,96.41,Compost,10.14,0.55,46.71,45.18,1.15,0.34,0.38
Vegetables,37.18,92.6,38.43,25.56,92.35,Biogas,13.74,6.89,12.87,-5.01,1.61,0.41,1.08
Meat,29.86,56.87,58.01,24.64,94.38,Compost,11.27,3.4,33.38,20.34,2.17,1.04,0.51
Fruits,17.53,83.38,86.62,18.09,80.39,Compost,5.64,2.92,68.53,67.76,1.57,0.27,1.11
Fruits,16.3,50.29,68.04,11.82,87.75,Compost,5.72,1.64,56.21,58.0,1.31,0.3,0.91
Meat,2.8,66.7,86.98,22.43,91.5,Biogas,1.03,0.37,64.55,59.52,3.06,1.05,0.38
Grains,35.82,27.35,42.17,3.29,99.88,Animal Feed,14.31,1.96,38.88,44.03,1.1,0.29,0.42
Vegetables,44.24,79.02,44.83,10.95,96.21,Biogas,17.02,6.99,33.89,31.91,1.72,0.57,1.09
Mixed,41.91,61.59,22.37,23.17,95.83,Biogas,16.07,5.16,-0.8,-19.5,0.92,0.52,0.68
Grains,6.27,15.47,65.39,22.82,97.01,Compost,2.43,0.19,42.57,32.83,0.98,0.31,0.46
Vegetables,29.77,93.53,33.32,21.01,96.11,Biogas,11.44,5.57,12.31,-2.04,1.69,0.65,1.34
Mixed,1.53,79.16,65.64,11.71,83.94,Compost,0.51,0.24,53.92,55.33,1.55,0.39,0.78
Vegetables,22.15,88.58,2.05,18.91,95.01,Biogas,8.42,3.92,-16.86,-35.36,1.64,0.56,1.35
Grains,23.37,26.37,3.83,0.81,97.74,Animal Feed,9.14,1.23,3.02,2.98,1.03,0.33,0.48
Vegetables,22.44,75.89,27.88,9.65,99.84,Animal Feed,8.96,3.41,18.23,14.15,1.57,0.7,1.31
Vegetables,35.24,81.84,56.32,20.07,95.18,Biogas,13.42,5.77,36.25,27.44,1.78,0.55,1.22
Vegetables,21.06,75.78,48.98,6.59,99.79,Animal Feed,8.41,3.19,42.39,45.59,1.46,0.52,1.2
Grains,2.94,28.1,58.14,29.28,99.09,Compost,1.17,0.17,28.86,11.22,1.07,0.37,0.45
Fruits,49.93,66.47,77.44,0.02,83.68,Animal Feed,16.71,6.64,77.42,92.89,0.98,0.59,0.81
Grains,12.53,27.5,24.04,2.85,95.76,Animal Feed,4.8,0.69,21.19,23.15,0.88,0.34,0.43
Vegetables,25.73,86.04,85.73,24.5,93.27,Biogas,9.6,4.43,61.24,53.89,1.47,0.46,1.23
Mixed,46.89,56.03,45.49,16.56,87.19,Compost,16.35,5.25,28.93,21.47,1.02,0.44,0.65
Vegetables,2.3,87.98,5.97,14.17,90.2,Biogas,0.83,0.41,-8.2,-21.17,1.43,0.42,1.58
Grains,42.88,24.65,98.43,15.44,95.4,Compost,16.36,2.11,82.99,87.24,0.93,0.25,0.39
Meat,34.46,71.25,17.15,10.4,87.16,Biogas,12.02,4.91,6.75,-0.23,2.49,1.1,0.53
Mixed,39.26,52.72,67.48,23.36,90.15,Compost,14.16,4.14,44.12,34.26,1.12,0.14,0.53
Fruits,8.61,77.03,45.45,5.91,84.59,Animal Feed,2.91,1.33,39.54,42.72,0.94,0.49,0.77
Vegetables,24.18,89.07,7.63,27.9,99.97,Biogas,9.67,4.31,-20.27,-46.64,1.57,0.53,1.29
Vegetables,46.16,71.89,55.72,11.0,97.15,Biogas,17.94,6.64,44.73,44.88,1.56,0.44,1.47
Vegetables,13.18,75.55,58.77,17.34,95.49,Biogas,5.03,1.99,41.43,35.84,1.34,0.42,1.16
Grains,17.59,24.13,29.63,4.12,99.13,Animal Feed,6.98,0.85,25.51,27.32,0.92,0.27,0.39
Grains,8.64,19.26,66.41,18.35,96.11,Compost,3.32,0.33,48.06,42.99,0.88,0.31,0.37
Grains,21.54,27.74,77.12,27.49,96.23,Compost,8.29,1.2,49.63,37.56,1.03,0.22,0.35
Fruits,40.09,84.41,0.69,0.33,92.55,Animal Feed,14.84,6.77,0.36,0.17,1.3,0.42,0.81
Grains,22.33,19.02,85.62,27.09,97.0,Compost,8.66,0.85,58.54,48.58,1.07,0.29,0.43
Grains,22.9,25.22,29.47,7.85,98.54,Animal Feed,9.03,1.16,21.62,19.66,0.93,0.28,0.37
Grains,47.77,23.71,41.41,9.74,99.63,Animal Feed,19.04,2.27,31.66,30.2,0.96,0.34,0.44
Fruits,45.36,60.33,91.47,16.24,80.16,Compost,14.55,5.47,75.23,77.29,1.0,0.49,1.2
Grains,15.24,16.1,9.45,14.19,98.98,Compost,6.03,0.49,-4.73,-17.03,1.02,0.24,0.39
Grains,33.02,19.42,59.39,22.46,95.72,Compost,12.64,1.28,36.93,26.35,1.09,0.3,0.42
Vegetables,47.14,85.52,78.1,11.92,98.47,Biogas,18.57,8.06,66.18,69.88,1.33,0.58,1.03
Vegetables,33.23,72.34,88.76,7.78,97.36,Animal Feed,12.94,4.81,80.97,90.94,1.36,0.53,1.43
Fruits,10.54,58.6,35.74,23.25,90.05,Compost,3.8,1.24,12.49,-3.62,1.34,0.48,0.49
Grains,12.49,12.92,10.81,16.41,98.15,Compost,4.9,0.32,-5.59,-19.84,0.87,0.29,0.34
Meat,29.2,70.66,67.6,20.87,86.28,Biogas,10.08,4.13,46.73,39.37,2.47,1.4,0.38
Meat,32.92,52.36,99.68,23.37,91.95,Compost,12.11,3.45,76.31,72.88,3.55,1.23,0.61
Grains,4.87,24.53,65.37,8.87,98.54,Animal Feed,1.92,0.24,56.5,60.7,1.0,0.28,0.42
Meat,12.78,67.1,35.36,27.01,87.95,Biogas,4.5,1.71,8.34,-11.6,3.16,0.84,0.57
Meat,4.62,60.18,68.46,18.07,88.37,Biogas,1.63,0.56,50.39,46.0,2.7,0.91,0.64
Mixed,46.95,59.25,16.93,14.89,93.02,Compost,17.47,5.56,2.04,-9.46,1.14,0.36,0.67
Grains,25.37,23.32,13.14,23.92,95.33,Compost,9.67,1.18,-10.78,-32.07,0.82,0.35,0.41
Vegetables,20.99,78.1,63.39,6.46,95.86,Animal Feed,8.05,3.28,56.93,63.15,1.69,0.36,1.39
Vegetables,42.52,79.66,29.4,14.26,95.36,Biogas,16.22,6.78,15.14,6.76,1.43,0.37,1.46
Vegetables,14.93,71.55,4.54,3.2,93.04,Animal Feed,5.55,2.14,1.34,-0.95,1.54,0.49,1.47
Fruits,31.55,48.59,6.04,17.9,87.29,Compost,11.02,3.07,-11.86,-28.55,1.33,0.52,0.83
Meat,48.92,70.18,90.37,2.95,87.76,Donation,17.17,6.87,87.42,102.54,3.49,1.16,0.58
Vegetables,40.02,76.31,12.66,20.16,90.59,Biogas,14.5,6.11,-7.5,-25.12,1.61,0.62,1.13
Vegetables,6.38,78.77,28.13,15.48,90.84,Biogas,2.32,1.0,12.65,2.79,1.34,0.58,0.93
Meat,5.64,57.42,99.14,15.8,94.27,Compost,2.13,0.65,83.34,87.37,3.05,1.14,0.49
Vegetables,39.75,73.98,73.28,3.75,92.52,Animal Feed,14.71,5.88,69.52,80.43,1.43,0.64,1.31
Vegetables,11.84,79.5,0.63,4.26,97.63,Animal Feed,4.62,1.88,-3.64,-7.77,1.27,0.6,1.45
Vegetables,14.33,73.66,8.97,26.7,94.1,Biogas,5.39,2.11,-17.73,-42.64,1.52,0.48,1.27
Mixed,10.92,71.71,47.86,15.37,95.15,Biogas,4.15,1.57,32.49,26.69,1.62,0.2,0.89
Grains,46.56,24.88,90.55,17.02,96.21,Compost,17.92,2.32,73.54,74.64,1.17,0.34,0.38
Vegetables,7.02,82.96,6.87,4.35,95.48,Animal Feed,2.68,1.16,2.51,-0.47,1.31,0.62,0.91
Grains,4.03,27.62,49.95,21.77,95.71,Compost,1.54,0.22,28.18,16.4,0.9,0.38,0.47
Grains,30.05,25.21,94.91,11.3,98.04,Compost,11.78,1.52,83.61,91.29,0.95,0.36,0.43
Grains,5.23,17.18,22.43,0.95,97.06,Animal Feed,2.03,0.18,21.49,25.03,1.01,0.36,0.45
Grains,35.52,19.09,75.19,4.59,97.3,Animal Feed,13.82,1.36,70.6,81.04,0.99,0.24,0.44
Vegetables,33.14,90.71,86.48,25.72,97.92,Biogas,12.98,6.01,60.76,52.34,1.33,0.64,1.14
Mixed,4.72,64.16,77.0,10.78,91.68,Biogas,1.73,0.61,66.22,70.83,1.08,0.49,1.07
Vegetables,11.02,70.3,83.96,7.58,93.5,Animal Feed,4.12,1.55,76.38,85.59,1.45,0.44,1.36
Vegetables,10.46,94.27,39.52,26.98,95.49,Biogas,4.0,1.97,12.54,-6.53,1.55,0.54,1.13
Vegetables,20.27,82.62,97.56,18.23,98.93,Biogas,8.02,3.35,79.33,80.61,1.54,0.6,1.1
Meat,23.04,63.3,50.74,14.43,89.29,Biogas,8.23,2.92,36.31,32.03,2.31,1.16,0.55
Vegetables,9.68,93.48,16.77,18.8,93.16,Biogas,3.61,1.81,-2.03,-17.48,1.63,0.59,1.36
Meat,14.31,68.52,68.16,9.13,92.78,Biogas,5.31,1.96,59.03,63.54,3.13,0.9,0.59
Meat,23.69,64.94,84.86,0.63,89.16,Donation,8.45,3.08,84.24,100.59,2.82,0.92,0.52
Vegetables,23.42,88.44,39.91,6.75,91.58,Animal Feed,8.58,4.14,33.16,34.39,1.36,0.41,1.05
Vegetables,36.7,85.28,72.62,21.93,90.81,Biogas,13.33,6.26,50.69,43.29,1.43,0.72,1.17
Vegetables,45.26,82.28,58.61,9.57,96.79,Animal Feed,17.52,7.45,49.04,51.19,1.57,0.46,1.07
Grains,19.33,22.81,22.38,28.06,97.44,Compost,7.53,0.88,-5.68,-29.27,0.82,0.25,0.39
Grains,3.06,12.78,49.86,11.1,95.4,Compost,1.17,0.08,38.75,37.62,0.98,0.24,0.42
Fruits,16.7,60.62,50.4,29.02,92.98,Biogas,6.21,2.03,21.38,2.45,1.62,0.37,0.61
Grains,45.34,13.58,96.77,2.91,97.42,Donation,17.67,1.23,93.85,110.3,1.17,0.29,0.43
Mixed,22.82,43.32,74.5,3.54,95.83,Animal Feed,8.75,1.98,70.96,82.32,1.32,0.31,0.54
Vegetables,10.62,83.81,56.34,23.93,98.73,Biogas,4.2,1.78,32.41,19.76,1.47,0.43,1.2
Vegetables,4.56,74.7,96.59,7.22,97.46,Animal Feed,1.78,0.68,89.37,101.47,1.71,0.73,1.04
Mixed,29.45,45.55,86.34,7.69,88.41,Animal Feed,10.41,2.68,78.65,88.22,0.85,0.39,0.92
Grains,42.35,28.41,32.11,29.06,97.43,Compost,16.5,2.41,3.05,-19.59,0.91,0.25,0.39
Grains,21.87,29.76,5.56,21.51,95.77,Compost,8.38,1.3,-15.95,-36.35,0.95,0.41,0.38
Vegetables,7.87,73.99,62.09,12.3,99.29,Biogas,3.13,1.17,49.78,49.9,1.72,0.63,0.84
Vegetables,34.79,73.24,63.1,12.55,91.91,Biogas,12.79,5.1,50.55,50.63,1.6,0.55,1.41
Vegetables,34.82,88.5,5.5,17.22,95.1,Biogas,13.25,6.16,-11.72,-27.84,1.75,0.47,1.36
Mixed,39.23,75.38,31.59,17.39,82.88,Compost,13.0,5.91,14.21,3.14,2.1,0.27,0.67
Vegetables,28.47,80.96,2.18,29.81,92.87,Biogas,10.58,4.61,-27.63,-57.0,1.56,0.63,1.21
Vegetables,35.82,73.88,58.49,2.59,95.4,Animal Feed,13.67,5.29,55.91,65.02,1.45,0.51,1.17
Fruits,27.8,81.47,72.72,25.12,96.5,Biogas,10.73,4.53,47.6,37.03,0.72,0.39,0.65
Meat,14.43,60.04,45.25,15.32,89.13,Biogas,5.14,1.73,29.92,23.65,3.43,0.74,0.5
Grains,41.18,20.35,14.69,10.26,96.15,Compost,15.84,1.68,4.44,-2.88,1.11,0.33,0.45
Mixed,45.65,65.89,41.56,2.16,92.64,Animal Feed,16.92,6.02,39.4,45.56,0.79,0.68,0.71
Grains,39.74,26.1,90.02,14.9,99.46,Compost,15.81,2.07,75.12,78.22,1.0,0.27,0.39
Meat,4.15,60.42,6.45,19.54,91.74,Biogas,1.52,0.5,-13.09,-31.33,2.91,0.92,0.42
Mixed,41.53,83.86,81.81,5.46,95.22,Animal Feed,15.82,6.96,76.35,87.25,1.27,0.51,0.29
Vegetables,47.45,70.09,69.78,24.54,99.77,Biogas,18.93,6.65,45.25,34.67,1.6,0.41,1.44
Vegetables,38.77,90.11,45.32,19.17,92.49,Biogas,14.35,6.99,26.15,16.05,1.35,0.64,1.14
Fruits,26.71,56.81,44.5,23.55,95.61,Compost,10.21,3.03,20.95,6.3,1.35,0.35,0.75
Vegetables,29.71,84.86,73.63,19.25,99.29,Biogas,11.8,5.04,54.38,49.86,1.3,0.4,0.8
Meat,41.18,73.07,81.69,14.3,89.31,Biogas,14.71,6.02,67.39,69.42,2.58,1.06,0.68
Meat,46.58,68.31,49.89,6.34,92.76,Biogas,17.28,6.36,43.55,47.18,1.99,1.19,0.49
Vegetables,25.91,84.65,47.32,25.72,92.4,Biogas,9.58,4.39,21.6,5.34,1.41,0.59,1.24
Mixed,5.53,44.31,0.21,29.04,88.57,Compost,1.96,0.49,-28.83,-57.83,0.73,0.59,1.03
Vegetables,45.94,72.73,36.27,28.75,92.38,Biogas,16.98,6.68,7.52,-13.97,1.22,0.54,1.36
Fruits,22.26,65.8,37.18,4.94,97.42,Animal Feed,8.68,2.93,32.24,34.73,1.19,0.43,0.71
Vegetables,33.19,82.77,98.74,25.61,92.31,Biogas,12.25,5.49,73.13,67.27,1.66,0.33,0.94
Vegetables,45.78,78.57,26.63,17.22,96.68,Biogas,17.7,7.19,9.41,-2.49,1.48,0.54,0.97
Mixed,23.2,82.19,64.33,15.54,96.46,Biogas,8.95,3.81,48.79,46.11,1.51,0.34,0.5
Vegetables,49.69,88.82,89.66,10.12,94.38,Biogas,18.76,8.83,79.54,87.35,1.35,0.52,1.35
Grains,35.17,16.8,0.58,2.87,95.32,Animal Feed,13.41,1.18,-2.28,-5.03,1.0,0.43,0.41
Vegetables,18.05,83.53,95.28,18.75,92.94,Biogas,6.71,3.02,76.53,76.84,1.63,0.46,1.2
Meat,22.13,50.5,46.22,27.46,91.46,Compost,8.1,2.24,18.76,0.54,2.41,0.83,0.53
Vegetables,23.59,81.53,34.95,20.39,98.11,Biogas,9.26,3.85,14.55,1.15,1.61,0.57,1.07
Meat,48.29,61.34,46.12,16.35,91.32,Biogas,17.64,5.92,29.78,22.65,2.9,0.76,0.51
Mixed,18.96,84.1,2.19,13.35,89.76,Biogas,6.81,3.19,-11.16,-24.07,0.98,0.34,0.77
Mixed,33.84,74.19,89.41,5.44,82.14,Animal Feed,11.12,5.02,83.97,96.41,0.86,0.22,0.75
Grains,29.81,20.28,40.21,0.88,99.15,Animal Feed,11.82,1.21,39.33,46.49,0.94,0.23,0.41
Meat,48.64,65.51,1.44,19.6,93.57,Biogas,18.2,6.37,-18.16,-37.47,3.73,0.69,0.51
Grains,39.32,23.89,87.29,1.27,99.94,Donation,15.72,1.88,86.01,102.2,0.73,0.32,0.39
Mixed,49.67,66.9,5.01,14.25,85.97,Biogas,17.08,6.65,-9.24,-22.49,0.65,0.33,0.62
Vegetables,36.21,79.3,77.69,22.12,91.99,Biogas,13.32,5.74,55.57,48.98,1.59,0.5,1.18
Fruits,11.03,78.65,92.68,28.91,85.42,Biogas,3.77,1.73,63.77,53.39,1.78,0.39,0.84
Vegetables,48.75,72.14,69.44,29.05,92.19,Biogas,17.98,7.03,40.39,25.23,1.53,0.5,1.79
Meat,11.98,57.57,25.74,26.64,85.98,Compost,4.12,1.38,-0.9,-22.4,2.67,0.78,0.55
Vegetables,28.77,79.94,37.92,23.49,90.74,Biogas,10.44,4.6,14.44,-1.46,1.27,0.33,1.14
Meat,40.12,73.84,50.87,8.33,92.96,Biogas,14.92,5.92,42.54,44.38,3.35,1.24,0.46
Vegetables,11.97,73.62,90.17,15.19,91.84,Biogas,4.4,1.76,74.98,77.82,1.53,0.57,1.13
Vegetables,7.92,77.72,23.6,7.97,90.44,Animal Feed,2.87,1.23,15.63,12.38,1.58,0.46,1.17
Mixed,12.54,50.76,19.7,9.89,92.36,Animal Feed,4.63,1.27,9.81,3.86,1.1,0.5,0.73
Grains,18.99,23.46,45.59,16.73,96.18,Compost,7.31,0.89,28.85,21.24,1.08,0.25,0.47
Grains,12.7,26.72,16.48,12.88,98.61,Compost,5.01,0.68,3.59,-6.0,0.94,0.4,0.41
Grains,36.28,13.85,77.23,18.76,99.11,Compost,14.38,1.0,58.47,55.16,0.88,0.27,0.3
Vegetables,19.92,77.64,31.03,6.64,95.95,Animal Feed,7.65,3.09,24.38,23.95,1.74,0.41,0.98
Vegetables,26.28,82.67,68.52,24.17,97.55,Biogas,10.26,4.35,44.35,33.89,1.55,0.37,1.0
Vegetables,37.6,92.09,46.09,1.39,97.67,Animal Feed,14.69,6.92,44.7,52.52,1.64,0.61,1.06
Vegetables,29.76,77.74,90.01,2.4,96.85,Donation,11.53,4.63,87.62,103.23,1.48,0.47,1.45
Fruits,41.6,54.49,59.26,4.17,85.38,Animal Feed,14.21,4.53,55.09,62.77,1.48,0.34,0.7
Grains,49.94,13.18,1.69,21.74,99.74,Compost,19.92,1.32,-20.05,-41.46,1.1,0.27,0.37
Grains,9.73,25.82,37.13,25.56,96.5,Compost,3.75,0.5,11.58,-6.55,0.98,0.25,0.39
Meat,22.69,68.11,68.35,18.57,90.69,Biogas,8.23,3.09,49.78,44.87,2.79,1.25,0.41
Grains,34.47,17.69,81.55,12.92,99.35,Compost,13.7,1.22,68.63,72.01,0.92,0.28,0.32
Grains,16.1,14.19,57.82,29.64,96.94,Compost,6.24,0.46,28.18,10.1,1.13,0.38,0.46
Grains,46.64,12.36,57.5,22.36,95.31,Compost,17.78,1.15,35.15,24.29,0.92,0.28,0.5
Mixed,44.03,45.33,54.47,16.6,86.09,Compost,15.16,3.99,37.87,32.17,2.0,0.33,0.69
Vegetables,35.88,88.32,25.37,7.3,90.21,Animal Feed,12.95,6.34,18.07,15.84,1.68,0.48,0.77
Vegetables,41.04,72.17,57.33,12.29,92.92,Biogas,15.26,5.92,45.04,44.22,1.56,0.5,1.18
Vegetables,14.48,89.94,69.75,27.23,99.74,Biogas,5.78,2.61,42.52,29.25,1.43,0.49,1.49
Fruits,39.63,61.38,61.03,5.58,85.55,Animal Feed,13.56,4.87,55.44,62.07,1.28,0.52,1.59
Grains,23.37,22.4,22.5,1.24,96.2,Animal Feed,8.99,1.05,21.26,24.53,0.86,0.28,0.4
Grains,11.52,29.79,27.52,24.61,97.67,Compost,4.5,0.69,2.91,-16.19,1.11,0.35,0.34
Vegetables,49.42,85.13,19.42,10.69,98.44,Biogas,19.46,8.41,8.74,1.94,1.46,0.44,1.36
Vegetables,31.06,78.61,19.55,28.88,93.09,Biogas,11.56,4.88,-9.33,-34.29,1.75,0.46,0.93
Vegetables,45.75,80.71,5.57,27.56,93.78,Biogas,17.16,7.39,-21.98,-48.43,1.63,0.37,1.13
Mixed,22.12,67.61,45.61,24.55,88.11,Biogas,7.8,2.99,21.06,5.63,1.78,0.35,0.75
Vegetables,29.52,92.02,37.8,11.78,92.18,Biogas,10.89,5.43,26.02,21.81,1.61,0.44,1.05
Fruits,31.3,58.27,4.97,19.65,89.62,Compost,11.22,3.65,-14.68,-33.33,1.02,0.38,0.58
Vegetables,3.84,82.13,37.52,11.58,99.58,Biogas,1.53,0.63,25.95,21.88,1.12,0.4,1.2
Vegetables,26.1,80.97,50.87,1.75,92.71,Animal Feed,9.68,4.23,49.12,57.54,1.52,0.45,1.02
Vegetables,47.44,83.57,65.11,21.97,90.63,Biogas,17.2,7.93,43.14,34.2,1.42,0.52,1.38
Vegetables,36.61,73.42,96.74,2.67,93.4,Donation,13.68,5.38,94.07,110.76,1.67,0.5,1.34
Grains,4.06,22.6,84.66,3.96,95.39,Donation,1.55,0.18,80.71,93.68,0.95,0.26,0.37
Vegetables,20.36,94.49,31.22,21.52,91.1,Biogas,7.42,3.85,9.7,-5.58,1.6,0.53,1.12
Vegetables,23.54,76.63,26.38,7.21,94.52,Animal Feed,8.9,3.61,19.17,17.24,1.65,0.58,1.36
Grains,31.44,10.93,80.81,16.56,98.04,Compost,12.33,0.69,64.25,63.84,1.0,0.37,0.37
Vegetables,32.18,88.72,21.09,16.76,92.49,Biogas,11.91,5.71,4.32,-8.23,1.6,0.5,1.0
Mixed,30.83,53.65,15.94,19.04,91.49,Compost,11.28,3.31,-3.09,-18.94,0.98,0.53,1.14
Grains,1.91,20.8,11.43,8.21,99.95,Animal Feed,0.76,0.08,3.23,-2.69,1.03,0.3,0.41
Grains,30.05,25.5,45.22,6.76,98.08,Animal Feed,11.79,1.53,38.46,40.74,0.95,0.34,0.41
Vegetables,20.6,87.82,76.13,9.96,90.43,Animal Feed,7.45,3.62,66.17,71.43,1.2,0.55,1.26
Grains,5.81,28.7,89.51,23.69,96.68,Compost,2.25,0.33,65.82,60.04,0.88,0.26,0.4
Mixed,30.81,63.5,59.59,25.71,89.34,Biogas,11.01,3.91,33.87,20.08,1.01,0.17,0.92
Fruits,26.42,55.64,37.78,29.82,91.51,Compost,9.67,2.94,7.96,-14.31,1.26,0.32,0.78
Vegetables,35.14,91.03,96.24,12.97,96.49,Biogas,13.56,6.4,83.27,89.55,1.84,0.56,1.03
Grains,27.03,11.09,98.16,22.11,99.76,Compost,10.79,0.6,76.06,73.58,0.99,0.28,0.42
Grains,30.96,12.13,72.51,7.49,97.8,Animal Feed,12.11,0.75,65.02,72.03,1.01,0.26,0.45
Fruits,29.09,67.29,48.89,4.92,83.04,Animal Feed,9.66,3.91,43.97,48.83,1.24,0.48,0.72
Grains,34.52,15.74,39.14,28.85,95.14,Compost,13.14,1.09,10.29,-10.74,0.96,0.24,0.38
Meat,16.67,73.79,41.07,6.99,91.46,Biogas,6.1,2.46,34.08,35.31,2.77,0.66,0.26
Vegetables,26.87,83.2,38.53,27.04,97.62,Biogas,10.49,4.47,11.49,-7.84,1.77,0.41,1.3
Fruits,32.25,69.45,42.99,18.31,81.52,Compost,10.52,4.48,24.68,14.97,1.23,0.21,0.94
Mixed,23.42,84.45,48.03,4.45,90.67,Animal Feed,8.49,3.96,43.59,48.75,1.08,0.36,0.78
Grains,37.75,19.18,6.96,17.53,95.82,Compost,14.47,1.45,-10.57,-26.71,1.0,0.26,0.33
Grains,4.05,18.05,79.75,4.86,97.07,Animal Feed,1.57,0.15,74.89,85.98,1.07,0.2,0.35
Grains,25.77,16.1,66.77,24.07,98.64,Compost,10.17,0.83,42.7,31.98,0.82,0.24,0.54
Mixed,31.84,79.35,74.68,12.37,80.02,Compost,10.19,5.05,62.31,64.88,0.76,0.42,0.81
Grains,25.0,18.74,64.62,3.48,96.45,Animal Feed,9.64,0.94,61.14,70.58,0.91,0.22,0.34
Vegetables,33.34,83.66,70.26,1.8,94.3,Animal Feed,12.58,5.58,68.46,80.71,1.44,0.39,1.25
Grains,12.81,16.31,61.18,20.04,95.98,Compost,4.92,0.42,41.14,33.34,1.02,0.33,0.46
Vegetables,22.79,85.83,67.02,13.67,96.37,Biogas,8.78,3.91,53.35,53.08,1.37,0.59,1.13
Mixed,9.79,70.38,18.65,29.35,90.38,Biogas,3.54,1.38,-10.7,-36.33,1.65,0.35,0.88
Meat,13.27,64.77,64.02,1.21,90.34,Biogas,4.8,1.72,62.81,74.41,3.24,1.14,0.45
Vegetables,35.96,70.61,4.48,21.42,95.8,Biogas,13.78,5.08,-16.93,-37.45,1.61,0.46,1.42
Mixed,36.14,66.03,75.39,23.38,84.14,Compost,12.16,4.77,52.01,43.71,1.36,0.36,1.22
Grains,46.98,29.65,66.33,3.11,99.73,Animal Feed,18.74,2.79,63.22,73.37,0.77,0.33,0.44
Vegetables,1.28,73.44,75.84,8.98,94.39,Animal Feed,0.48,0.19,66.86,73.05,1.64,0.44,0.9
Fruits,27.16,75.73,94.31,8.0,84.97,Animal Feed,9.23,4.11,86.31,97.18,1.04,0.68,0.87
Mixed,40.44,72.89,72.51,6.4,94.16,Animal Feed,15.23,5.9,66.12,74.22,0.77,0.46,0.86
Grains,22.93,13.17,46.7,17.7,97.66,Compost,8.96,0.6,28.99,20.63,0.97,0.27,0.39
Vegetables,20.7,76.44,10.03,8.94,90.31,Animal Feed,7.48,3.17,1.09,-5.84,1.6,0.45,0.97
Meat,18.86,54.0,62.76,11.85,89.04,Compost,6.72,2.04,50.91,51.61,2.9,0.91,0.51
Vegetables,34.02,87.81,58.36,2.45,96.29,Animal Feed,13.1,5.97,55.9,65.12,1.58,0.29,1.51
Grains,34.67,17.41,90.43,13.23,99.38,Compost,13.78,1.21,77.2,82.06,0.91,0.28,0.42
Meat,40.89,62.63,85.95,28.16,88.99,Biogas,14.56,5.12,57.78,46.81,2.95,1.03,0.42
Vegetables,43.33,76.46,22.28,29.07,99.71,Biogas,17.28,6.63,-6.8,-31.42,1.24,0.56,1.07
Grains,34.93,14.36,36.6,19.58,99.46,Compost,13.9,1.0,17.02,4.76,1.09,0.32,0.41
Vegetables,12.68,82.2,83.98,28.25,92.16,Biogas,4.67,2.08,55.73,44.28,1.71,0.56,1.2
Fruits,18.38,76.54,46.5,19.82,96.61,Biogas,7.1,2.81,26.68,16.16,1.24,0.43,1.03
Vegetables,13.24,80.91,36.44,24.52,96.31,Biogas,5.1,2.14,11.92,-5.32,1.48,0.55,1.07
Vegetables,34.31,77.33,49.44,1.26,97.95,Animal Feed,13.44,5.31,48.18,56.81,1.84,0.4,0.93
Vegetables,21.8,90.85,30.88,21.02,94.8,Biogas,8.27,3.96,9.86,-4.98,1.69,0.6,1.25
Fruits,10.93,56.04,61.88,26.99,97.64,Compost,4.27,1.22,34.9,20.29,1.16,0.38,0.56
Vegetables,42.65,72.34,39.25,26.9,90.42,Biogas,15.43,6.17,12.35,-6.71,1.08,0.43,1.2
Vegetables,35.59,77.56,90.0,23.69,90.45,Biogas,12.88,5.52,66.31,60.62,1.75,0.52,1.55
Vegetables,36.94,82.55,56.99,14.76,97.46,Biogas,14.4,6.1,42.23,38.86,1.23,0.39,1.2
Grains,44.07,27.9,64.94,8.32,97.27,Animal Feed,17.14,2.46,56.62,61.28,1.1,0.15,0.43
Grains,31.73,22.8,6.18,24.45,97.93,Compost,12.43,1.45,-18.27,-41.48,1.0,0.26,0.31
Vegetables,45.77,73.86,38.44,2.79,90.57,Animal Feed,16.58,6.76,35.65,40.54,1.23,0.49,1.35
Vegetables,25.4,74.63,36.1,25.32,94.67,Biogas,9.62,3.79,10.78,-7.32,1.47,0.57,0.89
Meat,5.92,65.61,56.36,5.28,86.13,Biogas,2.04,0.78,51.08,57.07,2.63,0.89,0.54
Mixed,21.67,44.37,57.2,28.47,82.17,Compost,7.12,1.92,28.72,11.69,0.86,0.43,0.81
Grains,22.36,20.0,51.1,18.21,98.49,Compost,8.81,0.89,32.89,24.9,1.1,0.28,0.4
Vegetables,21.95,82.11,34.16,29.98,96.87,Biogas,8.5,3.6,4.17,-18.98,1.41,0.57,1.37
Fruits,13.74,48.78,27.2,17.8,85.65,Compost,4.71,1.34,9.39,-2.97,1.55,0.38,0.9
Vegetables,6.34,87.1,81.02,4.19,91.43,Donation,2.32,1.1,76.84,88.86,1.58,0.62,1.47
Meat,49.96,71.28,63.15,23.89,92.52,Biogas,18.49,7.12,39.26,28.0,2.56,1.36,0.59
Grains,6.94,21.18,38.28,24.26,96.33,Compost,2.67,0.29,14.02,-2.59,1.1,0.29,0.4
Grains,1.48,19.4,95.92,5.33,96.46,Animal Feed,0.57,0.06,90.59,104.45,0.75,0.27,0.44
Grains,3.14,19.98,97.17,19.65,95.63,Compost,1.2,0.13,77.52,77.3,1.04,0.45,0.49
Vegetables,12.8,73.21,58.72,9.12,97.57,Animal Feed,5.0,1.87,49.6,52.23,1.68,0.66,1.27
Vegetables,9.62,88.07,7.7,27.36,97.08,Biogas,3.73,1.69,-19.66,-45.48,1.52,0.45,1.12
Vegetables,17.86,77.01,35.26,29.42,94.14,Biogas,6.73,2.75,5.84,-16.52,1.64,0.54,1.31
Vegetables,1.35,82.89,73.23,13.82,91.51,Biogas,0.5,0.22,59.4,60.23,1.31,0.51,1.17
Grains,27.37,22.6,44.61,23.23,97.98,Compost,10.73,1.24,21.38,7.07,0.89,0.33,0.38
Vegetables,8.96,76.29,70.86,12.49,92.15,Biogas,3.3,1.37,58.38,60.06,1.17,0.48,1.55
Fruits,49.19,70.14,54.29,7.77,95.55,Animal Feed,18.8,6.9,46.51,49.6,1.42,0.4,1.06
Vegetables,44.81,71.4,88.46,25.61,95.91,Biogas,17.19,6.4,62.84,54.92,1.61,0.36,0.89
Grains,14.37,19.51,66.08,9.58,97.04,Animal Feed,5.58,0.56,56.5,60.14,0.92,0.29,0.31
Grains,3.57,29.85,87.04,23.18,97.54,Compost,1.39,0.21,63.86,58.09,1.04,0.3,0.38
Meat,7.83,66.44,86.96,18.76,92.66,Biogas,2.9,1.04,68.2,66.82,3.47,1.03,0.41
Vegetables,18.3,91.45,33.2,7.31,90.27,Animal Feed,6.61,3.35,25.89,25.22,1.34,0.78,1.4
Fruits,6.21,61.93,23.48,8.8,91.42,Animal Feed,2.27,0.77,14.68,10.58,1.21,0.3,1.11
Grains,49.17,14.35,8.96,9.01,99.93,Animal Feed,19.66,1.41,-0.05,-7.27,1.05,0.34,0.43
Vegetables,19.21,94.53,12.96,10.11,91.05,Biogas,6.99,3.63,2.85,-4.67,1.47,0.5,1.02
Meat,6.22,55.75,71.99,19.54,85.08,Compost,2.12,0.69,52.45,47.3,3.32,1.02,0.54
Vegetables,30.15,73.29,8.18,3.82,94.01,Animal Feed,11.34,4.42,4.36,2.17,1.84,0.7,1.33
Fruits,38.69,84.83,62.28,3.46,84.57,Animal Feed,13.09,6.56,58.82,67.81,1.46,0.24,0.79
Vegetables,4.52,87.34,98.44,13.69,94.94,Biogas,1.72,0.79,84.75,90.75,1.68,0.53,1.15
Vegetables,49.64,70.57,55.87,7.2,95.5,Animal Feed,18.96,7.01,48.67,52.64,1.84,0.5,0.81
Grains,38.05,15.33,17.0,2.21,96.92,Animal Feed,14.75,1.17,14.8,15.99,1.08,0.27,0.43
Vegetables,8.89,83.33,3.82,27.81,99.71,Biogas,3.55,1.48,-23.99,-51.03,1.58,0.54,1.18
Vegetables,45.71,71.41,66.75,29.24,99.48,Biogas,18.19,6.53,37.51,21.61,1.37,0.4,0.72
Grains,36.35,11.76,38.82,20.38,98.14,Compost,14.27,0.86,18.44,5.82,0.98,0.35,0.39
Vegetables,13.71,79.4,57.45,8.61,93.04,Animal Feed,5.1,2.18,48.84,51.72,1.52,0.43,0.43
Grains,25.62,16.69,84.76,27.61,99.13,Compost,10.16,0.86,57.15,46.5,1.11,0.26,0.48
Grains,11.53,28.32,63.73,28.56,95.95,Compost,4.43,0.65,35.17,19.36,0.99,0.28,0.42
Vegetables,3.98,85.1,22.12,7.34,99.66,Animal Feed,1.59,0.68,14.78,11.86,1.54,0.43,1.2
Vegetables,3.14,92.62,88.73,15.85,95.16,Biogas,1.19,0.58,72.88,74.77,1.4,0.52,1.22
Fruits,40.74,43.41,29.07,12.56,83.64,Compost,13.63,3.54,16.51,9.77,1.02,0.33,1.19
Grains,45.62,12.07,79.56,16.71,96.4,Compost,17.59,1.1,62.85,62.05,1.19,0.32,0.43
Vegetables,23.09,87.33,52.69,0.53,98.38,Animal Feed,9.09,4.03,52.16,62.17,1.53,0.51,1.29
Vegetables,8.65,71.37,47.2,8.33,94.01,Animal Feed,3.25,1.23,38.87,39.97,1.74,0.36,1.67
Mixed,5.23,82.25,7.09,12.89,85.6,Biogas,1.79,0.86,-5.79,-17.26,1.46,0.3,0.81
Meat,14.2,64.06,23.81,5.8,87.79,Biogas,4.99,1.82,18.02,16.98,3.4,0.96,0.51
Mixed,10.93,76.37,96.15,29.29,86.64,Biogas,3.79,1.67,66.87,56.81,1.55,0.53,0.52
Meat,37.98,64.09,56.25,26.7,92.56,Biogas,14.06,4.87,29.55,14.09,2.98,1.23,0.57
Vegetables,11.2,81.41,61.74,25.66,92.08,Biogas,4.13,1.82,36.08,22.77,1.95,0.59,1.2
Vegetables,45.14,85.04,91.55,0.29,90.32,Donation,16.31,7.68,91.26,109.28,1.59,0.51,1.23
Grains,24.27,16.94,30.75,24.93,98.14,Compost,9.53,0.82,5.82,-12.95,0.92,0.18,0.4
Mixed,43.81,63.51,47.91,28.39,95.91,Biogas,16.81,5.56,19.52,0.71,1.15,0.48,0.69
Grains,33.71,12.26,36.08,26.32,95.72,Compost,12.91,0.83,9.75,-9.35,0.97,0.33,0.4
Vegetables,31.23,85.02,72.52,7.94,98.6,Animal Feed,12.32,5.31,64.58,71.15,1.9,0.74,1.35
Mixed,33.7,58.63,71.9,24.72,92.24,Compost,12.44,3.95,47.18,36.83,1.22,0.31,0.75
Meat,12.23,73.92,62.31,26.48,85.25,Biogas,4.17,1.81,35.83,21.82,2.4,0.83,0.49
Mixed,40.6,61.09,78.51,14.48,93.03,Biogas,15.11,4.96,64.03,65.25,1.03,0.39,1.04
Vegetables,26.78,86.9,67.67,12.44,97.27,Biogas,10.42,4.65,55.23,56.32,1.69,0.31,1.07
Vegetables,18.0,90.17,57.95,6.58,97.97,Animal Feed,7.05,3.25,51.37,56.38,1.38,0.17,1.07
Grains,1.54,19.51,7.24,3.23,96.68,Animal Feed,0.6,0.06,4.01,2.23,1.11,0.37,0.44
Grains,38.03,16.43,59.39,29.26,97.45,Compost,14.82,1.25,30.13,12.74,0.87,0.35,0.37
Grains,38.96,25.36,94.36,15.02,97.49,Compost,15.19,1.98,79.34,83.19,0.93,0.34,0.39
Grains,31.58,12.65,9.51,7.27,96.95,Animal Feed,12.25,0.8,2.24,-3.13,0.9,0.28,0.34
Vegetables,27.49,75.76,67.29,24.08,92.28,Biogas,10.15,4.17,43.21,32.59,1.74,0.39,1.25
Vegetables,30.33,83.19,70.65,1.0,92.93,Animal Feed,11.27,5.05,69.65,82.79,1.47,0.55,0.89
Grains,9.35,12.81,47.01,28.9,98.12,Compost,3.67,0.24,18.11,-1.39,0.94,0.21,0.47
Vegetables,37.27,76.43,47.18,8.38,95.09,Animal Feed,14.18,5.7,38.8,39.86,1.24,0.31,1.32
Vegetables,11.57,87.5,20.58,7.72,97.71,Animal Feed,4.52,2.02,12.85,9.25,1.37,0.34,1.3
Fruits,11.25,55.04,89.97,6.59,91.96,Animal Feed,4.14,1.24,83.38,94.79,1.6,0.25,1.27
Meat,8.79,65.39,70.58,27.6,93.71,Biogas,3.3,1.15,42.99,29.51,3.87,0.93,0.47
Grains,10.12,12.54,6.97,6.7,96.3,Animal Feed,3.9,0.25,0.27,-5.04,1.02,0.3,0.35
Grains,24.22,21.31,78.05,21.39,98.53,Compost,9.55,1.03,56.66,50.88,0.99,0.27,0.26
Grains,46.82,18.45,25.95,8.68,99.04,Animal Feed,18.55,1.73,17.27,13.78,0.93,0.35,0.38
Grains,11.42,14.58,54.36,2.07,96.53,Animal Feed,4.41,0.33,52.29,61.09,1.07,0.32,0.45
Vegetables,28.17,78.2,38.5,24.08,92.21,Biogas,10.39,4.4,14.42,-1.95,1.6,0.7,1.12
Meat,37.01,74.63,41.45,17.71,87.95,Biogas,13.02,5.52,23.73,14.3,3.48,1.08,0.64
Vegetables,49.3,90.0,3.1,25.94,98.69,Biogas,19.46,8.87,-22.84,-48.16,1.58,0.41,1.32
Vegetables,13.93,84.04,19.56,9.88,94.21,Animal Feed,5.25,2.34,9.67,3.7,1.45,0.72,1.36
Grains,48.14,17.31,95.12,26.83,96.91,Compost,18.66,1.67,68.29,60.48,1.04,0.25,0.49
Grains,32.59,11.16,3.33,12.42,98.48,Compost,12.84,0.73,-9.09,-20.84,0.91,0.37,0.49
Fruits,19.99,67.14,56.65,27.06,83.78,Compost,6.7,2.68,29.59,13.86,0.93,0.47,0.77
Mixed,47.26,80.29,47.65,13.26,80.06,Compost,15.14,7.59,34.38,30.65,1.57,0.25,0.73
Meat,14.7,55.44,47.15,10.11,87.56,Compost,5.15,1.63,37.05,36.37,2.96,1.16,0.34
Vegetables,19.18,94.31,40.53,16.66,92.33,Biogas,7.08,3.62,23.88,15.33,1.61,0.59,1.36
Vegetables,2.74,90.9,74.12,5.35,98.96,Animal Feed,1.08,0.5,68.76,78.24,1.72,0.55,1.09
Grains,21.72,25.2,14.8,15.77,99.19,Compost,8.62,1.09,-0.97,-13.77,1.01,0.26,0.44
Fruits,16.61,59.13,9.24,20.79,94.48,Compost,6.28,1.96,-11.55,-30.48,1.4,0.38,0.77
Vegetables,46.8,82.91,88.02,12.85,94.6,Biogas,17.71,7.76,75.17,79.92,1.86,0.44,0.99
Vegetables,26.94,86.18,65.03,12.62,92.76,Biogas,9.99,4.64,52.41,52.79,1.47,0.56,1.41
Mixed,14.44,66.0,20.12,5.56,85.56,Animal Feed,4.94,1.91,14.56,13.02,0.63,0.32,1.11
Mixed,29.89,57.56,20.67,11.91,94.43,Compost,11.29,3.44,8.77,1.0,1.45,0.24,0.83
Fruits,4.01,49.83,38.31,3.05,96.08,Animal Feed,1.54,0.4,35.26,39.87,1.29,0.31,0.9
Grains,34.47,23.61,63.56,20.71,98.19,Compost,13.54,1.63,42.86,34.86,0.87,0.48,0.4
Grains,29.76,13.12,25.21,3.33,96.05,Animal Feed,11.43,0.78,21.88,23.59,1.03,0.29,0.42
Fruits,44.74,44.98,73.91,18.43,94.35,Compost,16.89,4.02,55.48,51.83,1.67,0.21,0.68
Meat,4.64,57.96,36.78,22.06,88.19,Compost,1.64,0.54,14.72,0.02,3.02,0.58,0.46
Grains,33.03,14.21,60.26,29.94,96.63,Compost,12.77,0.94,30.32,12.43,0.83,0.29,0.39
Vegetables,41.24,72.97,9.08,12.22,96.7,Biogas,15.95,6.02,-3.14,-13.55,1.65,0.53,1.13
Mixed,39.29,72.53,14.97,25.13,89.59,Biogas,14.08,5.7,-10.16,-32.29,0.99,0.39,1.0
Vegetables,3.63,73.15,92.05,17.55,96.09,Biogas,1.39,0.53,74.5,75.36,1.21,0.57,1.38
Meat,37.9,56.45,29.74,14.22,88.1,Compost,13.36,4.28,15.52,7.25,3.37,0.92,0.5
Vegetables,7.19,81.58,19.29,4.4,97.31,Animal Feed,2.8,1.17,14.9,14.36,1.53,0.62,0.73
Meat,23.79,69.76,44.4,12.72,92.04,Biogas,8.76,3.32,31.69,27.85,2.74,1.01,0.36
Grains,49.12,26.26,50.08,27.1,99.52,Compost,19.55,2.58,22.99,5.91,0.98,0.28,0.5
Mixed,9.01,78.38,9.31,26.47,88.67,Biogas,3.2,1.41,-17.16,-41.77,0.95,0.55,0.75
Grains,43.89,29.89,97.59,21.08,97.59,Compost,17.13,2.62,76.51,74.95,0.93,0.28,0.37
Vegetables,24.33,81.67,68.63,14.62,94.93,Biogas,9.24,3.97,54.01,53.12,1.68,0.45,1.21
Meat,40.95,55.76,32.79,12.72,85.48,Compost,14.0,4.57,20.08,13.92,2.18,0.93,0.45
Grains,14.38,11.02,96.48,15.11,96.87,Compost,5.57,0.32,81.37,85.56,0.92,0.3,0.46
Vegetables,10.47,87.36,39.17,16.13,95.36,Biogas,3.99,1.83,23.05,14.75,1.79,0.56,1.23
Grains,8.33,18.35,15.98,4.85,96.68,Animal Feed,3.22,0.31,11.13,9.47,1.14,0.27,0.39
Vegetables,44.83,75.15,27.22,5.03,94.16,Animal Feed,16.89,6.74,22.19,22.59,1.7,0.43,0.98
Vegetables,40.06,82.39,25.76,9.24,96.31,Animal Feed,15.43,6.6,16.52,12.43,1.54,0.56,0.81
Grains,8.37,22.34,9.64,23.97,99.26,Compost,3.32,0.37,-14.33,-36.37,0.98,0.27,0.46
Mixed,9.88,80.28,37.03,5.71,90.02,Animal Feed,3.56,1.59,31.31,33.0,1.82,0.43,0.95
Fruits,30.56,56.22,20.44,26.92,87.99,Compost,10.76,3.44,-6.48,-29.32,1.05,0.5,0.48
Vegetables,32.2,92.02,65.8,11.17,90.35,Biogas,11.64,5.93,54.63,56.61,1.26,0.47,1.44
Grains,13.46,10.44,86.57,14.93,99.74,Compost,5.37,0.28,71.64,74.02,0.96,0.24,0.38
Vegetables,33.46,78.53,20.08,24.23,93.47,Biogas,12.51,5.26,-4.15,-24.37,1.61,0.41,1.42
Fruits,25.38,63.7,68.72,26.43,92.53,Biogas,9.39,3.23,42.29,29.61,0.4,0.43,0.99
Vegetables,14.33,91.28,75.58,16.47,93.94,Biogas,5.38,2.62,59.11,57.76,1.54,0.42,1.29
Vegetables,25.23,87.42,30.35,8.31,90.12,Animal Feed,9.1,4.41,22.04,19.8,1.63,0.71,1.34
Grains,34.13,28.58,75.86,13.43,95.71,Compost,13.07,1.95,62.42,64.16,0.92,0.27,0.39
Meat,16.79,71.11,97.23,8.95,90.35,Biogas,6.07,2.39,88.29,98.78,3.79,1.02,0.47
Vegetables,24.8,83.55,53.5,11.83,97.66,Biogas,9.69,4.14,41.66,40.53,1.51,0.38,0.79
Mixed,42.71,60.47,57.95,28.68,80.0,Compost,13.67,5.17,29.27,12.17,1.01,0.35,0.9
Vegetables,24.8,94.44,76.94,10.43,98.26,Biogas,9.75,4.68,66.51,71.47,1.4,0.42,1.32
Grains,30.85,22.19,29.6,9.39,98.63,Animal Feed,12.17,1.37,20.21,16.74,0.95,0.31,0.5
Vegetables,21.51,94.67,1.35,27.01,92.85,Biogas,7.99,4.07,-25.66,-52.41,1.4,0.67,1.24
Vegetables,43.59,70.97,82.32,23.36,91.46,Biogas,15.95,6.19,58.96,52.07,1.27,0.37,1.02
Grains,11.42,22.69,99.12,26.73,95.78,Compost,4.38,0.52,72.39,65.48,1.03,0.32,0.34
Grains,27.39,29.97,63.41,2.88,97.74,Animal Feed,10.71,1.64,60.53,70.34,1.08,0.29,0.38
Vegetables,21.76,83.69,13.22,18.23,99.92,Biogas,8.69,3.64,-5.0,-20.59,1.46,0.44,0.94
Meat,24.62,56.15,98.26,25.48,91.21,Compost,8.98,2.76,72.78,66.96,2.36,1.03,0.36
Meat,44.55,68.39,74.69,17.5,94.03,Biogas,16.76,6.09,57.19,54.63,2.0,0.99,0.43
Vegetables,17.68,77.94,83.52,26.51,92.61,Biogas,6.55,2.76,57.02,47.21,1.54,0.29,1.29
Grains,17.96,11.15,37.81,28.46,99.65,Compost,7.16,0.4,9.35,-11.55,1.06,0.3,0.39
Grains,41.01,15.65,43.6,11.6,96.5,Compost,15.83,1.28,32.0,29.12,1.07,0.3,0.43
Vegetables,48.23,93.98,98.86,2.0,97.47,Donation,18.81,9.07,96.86,114.64,1.62,0.4,1.04
Fruits,18.42,58.85,75.49,22.73,94.98,Compost,7.0,2.17,52.77,45.14,1.12,0.33,0.82
Vegetables,10.96,82.28,1.47,19.81,93.68,Biogas,4.11,1.8,-18.35,-37.87,1.54,0.64,1.11
Vegetables,4.09,80.21,51.23,27.34,98.41,Biogas,1.61,0.66,23.89,6.8,1.53,0.39,0.98
Grains,8.71,22.56,37.17,26.72,97.96,Compost,3.41,0.39,10.45,-8.83,1.07,0.28,0.32
Grains,43.93,20.54,30.63,4.06,95.45,Animal Feed,16.77,1.8,26.57,28.64,1.13,0.29,0.35
Vegetables,34.43,79.65,24.85,15.65,96.33,Biogas,13.27,5.48,9.21,-1.47,1.18,0.73,1.55
Vegetables,22.16,84.32,97.9,10.62,91.82,Biogas,8.14,3.74,87.28,96.24,1.34,0.43,1.16
Grains,33.0,22.97,95.16,6.92,99.75,Animal Feed,13.17,1.52,88.24,100.35,0.94,0.32,0.42
Grains,44.47,22.48,73.96,0.91,99.89,Animal Feed,17.77,2.0,73.04,86.92,0.99,0.25,0.4
Grains,46.8,17.65,5.46,24.14,95.11,Compost,17.8,1.65,-18.69,-41.74,1.02,0.27,0.42
Fruits,6.91,53.57,50.98,28.29,94.04,Compost,2.6,0.74,22.69,4.6,1.38,0.4,1.2
Vegetables,12.26,78.17,54.43,4.0,98.53,Animal Feed,4.83,1.92,50.43,57.32,1.46,0.28,1.19
Vegetables,14.75,85.13,21.13,8.61,97.12,Animal Feed,5.73,2.51,12.52,8.14,1.81,0.44,1.17
Grains,18.57,21.15,33.97,11.61,97.06,Compost,7.21,0.79,22.36,17.54,0.9,0.36,0.42
Fruits,11.91,45.36,42.82,7.16,89.02,Animal Feed,4.24,1.08,35.66,37.07,1.54,0.57,0.75
Meat,43.76,57.03,32.24,16.15,85.95,Compost,15.05,4.99,16.1,6.4,3.05,0.91,0.47
Mixed,20.57,49.9,54.43,10.73,83.0,Compost,6.83,2.05,43.7,43.86,1.06,0.35,0.8
Grains,24.1,16.58,43.64,10.51,96.33,Compost,9.29,0.8,33.13,31.35,1.01,0.29,0.42
Vegetables,10.11,74.74,56.29,22.29,96.94,Biogas,3.92,1.51,34.0,22.98,1.77,0.45,1.02
Grains,30.4,24.79,57.19,7.27,95.28,Animal Feed,11.59,1.51,49.92,54.09,1.06,0.25,0.45
Fruits,24.55,68.93,61.86,18.28,94.29,Biogas,9.26,3.38,43.57,37.66,1.29,0.45,0.81
Mixed,13.19,50.78,63.39,13.58,89.24,Compost,4.71,1.34,49.81,48.92,1.18,0.37,1.12
Grains,41.29,13.61,35.73,10.08,98.48,Compost,16.26,1.12,25.65,22.72,0.97,0.37,0.37
Grains,35.42,25.44,29.69,2.9,96.96,Animal Feed,13.74,1.8,26.79,29.83,1.11,0.36,0.45
Fruits,34.18,69.16,3.81,23.14,81.06,Compost,11.08,4.73,-19.33,-41.7,1.28,0.53,0.95
Vegetables,21.12,90.44,96.89,19.66,96.95,Biogas,8.19,3.82,77.24,76.96,1.2,0.51,1.15
Vegetables,18.41,94.42,34.08,19.81,92.24,Biogas,6.79,3.48,14.27,1.28,1.09,0.63,1.3
Grains,14.64,15.44,6.9,2.84,97.69,Animal Feed,5.72,0.45,4.06,2.61,1.04,0.32,0.38
Vegetables,6.79,81.89,47.42,12.65,94.0,Biogas,2.55,1.11,34.77,31.61,1.36,0.56,1.17
Vegetables,44.86,78.31,77.42,8.89,95.79,Animal Feed,17.19,7.03,68.53,75.13,1.63,0.57,1.07
Grains,35.49,21.25,43.85,25.8,98.0,Compost,13.91,1.51,18.05,1.01,0.92,0.31,0.38
Vegetables,13.31,73.04,11.83,18.06,90.35,Biogas,4.81,1.94,-6.23,-21.91,1.91,0.59,0.95
Mixed,15.3,78.16,17.14,13.58,97.96,Biogas,5.99,2.39,3.56,-6.59,0.69,0.48,0.98
Vegetables,14.88,91.52,21.94,6.9,94.22,Animal Feed,5.61,2.72,15.04,12.53,1.59,0.61,0.87
Grains,21.05,15.9,59.96,25.68,95.27,Compost,8.02,0.67,34.29,20.6,1.13,0.3,0.38
Grains,46.67,28.06,19.61,27.24,96.04,Compost,17.93,2.62,-7.63,-30.95,1.06,0.26,0.37
Mixed,3.54,66.71,43.08,15.1,90.16,Biogas,1.28,0.47,27.98,21.5,1.68,0.27,0.52
Meat,20.21,58.27,31.47,24.75,93.27,Compost,7.54,2.36,6.71,-11.75,2.4,0.91,0.56
Vegetables,16.97,81.21,97.92,2.22,91.87,Donation,6.23,2.76,95.7,113.07,1.44,0.37,1.33
Vegetables,38.07,83.51,42.93,5.31,93.28,Animal Feed,14.21,6.36,37.61,40.89,1.6,0.43,1.02
Mixed,6.27,84.35,33.91,15.39,95.15,Biogas,2.39,1.06,18.51,9.9,1.67,0.35,0.58
Grains,27.6,19.46,54.13,26.64,97.22,Compost,10.73,1.07,27.49,11.68,1.07,0.16,0.4
Grains,36.41,21.95,9.69,23.81,98.22,Compost,14.3,1.6,-14.11,-35.98,0.96,0.3,0.36
Grains,40.26,15.46,81.5,13.57,96.28,Compost,15.5,1.24,67.93,70.66,0.98,0.33,0.33
Vegetables,48.71,72.92,81.5,15.65,94.87,Biogas,18.48,7.1,65.86,66.51,1.33,0.48,1.25
Grains,35.34,28.16,95.84,29.42,95.46,Compost,13.49,1.99,66.41,56.15,1.09,0.36,0.35
Grains,10.49,12.38,8.77,10.16,99.73,Compost,4.18,0.26,-1.39,-9.8,0.87,0.29,0.44
Vegetables,30.62,81.93,25.82,6.67,90.04,Animal Feed,11.03,5.02,19.15,17.64,1.78,0.5,1.22
Vegetables,49.96,77.38,74.97,6.84,94.06,Animal Feed,18.8,7.73,68.14,76.29,1.57,0.59,1.36
Grains,46.2,19.93,59.51,8.27,98.67,Animal Feed,18.23,1.84,51.24,54.88,0.97,0.29,0.38
Mixed,20.86,60.58,86.76,20.57,92.63,Biogas,7.73,2.53,66.19,62.96,0.5,0.45,0.83
Vegetables,7.26,90.41,41.08,15.07,99.42,Biogas,2.89,1.31,26.01,19.16,1.35,0.65,1.06
Fruits,5.09,63.87,28.34,20.08,83.86,Compost,1.71,0.65,8.26,-6.16,1.57,0.26,0.81
Vegetables,37.05,86.14,2.73,19.66,99.71,Biogas,14.78,6.38,-16.93,-36.04,1.42,0.47,1.3
Grains,2.34,12.45,75.31,23.7,97.92,Compost,0.92,0.06,51.61,42.97,0.97,0.25,0.4
Grains,5.7,17.63,74.68,22.01,99.66,Compost,2.27,0.2,52.68,45.6,0.94,0.26,0.35
Mixed,20.02,63.16,2.33,1.8,88.41,Animal Feed,7.08,2.53,0.53,-0.8,1.15,0.41,0.74
Grains,19.23,27.36,62.47,26.18,98.67,Compost,7.59,1.05,36.29,22.61,1.14,0.28,0.33
Grains,40.62,25.66,98.12,5.38,97.07,Animal Feed,15.77,2.08,92.74,106.98,1.19,0.3,0.36
Mixed,16.9,74.34,26.95,3.0,88.21,Animal Feed,5.96,2.51,23.95,26.35,1.44,0.33,0.9
Fruits,15.52,71.25,0.85,6.62,94.76,Animal Feed,5.88,2.21,-5.77,-12.22,1.17,0.41,0.98
Grains,21.58,28.37,96.44,22.12,96.8,Compost,8.36,1.22,74.31,71.48,1.09,0.3,0.44
Fruits,6.14,66.38,7.88,15.02,82.57,Compost,2.03,0.81,-7.14,-20.58,1.47,0.25,1.3
Meat,3.61,69.01,83.33,2.84,90.76,Donation,1.31,0.5,80.49,94.32,3.6,0.9,0.56
Grains,10.77,27.52,94.2,28.56,98.52,Compost,4.25,0.59,65.63,55.91,0.92,0.28,0.47
Grains,1.28,17.18,96.06,26.56,97.57,Compost,0.5,0.04,69.5,62.15,1.12,0.43,0.4
Vegetables,14.03,90.83,20.15,26.66,98.24,Biogas,5.51,2.55,-6.51,-29.14,1.69,0.41,1.14
Grains,9.28,24.1,98.88,4.6,98.71,Donation,3.66,0.45,94.27,109.45,1.2,0.29,0.42
Grains,33.2,18.38,0.73,3.75,97.38,Animal Feed,12.93,1.22,-3.02,-6.62,1.03,0.34,0.35
Mixed,38.44,83.52,78.21,11.43,80.64,Compost,12.4,6.42,66.78,70.99,1.2,0.37,0.82
Vegetables,28.83,77.0,57.84,1.12,96.6,Animal Feed,11.14,4.44,56.72,67.17,1.76,0.6,1.48
Fruits,3.52,47.69,25.29,3.8,81.84,Animal Feed,1.15,0.34,21.49,22.75,1.15,0.39,0.67
Grains,12.08,10.38,61.65,28.12,97.09,Compost,4.69,0.25,33.53,17.74,0.89,0.24,0.5
Grains,24.16,14.27,42.13,19.75,98.78,Compost,9.54,0.69,22.38,11.06,0.94,0.3,0.34
Mixed,47.38,47.55,60.19,29.12,84.71,Compost,16.06,4.51,31.07,13.99,1.22,0.54,1.16
Grains,23.83,20.86,97.14,18.55,99.04,Compost,9.44,0.99,78.59,79.47,0.96,0.38,0.46
Vegetables,34.87,86.49,45.09,29.5,90.14,Biogas,12.57,6.03,15.59,-4.89,1.83,0.48,1.5
Vegetables,5.51,80.75,67.21,11.31,95.42,Biogas,2.1,0.89,55.89,58.02,1.5,0.38,1.05
Grains,39.17,25.22,16.76,11.01,96.88,Compost,15.18,1.98,5.75,-1.91,0.84,0.41,0.37
Grains,33.18,16.63,15.86,17.39,98.34,Compost,13.05,1.1,-1.53,-15.75,0.97,0.31,0.43
Grains,43.66,17.01,31.52,19.85,97.11,Compost,16.96,1.49,11.67,-1.87,1.06,0.42,0.35
Vegetables,16.13,87.58,14.73,7.57,96.51,Animal Feed,6.23,2.83,7.16,2.53,1.53,0.52,1.03
Grains,6.36,29.87,87.41,28.73,95.83,Compost,2.44,0.38,58.68,47.44,1.06,0.32,0.4
Vegetables,24.49,71.5,79.79,1.12,96.21,Animal Feed,9.43,3.5,78.67,93.51,1.51,0.37,1.27
Fruits,2.31,69.56,91.52,1.49,81.42,Donation,0.75,0.32,90.04,106.85,1.45,0.3,0.82
Fruits,4.2,45.71,77.91,11.78,82.15,Compost,1.38,0.38,66.13,69.93,0.66,0.55,0.53
Vegetables,22.25,89.3,48.07,8.95,97.81,Animal Feed,8.71,3.97,39.11,39.77,1.37,0.45,1.11
Grains,33.58,14.2,32.63,19.93,96.78,Compost,13.0,0.95,12.7,-0.71,0.98,0.33,0.46
Meat,30.03,55.99,58.52,24.63,85.0,Compost,10.21,3.36,33.89,20.97,3.25,1.1,0.45
Vegetables,10.7,84.69,64.32,18.07,98.26,Biogas,4.21,1.81,46.25,41.04,1.54,0.51,1.09
Grains,31.94,12.61,23.92,17.94,96.17,Compost,12.29,0.81,5.97,-7.19,0.98,0.3,0.47
Grains,13.77,19.26,3.54,2.33,99.55,Animal Feed,5.48,0.53,1.2,-0.43,1.12,0.4,0.35
Vegetables,39.13,78.76,33.14,17.56,92.28,Biogas,14.44,6.16,15.58,4.65,1.36,0.55,1.12
Vegetables,20.25,91.57,56.97,19.39,98.85,Biogas,8.01,3.71,37.59,29.59,1.19,0.52,1.24
Grains,39.49,21.02,27.16,8.87,95.56,Animal Feed,15.1,1.66,18.29,14.85,1.06,0.34,0.38
Grains,7.56,17.71,85.48,0.69,95.91,Donation,2.9,0.27,84.79,101.2,1.05,0.35,0.35
Grains,2.77,11.7,16.68,7.49,98.53,Animal Feed,1.09,0.06,9.19,5.04,1.08,0.33,0.46
Vegetables,40.08,75.72,4.49,3.2,91.56,Animal Feed,14.68,6.07,1.29,-1.02,1.48,0.43,1.24
Vegetables,35.15,84.06,45.28,7.13,92.1,Animal Feed,12.95,5.91,38.14,40.07,1.64,0.44,1.58
Mixed,28.72,45.89,93.34,26.43,87.31,Compost,10.03,2.64,66.92,59.16,1.21,0.29,0.67
Vegetables,18.26,89.06,70.67,28.94,92.09,Biogas,6.72,3.25,41.73,26.92,1.83,0.58,1.46
Vegetables,44.05,70.55,10.08,25.37,92.88,Biogas,16.37,6.22,-15.29,-38.65,1.69,0.51,1.12
Grains,2.41,24.3,37.85,9.86,99.31,Animal Feed,0.96,0.12,27.99,25.7,0.98,0.3,0.42
Grains,43.49,15.04,50.82,3.97,95.5,Animal Feed,16.61,1.31,46.85,53.05,1.07,0.29,0.43
Mixed,37.74,81.59,92.65,11.52,92.3,Biogas,13.93,6.16,81.13,88.14,1.03,0.31,1.29
Meat,48.09,53.81,29.35,10.02,93.63,Compost,18.01,5.18,19.33,15.19,2.85,1.32,0.45
Vegetables,48.6,90.34,44.27,6.48,90.94,Animal Feed,17.68,8.78,37.79,40.16,1.82,0.4,1.19
Vegetables,48.39,77.22,72.51,22.63,92.13,Biogas,17.83,7.47,49.88,41.76,1.3,0.7,1.28
Vegetables,20.29,89.35,74.85,1.91,99.05,Animal Feed,8.04,3.63,72.95,86.01,1.39,0.51,1.06
Vegetables,21.43,81.57,36.93,16.43,94.06,Biogas,8.06,3.5,20.49,11.45,1.47,0.68,1.14
Vegetables,18.33,85.34,49.1,20.1,94.9,Biogas,6.96,3.13,29.0,18.73,1.59,0.67,1.15
Vegetables,19.91,85.62,96.74,26.31,90.29,Biogas,7.19,3.41,70.43,63.46,1.77,0.7,0.94
Vegetables,25.85,71.41,86.46,22.49,92.41,Biogas,9.56,3.69,63.97,58.77,1.41,0.53,1.3
Vegetables,26.31,81.11,6.03,8.25,93.11,Animal Feed,9.8,4.27,-2.22,-9.26,1.62,0.49,1.45
Vegetables,44.49,86.19,93.83,29.31,95.6,Biogas,17.01,7.67,64.52,53.98,1.94,0.51,1.27
Mixed,33.8,81.97,33.4,23.02,87.28,Biogas,11.8,5.54,10.38,-5.96,1.67,0.29,0.74
Vegetables,24.44,84.13,83.36,7.91,96.04,Animal Feed,9.39,4.11,75.45,84.21,1.54,0.55,1.28
Vegetables,46.39,87.34,55.57,3.62,96.72,Animal Feed,17.95,8.1,51.95,59.45,1.78,0.27,1.08
Grains,23.31,20.77,62.69,2.1,98.17,Animal Feed,9.15,0.97,60.6,71.04,1.01,0.32,0.41
Vegetables,29.4,79.89,97.23,4.43,97.99,Donation,11.52,4.7,92.8,107.82,1.7,0.6,1.22
Vegetables,33.58,77.64,46.28,15.09,92.67,Biogas,12.45,5.21,31.2,25.37,1.53,0.65,1.52
Vegetables,45.28,88.86,8.12,24.78,96.81,Biogas,17.54,8.05,-16.67,-39.83,1.04,0.5,1.22
Mixed,29.34,42.65,45.13,26.95,94.05,Compost,11.04,2.5,18.18,0.25,1.22,0.32,0.89
Vegetables,19.98,93.68,77.42,3.88,92.01,Animal Feed,7.35,3.74,73.54,85.14,1.45,0.31,1.46
Grains,35.25,18.14,7.08,0.68,95.29,Animal Feed,13.44,1.28,6.4,7.14,1.0,0.39,0.48
Grains,39.77,13.21,51.58,28.97,99.18,Compost,15.78,1.05,22.62,3.96,1.06,0.24,0.46
Vegetables,25.48,85.61,2.57,4.02,91.38,Animal Feed,9.31,4.36,-1.45,-4.95,1.39,0.48,1.18
Vegetables,20.29,93.49,0.01,26.98,93.96,Biogas,7.63,3.79,-26.97,-53.95,1.36,0.34,1.2
Vegetables,48.25,73.27,16.01,27.22,96.05,Biogas,18.54,7.07,-11.21,-35.23,1.78,0.46,1.18
Vegetables,2.98,84.69,74.82,18.05,93.46,Biogas,1.11,0.5,56.78,53.69,1.47,0.4,1.15
Vegetables,9.41,84.84,31.63,12.18,97.79,Biogas,3.68,1.6,19.46,13.61,1.63,0.39,1.12
Mixed,4.95,74.97,3.93,28.39,87.12,Biogas,1.72,0.74,-24.46,-52.06,1.15,0.41,1.07
Vegetables,30.29,91.94,70.58,21.0,90.8,Biogas,11.0,5.57,49.58,42.69,1.76,0.52,1.39
Fruits,5.28,44.88,96.06,28.14,91.53,Compost,1.93,0.47,67.91,58.98,0.88,0.4,0.92
Mixed,45.58,80.42,48.84,4.26,94.76,Animal Feed,17.28,7.33,44.57,50.08,1.27,0.46,1.0
Fruits,17.59,71.45,15.68,29.32,85.23,Biogas,6.0,2.51,-13.64,-39.82,1.01,0.54,0.8
Vegetables,27.17,92.9,56.03,5.64,99.46,Animal Feed,10.81,5.05,50.39,55.95,1.39,0.46,1.49
Grains,46.14,22.34,25.56,16.0,98.61,Compost,18.2,2.06,9.57,-1.31,0.99,0.25,0.37
Vegetables,27.56,87.69,38.37,4.38,97.34,Animal Feed,10.73,4.83,33.99,37.28,1.6,0.43,1.23
Vegetables,8.81,93.94,61.91,21.77,97.28,Biogas,3.43,1.66,40.14,30.75,1.4,0.57,1.21
Vegetables,29.86,73.59,83.16,19.69,94.04,Biogas,11.23,4.39,63.47,60.41,1.46,0.43,1.12
Grains,12.61,28.44,44.1,7.21,95.27,Animal Feed,4.8,0.72,36.89,38.51,1.11,0.35,0.48
Grains,43.77,26.74,90.78,15.8,99.71,Compost,17.46,2.34,74.98,77.34,0.91,0.22,0.35
Grains,9.64,19.97,3.12,10.09,99.59,Compost,3.84,0.38,-6.97,-16.44,0.83,0.22,0.42
Grains,3.09,22.2,16.01,16.24,97.62,Compost,1.21,0.14,-0.23,-13.27,1.01,0.38,0.42
Vegetables,26.85,83.81,76.95,2.72,90.89,Animal Feed,9.76,4.5,74.23,86.9,1.48,0.62,1.49
Vegetables,32.86,73.42,64.48,26.11,96.78,Biogas,12.72,4.82,38.36,25.14,1.47,0.45,1.29
Meat,26.45,74.49,90.24,8.87,91.95,Biogas,9.73,3.94,81.37,90.55,3.28,0.7,0.67
Vegetables,10.64,72.74,50.42,15.38,93.19,Biogas,3.97,1.55,35.04,29.74,1.6,0.6,1.29
Vegetables,43.37,77.96,65.76,5.64,90.94,Animal Feed,15.78,6.76,60.12,67.63,1.39,0.61,1.0
Vegetables,33.38,86.91,75.22,24.32,93.66,Biogas,12.51,5.8,50.9,41.63,1.57,0.36,0.94
Vegetables,3.01,78.35,58.07,24.0,96.26,Biogas,1.16,0.47,34.08,21.7,1.43,0.52,1.49
Grains,30.95,20.32,41.18,10.44,99.4,Compost,12.3,1.26,30.74,28.54,0.92,0.26,0.41
Mixed,46.41,83.74,1.27,11.74,82.56,Compost,15.33,7.77,-10.47,-21.96,1.14,0.37,0.95
Grains,6.3,20.75,4.88,13.35,99.1,Compost,2.5,0.26,-8.48,-20.85,0.85,0.24,0.43
Vegetables,44.8,72.4,21.55,19.35,94.11,Biogas,16.86,6.49,2.2,-12.83,1.46,0.59,1.16
Vegetables,47.74,84.83,95.46,10.79,96.26,Biogas,18.38,8.1,84.66,92.96,1.12,0.42,1.3
Fruits,8.29,82.13,71.82,21.59,86.31,Biogas,2.86,1.36,50.23,43.01,0.8,0.33,0.35
Grains,26.63,10.6,71.7,7.06,96.52,Animal Feed,10.28,0.56,64.65,71.93,1.08,0.2,0.49
Meat,1.96,67.9,43.73,20.72,86.02,Biogas,0.67,0.27,23.01,11.03,3.24,1.04,0.67
Vegetables,11.95,85.41,42.01,26.3,98.47,Biogas,4.71,2.04,15.71,-2.19,1.22,0.43,1.67
Grains,2.76,14.46,97.63,9.56,97.25,Animal Feed,1.07,0.08,88.07,98.04,1.04,0.25,0.44
Grains,1.93,27.7,91.76,25.93,98.94,Compost,0.76,0.11,65.83,58.25,1.11,0.25,0.43
Mixed,9.95,53.71,7.39,25.25,91.45,Compost,3.64,1.07,-17.86,-41.62,1.43,0.43,1.14
Mixed,20.87,50.12,27.64,17.1,80.35,Compost,6.71,2.09,10.54,-1.03,1.43,0.3,1.17
Meat,42.05,61.31,18.73,10.77,92.48,Biogas,15.55,5.16,7.97,0.95,3.25,0.8,0.43
Vegetables,14.87,86.31,41.8,21.38,96.48,Biogas,5.74,2.57,20.41,7.39,1.46,0.46,0.84
Vegetables,14.54,73.56,52.71,22.01,91.28,Biogas,5.31,2.14,30.69,19.22,1.64,0.49,1.29
Vegetables,12.81,90.8,11.71,7.73,98.62,Animal Feed,5.05,2.33,3.98,-1.4,1.21,0.36,1.04
Vegetables,3.56,81.97,44.01,21.27,97.4,Biogas,1.39,0.58,22.75,10.28,1.7,0.42,1.21
Vegetables,3.93,79.27,37.49,3.96,91.95,Animal Feed,1.45,0.62,33.53,37.06,1.53,0.57,1.4
Vegetables,32.49,71.3,68.28,24.77,92.73,Biogas,12.05,4.63,43.5,32.38,1.29,0.44,1.08
Meat,32.64,72.91,20.65,4.49,85.58,Biogas,11.17,4.76,16.16,15.8,2.85,0.76,0.38
Grains,46.47,17.84,24.51,9.73,95.22,Animal Feed,17.7,1.66,14.78,9.96,0.82,0.25,0.45
Meat,41.12,64.7,2.7,19.87,88.22,Biogas,14.51,5.32,-17.17,-36.51,2.63,0.93,0.52
Grains,48.66,26.38,18.7,20.96,95.86,Compost,18.66,2.57,-2.26,-19.48,1.06,0.29,0.49
Grains,2.49,22.93,85.27,0.82,98.17,Donation,0.98,0.11,84.45,100.68,0.96,0.25,0.35
Vegetables,6.69,83.2,80.93,2.05,96.2,Donation,2.57,1.11,78.88,93.02,1.55,0.34,1.05
Vegetables,2.92,70.35,78.02,20.25,93.53,Biogas,1.09,0.41,57.77,53.12,1.38,0.42,1.12
Vegetables,27.78,81.11,88.02,24.71,91.28,Biogas,10.14,4.51,63.31,56.2,1.57,0.51,1.37
Vegetables,11.16,73.63,82.8,14.75,98.31,Biogas,4.39,1.64,68.05,69.87,1.52,0.61,1.18
Grains,21.16,16.91,36.07,9.63,96.11,Animal Feed,8.14,0.72,26.44,24.02,1.0,0.34,0.45
Vegetables,4.11,85.58,16.13,24.62,95.15,Biogas,1.57,0.7,-8.5,-29.89,1.75,0.48,0.72
Grains,5.53,22.98,5.66,16.81,97.13,Compost,2.15,0.25,-11.15,-26.82,1.01,0.38,0.43
Meat,25.34,64.84,83.32,21.02,93.99,Biogas,9.53,3.29,62.3,57.95,3.46,1.11,0.54
Vegetables,38.34,74.48,32.17,5.08,92.37,Animal Feed,14.17,5.71,27.09,28.44,1.7,0.34,1.02
Vegetables,1.96,81.82,28.79,1.67,97.69,Animal Feed,0.77,0.32,27.12,31.21,1.55,0.53,1.52
Grains,32.79,26.03,62.73,24.23,98.08,Compost,12.86,1.71,38.5,26.81,0.94,0.31,0.39
Meat,15.6,51.86,87.2,21.56,86.77,Compost,5.41,1.62,65.64,61.53,2.9,0.93,0.59
Vegetables,17.73,87.06,14.82,20.72,91.29,Biogas,6.47,3.09,-5.9,-23.66,1.48,0.63,1.01
Vegetables,8.39,87.75,96.65,26.66,97.12,Biogas,3.26,1.47,69.99,62.66,1.43,0.72,1.42
Meat,35.04,64.35,80.33,18.43,86.21,Biogas,12.08,4.51,61.9,59.53,3.35,1.08,0.46
Grains,2.28,16.54,36.79,29.7,97.1,Compost,0.88,0.08,7.09,-15.26,1.08,0.3,0.4
Fruits,22.5,84.99,22.62,19.09,89.25,Biogas,8.03,3.82,3.53,-11.03,0.9,0.42,0.55
Mixed,39.52,52.29,70.83,22.54,85.34,Compost,13.49,4.13,48.3,39.93,1.15,0.36,0.8
Vegetables,17.66,77.2,63.45,26.5,91.04,Biogas,6.43,2.73,36.95,23.14,1.32,0.36,1.01
Grains,37.59,12.92,55.24,29.64,99.47,Compost,14.96,0.97,25.6,7.01,0.96,0.28,0.38
Meat,19.64,64.4,56.93,20.08,91.23,Biogas,7.17,2.53,36.85,28.16,2.67,1.11,0.58
Meat,7.52,55.01,93.03,8.56,91.89,Compost,2.77,0.83,84.47,94.51,2.86,1.22,0.32
Grains,10.17,20.43,91.13,2.19,99.29,Donation,4.04,0.42,88.94,104.98,0.87,0.35,0.37
Meat,13.51,54.38,49.69,0.83,91.01,Compost,4.92,1.47,48.85,57.96,2.6,1.31,0.41
Vegetables,26.6,82.93,58.04,8.15,92.08,Animal Feed,9.8,4.41,49.9,53.36,1.69,0.43,1.4
Grains,11.17,22.66,65.44,28.57,97.13,Compost,4.34,0.51,36.87,21.39,0.87,0.29,0.31
Grains,39.58,25.06,90.55,11.78,99.61,Compost,15.77,1.98,78.77,85.1,1.16,0.33,0.38
Vegetables,47.65,85.69,56.62,24.77,93.81,Biogas,17.88,8.17,31.85,18.4,1.37,0.6,1.24
Grains,40.91,16.23,85.75,6.48,97.88,Animal Feed,16.02,1.33,79.27,89.95,0.87,0.27,0.34
Fruits,14.86,41.55,34.51,14.25,81.98,Compost,4.87,1.23,20.26,12.92,0.94,0.49,1.06
Grains,47.42,16.4,69.74,27.72,95.92,Compost,18.19,1.56,42.01,28.24,1.1,0.37,0.34
Fruits,15.13,60.48,35.85,14.42,93.45,Biogas,5.65,1.83,21.43,14.19,1.13,0.46,0.98
Mixed,40.31,50.95,99.89,23.22,85.85,Compost,13.84,4.11,76.67,73.43,1.16,0.47,0.75
Grains,1.5,23.95,2.31,21.36,96.95,Compost,0.58,0.07,-19.05,-39.95,1.13,0.38,0.43
Grains,35.98,23.5,16.7,21.85,95.05,Compost,13.68,1.69,-5.16,-23.67,1.0,0.26,0.37
Vegetables,24.26,76.17,9.42,21.32,95.8,Biogas,9.3,3.7,-11.9,-31.33,1.31,0.62,1.44
Vegetables,7.01,83.64,58.89,21.9,92.26,Biogas,2.59,1.17,37.0,26.88,1.57,0.5,1.01
Vegetables,42.25,93.83,8.75,29.67,94.99,Biogas,16.05,7.93,-20.92,-48.83,1.53,0.66,1.16
Vegetables,32.16,77.11,11.08,26.85,96.53,Biogas,12.42,4.96,-15.77,-40.41,1.4,0.56,1.07
Fruits,34.26,43.03,57.58,11.18,83.75,Compost,11.48,2.95,46.4,46.74,1.25,0.28,0.62
Vegetables,27.21,79.68,43.65,12.18,97.35,Biogas,10.59,4.34,31.47,28.02,1.35,0.53,1.03
Vegetables,2.49,91.19,26.83,28.02,93.26,Biogas,0.93,0.45,-1.19,-23.85,1.57,0.51,0.8
Grains,33.6,18.52,59.96,12.91,99.23,Compost,13.34,1.24,47.05,46.14,1.13,0.25,0.45
Vegetables,40.57,73.07,40.84,5.47,95.1,Animal Feed,15.43,5.93,35.37,38.07,1.25,0.37,1.23
Grains,12.58,12.11,42.67,5.57,95.25,Animal Feed,4.79,0.3,37.11,40.07,1.0,0.3,0.38
Meat,7.33,72.88,48.57,3.97,90.88,Biogas,2.67,1.07,44.6,50.34,2.76,0.63,0.6
Vegetables,36.54,75.93,27.88,8.29,91.38,Animal Feed,13.36,5.55,19.59,16.87,1.31,0.64,1.2
Fruits,8.24,67.75,84.16,7.01,97.19,Animal Feed,3.2,1.12,77.15,86.97,0.95,0.36,0.95
Vegetables,1.55,80.3,78.06,18.36,98.99,Biogas,0.61,0.25,59.71,56.96,1.27,0.46,0.94
Grains,30.0,11.92,57.75,25.57,97.39,Compost,11.69,0.72,32.18,18.16,0.81,0.31,0.52
Vegetables,26.3,70.27,26.56,0.32,97.9,Animal Feed,10.3,3.7,26.24,31.23,1.75,0.58,1.08
Vegetables,49.3,78.0,21.37,15.58,91.09,Biogas,17.96,7.69,5.79,-5.51,1.43,0.43,1.2
Vegetables,22.06,84.95,24.04,18.14,90.62,Biogas,8.0,3.75,5.9,-7.43,1.39,0.34,1.04
Grains,31.9,13.18,78.6,2.82,96.43,Animal Feed,12.31,0.84,75.78,88.68,1.02,0.23,0.3
Mixed,6.71,74.79,99.32,29.57,86.63,Biogas,2.33,1.0,69.75,60.05,1.06,0.25,0.57
Vegetables,31.87,83.39,51.09,10.07,91.54,Biogas,11.67,5.31,41.03,41.18,1.29,0.49,1.06
Grains,9.16,16.53,75.69,10.49,95.35,Compost,3.49,0.3,65.2,69.85,0.91,0.29,0.41
Grains,15.27,23.93,63.98,2.83,99.22,Animal Feed,6.06,0.73,61.15,71.12,0.9,0.26,0.35
Grains,26.16,12.28,35.34,14.76,98.25,Compost,10.28,0.64,20.58,12.88,1.06,0.23,0.39
Vegetables,47.92,86.64,73.34,21.69,91.03,Biogas,17.45,8.3,51.65,44.63,1.39,0.6,0.89
Grains,12.81,15.07,68.44,24.93,96.91,Compost,4.96,0.39,43.51,32.27,1.07,0.28,0.35
Vegetables,12.45,90.82,1.8,17.85,98.91,Biogas,4.92,2.26,-16.05,-33.54,1.42,0.49,1.4
Grains,19.56,25.0,24.85,18.2,97.14,Compost,7.6,0.98,6.65,-6.57,1.07,0.31,0.5
Meat,48.72,59.5,12.71,17.64,85.64,Compost,16.69,5.8,-4.93,-20.04,2.56,0.92,0.36
Grains,35.04,16.1,42.31,27.59,97.01,Compost,13.6,1.13,14.72,-4.41,1.0,0.3,0.39
Grains,20.54,15.27,83.34,6.13,99.53,Animal Feed,8.18,0.63,77.21,87.75,1.02,0.32,0.33
Vegetables,10.4,73.95,95.43,6.92,99.53,Animal Feed,4.14,1.54,88.52,100.68,1.53,0.67,1.45
Vegetables,30.35,82.7,22.24,9.98,94.78,Animal Feed,11.5,5.02,12.26,6.73,1.49,0.43,1.0
Vegetables,16.13,94.47,99.12,10.68,99.33,Biogas,6.41,3.05,88.44,97.59,1.31,0.53,1.21
Grains,47.99,22.17,24.5,0.14,96.06,Animal Feed,18.44,2.13,24.36,29.12,0.9,0.33,0.34
Fruits,15.5,43.89,14.5,2.99,81.57,Animal Feed,5.06,1.36,11.51,11.43,0.99,0.42,0.8
Grains,28.6,15.89,83.4,3.35,96.51,Donation,11.04,0.91,80.05,93.38,0.82,0.26,0.43
Mixed,34.97,52.27,29.12,17.4,88.21,Compost,12.34,3.66,11.72,0.14,1.02,0.32,0.71
Fruits,18.81,55.66,38.94,21.49,88.42,Compost,6.65,2.09,17.44,3.74,1.58,0.47,0.97
Vegetables,13.59,80.65,10.33,13.81,98.89,Biogas,5.38,2.19,-3.48,-15.22,1.15,0.55,1.22
Grains,30.41,26.24,83.28,27.65,99.21,Compost,12.07,1.6,55.63,44.64,1.12,0.37,0.39
Grains,36.73,17.54,45.76,26.19,95.79,Compost,14.07,1.29,19.57,2.54,1.05,0.23,0.42
Vegetables,2.49,85.16,42.61,29.16,93.31,Biogas,0.93,0.42,13.45,-7.19,1.14,0.35,1.16
Fruits,6.29,62.88,45.75,5.28,93.14,Animal Feed,2.34,0.79,40.47,44.34,1.28,0.5,0.96
Grains,32.75,22.17,18.15,14.02,95.35,Compost,12.49,1.45,4.13,-6.26,0.95,0.26,0.38
Grains,23.19,28.38,39.23,22.23,96.42,Compost,8.94,1.32,17.0,2.61,1.14,0.26,0.42
Vegetables,29.9,73.84,20.27,5.09,91.03,Animal Feed,10.89,4.42,15.18,14.15,1.9,0.53,1.12
Vegetables,40.09,82.39,16.7,8.22,93.89,Animal Feed,15.06,6.61,8.48,3.59,1.44,0.49,1.3
Vegetables,25.44,77.29,11.59,16.27,95.16,Biogas,9.68,3.93,-4.68,-18.64,1.72,0.57,1.01
Vegetables,5.16,83.18,97.87,22.76,93.27,Biogas,1.93,0.86,75.12,71.93,1.63,0.42,1.42
Vegetables,25.93,84.07,94.62,9.53,96.95,Animal Feed,10.06,4.36,85.09,94.49,0.77,0.45,0.92
Vegetables,9.2,91.43,82.32,16.52,95.87,Biogas,3.53,1.68,65.81,65.75,1.34,0.56,1.31
Vegetables,8.26,84.35,3.28,21.65,93.67,Biogas,3.1,1.39,-18.36,-39.36,1.48,0.79,1.12
Vegetables,32.96,83.66,61.64,3.52,99.82,Animal Feed,13.16,5.51,58.12,66.93,1.52,0.47,1.43
Vegetables,36.96,85.57,61.16,11.18,94.84,Biogas,14.02,6.33,49.98,51.03,1.59,0.45,1.36
Vegetables,12.39,92.23,64.71,13.99,98.18,Biogas,4.87,2.29,50.73,49.68,1.39,0.39,1.69
Grains,16.06,26.77,7.77,20.99,98.51,Compost,6.33,0.86,-13.22,-32.65,1.1,0.28,0.33
Fruits,40.56,69.5,85.49,28.85,82.54,Compost,13.39,5.64,56.64,44.89,1.18,0.37,0.66
Vegetables,38.34,84.35,23.63,2.29,90.32,Animal Feed,13.85,6.47,21.33,23.76,1.77,0.52,1.31
Vegetables,42.01,80.43,80.69,12.7,97.97,Biogas,16.46,6.76,67.99,71.42,1.44,0.33,1.75
Fruits,5.93,68.63,38.28,3.2,92.65,Animal Feed,2.2,0.81,35.08,39.53,1.14,0.43,0.55
Vegetables,42.01,88.74,83.89,11.18,93.82,Biogas,15.77,7.46,72.7,78.3,1.9,0.6,1.26
Meat,21.95,71.0,61.0,20.87,90.31,Biogas,7.93,3.12,40.13,31.46,2.94,1.01,0.62
Mixed,39.5,49.88,88.28,3.03,94.87,Animal Feed,14.99,3.94,85.24,99.86,1.86,0.43,0.62
Fruits,40.13,62.67,8.32,6.54,85.56,Animal Feed,13.73,5.03,1.79,-3.08,1.32,0.39,0.87
Meat,15.83,74.64,95.65,5.23,90.01,Biogas,5.7,2.36,90.43,104.33,2.33,0.89,0.5
Grains,20.39,18.31,44.33,4.97,98.22,Animal Feed,8.01,0.75,39.35,43.25,0.91,0.32,0.47
Vegetables,11.41,73.15,60.38,29.79,93.78,Biogas,4.28,1.67,30.59,12.88,1.5,0.42,1.21
Mixed,41.63,51.99,77.72,22.67,80.4,Compost,13.39,4.33,55.04,47.91,1.26,0.26,0.88
Fruits,11.77,72.8,70.56,29.16,86.4,Biogas,4.07,1.71,41.4,26.34,1.09,0.32,0.87
Vegetables,5.6,73.09,71.7,10.86,94.31,Biogas,2.11,0.82,60.84,64.33,1.68,0.44,0.86
Vegetables,38.09,89.5,35.16,8.74,90.14,Animal Feed,13.73,6.82,26.42,24.71,0.92,0.46,1.11
Grains,41.58,13.84,19.23,2.61,97.81,Animal Feed,16.27,1.15,16.62,17.85,1.01,0.18,0.44
Grains,20.31,13.26,99.74,12.18,95.59,Compost,7.77,0.54,87.57,95.34,1.03,0.21,0.43
Vegetables,31.81,76.11,90.43,23.74,94.94,Biogas,12.08,4.84,66.69,61.04,0.93,0.39,1.08
Vegetables,9.85,76.99,91.44,2.96,93.33,Donation,3.68,1.52,88.48,103.8,1.63,0.44,1.21
Vegetables,6.36,76.42,75.36,25.43,98.38,Biogas,2.5,0.97,49.94,39.58,1.23,0.56,1.25
Grains,25.57,17.48,59.4,27.59,96.12,Compost,9.83,0.89,31.81,16.1,1.03,0.35,0.41
Vegetables,35.06,86.22,42.51,10.8,96.7,Biogas,13.56,6.05,31.71,29.41,1.26,0.56,1.19
Meat,37.52,72.63,99.38,29.08,88.95,Biogas,13.35,5.45,70.31,61.1,2.7,1.19,0.52
Meat,8.02,50.58,31.62,13.52,93.25,Compost,2.99,0.81,18.11,10.91,3.24,1.13,0.59
Vegetables,45.77,75.85,56.46,27.72,95.78,Biogas,17.53,6.94,28.74,12.31,1.23,0.64,0.96
Vegetables,11.81,89.16,29.16,24.28,93.69,Biogas,4.43,2.11,4.88,-13.57,1.5,0.37,1.12
Grains,2.73,15.64,67.66,14.14,98.2,Compost,1.07,0.09,53.52,52.91,1.01,0.33,0.38
Mixed,20.2,50.58,29.11,21.31,91.91,Compost,7.43,2.04,7.81,-7.68,0.65,0.48,0.58
Grains,22.6,17.96,26.82,9.64,96.83,Animal Feed,8.75,0.81,17.18,12.91,0.83,0.28,0.39
Grains,38.92,17.91,72.24,18.01,99.72,Compost,15.52,1.39,54.23,50.68,1.03,0.35,0.35
Grains,34.97,18.88,87.66,25.23,97.62,Compost,13.66,1.32,62.44,54.74,1.03,0.38,0.36
Meat,1.68,72.8,64.03,12.48,87.75,Biogas,0.59,0.24,51.55,51.88,2.92,1.04,0.66
Grains,27.9,15.51,0.31,16.46,98.23,Compost,10.96,0.87,-16.15,-32.55,0.96,0.33,0.35
Grains,15.85,20.31,35.91,25.45,98.23,Compost,6.23,0.64,10.46,-7.81,0.98,0.39,0.38
Vegetables,23.62,76.8,44.81,18.18,92.74,Biogas,8.76,3.63,26.63,17.41,1.48,0.52,1.08
Grains,40.14,25.02,61.4,0.25,98.86,Animal Feed,15.87,2.01,61.15,73.18,0.78,0.3,0.39
Meat,28.38,62.12,10.87,8.69,89.23,Biogas,10.13,3.53,2.18,-4.33,2.43,0.75,0.51
Meat,29.83,62.0,46.4,22.69,90.72,Biogas,10.82,3.7,23.71,10.29,2.09,1.11,0.66
Grains,3.64,27.8,70.02,27.47,96.53,Compost,1.4,0.2,42.54,29.07,1.08,0.35,0.45
Vegetables,28.5,85.49,63.29,24.51,99.79,Biogas,11.37,4.87,38.78,26.93,1.54,0.49,1.29
Vegetables,4.83,71.74,46.76,2.04,95.93,Animal Feed,1.85,0.69,44.72,52.03,1.39,0.58,1.24
Vegetables,1.4,89.42,25.05,24.39,98.16,Biogas,0.55,0.25,0.66,-18.73,1.6,0.51,1.41
Vegetables,46.36,75.03,52.69,20.61,90.81,Biogas,16.84,6.96,32.09,22.02,1.75,0.39,1.09
Grains,33.37,17.3,57.8,16.01,95.14,Compost,12.7,1.15,41.79,37.34,0.99,0.26,0.34
Vegetables,7.92,88.97,73.61,8.29,93.23,Animal Feed,2.95,1.41,65.31,71.74,1.6,0.58,1.02
Fruits,34.72,55.56,53.95,18.25,87.69,Compost,12.18,3.86,35.7,28.24,0.94,0.47,1.22
Grains,10.76,18.2,42.66,29.23,97.66,Compost,4.2,0.39,13.43,-7.27,0.96,0.33,0.46
Vegetables,11.13,78.53,68.33,26.28,92.29,Biogas,4.11,1.75,42.06,29.45,1.42,0.51,1.09
Meat,9.92,64.14,45.67,4.5,85.3,Biogas,3.39,1.27,41.17,45.8,2.57,1.2,0.44
Grains,10.7,17.86,76.07,19.83,97.44,Compost,4.17,0.38,56.24,51.62,1.05,0.29,0.46
Grains,1.11,22.27,73.56,28.85,96.78,Compost,0.43,0.05,44.7,30.57,1.02,0.29,0.35
Vegetables,27.59,91.28,84.71,28.13,93.34,Biogas,10.3,5.04,56.58,45.39,1.41,0.43,1.12
Grains,46.67,13.23,18.59,14.64,95.78,Compost,17.88,1.23,3.95,-6.97,0.8,0.3,0.43
Meat,41.52,71.6,42.54,2.21,90.7,Biogas,15.06,5.95,40.34,46.64,3.02,1.22,0.64
Vegetables,31.57,74.81,12.42,20.97,91.48,Biogas,11.55,4.72,-8.55,-27.04,1.62,0.41,1.37
Fruits,1.97,50.51,21.41,2.56,97.01,Animal Feed,0.77,0.2,18.85,20.58,1.38,0.38,0.62
Fruits,49.01,82.95,82.62,6.25,95.34,Animal Feed,18.69,8.13,76.37,86.65,0.99,0.44,0.99
Vegetables,32.4,91.87,87.79,12.29,96.6,Biogas,12.52,5.95,75.5,80.77,1.48,0.62,1.64
Grains,26.83,10.38,8.77,13.78,97.48,Compost,10.46,0.56,-5.01,-17.03,1.03,0.32,0.39
Mixed,45.15,71.56,32.39,20.03,90.61,Biogas,16.36,6.46,12.35,-1.2,0.95,0.26,0.8
Vegetables,23.75,83.88,13.01,2.27,98.02,Animal Feed,9.31,3.98,10.74,11.06,1.49,0.45,0.94
Grains,10.27,11.2,64.13,4.33,99.49,Animal Feed,4.09,0.23,59.8,68.29,0.89,0.31,0.5
Grains,20.84,19.29,87.35,6.36,99.01,Animal Feed,8.25,0.8,80.98,92.09,0.97,0.26,0.38
Vegetables,35.62,87.09,29.26,20.67,98.0,Biogas,13.96,6.2,8.59,-6.23,1.4,0.39,1.22
Vegetables,3.92,80.81,30.6,20.27,99.58,Biogas,1.56,0.63,10.32,-3.83,1.29,0.44,1.18
Vegetables,15.7,71.4,11.26,23.73,94.75,Biogas,5.95,2.24,-12.48,-33.96,1.15,0.39,1.53
Vegetables,22.71,84.69,51.75,11.87,99.57,Biogas,9.05,3.85,39.88,38.36,1.55,0.38,1.25
Grains,10.66,20.02,4.56,18.97,95.75,Compost,4.08,0.43,-14.4,-32.46,1.06,0.38,0.32
Vegetables,45.47,70.87,86.87,3.02,90.39,Donation,16.44,6.45,83.85,98.2,1.7,0.57,1.0
Vegetables,2.18,71.1,49.49,12.88,90.3,Biogas,0.79,0.31,36.62,33.64,1.37,0.59,1.5
Vegetables,28.83,73.12,64.62,18.5,97.65,Biogas,11.26,4.22,46.12,40.55,1.49,0.58,0.97
Vegetables,14.09,91.58,65.34,16.71,90.13,Biogas,5.08,2.58,48.63,44.98,1.58,0.38,1.1
Vegetables,31.47,90.35,41.45,0.29,99.92,Animal Feed,12.58,5.69,41.16,49.16,1.72,0.51,1.17
Grains,7.0,17.57,23.86,19.06,96.31,Compost,2.7,0.25,4.8,-9.48,0.99,0.19,0.44
Fruits,11.98,62.85,64.22,0.85,91.68,Animal Feed,4.39,1.51,63.37,75.37,0.58,0.2,0.99
Vegetables,27.1,70.52,24.91,17.19,95.08,Biogas,10.31,3.82,7.72,-4.48,1.74,0.57,0.87
Fruits,26.51,69.77,70.56,10.78,86.44,Biogas,9.17,3.7,59.79,63.13,1.58,0.25,0.64
Vegetables,19.1,91.35,60.08,19.43,97.38,Biogas,7.44,3.49,40.66,33.24,1.63,0.47,1.25
Grains,38.09,14.14,23.24,1.76,98.11,Animal Feed,14.95,1.08,21.48,24.36,0.93,0.33,0.41
Grains,37.27,15.66,89.89,7.81,97.85,Animal Feed,14.59,1.17,82.08,92.25,0.99,0.27,0.41
Grains,3.07,17.73,13.02,25.82,96.46,Compost,1.19,0.11,-12.8,-36.02,0.96,0.33,0.34
Grains,35.83,28.71,53.82,27.99,99.71,Compost,14.29,2.06,25.83,8.61,0.97,0.45,0.46
Vegetables,16.2,77.9,42.76,2.19,98.06,Animal Feed,6.36,2.52,40.56,46.92,1.31,0.49,1.02
Grains,26.16,11.3,0.29,10.48,97.55,Compost,10.21,0.59,-10.18,-20.6,1.14,0.45,0.38
Vegetables,37.45,84.03,0.33,10.01,95.72,Biogas,14.34,6.29,-9.68,-19.62,1.16,0.59,1.08
Grains,45.49,14.69,18.25,0.65,97.71,Animal Feed,17.78,1.34,17.6,20.6,1.11,0.31,0.39
Vegetables,48.85,75.37,58.19,9.56,99.35,Animal Feed,19.41,7.36,48.64,50.72,1.38,0.42,1.26
Vegetables,22.57,80.57,27.79,7.78,96.64,Animal Feed,8.72,3.64,20.01,17.78,1.36,0.61,1.57
Grains,30.48,13.34,68.36,3.38,99.42,Animal Feed,12.12,0.81,64.98,75.28,0.85,0.25,0.47
Grains,9.28,10.83,2.46,23.78,96.69,Compost,3.59,0.2,-21.32,-44.62,1.04,0.25,0.36
Vegetables,17.85,82.36,24.72,21.61,98.19,Biogas,7.01,2.94,3.11,-13.55,1.59,0.55,1.35
Vegetables,11.52,83.68,84.53,21.86,96.79,Biogas,4.46,1.93,62.67,57.71,1.59,0.54,0.94
Grains,16.67,13.96,51.56,5.07,97.09,Animal Feed,6.47,0.47,46.49,51.73,1.19,0.25,0.34
Fruits,8.13,61.64,99.04,18.93,93.43,Biogas,3.04,1.0,80.11,80.98,0.53,0.38,1.04
Meat,1.71,72.01,51.27,8.59,94.54,Biogas,0.65,0.25,42.69,44.36,2.96,1.31,0.55
Fruits,30.24,66.07,98.03,16.64,91.86,Biogas,11.11,4.0,81.39,84.36,1.33,0.47,0.77
Mixed,40.86,69.97,43.26,23.96,86.29,Biogas,14.1,5.72,19.29,3.98,0.76,0.5,0.53
Meat,16.29,67.57,28.74,10.55,89.95,Biogas,5.86,2.2,18.19,13.38,2.57,0.65,0.47
Vegetables,27.69,73.69,12.5,29.35,98.17,Biogas,10.87,4.08,-16.85,-43.7,1.66,0.55,0.92
Grains,41.29,25.37,12.23,2.94,98.57,Animal Feed,16.28,2.1,9.29,8.79,0.88,0.34,0.33
Vegetables,49.61,84.22,95.67,17.66,96.22,Biogas,19.09,8.36,78.01,79.48,1.23,0.71,1.13
Vegetables,25.15,94.82,38.72,28.99,93.87,Biogas,9.44,4.77,9.73,-11.52,1.32,0.52,0.99
Vegetables,41.12,78.54,26.04,6.13,98.49,Animal Feed,16.2,6.46,19.91,18.99,1.28,0.44,1.28
Vegetables,4.64,91.42,52.07,15.31,98.6,Biogas,1.83,0.85,36.76,31.86,1.85,0.36,1.46
Grains,35.45,16.93,36.02,16.21,96.65,Compost,13.7,1.2,19.81,10.8,1.07,0.32,0.32
Grains,42.0,11.46,28.07,26.14,97.86,Compost,16.44,0.96,1.93,-18.6,0.81,0.36,0.47
Fruits,32.88,74.78,28.27,4.62,91.03,Animal Feed,11.97,4.92,23.64,24.67,1.09,0.45,0.81
Vegetables,31.12,74.63,5.92,7.73,99.09,Animal Feed,12.33,4.64,-1.81,-8.36,1.72,0.47,1.04
Grains,47.36,17.78,50.35,1.98,98.2,Animal Feed,18.6,1.68,48.38,56.47,0.89,0.27,0.4
Fruits,37.9,57.04,28.43,7.91,91.52,Animal Feed,13.87,4.32,20.52,18.29,1.3,0.34,0.89
Grains,48.42,28.41,26.79,10.3,96.8,Compost,18.75,2.75,16.49,11.55,1.04,0.34,0.37
Vegetables,25.85,91.08,57.69,2.31,95.28,Animal Feed,9.85,4.71,55.38,64.61,1.43,0.45,1.6
Meat,45.56,62.76,67.43,21.64,92.19,Biogas,16.8,5.72,45.79,37.63,3.75,1.05,0.57
Vegetables,29.55,91.05,40.19,25.14,92.96,Biogas,10.99,5.38,15.04,-2.06,1.55,0.58,1.58
Grains,45.16,20.2,83.89,17.89,98.3,Compost,17.76,1.82,65.99,64.88,0.88,0.27,0.42
Mixed,43.43,43.37,56.4,1.47,82.47,Animal Feed,14.33,3.77,54.93,64.74,1.33,0.65,0.78
Fruits,40.55,75.34,99.44,10.27,80.29,Compost,13.02,6.11,89.17,98.79,1.17,0.41,0.68
Vegetables,7.58,86.86,67.44,24.49,96.47,Biogas,2.92,1.32,42.95,31.95,1.48,0.41,1.18
Grains,31.19,27.07,81.79,6.41,99.5,Animal Feed,12.41,1.69,75.37,85.32,1.21,0.24,0.38
Mixed,2.12,81.46,67.49,20.62,90.61,Biogas,0.77,0.35,46.86,39.74,1.05,0.54,0.79
Fruits,33.58,65.29,10.97,2.25,92.79,Animal Feed,12.46,4.39,8.72,8.67,1.41,0.33,0.92
Vegetables,25.4,85.39,61.53,29.02,99.58,Biogas,10.12,4.34,32.52,15.81,1.73,0.42,0.9
Vegetables,25.86,71.29,73.03,13.89,93.21,Biogas,9.64,3.69,59.15,59.87,1.53,0.61,1.28
Mixed,15.83,73.93,66.82,22.15,88.53,Biogas,5.61,2.34,44.66,35.87,1.23,0.41,0.77
Meat,25.7,50.28,84.09,3.14,87.61,Donation,9.01,2.58,80.95,94.63,3.1,1.17,0.46
Mixed,9.94,58.65,18.44,11.47,83.87,Compost,3.33,1.17,6.97,-0.81,1.32,0.46,1.07
Vegetables,12.66,91.91,1.8,10.4,96.79,Biogas,4.9,2.33,-8.6,-18.64,1.28,0.41,1.04
Grains,14.61,24.01,38.23,7.24,97.06,Animal Feed,5.67,0.7,30.99,31.4,1.04,0.29,0.37
Vegetables,15.82,91.61,50.78,8.01,97.67,Animal Feed,6.18,2.9,42.76,44.9,1.2,0.45,1.59
Vegetables,17.22,82.39,11.79,6.77,90.57,Animal Feed,6.24,2.84,5.01,0.6,1.45,0.46,0.94
Vegetables,4.31,78.15,32.68,3.8,90.72,Animal Feed,1.57,0.67,28.88,31.62,1.18,0.41,1.5
Vegetables,12.4,94.63,70.56,3.95,98.35,Animal Feed,4.88,2.35,66.61,76.78,1.5,0.49,1.11
Grains,31.98,21.09,35.56,0.25,99.89,Animal Feed,12.78,1.35,35.31,42.17,0.97,0.33,0.43
Meat,49.99,60.15,79.7,10.22,94.86,Biogas,18.97,6.01,69.48,75.2,2.78,0.85,0.49
Mixed,27.7,60.94,24.3,8.42,94.17,Animal Feed,10.43,3.38,15.87,12.31,0.81,0.42,0.74
Grains,45.19,21.57,17.57,10.5,98.24,Compost,17.76,1.95,7.06,0.07,0.93,0.34,0.38
Vegetables,12.21,77.06,64.84,10.31,91.81,Biogas,4.48,1.88,54.53,57.19,1.74,0.59,1.56
Meat,7.35,64.28,74.26,5.27,87.75,Biogas,2.58,0.94,68.99,78.57,2.0,1.06,0.53
Vegetables,46.05,80.93,92.57,19.82,99.41,Biogas,18.31,7.45,72.76,71.46,1.54,0.55,1.17
Vegetables,20.62,92.78,84.73,24.8,98.85,Biogas,8.15,3.83,59.93,52.08,1.42,0.38,1.26
Mixed,6.74,46.53,6.43,9.65,81.49,Animal Feed,2.2,0.63,-3.21,-11.57,1.56,0.4,0.95
Vegetables,40.67,88.39,62.94,1.51,96.89,Animal Feed,15.76,7.19,61.42,72.5,1.61,0.38,1.21
Vegetables,42.72,72.53,25.48,29.91,92.17,Biogas,15.75,6.2,-4.43,-29.25,1.46,0.62,1.15
Vegetables,19.94,73.05,85.67,22.17,96.8,Biogas,7.72,2.91,63.5,58.47,1.63,0.37,1.09
Vegetables,30.78,85.72,46.71,23.31,90.91,Biogas,11.19,5.28,23.4,9.43,1.23,0.33,1.15
Vegetables,7.04,76.73,96.45,6.57,99.52,Animal Feed,2.8,1.08,89.88,102.6,1.2,0.44,1.07
Grains,35.31,26.51,43.55,26.87,97.03,Compost,13.71,1.87,16.68,-1.48,1.21,0.24,0.45
Mixed,36.22,56.85,42.94,20.34,94.76,Compost,13.73,4.12,22.59,10.84,0.82,0.5,0.78
Meat,24.3,55.35,63.16,2.71,92.73,Compost,9.01,2.69,60.45,70.37,3.3,0.81,0.45
Mixed,31.99,84.37,33.56,19.07,86.1,Biogas,11.02,5.4,14.49,2.14,0.95,0.39,0.39
Vegetables,38.56,84.55,2.71,21.84,99.15,Biogas,15.29,6.52,-19.13,-40.43,1.53,0.54,1.21
Fruits,3.61,66.05,81.75,1.29,94.43,Donation,1.36,0.48,80.46,95.51,0.99,0.41,0.73
Vegetables,14.48,85.83,46.72,9.65,99.76,Animal Feed,5.78,2.49,37.07,36.77,1.53,0.61,1.12
Grains,13.77,18.02,74.69,17.89,96.66,Compost,5.32,0.5,56.79,53.84,0.96,0.38,0.35
Mixed,10.83,74.19,92.44,27.55,92.32,Biogas,4.0,1.61,64.88,55.82,1.2,0.49,0.56
Meat,3.36,71.81,2.43,11.92,91.58,Biogas,1.23,0.48,-9.49,-20.93,2.52,0.88,0.42
Grains,9.29,10.88,55.5,4.39,95.95,Animal Feed,3.57,0.2,51.11,57.82,1.08,0.27,0.41
Vegetables,20.26,72.52,86.05,24.49,91.73,Biogas,7.43,2.94,61.56,54.28,1.23,0.38,1.16
Meat,16.16,70.57,91.76,8.18,86.83,Biogas,5.61,2.28,83.58,93.76,3.06,0.97,0.54
Mixed,45.29,81.57,75.38,2.22,88.93,Animal Feed,16.11,7.39,73.16,86.02,0.95,0.22,0.61
Grains,6.99,15.87,80.84,23.82,96.29,Compost,2.69,0.22,57.03,49.38,1.11,0.28,0.42
Grains,12.46,14.54,86.05,25.51,97.32,Compost,4.85,0.36,60.54,52.24,1.0,0.29,0.43
Fruits,16.14,80.08,41.42,10.03,96.94,Biogas,6.26,2.59,31.4,29.66,1.22,0.18,0.79
Vegetables,31.3,84.06,77.18,18.46,94.63,Biogas,11.85,5.26,58.72,55.7,1.23,0.67,1.17
Vegetables,10.4,85.79,52.15,21.54,98.88,Biogas,4.11,1.78,30.61,19.51,1.4,0.61,1.3
Fruits,38.89,80.94,17.42,19.85,87.76,Biogas,13.65,6.3,-2.43,-18.8,1.27,0.48,0.99
Fruits,15.11,58.24,9.87,3.01,90.25,Animal Feed,5.45,1.76,6.85,5.81,1.33,0.34,0.8
Vegetables,13.05,88.56,86.93,1.39,95.73,Donation,5.0,2.31,85.53,101.53,1.09,0.48,1.29
Meat,27.46,70.63,66.85,8.19,90.07,Biogas,9.89,3.88,58.66,63.83,3.39,0.87,0.51
Vegetables,4.26,93.93,48.81,2.96,93.46,Animal Feed,1.59,0.8,45.85,52.65,1.44,0.56,1.28
Grains,28.58,27.26,46.28,28.63,98.05,Compost,11.21,1.56,17.65,-1.73,0.9,0.22,0.5
Vegetables,22.86,86.4,87.17,15.16,94.33,Biogas,8.63,3.95,72.01,74.29,1.3,0.4,1.06
Vegetables,19.84,72.65,34.75,25.09,99.04,Biogas,7.86,2.88,9.66,-8.48,1.26,0.53,1.19
Vegetables,4.73,70.79,30.87,25.36,96.06,Biogas,1.82,0.67,5.51,-13.68,1.39,0.31,1.09
Grains,41.56,17.49,41.5,13.63,96.99,Compost,16.12,1.45,27.87,22.54,1.07,0.36,0.38
Fruits,9.69,49.91,62.32,24.06,85.67,Compost,3.32,0.97,38.26,26.67,1.04,0.52,0.52
Vegetables,31.33,70.89,46.71,27.81,95.26,Biogas,11.94,4.44,18.9,0.43,1.37,0.41,0.98
Meat,46.91,66.5,36.24,9.8,85.07,Biogas,15.96,6.24,26.44,23.89,3.22,0.95,0.45
Vegetables,22.73,86.06,45.9,16.69,93.11,Biogas,8.47,3.91,29.21,21.69,1.34,0.52,1.11
Grains,44.63,21.17,53.0,20.62,99.62,Compost,17.78,1.89,32.38,22.36,0.81,0.3,0.42
Vegetables,33.28,89.46,40.48,3.2,96.77,Animal Feed,12.88,5.96,37.28,42.18,1.06,0.53,1.2
Fruits,11.4,72.1,76.99,24.52,83.22,Compost,3.79,1.64,52.46,43.34,0.95,0.37,0.92
Fruits,21.6,79.04,21.38,23.68,89.47,Biogas,7.73,3.41,-2.3,-21.71,0.99,0.58,0.75
Grains,7.24,12.39,20.92,27.72,95.82,Compost,2.77,0.18,-6.8,-30.34,0.86,0.25,0.43
Grains,44.96,21.08,83.59,17.69,98.45,Compost,17.71,1.9,65.89,64.92,0.95,0.36,0.42
Grains,46.17,28.6,28.94,6.23,98.32,Animal Feed,18.16,2.64,22.71,22.27,0.93,0.26,0.47
Meat,46.84,51.32,79.12,21.59,86.33,Compost,16.17,4.81,57.53,51.76,3.93,1.23,0.55
Fruits,11.65,44.83,10.77,23.55,91.08,Compost,4.24,1.04,-12.77,-34.16,1.29,0.52,0.73
Vegetables,2.41,92.77,4.8,8.55,98.91,Animal Feed,0.95,0.45,-3.75,-11.35,1.53,0.57,1.06
Grains,38.4,10.21,64.17,24.49,96.63,Compost,14.84,0.78,39.68,28.02,0.91,0.38,0.41
Vegetables,49.09,80.99,93.67,22.05,92.96,Biogas,18.25,7.95,71.62,68.29,1.36,0.53,0.77
Grains,8.98,12.99,38.45,27.55,97.51,Compost,3.5,0.23,10.9,-8.96,1.09,0.34,0.39
Grains,16.68,16.47,96.86,15.05,95.66,Compost,6.38,0.55,81.81,86.13,0.98,0.37,0.39
Vegetables,34.46,88.92,71.34,20.3,90.72,Biogas,12.51,6.13,51.04,45.0,1.55,0.53,1.72
Vegetables,7.0,74.06,77.27,10.23,97.56,Biogas,2.73,1.04,67.04,72.26,1.26,0.67,0.76
Meat,22.67,59.43,62.42,18.5,88.33,Compost,8.01,2.69,43.92,37.91,2.73,1.08,0.48
Vegetables,22.84,75.3,54.29,28.4,90.51,Biogas,8.27,3.44,25.89,8.36,1.4,0.28,1.25
Vegetables,1.1,71.92,31.0,11.29,94.63,Biogas,0.41,0.16,19.71,14.62,1.63,0.67,0.76
Grains,9.22,25.43,96.28,0.61,97.88,Donation,3.61,0.47,95.66,114.3,0.99,0.3,0.31
Vegetables,22.97,85.96,82.9,11.35,92.12,Biogas,8.46,3.95,71.55,76.78,1.54,0.56,1.13
Vegetables,45.67,72.31,53.96,22.72,99.43,Biogas,18.16,6.6,31.23,19.3,1.66,0.52,1.2
Vegetables,25.34,88.44,44.3,24.21,97.83,Biogas,9.91,4.48,20.09,4.74,1.45,0.38,1.02
Vegetables,22.2,94.02,76.09,21.48,90.32,Biogas,8.02,4.17,54.61,48.35,1.46,0.65,1.31
Meat,3.89,63.35,76.66,29.04,92.83,Biogas,1.45,0.49,47.62,33.92,3.29,1.17,0.56
Mixed,24.58,73.96,15.32,7.01,92.05,Animal Feed,9.05,3.64,8.31,4.36,1.16,0.46,0.92
Vegetables,41.11,90.27,48.26,27.41,94.95,Biogas,15.61,7.42,20.85,3.09,1.74,0.53,1.14
Meat,18.96,51.62,42.51,3.7,91.37,Compost,6.93,1.96,38.81,43.61,2.94,1.1,0.6
Mixed,14.52,50.09,88.38,5.64,94.69,Animal Feed,5.5,1.45,82.74,94.77,0.75,0.5,0.58
Grains,26.09,22.08,70.02,19.08,96.64,Compost,10.08,1.15,50.94,45.86,1.03,0.29,0.45
Vegetables,31.51,83.77,64.66,6.55,98.99,Animal Feed,12.48,5.28,58.11,64.49,1.45,0.45,1.4
Vegetables,22.1,72.4,39.77,8.81,90.75,Animal Feed,8.02,3.2,30.97,30.11,1.82,0.51,1.03
Vegetables,11.16,80.29,13.92,5.29,92.03,Animal Feed,4.11,1.79,8.63,6.13,1.36,0.54,1.32
Vegetables,13.0,77.77,24.64,18.2,95.76,Biogas,4.98,2.02,6.44,-6.83,1.55,0.49,1.14
Mixed,26.37,59.16,1.85,22.46,86.63,Compost,9.14,3.12,-20.61,-42.69,1.17,0.45,0.84
Vegetables,20.03,73.97,93.87,5.84,95.23,Animal Feed,7.63,2.96,88.03,100.96,1.61,0.41,1.39
Vegetables,32.57,91.23,55.55,13.28,99.53,Biogas,12.97,5.94,42.28,40.11,1.36,0.56,1.24
Mixed,3.92,68.22,24.67,11.8,83.7,Compost,1.31,0.54,12.87,6.01,0.84,0.55,0.83
Mixed,38.31,65.77,66.21,2.85,84.0,Animal Feed,12.87,5.04,63.36,73.75,1.64,0.36,0.69
Vegetables,27.89,75.61,79.63,19.92,90.79,Biogas,10.13,4.22,59.71,55.72,1.64,0.5,1.55
Meat,16.06,56.58,62.52,28.35,91.01,Compost,5.85,1.82,34.17,18.32,3.27,0.9,0.35
Vegetables,6.36,91.1,46.67,17.08,91.1,Biogas,2.32,1.16,29.59,21.84,1.53,0.49,1.13
Grains,45.75,25.37,22.63,14.75,99.92,Compost,18.28,2.32,7.88,-2.35,0.91,0.3,0.33
Vegetables,33.97,79.21,14.19,21.23,93.23,Biogas,12.67,5.38,-7.04,-25.43,1.38,0.72,0.8
Fruits,14.62,48.12,17.82,24.57,93.69,Compost,5.48,1.41,-6.75,-27.75,0.79,0.46,0.91
Grains,4.85,24.67,44.51,22.62,99.46,Compost,1.93,0.24,21.89,8.17,0.97,0.33,0.36
Meat,2.3,54.47,71.54,27.14,89.71,Compost,0.83,0.25,44.4,31.57,2.9,1.11,0.58
Vegetables,13.82,94.89,68.3,6.82,91.56,Animal Feed,5.06,2.62,61.48,68.31,1.81,0.6,1.39
Vegetables,33.65,74.66,50.81,16.84,96.62,Biogas,13.0,5.02,33.97,27.3,1.01,0.48,1.25
Mixed,33.04,83.1,81.05,25.67,81.91,Compost,10.83,5.49,55.38,45.92,1.17,0.36,0.99
Vegetables,21.03,88.15,57.56,3.51,90.99,Animal Feed,7.66,3.71,54.05,62.04,1.41,0.53,1.15
Vegetables,20.79,82.18,52.39,6.25,90.0,Animal Feed,7.49,3.42,46.14,50.37,1.59,0.48,1.51
Grains,27.32,13.28,57.55,10.26,96.19,Compost,10.51,0.73,47.28,48.53,0.88,0.36,0.36
Grains,37.33,21.69,90.29,22.99,96.38,Compost,14.39,1.62,67.3,62.37,0.96,0.22,0.4
Grains,48.31,20.94,65.03,22.86,96.64,Compost,18.67,2.02,42.17,32.31,1.01,0.25,0.32
Grains,24.34,23.61,58.43,27.18,99.38,Compost,9.67,1.15,31.25,15.76,1.15,0.28,0.46
Mixed,39.37,49.43,55.16,1.79,93.15,Animal Feed,14.67,3.89,53.37,62.62,1.33,0.31,1.07
Meat,19.77,58.01,52.63,23.1,94.92,Compost,7.51,2.29,29.53,16.96,3.27,1.32,0.57
Meat,33.2,74.94,96.92,0.97,89.6,Donation,11.9,4.98,95.95,114.36,3.47,1.13,0.42
Vegetables,24.82,70.04,82.03,8.34,98.99,Animal Feed,9.83,3.48,73.69,81.76,1.06,0.4,1.03
Grains,41.25,25.85,48.58,10.04,98.91,Compost,16.32,2.13,38.53,38.21,0.75,0.3,0.31
Vegetables,32.82,86.84,68.75,1.7,98.29,Animal Feed,12.9,5.7,67.05,79.1,1.6,0.54,1.34
Vegetables,40.82,75.82,44.9,4.55,93.56,Animal Feed,15.27,6.19,40.35,44.78,1.43,0.46,1.05
Grains,36.69,17.23,73.0,29.06,98.92,Compost,14.52,1.26,43.94,29.48,1.09,0.34,0.35
Vegetables,5.59,76.58,19.56,29.15,91.23,Biogas,2.04,0.86,-9.59,-34.83,1.4,0.4,1.37
Fruits,44.19,81.82,51.05,27.97,93.56,Biogas,16.54,7.23,23.07,5.3,1.15,0.37,1.08
Vegetables,3.06,89.07,13.17,13.12,95.73,Biogas,1.17,0.54,0.05,-10.43,1.23,0.57,1.43
Vegetables,42.91,71.12,86.8,26.86,93.56,Biogas,16.06,6.1,59.94,50.45,1.2,0.57,1.25
Vegetables,42.21,89.5,42.42,12.83,99.02,Biogas,16.72,7.55,29.59,25.24,1.61,0.47,1.54
Grains,18.44,25.85,96.96,19.81,98.17,Compost,7.24,0.95,77.15,76.74,0.88,0.25,0.44
Vegetables,37.77,74.34,94.58,8.55,90.63,Animal Feed,13.69,5.62,86.03,96.39,2.02,0.63,1.09
Vegetables,49.64,77.56,38.63,28.85,96.8,Biogas,19.22,7.7,9.78,-11.34,1.28,0.53,0.89
Grains,29.62,28.9,15.89,17.18,99.95,Compost,11.84,1.71,-1.3,-15.3,1.14,0.21,0.33
Grains,10.28,20.83,91.61,17.26,99.87,Compost,4.11,0.43,74.35,75.41,0.83,0.29,0.49
Vegetables,27.83,74.52,28.53,23.83,97.68,Biogas,10.87,4.15,4.7,-13.41,1.48,0.53,0.81
Grains,4.14,26.78,61.64,2.33,95.94,Animal Feed,1.59,0.22,59.31,69.3,0.84,0.3,0.41
Vegetables,40.32,81.93,56.52,25.05,99.05,Biogas,15.97,6.61,31.47,17.72,1.65,0.51,1.19
Vegetables,43.22,84.8,31.08,24.16,97.26,Biogas,16.81,7.33,6.92,-11.02,1.57,0.51,1.18
Grains,14.46,29.06,29.17,27.28,98.83,Compost,5.71,0.84,1.89,-19.55,1.12,0.38,0.39
Grains,48.07,14.27,39.69,27.21,99.99,Compost,19.23,1.37,12.48,-6.8,1.0,0.35,0.44
Grains,34.37,11.9,65.86,0.9,98.16,Animal Feed,13.49,0.82,64.96,77.24,0.99,0.31,0.36
Grains,14.32,19.47,23.32,19.4,95.09,Compost,5.45,0.56,3.92,-10.82,0.97,0.35,0.5
Fruits,14.59,77.44,28.71,29.48,91.93,Biogas,5.36,2.26,-0.77,-24.51,1.17,0.36,1.15
Grains,19.27,11.94,76.77,21.79,95.91,Compost,7.39,0.46,54.99,48.56,1.01,0.23,0.23
Vegetables,30.15,70.52,37.97,0.28,93.99,Animal Feed,11.34,4.25,37.68,44.99,1.39,0.64,0.99
Grains,41.26,22.6,26.67,26.14,98.93,Compost,16.33,1.86,0.53,-20.28,1.03,0.32,0.42
Grains,15.2,29.75,18.4,15.6,99.75,Compost,6.06,0.9,2.79,-9.13,1.12,0.31,0.37
Grains,11.43,23.46,40.98,9.59,95.59,Animal Feed,4.37,0.54,31.39,29.99,0.84,0.29,0.37
Vegetables,17.6,74.08,35.39,9.64,94.03,Animal Feed,6.62,2.61,25.76,23.2,1.47,0.52,1.03
Mixed,21.97,71.07,30.04,10.07,90.84,Biogas,7.98,3.12,19.98,15.92,1.33,0.36,0.77
Vegetables,31.38,78.67,11.17,4.58,96.29,Animal Feed,12.09,4.94,6.59,4.25,1.6,0.4,1.04
Vegetables,9.24,86.85,86.12,5.12,94.21,Animal Feed,3.48,1.61,81.01,93.12,1.61,0.44,1.21
Vegetables,4.52,73.42,50.72,13.48,96.66,Biogas,1.75,0.66,37.24,33.9,1.72,0.62,1.32
Vegetables,5.84,83.7,83.82,29.99,93.15,Biogas,2.18,0.98,53.83,40.6,1.51,0.36,1.22
Vegetables,42.27,91.82,70.48,22.23,99.96,Biogas,16.9,7.76,48.25,40.11,1.74,0.43,1.32
Vegetables,42.59,80.52,96.71,22.45,92.16,Biogas,15.7,6.86,74.26,71.16,1.24,0.61,1.23
Vegetables,7.6,71.91,37.15,12.31,91.01,Biogas,2.77,1.09,24.85,19.97,1.19,0.39,1.45
Vegetables,22.48,85.26,94.52,22.05,94.93,Biogas,8.54,3.83,72.47,69.32,1.6,0.34,1.16
Grains,37.53,11.52,85.45,17.34,95.34,Compost,14.31,0.86,68.11,67.86,0.99,0.29,0.34
Vegetables,4.41,84.78,54.4,4.49,91.17,Animal Feed,1.61,0.75,49.91,56.3,1.45,0.58,1.33
Meat,16.08,55.57,19.06,9.5,89.71,Compost,5.77,1.79,9.56,3.87,2.89,1.09,0.52
Vegetables,17.28,77.01,72.44,20.84,97.36,Biogas,6.73,2.66,51.6,45.24,1.4,0.51,1.21
Grains,44.27,15.92,30.01,23.28,96.5,Compost,17.09,1.41,6.73,-10.55,0.92,0.34,0.4
Vegetables,48.2,94.57,51.54,25.54,96.67,Biogas,18.64,9.12,26.0,10.76,1.67,0.47,1.09
Vegetables,6.12,71.86,78.51,3.89,95.07,Animal Feed,2.33,0.88,74.61,86.42,1.64,0.4,1.29
Vegetables,49.25,94.72,44.99,4.11,96.02,Animal Feed,18.92,9.33,40.89,45.78,1.6,0.51,1.21
Grains,48.05,23.94,95.54,14.93,99.02,Compost,19.03,2.3,80.6,84.78,0.91,0.29,0.38
Fruits,27.87,44.58,39.39,11.18,91.08,Compost,10.16,2.49,28.21,24.9,1.2,0.35,0.92
Fruits,25.72,60.12,80.51,8.83,94.72,Animal Feed,9.75,3.09,71.69,78.96,1.52,0.41,0.49
Mixed,13.27,47.55,0.94,8.88,88.88,Animal Feed,4.72,1.26,-7.95,-16.64,1.2,0.25,0.8
Grains,20.32,12.71,49.95,26.71,97.9,Compost,7.96,0.52,23.24,6.51,1.1,0.36,0.35
Grains,10.59,11.86,29.54,26.86,99.72,Compost,4.22,0.25,2.68,-18.27,0.97,0.26,0.46
Vegetables,27.22,87.84,94.36,27.27,93.96,Biogas,10.23,4.78,67.09,58.68,1.51,0.59,1.25
Grains,16.6,22.03,18.33,10.03,98.37,Compost,6.53,0.73,8.3,1.93,1.13,0.37,0.4
Grains,13.09,18.8,59.19,4.27,99.82,Animal Feed,5.23,0.49,54.92,62.49,1.05,0.31,0.45
Grains,13.38,29.97,51.09,0.64,96.33,Animal Feed,5.16,0.8,50.45,60.03,1.1,0.33,0.33
Vegetables,40.74,82.09,97.03,23.85,91.46,Biogas,14.9,6.69,73.19,68.75,1.17,0.48,1.11
Vegetables,21.04,91.56,40.13,19.19,93.57,Biogas,7.87,3.85,20.94,9.79,1.47,0.63,1.69
Grains,2.04,26.29,73.55,3.94,95.57,Animal Feed,0.78,0.11,69.61,80.38,1.24,0.25,0.36
Grains,41.49,27.79,34.56,16.2,97.9,Compost,16.25,2.31,18.36,9.07,1.16,0.26,0.38
Vegetables,47.67,92.43,40.6,5.9,90.33,Animal Feed,17.23,8.81,34.7,36.93,1.78,0.53,1.23
Grains,49.69,17.31,86.46,5.36,97.76,Animal Feed,19.43,1.72,81.1,93.03,0.84,0.34,0.38
Fruits,8.42,44.29,29.3,13.83,91.75,Compost,3.09,0.75,15.47,7.5,1.39,0.17,0.71
Vegetables,3.4,72.17,95.43,8.99,98.02,Animal Feed,1.33,0.49,86.44,96.54,1.53,0.58,0.95
Fruits,25.8,83.05,53.01,24.14,82.45,Compost,8.51,4.28,28.86,15.32,1.18,0.44,0.79
Meat,31.36,60.42,65.31,24.02,92.92,Biogas,11.66,3.79,41.29,30.32,3.31,1.21,0.52
Fruits,37.8,72.27,55.68,21.29,97.37,Biogas,14.72,5.46,34.39,24.24,1.28,0.43,0.77
Vegetables,5.57,77.78,40.67,11.27,97.71,Biogas,2.18,0.87,29.4,26.26,1.45,0.35,0.92
Grains,18.56,10.41,60.37,29.73,97.2,Compost,7.21,0.39,30.64,12.99,0.86,0.29,0.31
Grains,32.7,28.39,40.28,19.35,96.87,Compost,12.67,1.86,20.93,9.63,0.96,0.27,0.36
Vegetables,42.82,71.9,89.71,9.5,99.01,Animal Feed,16.96,6.16,80.21,88.66,1.43,0.53,1.01
Vegetables,45.97,70.33,64.76,20.08,91.94,Biogas,16.9,6.47,44.67,37.54,1.63,0.67,1.07
Fruits,6.93,63.5,11.77,12.78,93.06,Biogas,2.58,0.88,-1.02,-11.45,0.96,0.61,0.73
Vegetables,39.18,91.79,53.55,29.85,93.9,Biogas,14.72,7.19,23.7,4.56,1.34,0.56,1.2
Vegetables,43.25,82.43,19.19,7.4,90.23,Animal Feed,15.61,7.13,11.79,8.23,1.6,0.49,1.28
Meat,19.49,50.18,19.44,25.27,89.14,Compost,6.95,1.96,-5.82,-27.2,2.58,1.15,0.39
Vegetables,20.26,77.45,7.34,24.89,96.44,Biogas,7.81,3.14,-17.55,-40.97,1.49,0.41,1.36
Vegetables,5.34,75.06,3.43,13.83,91.03,Biogas,1.94,0.8,-10.4,-23.55,1.43,0.53,1.2
Vegetables,17.64,78.3,9.36,3.43,98.95,Animal Feed,6.98,2.76,5.93,4.37,1.37,0.36,0.86
Vegetables,41.27,73.37,42.83,5.15,97.43,Animal Feed,16.08,6.06,37.68,41.1,1.36,0.56,1.13
Mixed,9.66,65.54,97.42,13.71,90.25,Biogas,3.49,1.27,83.7,89.47,1.35,0.39,0.86
Vegetables,38.51,79.52,17.14,25.46,91.9,Biogas,14.16,6.12,-8.33,-30.36,1.56,0.58,1.19
Grains,7.7,26.97,1.04,6.72,99.85,Animal Feed,3.08,0.42,-5.68,-12.19,0.9,0.25,0.46
Meat,20.88,58.26,73.7,4.63,93.72,Compost,7.83,2.43,69.07,79.18,2.79,1.09,0.48
Grains,2.29,24.17,94.67,20.25,98.67,Compost,0.9,0.11,74.41,73.1,0.94,0.32,0.34
Vegetables,10.16,86.59,65.79,5.31,94.77,Animal Feed,3.85,1.76,60.48,68.33,1.59,0.41,1.39
Grains,47.93,22.56,17.77,25.75,95.25,Compost,18.26,2.16,-7.98,-30.18,1.03,0.39,0.36
Fruits,23.79,44.66,40.74,10.95,95.91,Compost,9.13,2.13,29.79,26.98,1.03,0.12,0.68
Grains,30.62,19.33,10.21,5.66,99.48,Animal Feed,12.19,1.18,4.55,0.93,1.08,0.21,0.45
Fruits,9.98,68.16,32.07,24.7,97.46,Biogas,3.89,1.36,7.37,-10.92,0.95,0.26,0.82
Vegetables,36.45,89.43,16.81,8.21,95.01,Animal Feed,13.85,6.52,8.6,3.75,1.36,0.61,1.59
Grains,33.11,19.87,73.59,9.44,98.98,Animal Feed,13.11,1.32,64.15,69.43,1.02,0.35,0.4
Vegetables,33.72,92.36,7.77,19.87,91.79,Biogas,12.38,6.23,-12.1,-30.41,1.29,0.5,1.39
Mixed,48.5,49.75,20.28,28.01,93.48,Compost,18.13,4.83,-7.73,-31.69,0.86,0.48,0.77
Grains,5.89,19.0,8.81,24.07,96.63,Compost,2.28,0.22,-15.26,-37.56,1.03,0.21,0.27
Grains,41.22,26.49,70.17,0.6,96.59,Animal Feed,15.93,2.18,69.57,83.01,0.77,0.28,0.41
Vegetables,26.77,72.4,37.17,14.43,99.64,Biogas,10.67,3.88,22.75,15.75,1.56,0.58,1.16
Vegetables,29.3,80.89,64.43,4.13,99.47,Animal Feed,11.66,4.74,60.3,69.05,1.41,0.51,1.34
Vegetables,45.14,87.48,94.2,13.84,91.89,Biogas,16.59,7.9,80.36,85.37,1.64,0.51,0.99
Grains,14.11,27.83,44.67,5.43,99.23,Animal Feed,5.6,0.79,39.24,42.75,0.95,0.28,0.4
Vegetables,20.26,72.48,7.88,16.4,99.57,Biogas,8.07,2.94,-8.52,-23.35,1.48,0.45,1.3
Meat,47.55,67.46,21.53,13.42,85.99,Biogas,16.36,6.42,8.12,-0.99,2.56,1.05,0.46
Mixed,41.18,78.1,28.21,3.36,95.49,Animal Feed,15.73,6.43,24.84,27.12,1.62,0.47,0.93
Grains,18.31,21.66,44.02,24.36,97.79,Compost,7.16,0.79,19.66,4.1,0.84,0.25,0.41
Vegetables,22.75,82.35,75.36,13.98,98.63,Biogas,8.97,3.75,61.38,62.47,1.35,0.53,1.23
Meat,24.46,68.42,85.93,3.04,93.8,Donation,9.18,3.35,82.89,97.03,3.08,0.98,0.6
Vegetables,27.87,86.3,73.76,11.35,91.53,Biogas,10.2,4.81,62.42,65.82,1.32,0.49,1.41
Mixed,33.48,76.69,68.22,17.71,92.05,Biogas,12.33,5.14,50.51,46.45,1.29,0.17,0.87
Grains,17.81,18.57,2.67,0.24,97.79,Animal Feed,6.97,0.66,2.43,2.72,1.05,0.33,0.38
Vegetables,40.17,92.62,95.29,27.39,93.92,Biogas,15.09,7.44,67.91,59.58,1.4,0.68,1.31
Vegetables,13.16,71.23,99.84,0.01,96.17,Donation,5.06,1.87,99.83,119.78,1.3,0.61,1.17
Vegetables,15.79,70.64,62.69,12.48,97.82,Biogas,6.18,2.23,50.21,50.28,1.73,0.54,1.18
Fruits,15.47,51.96,89.62,12.33,91.82,Compost,5.68,1.61,77.3,82.9,0.9,0.37,0.63
Meat,45.55,71.02,64.72,7.73,90.11,Biogas,16.42,6.47,56.99,62.21,3.86,0.83,0.67
Grains,11.27,10.76,5.67,15.57,97.94,Compost,4.41,0.24,-9.9,-24.34,0.98,0.23,0.35
Fruits,2.73,55.72,53.55,28.6,91.94,Compost,1.0,0.3,24.95,7.07,1.35,0.36,0.7
Vegetables,24.89,80.0,41.18,10.55,98.97,Biogas,9.85,3.98,30.63,28.32,1.52,0.43,1.02
Grains,37.23,26.39,92.08,21.12,97.08,Compost,14.46,1.96,70.96,68.26,1.15,0.32,0.41
Grains,27.04,13.66,52.56,1.09,95.62,Animal Feed,10.34,0.74,51.47,60.89,0.88,0.3,0.49
Vegetables,6.55,73.84,5.23,19.06,99.9,Biogas,2.62,0.97,-13.83,-31.85,1.7,0.37,1.01
Grains,9.6,28.38,81.76,3.28,99.0,Donation,3.8,0.54,78.49,91.56,0.99,0.22,0.3
Grains,21.97,19.37,61.78,5.22,99.31,Animal Feed,8.73,0.85,56.57,63.71,0.94,0.29,0.39
Vegetables,21.91,75.49,96.64,10.24,93.61,Biogas,8.2,3.31,86.4,95.49,1.42,0.48,1.11
Grains,40.71,15.58,99.25,0.62,98.74,Donation,16.08,1.27,98.63,117.86,1.01,0.27,0.43
Vegetables,39.22,74.85,51.39,19.49,96.98,Biogas,15.22,5.87,31.9,22.68,1.6,0.5,0.92
Grains,28.78,18.33,25.32,22.76,97.62,Compost,11.24,1.06,2.56,-15.14,0.96,0.3,0.43
Vegetables,40.99,71.42,29.53,21.63,93.32,Biogas,15.3,5.86,7.91,-7.81,1.27,0.66,1.21
Grains,40.18,22.87,46.31,27.65,95.84,Compost,15.4,1.84,18.67,0.28,1.11,0.25,0.48
Vegetables,30.99,79.09,82.04,0.89,90.95,Donation,11.27,4.9,81.15,96.66,1.95,0.39,0.86
Vegetables,40.78,93.01,22.14,25.39,94.12,Biogas,15.35,7.59,-3.24,-24.2,1.21,0.48,1.24
Mixed,11.92,42.67,58.41,26.71,81.63,Compost,3.89,1.02,31.71,16.68,1.46,0.32,0.2
Vegetables,35.04,93.17,1.45,6.95,92.13,Animal Feed,12.91,6.53,-5.5,-12.16,1.64,0.55,1.37
Grains,25.62,20.56,67.2,2.71,96.16,Animal Feed,9.85,1.05,64.49,75.23,0.88,0.34,0.32
Vegetables,10.82,72.71,66.03,14.26,92.08,Biogas,3.99,1.57,51.77,50.73,1.23,0.65,1.34
Vegetables,47.99,74.2,3.02,18.38,96.68,Biogas,18.56,7.12,-15.36,-33.14,1.55,0.55,1.06
Grains,36.55,10.22,34.76,19.16,99.09,Compost,14.49,0.75,15.61,3.4,0.89,0.27,0.42
Grains,6.64,11.75,60.47,14.38,98.91,Compost,2.63,0.16,46.09,43.81,0.97,0.28,0.42
Grains,30.49,29.36,11.12,10.94,96.11,Compost,11.72,1.79,0.19,-8.52,1.11,0.33,0.5
Vegetables,17.24,93.78,80.47,21.14,96.83,Biogas,6.68,3.23,59.33,54.28,1.54,0.5,1.23
Vegetables,26.98,83.9,28.1,0.31,94.51,Animal Feed,10.2,4.53,27.8,33.11,1.85,0.45,1.08
Mixed,34.62,71.03,85.8,27.07,90.3,Biogas,12.5,4.92,58.73,48.83,1.65,0.32,0.99
Vegetables,15.61,73.35,72.34,8.09,94.54,Animal Feed,5.9,2.29,64.25,70.63,1.42,0.33,1.19
Fruits,9.71,56.53,86.99,26.03,91.2,Compost,3.54,1.1,60.96,52.33,0.98,0.42,0.86
Grains,45.63,26.97,46.94,6.36,99.79,Animal Feed,18.21,2.46,40.58,43.6,1.11,0.32,0.42
Mixed,36.4,52.68,50.76,23.0,86.14,Compost,12.54,3.84,27.77,14.92,1.13,0.6,0.64
Meat,9.18,52.46,37.2,26.11,90.91,Compost,3.34,0.96,11.09,-7.58,3.59,0.87,0.55
Mixed,23.25,43.58,12.25,26.68,84.64,Compost,7.87,2.03,-14.43,-38.66,0.97,0.32,1.33
Grains,30.27,29.75,24.01,15.5,98.14,Compost,11.88,1.8,8.52,-2.18,0.98,0.29,0.42
Grains,12.1,23.99,97.73,10.04,95.15,Compost,4.6,0.58,87.69,97.2,0.96,0.39,0.39
Mixed,4.18,70.77,80.02,2.84,88.18,Animal Feed,1.48,0.59,77.18,90.34,1.79,0.45,0.91
Fruits,11.49,41.16,64.6,29.52,83.92,Compost,3.86,0.95,35.08,18.48,1.71,0.39,0.73
Grains,34.86,21.22,41.68,25.81,98.91,Compost,13.79,1.48,15.87,-1.61,0.98,0.3,0.42
Mixed,7.33,66.02,34.91,29.77,94.26,Biogas,2.76,0.97,5.15,-17.64,0.48,0.49,0.55
Grains,43.77,26.16,63.71,17.72,98.26,Compost,17.2,2.29,45.99,41.02,1.09,0.28,0.44
Grains,9.26,15.54,91.58,7.09,96.43,Animal Feed,3.57,0.29,84.48,95.7,1.04,0.3,0.46
Vegetables,11.82,78.75,58.3,7.73,98.05,Animal Feed,4.64,1.86,50.57,54.5,1.43,0.62,1.32
Vegetables,1.44,89.52,67.95,4.6,98.47,Animal Feed,0.57,0.26,63.35,72.34,1.47,0.41,1.47
Vegetables,15.0,73.09,83.54,14.09,92.88,Biogas,5.57,2.19,69.45,72.07,1.48,0.41,1.36
Vegetables,21.21,87.74,52.91,10.6,95.17,Biogas,8.07,3.72,42.31,42.29,1.61,0.82,1.27
Vegetables,34.43,76.96,1.2,3.33,90.55,Animal Feed,12.47,5.3,-2.13,-5.22,1.55,0.48,1.62
Grains,4.12,27.32,40.61,0.64,96.56,Animal Feed,1.59,0.23,39.97,47.45,1.02,0.29,0.3
Grains,18.92,24.28,63.12,12.56,98.14,Compost,7.43,0.92,50.55,50.62,1.02,0.36,0.43
Vegetables,6.86,89.49,1.75,11.48,97.61,Biogas,2.68,1.23,-9.73,-20.86,1.61,0.46,1.08
Grains,5.4,19.19,53.3,1.31,99.97,Animal Feed,2.16,0.21,51.99,61.34,1.25,0.32,0.49
Mixed,46.48,70.71,69.58,16.36,81.78,Compost,15.21,6.57,53.22,50.78,1.03,0.35,0.51
Vegetables,37.46,74.72,1.18,29.63,98.25,Biogas,14.72,5.6,-28.45,-57.85,1.52,0.36,0.96
Grains,21.71,11.93,1.88,0.18,98.5,Animal Feed,8.55,0.52,1.7,1.89,0.9,0.26,0.37
Vegetables,25.2,81.45,16.04,24.0,95.85,Biogas,9.66,4.1,-7.97,-28.76,1.76,0.44,1.46
Vegetables,15.06,89.11,96.79,20.93,99.34,Biogas,5.98,2.68,75.86,74.28,1.32,0.5,1.24
Vegetables,24.81,90.42,86.41,15.81,95.72,Biogas,9.5,4.49,70.6,72.08,1.47,0.48,1.16
Meat,19.28,63.31,66.83,4.75,94.77,Biogas,7.31,2.44,62.09,70.71,3.61,0.76,0.55
Vegetables,45.65,77.22,91.45,1.3,98.19,Donation,17.93,7.05,90.15,107.14,1.59,0.53,1.17
Meat,9.3,55.38,2.23,17.14,89.6,Compost,3.33,1.03,-14.9,-31.59,2.1,1.16,0.38
Grains,34.79,23.0,63.07,20.25,99.49,Compost,13.85,1.6,42.81,35.17,1.03,0.29,0.4
Grains,34.78,16.47,47.72,17.95,95.74,Compost,13.32,1.15,29.77,21.36,0.88,0.34,0.37
Vegetables,49.49,87.91,22.95,11.4,94.25,Biogas,18.66,8.7,11.55,4.74,0.89,0.38,1.43
Grains,33.91,22.9,58.4,6.49,99.32,Animal Feed,13.47,1.55,51.91,57.1,1.06,0.24,0.41
Vegetables,41.53,73.71,72.51,24.81,94.35,Biogas,15.67,6.12,47.71,37.4,1.31,0.5,1.35
Vegetables,11.69,88.96,42.19,27.78,97.53,Biogas,4.56,2.08,14.41,-4.93,1.47,0.46,1.43
Mixed,39.26,69.99,36.17,10.53,87.05,Biogas,13.67,5.49,25.64,22.35,1.09,0.41,0.66
Grains,23.72,25.04,92.78,3.71,96.99,Donation,9.2,1.19,89.07,103.91,0.99,0.24,0.38
Vegetables,13.85,84.27,9.91,18.19,94.11,Biogas,5.21,2.33,-8.28,-24.5,1.24,0.52,1.06
Grains,25.19,11.35,1.5,3.76,98.2,Animal Feed,9.89,0.57,-2.25,-5.71,0.81,0.23,0.48
Vegetables,34.22,84.42,37.68,10.35,97.58,Biogas,13.36,5.78,27.33,24.51,1.8,0.57,1.29
Fruits,12.64,60.75,24.46,28.31,83.5,Compost,4.22,1.54,-3.84,-27.25,1.15,0.48,0.93
Vegetables,33.57,78.63,84.85,3.06,98.07,Donation,13.17,5.28,81.79,95.71,1.3,0.52,1.25
Mixed,31.59,79.11,40.9,4.55,92.32,Animal Feed,11.67,5.0,36.35,39.98,1.34,0.27,0.85
Mixed,45.15,80.21,10.61,27.02,94.2,Biogas,17.01,7.24,-16.41,-41.3,1.03,0.51,1.06
Fruits,37.64,81.73,37.31,19.09,89.96,Biogas,13.55,6.15,18.22,6.59,1.35,0.39,1.23
Meat,31.61,62.86,0.69,4.02,88.0,Biogas,11.13,3.97,-3.33,-7.21,2.73,1.14,0.53
Vegetables,46.24,86.57,38.13,13.99,99.52,Biogas,18.41,8.01,24.15,17.78,1.28,0.74,1.1
Vegetables,19.19,71.95,18.25,10.4,91.98,Biogas,7.06,2.76,7.85,1.1,1.59,0.61,1.08
Vegetables,28.3,85.28,4.26,4.1,98.66,Animal Feed,11.17,4.83,0.15,-3.1,1.39,0.59,1.2
Grains,11.18,26.07,25.61,17.68,97.87,Compost,4.38,0.58,7.92,-4.64,1.0,0.26,0.51
Meat,19.18,62.62,1.88,20.11,93.4,Biogas,7.16,2.4,-18.23,-37.97,3.07,0.77,0.63
Vegetables,4.17,88.12,53.0,21.21,96.4,Biogas,1.61,0.74,31.79,21.18,1.3,0.5,1.39
Vegetables,2.81,75.75,88.11,13.97,92.38,Biogas,1.04,0.43,74.14,77.79,1.59,0.48,1.27
Grains,7.59,18.41,5.93,29.16,96.93,Compost,2.94,0.28,-23.23,-51.21,0.85,0.34,0.38
Vegetables,47.33,83.7,16.17,3.32,97.02,Animal Feed,18.37,7.92,12.85,12.77,1.61,0.39,1.12
Grains,11.48,23.34,57.36,11.81,99.31,Compost,4.56,0.54,45.55,45.21,0.93,0.26,0.42
Vegetables,16.61,93.24,47.93,6.39,97.43,Animal Feed,6.47,3.1,41.54,44.73,1.49,0.39,1.43
Grains,17.37,23.07,50.88,21.14,96.92,Compost,6.73,0.8,29.74,18.77,0.83,0.35,0.46
Grains,6.69,13.64,82.0,20.51,96.23,Compost,2.58,0.18,61.49,57.38,1.02,0.28,0.36
Grains,13.12,13.03,56.87,28.85,97.29,Compost,5.11,0.34,28.02,10.54,0.98,0.29,0.41
Grains,22.56,24.33,95.2,15.04,99.12,Compost,8.94,1.1,80.16,84.17,1.1,0.31,0.46
Grains,30.86,25.63,71.37,1.24,99.11,Animal Feed,12.24,1.58,70.13,83.16,1.01,0.33,0.45
Grains,41.09,28.68,1.87,21.72,96.15,Compost,15.8,2.36,-19.85,-41.19,1.13,0.32,0.43
Meat,36.42,69.15,90.82,24.44,89.31,Biogas,13.01,5.04,66.38,60.11,3.69,1.14,0.51
Grains,26.83,16.57,55.73,15.8,96.25,Compost,10.33,0.89,39.93,35.28,1.27,0.32,0.41
Grains,3.85,27.65,58.45,15.77,96.58,Compost,1.49,0.21,42.68,38.6,0.99,0.36,0.48
Vegetables,14.75,83.1,42.33,3.76,97.89,Animal Feed,5.78,2.45,38.57,43.28,1.22,0.47,1.25
Grains,11.17,20.18,31.87,19.34,96.53,Compost,4.31,0.45,12.53,-0.43,0.94,0.33,0.4
Vegetables,6.42,85.69,61.49,7.78,99.16,Animal Feed,2.55,1.1,53.71,58.23,1.93,0.42,0.92
Vegetables,22.67,91.6,25.26,19.45,93.48,Biogas,8.48,4.15,5.8,-8.6,1.86,0.38,1.32
Meat,23.64,58.38,93.54,21.85,94.1,Compost,8.9,2.76,71.7,68.56,3.21,0.86,0.61
Vegetables,18.32,79.78,84.37,16.6,90.31,Biogas,6.62,2.92,67.77,68.04,1.72,0.61,1.38
Meat,15.83,68.64,21.07,4.33,88.43,Biogas,5.6,2.17,16.74,16.63,2.99,0.6,0.57
Vegetables,24.7,83.48,94.63,7.83,94.29,Animal Feed,9.32,4.12,86.8,97.9,1.66,0.42,1.57
Grains,30.96,15.63,17.83,13.5,97.06,Compost,12.02,0.97,4.34,-5.59,0.89,0.28,0.28
Grains,7.44,12.62,8.7,3.54,98.24,Animal Feed,2.92,0.19,5.16,3.37,0.95,0.31,0.41
Vegetables,27.08,85.57,1.91,27.98,94.04,Biogas,10.19,4.63,-26.07,-53.67,1.63,0.6,1.18
Vegetables,28.07,77.95,61.54,29.15,92.46,Biogas,10.38,4.38,32.39,15.55,1.47,0.45,1.02
Grains,27.1,10.71,30.51,8.08,99.2,Animal Feed,10.75,0.58,22.42,20.44,0.87,0.31,0.41
Vegetables,30.26,72.23,9.71,17.16,97.66,Biogas,11.82,4.37,-7.45,-22.67,1.5,0.51,1.01
Fruits,27.35,79.24,73.2,23.2,94.43,Biogas,10.33,4.33,50.0,41.45,1.45,0.26,1.14
Meat,15.17,67.15,29.01,13.14,90.49,Biogas,5.49,2.04,15.87,8.53,2.47,1.04,0.49
Vegetables,7.79,75.22,35.67,27.31,95.54,Biogas,2.98,1.17,8.36,-11.82,1.45,0.56,1.34
Vegetables,25.03,83.33,12.4,28.13,97.82,Biogas,9.79,4.17,-15.73,-41.39,1.13,0.35,1.28
Fruits,2.13,76.97,72.8,0.48,90.63,Animal Feed,0.77,0.33,72.32,86.41,1.11,0.4,0.67
Meat,2.13,55.9,28.37,29.8,87.68,Compost,0.75,0.24,-1.43,-25.55,3.3,0.99,0.38
Grains,28.76,14.42,37.17,29.66,97.04,Compost,11.16,0.83,7.51,-14.72,1.03,0.28,0.46
Vegetables,1.07,84.87,54.05,27.28,99.53,Biogas,0.43,0.18,26.76,10.29,1.34,0.43,1.25
Vegetables,9.18,90.36,79.35,27.53,98.94,Biogas,3.63,1.66,51.82,40.16,1.52,0.41,1.43
Vegetables,3.11,79.06,21.98,0.3,96.72,Animal Feed,1.2,0.49,21.67,25.77,1.71,0.56,1.09
Grains,36.6,16.99,38.57,27.38,98.74,Compost,14.45,1.24,11.19,-8.48,0.88,0.29,0.41
Grains,18.07,16.98,80.0,6.04,95.66,Animal Feed,6.92,0.61,73.96,83.93,0.95,0.38,0.49
Vegetables,5.76,77.38,14.45,7.7,94.28,Animal Feed,2.17,0.89,6.75,1.94,1.52,0.53,1.07
Vegetables,29.57,78.54,19.45,27.54,98.57,Biogas,11.66,4.65,-8.09,-31.75,1.72,0.6,1.46
Vegetables,37.11,78.69,68.76,22.81,93.67,Biogas,13.9,5.84,45.95,36.89,1.72,0.49,1.08
Fruits,37.45,81.24,68.16,26.36,93.47,Biogas,14.0,6.08,41.8,29.07,1.16,0.42,0.8
Vegetables,43.72,87.44,93.66,13.89,91.71,Biogas,16.04,7.65,79.77,84.62,1.55,0.56,1.18
Vegetables,8.42,94.85,53.4,18.97,93.34,Biogas,3.14,1.6,34.43,26.14,1.66,0.56,1.13
Mixed,26.13,77.72,31.28,2.83,85.83,Animal Feed,8.97,4.06,28.45,31.87,1.47,0.53,0.71
Grains,49.69,21.19,87.66,10.21,97.73,Compost,19.42,2.11,77.45,84.78,0.88,0.32,0.4
Grains,28.08,23.71,22.92,17.36,98.44,Compost,11.06,1.33,5.56,-7.21,1.08,0.3,0.36
Vegetables,21.76,78.23,40.66,17.63,98.15,Biogas,8.54,3.4,23.03,13.53,1.5,0.53,1.06
Vegetables,30.88,86.85,59.4,0.37,90.7,Animal Feed,11.2,5.36,59.03,70.53,1.55,0.52,1.23
Vegetables,48.48,83.89,55.46,3.81,99.33,Animal Feed,19.26,8.13,51.64,58.92,1.37,0.52,1.12
Grains,40.7,25.06,19.68,5.44,96.23,Animal Feed,15.67,2.04,14.25,12.75,0.97,0.34,0.38
Vegetables,42.88,84.47,10.1,19.32,92.59,Biogas,15.88,7.24,-9.23,-26.53,1.57,0.54,1.29
Meat,36.08,68.08,2.3,25.79,86.69,Biogas,12.51,4.91,-23.49,-48.82,3.44,0.91,0.47
Vegetables,17.14,78.67,7.89,29.15,94.16,Biogas,6.46,2.7,-21.25,-48.82,1.61,0.61,0.8
Mixed,46.79,79.57,43.54,15.74,91.89,Biogas,17.2,7.45,27.8,20.77,1.11,0.33,0.85
Grains,9.86,28.66,62.55,14.51,97.65,Compost,3.85,0.56,48.03,46.03,1.0,0.31,0.39
Grains,37.67,13.09,37.48,29.78,99.32,Compost,14.96,0.99,7.7,-14.59,1.01,0.33,0.44
Grains,21.78,23.55,56.44,23.88,97.61,Compost,8.5,1.03,32.56,19.97,1.04,0.31,0.39
Vegetables,27.38,89.17,11.01,25.73,99.88,Biogas,10.94,4.88,-14.72,-38.24,1.63,0.45,1.11
Vegetables,7.77,76.15,54.63,4.99,95.73,Animal Feed,2.97,1.18,49.63,55.56,1.4,0.48,1.4
Vegetables,7.56,80.25,39.42,27.5,95.9,Biogas,2.9,1.21,11.93,-7.69,1.65,0.45,1.09
Grains,2.99,10.3,83.78,9.44,96.0,Animal Feed,1.15,0.06,74.34,81.65,0.89,0.29,0.3
Vegetables,17.14,70.22,93.22,3.02,99.55,Donation,6.82,2.41,90.2,105.82,1.41,0.43,1.19
Grains,2.1,25.42,90.76,12.29,98.21,Compost,0.82,0.11,78.48,84.34,0.89,0.29,0.49
Grains,35.07,20.41,11.85,18.92,95.95,Compost,13.46,1.43,-7.06,-23.61,0.94,0.29,0.5
Fruits,17.55,49.99,40.81,20.22,96.07,Compost,6.74,1.75,20.59,8.53,0.83,0.34,0.86
Grains,31.31,21.34,28.19,28.05,98.99,Compost,12.4,1.34,0.14,-22.26,1.12,0.25,0.37
Vegetables,11.65,82.07,7.05,11.08,94.02,Biogas,4.38,1.91,-4.03,-13.69,1.65,0.38,1.3
Grains,28.54,22.03,49.35,9.82,97.74,Animal Feed,11.16,1.26,39.53,39.58,1.08,0.26,0.36
Grains,17.99,29.88,63.79,16.98,96.79,Compost,6.96,1.08,46.82,42.6,1.1,0.34,0.41
Grains,25.33,26.15,68.11,18.85,95.25,Compost,9.65,1.32,49.26,44.04,1.02,0.35,0.37
Vegetables,26.22,76.93,51.58,18.53,95.6,Biogas,10.03,4.03,33.05,24.83,1.82,0.47,1.24
Vegetables,47.7,83.01,3.07,17.0,91.83,Biogas,17.52,7.92,-13.93,-30.31,1.52,0.4,0.96
Grains,7.95,22.03,15.64,13.35,99.76,Compost,3.17,0.35,2.3,-7.92,0.95,0.27,0.43
Grains,42.68,14.64,98.67,14.26,97.4,Compost,16.63,1.25,84.41,89.89,0.93,0.4,0.32
Grains,11.71,20.28,0.28,17.1,96.28,Compost,4.51,0.47,-16.83,-33.88,0.97,0.27,0.36
Vegetables,45.04,71.02,50.72,27.14,90.43,Biogas,16.29,6.4,23.58,6.59,1.59,0.55,1.45
Vegetables,40.85,74.26,67.83,16.44,93.92,Biogas,15.34,6.07,51.4,48.53,1.26,0.56,1.02
Grains,32.34,25.53,69.14,21.28,96.2,Compost,12.44,1.65,47.86,40.4,0.89,0.29,0.49
Vegetables,33.45,79.19,75.01,27.19,99.44,Biogas,13.31,5.3,47.82,35.63,1.38,0.61,0.87
Grains,18.66,18.6,89.76,3.0,96.62,Donation,7.21,0.69,86.76,101.71,1.05,0.31,0.41
Grains,43.4,28.01,14.94,23.16,97.57,Compost,16.94,2.43,-8.22,-28.4,0.9,0.25,0.41
Meat,42.3,52.64,31.08,17.09,86.98,Compost,14.72,4.45,13.99,3.11,3.26,1.16,0.51
Grains,17.43,25.42,8.65,15.53,95.46,Compost,6.66,0.89,-6.88,-20.68,1.11,0.36,0.4
Vegetables,44.85,90.81,49.69,17.67,99.34,Biogas,17.82,8.14,32.02,24.29,1.57,0.56,1.08
Meat,12.12,53.21,57.56,22.23,89.83,Compost,4.36,1.29,35.33,24.61,2.54,1.1,0.41
Vegetables,48.27,70.0,55.54,18.11,93.25,Biogas,18.01,6.76,37.44,30.44,1.44,0.51,1.38
Vegetables,1.92,70.54,94.9,10.87,98.88,Biogas,0.76,0.27,84.03,92.14,1.54,0.55,1.01
Meat,18.19,57.62,99.01,11.08,87.02,Compost,6.33,2.1,87.93,96.65,2.72,1.15,0.42
Vegetables,41.56,77.8,4.32,11.22,92.34,Biogas,15.35,6.47,-6.89,-17.25,1.14,0.67,1.07
Vegetables,13.0,86.36,17.06,1.7,92.9,Animal Feed,4.83,2.24,15.36,17.07,1.52,0.75,1.06
Grains,33.97,13.32,4.6,23.35,98.08,Compost,13.33,0.9,-18.75,-41.18,0.91,0.39,0.4
Mixed,5.34,77.0,1.94,21.86,86.81,Biogas,1.85,0.82,-19.92,-41.39,1.19,0.28,0.81
Grains,23.49,13.92,19.9,18.5,96.81,Compost,9.1,0.65,1.4,-13.12,0.92,0.33,0.36
Vegetables,33.19,83.51,54.06,26.31,94.23,Biogas,12.51,5.54,27.75,12.25,1.33,0.68,1.31
Fruits,27.06,43.08,64.71,19.35,90.19,Compost,9.76,2.33,45.37,38.97,1.44,0.46,0.38
Grains,34.28,12.19,19.15,16.75,95.96,Compost,13.16,0.84,2.4,-10.53,0.88,0.39,0.38
Grains,14.05,18.17,26.02,1.02,95.17,Animal Feed,5.35,0.51,25.0,29.19,1.03,0.35,0.41
Meat,42.91,53.45,20.51,3.54,88.86,Compost,15.25,4.59,16.97,17.54,3.13,1.02,0.59
Meat,19.2,57.94,29.95,23.51,91.71,Compost,7.04,2.22,6.43,-11.09,2.92,1.16,0.32
Vegetables,27.21,70.58,57.65,16.45,97.92,Biogas,10.66,3.84,41.2,36.28,1.26,0.55,1.06
Vegetables,35.01,92.23,58.64,0.59,90.44,Animal Feed,12.66,6.46,58.06,69.2,1.33,0.68,0.89
Vegetables,4.03,84.22,19.47,16.45,96.45,Biogas,1.55,0.68,3.02,-9.54,1.41,0.41,1.4
Meat,41.65,66.66,70.45,2.02,88.0,Biogas,14.66,5.55,68.43,80.5,2.73,1.11,0.57
Vegetables,35.07,93.62,71.2,20.26,97.74,Biogas,13.71,6.57,50.94,44.92,1.53,0.63,1.41
Mixed,18.99,41.78,87.32,9.3,96.35,Animal Feed,7.32,1.59,78.02,86.18,0.85,0.45,0.63
Fruits,17.27,75.74,92.32,22.02,81.26,Compost,5.61,2.62,70.3,66.75,1.59,0.51,1.2
Mixed,22.98,63.77,38.65,27.53,84.75,Compost,7.79,2.93,11.12,-8.68,1.17,0.26,0.61
Vegetables,45.93,80.58,25.99,8.69,98.55,Animal Feed,18.11,7.4,17.3,13.81,1.11,0.52,0.77
Vegetables,17.46,85.61,16.41,11.77,93.87,Biogas,6.56,2.99,4.64,-3.84,1.21,0.43,0.75
Meat,11.65,54.55,51.56,4.02,88.76,Compost,4.14,1.27,47.53,53.82,3.22,1.23,0.55
Vegetables,3.3,91.27,8.99,26.33,99.48,Biogas,1.31,0.6,-17.34,-41.87,1.01,0.48,1.13
Mixed,13.83,53.66,9.99,23.96,86.53,Compost,4.79,1.48,-13.97,-35.93,1.8,0.4,0.93
Vegetables,19.5,87.72,75.08,9.63,99.29,Animal Feed,7.74,3.42,65.45,70.83,1.5,0.59,1.35
Meat,39.44,63.34,81.42,7.02,90.37,Biogas,14.26,5.0,74.4,83.66,3.34,1.11,0.61
Meat,10.14,52.33,86.09,25.3,90.75,Compost,3.68,1.06,60.79,52.7,2.71,1.01,0.63
Fruits,38.67,77.93,18.22,26.37,83.17,Compost,12.87,6.03,-8.15,-30.87,0.89,0.32,0.67
Meat,43.89,53.48,9.22,16.99,88.99,Compost,15.62,4.7,-7.77,-22.92,3.23,0.84,0.35
Vegetables,3.28,87.6,0.3,21.33,97.29,Biogas,1.28,0.57,-21.03,-42.3,1.49,0.63,0.8
Grains,46.94,21.88,79.69,23.59,99.96,Compost,18.77,2.05,56.1,48.45,1.19,0.26,0.38
Vegetables,38.47,84.55,2.89,21.84,91.1,Biogas,14.02,6.51,-18.95,-40.22,1.65,0.5,1.5
Mixed,25.48,55.2,49.67,16.21,91.64,Compost,9.34,2.81,33.45,27.17,1.21,0.29,0.74
Mixed,21.21,65.51,16.43,15.09,95.93,Biogas,8.14,2.78,1.35,-10.45,1.55,0.28,0.65
Vegetables,14.06,94.34,93.94,23.83,95.02,Biogas,5.34,2.65,70.11,65.07,1.73,0.47,1.28
Fruits,20.1,61.85,18.68,24.55,90.68,Biogas,7.29,2.49,-5.88,-26.69,1.34,0.44,0.83
Grains,41.04,26.3,94.61,8.9,95.43,Animal Feed,15.67,2.16,85.71,95.74,1.07,0.28,0.52
Vegetables,44.96,73.72,97.5,3.95,96.87,Donation,17.42,6.63,93.54,109.09,1.62,0.32,0.94
Vegetables,22.09,85.78,44.67,6.5,94.07,Animal Feed,8.31,3.79,38.17,40.61,1.87,0.32,1.01
Vegetables,8.28,74.17,66.48,5.04,91.98,Animal Feed,3.05,1.23,61.44,69.69,1.87,0.38,1.18
Fruits,8.91,54.67,10.21,12.65,88.84,Compost,3.17,0.97,-2.44,-13.05,1.3,0.53,1.21
Mixed,43.75,66.59,73.14,13.82,90.3,Biogas,15.8,5.83,59.31,60.12,1.15,0.38,0.78
Vegetables,22.53,74.07,69.34,6.85,97.51,Animal Feed,8.79,3.34,62.5,69.52,1.17,0.49,0.95
Vegetables,28.6,71.36,47.11,29.9,95.88,Biogas,10.97,4.08,17.21,-3.26,1.34,0.62,1.36
Vegetables,35.74,86.32,13.22,27.99,98.72,Biogas,14.11,6.17,-14.77,-40.12,1.5,0.47,1.1
Grains,45.59,15.89,91.48,7.33,95.63,Animal Feed,17.44,1.45,84.15,95.12,1.08,0.22,0.38
Grains,37.05,15.48,90.08,28.61,95.13,Compost,14.1,1.15,61.47,50.88,1.11,0.28,0.39
Meat,36.61,56.02,40.94,4.34,85.74,Compost,12.55,4.1,36.61,40.46,3.13,1.27,0.61
Meat,23.23,70.67,74.39,17.25,89.38,Biogas,8.31,3.28,57.15,54.78,3.35,0.89,0.45
Grains,25.11,20.99,17.34,11.81,96.2,Compost,9.66,1.05,5.53,-2.81,0.85,0.26,0.4
Vegetables,15.01,94.96,83.95,27.43,90.74,Biogas,5.45,2.85,56.53,45.89,1.01,0.39,1.29
Grains,41.35,15.0,41.11,21.3,95.7,Compost,15.83,1.24,19.81,6.74,0.89,0.24,0.32
Vegetables,1.91,82.24,87.76,5.2,94.48,Animal Feed,0.72,0.31,82.56,94.91,1.23,0.34,1.21
Vegetables,22.93,94.65,26.52,2.07,96.34,Animal Feed,8.84,4.34,24.45,27.69,1.21,0.49,1.4
Meat,29.69,71.05,29.18,19.7,87.6,Biogas,10.4,4.22,9.48,-4.38,3.91,0.84,0.53
Fruits,16.73,75.95,49.56,13.58,92.2,Biogas,6.17,2.54,35.98,32.31,1.45,0.37,1.24
Fruits,15.44,41.65,18.55,20.27,95.84,Compost,5.92,1.29,-1.72,-18.28,1.24,0.35,1.02
Vegetables,21.76,72.15,17.5,3.04,95.98,Animal Feed,8.36,3.14,14.46,14.92,1.51,0.47,1.17
Vegetables,23.8,86.06,44.45,10.3,90.01,Biogas,8.57,4.1,34.15,32.74,1.91,0.6,1.4
Fruits,39.44,84.25,17.02,25.99,86.69,Biogas,13.68,6.65,-8.97,-31.56,0.92,0.16,1.21
Grains,45.31,10.05,74.38,6.81,98.15,Animal Feed,17.79,0.91,67.57,75.63,0.9,0.31,0.27
Vegetables,35.45,83.03,74.55,26.68,92.34,Biogas,13.09,5.89,47.87,36.11,0.92,0.39,1.55
Grains,17.78,12.05,25.96,3.54,96.68,Animal Feed,6.88,0.43,22.42,24.08,1.14,0.28,0.46
Fruits,44.0,51.98,14.99,0.37,91.19,Animal Feed,16.05,4.57,14.62,17.25,0.95,0.33,0.81
Vegetables,16.37,86.73,33.12,6.54,92.03,Animal Feed,6.03,2.84,26.58,26.67,1.43,0.47,1.32
Vegetables,4.63,77.37,22.93,21.64,98.6,Biogas,1.83,0.72,1.29,-15.76,1.65,0.54,1.18
Mixed,40.95,41.59,30.42,12.01,85.7,Compost,14.04,3.41,18.41,12.48,0.91,0.38,0.72
Grains,38.8,12.83,32.91,11.01,95.79,Compost,14.87,1.0,21.9,17.47,1.11,0.4,0.41
Grains,16.81,21.15,30.84,20.95,96.94,Compost,6.52,0.71,9.88,-4.91,0.98,0.32,0.39
Vegetables,22.33,75.9,13.85,19.61,97.52,Biogas,8.71,3.39,-5.77,-22.61,1.5,0.6,1.47
Grains,37.42,10.6,67.68,26.4,97.96,Compost,14.66,0.79,41.28,28.41,1.0,0.36,0.41
Fruits,21.0,46.18,85.92,2.43,91.35,Donation,7.67,1.94,83.5,98.25,0.9,0.41,0.98
Vegetables,43.36,82.58,68.96,23.76,92.73,Biogas,16.08,7.16,45.2,35.24,1.83,0.55,1.26
Vegetables,15.15,91.6,65.49,1.26,96.15,Animal Feed,5.83,2.78,64.23,76.06,1.53,0.34,0.99
Vegetables,34.02,73.73,49.89,6.33,92.22,Animal Feed,12.55,5.02,43.57,47.22,1.64,0.54,1.35
Vegetables,29.14,73.88,65.58,3.51,94.82,Animal Feed,11.05,4.31,62.07,71.68,1.37,0.25,1.48
Vegetables,16.37,84.89,21.5,17.15,95.8,Biogas,6.27,2.78,4.35,-8.5,1.43,0.44,1.41
Grains,19.94,26.97,88.89,10.54,99.8,Compost,7.96,1.08,78.34,85.57,0.86,0.41,0.37
Grains,32.08,13.69,9.22,26.84,96.42,Compost,12.37,0.88,-17.62,-42.61,1.16,0.3,0.33
Vegetables,31.21,78.49,69.1,22.19,98.04,Biogas,12.24,4.9,46.9,38.53,1.15,0.64,1.24
Vegetables,2.05,70.9,32.91,11.1,99.92,Biogas,0.82,0.29,21.81,17.29,1.51,0.42,1.11
Meat,43.45,68.67,28.28,20.38,91.46,Biogas,15.9,5.97,7.9,-6.83,3.39,1.17,0.29
Mixed,29.47,81.06,63.1,28.02,80.26,Compost,9.46,4.78,35.08,19.68,1.11,0.44,0.87
Grains,12.79,14.31,19.83,5.96,97.78,Animal Feed,5.0,0.37,13.87,11.88,1.14,0.33,0.33
Vegetables,30.93,87.2,88.05,28.73,97.03,Biogas,12.01,5.39,59.32,48.21,1.34,0.56,1.21
Vegetables,44.01,89.07,50.04,20.4,93.4,Biogas,16.44,7.84,29.64,19.25,1.56,0.43,1.12
Mixed,30.07,70.21,85.69,11.77,85.58,Biogas,10.29,4.22,73.92,79.28,0.98,0.34,1.17
Grains,22.2,26.22,49.37,3.27,99.77,Animal Feed,8.86,1.16,46.1,52.71,0.97,0.2,0.43
Vegetables,27.97,80.44,99.27,27.58,91.87,Biogas,10.28,4.5,71.7,63.98,1.56,0.5,1.19
Grains,42.23,15.11,94.39,6.48,98.11,Animal Feed,16.58,1.28,87.91,100.31,1.01,0.28,0.47
Meat,14.22,71.92,17.48,4.74,85.98,Biogas,4.89,2.05,12.74,11.49,3.09,1.11,0.42
Grains,41.91,15.37,36.71,7.9,99.21,Animal Feed,16.63,1.29,28.81,28.25,1.03,0.37,0.38
Vegetables,20.09,78.87,14.54,1.79,97.29,Animal Feed,7.82,3.17,12.75,13.86,1.52,0.58,1.24
Grains,1.05,25.75,1.6,2.51,97.53,Animal Feed,0.41,0.05,-0.9,-3.09,0.77,0.29,0.35
Grains,8.36,25.58,35.71,1.06,96.37,Animal Feed,3.22,0.43,34.65,40.73,0.8,0.29,0.38
Vegetables,16.87,77.76,80.46,28.91,98.0,Biogas,6.61,2.62,51.55,38.73,1.42,0.54,1.26
Vegetables,21.27,88.35,28.89,2.24,98.29,Animal Feed,8.36,3.76,26.66,30.2,1.32,0.52,1.11
Grains,8.75,24.74,38.2,16.08,98.71,Compost,3.45,0.43,22.12,13.68,0.96,0.35,0.5
Grains,9.08,22.46,11.15,14.66,97.2,Compost,3.53,0.41,-3.52,-15.95,0.97,0.33,0.45
Meat,5.26,69.81,0.68,4.0,87.22,Biogas,1.84,0.73,-3.32,-7.19,3.36,1.0,0.32
Grains,25.2,17.28,56.87,15.82,99.62,Compost,10.04,0.87,41.05,36.6,1.17,0.32,0.3
Grains,17.52,28.18,77.2,26.22,97.25,Compost,6.81,0.99,50.98,40.2,1.21,0.32,0.51
Vegetables,40.76,76.47,3.11,18.91,96.6,Biogas,15.75,6.23,-15.81,-34.1,1.53,0.47,1.07
Vegetables,37.08,71.15,22.0,26.34,92.17,Biogas,13.67,5.28,-4.33,-26.27,1.15,0.36,1.4
Vegetables,45.14,78.55,11.98,7.05,90.09,Animal Feed,16.27,7.09,4.93,0.28,1.31,0.78,1.58
Meat,2.8,62.24,91.13,3.8,90.3,Donation,1.01,0.35,87.33,101.76,2.97,1.0,0.5
Vegetables,33.79,79.37,90.47,2.77,96.23,Donation,13.01,5.36,87.7,103.03,1.15,0.51,0.76
Grains,19.5,15.9,87.28,7.99,99.97,Animal Feed,7.8,0.62,79.29,88.76,0.93,0.37,0.4
Vegetables,13.12,83.46,89.15,28.06,92.91,Biogas,4.87,2.19,61.09,50.86,1.76,0.53,1.36
Grains,26.42,27.64,65.92,26.26,97.84,Compost,10.34,1.46,39.66,26.59,0.97,0.25,0.44
Meat,16.18,67.97,61.19,24.76,86.95,Biogas,5.63,2.2,36.43,23.91,2.96,1.26,0.46
Vegetables,37.74,75.06,66.69,16.76,95.45,Biogas,14.41,5.67,49.93,46.52,1.84,0.3,1.13
Grains,26.03,28.88,55.49,2.87,99.67,Animal Feed,10.38,1.5,52.62,60.85,0.91,0.23,0.33
Vegetables,12.31,75.58,5.7,3.2,96.39,Animal Feed,4.75,1.86,2.5,0.43,1.27,0.46,1.14
Vegetables,11.78,91.85,58.86,23.1,99.86,Biogas,4.7,2.16,35.77,24.44,1.7,0.56,1.36
Mixed,30.47,46.96,67.65,0.17,82.95,Animal Feed,10.11,2.86,67.47,80.83,0.67,0.49,0.84
Grains,22.13,24.12,99.52,5.93,96.91,Animal Feed,8.58,1.07,93.59,107.56,1.08,0.33,0.41
Fruits,8.95,60.57,61.94,8.82,81.8,Animal Feed,2.93,1.08,53.12,56.69,1.03,0.63,1.09
Fruits,28.03,62.04,68.23,3.76,97.77,Animal Feed,10.96,3.48,64.48,74.37,1.52,0.42,0.44
Vegetables,40.28,75.92,39.29,21.2,94.93,Biogas,15.3,6.12,18.09,4.75,1.79,0.61,1.33
Meat,15.71,74.2,71.78,12.94,93.65,Biogas,5.89,2.33,58.84,60.25,3.2,1.2,0.38
Fruits,34.82,69.62,8.59,9.23,83.98,Animal Feed,11.7,4.85,-0.64,-8.16,0.77,0.2,0.95
Grains,37.1,24.87,25.47,23.43,97.45,Compost,14.46,1.85,2.04,-16.3,1.14,0.28,0.37
Vegetables,23.78,86.77,95.18,13.37,99.65,Biogas,9.48,4.13,81.81,87.47,1.69,0.59,1.31
Grains,23.56,23.2,36.34,29.5,98.88,Compost,9.32,1.09,6.84,-15.4,1.04,0.29,0.45
Vegetables,11.88,87.89,37.35,13.87,91.8,Biogas,4.36,2.09,23.48,17.09,1.18,0.42,1.26
Vegetables,38.63,77.87,46.36,15.89,93.43,Biogas,14.43,6.02,30.47,23.85,1.26,0.46,0.88
Mixed,45.33,67.42,83.77,28.28,80.7,Compost,14.63,6.11,55.49,43.97,0.97,0.42,0.64
Grains,23.57,21.8,16.68,22.88,95.99,Compost,9.05,1.03,-6.2,-25.75,1.15,0.29,0.44
Vegetables,8.03,84.07,35.7,29.2,96.71,Biogas,3.11,1.35,6.5,-15.56,1.88,0.58,1.19
Vegetables,15.62,93.55,80.65,1.65,99.83,Donation,6.24,2.92,78.99,93.47,1.3,0.29,1.45
Vegetables,24.97,73.94,13.77,7.81,96.93,Animal Feed,9.68,3.69,5.96,0.9,1.61,0.59,1.4
Grains,4.01,11.91,17.81,11.33,96.99,Compost,1.55,0.1,6.48,-1.28,0.98,0.24,0.39
Vegetables,5.07,86.84,9.65,27.55,95.81,Biogas,1.94,0.88,-17.9,-43.52,1.69,0.43,1.19
Grains,13.11,22.21,48.55,22.08,97.03,Compost,5.09,0.58,26.47,14.1,1.15,0.28,0.51
Grains,4.92,11.31,70.41,23.19,96.53,Compost,1.9,0.11,47.22,38.11,0.83,0.27,0.34
Vegetables,32.89,94.04,59.09,1.56,91.93,Animal Feed,12.09,6.19,57.54,67.8,1.61,0.52,1.36
Meat,24.44,68.03,86.69,3.71,93.09,Donation,9.1,3.32,82.99,96.62,2.14,1.03,0.48
Vegetables,17.38,91.64,46.36,21.55,94.78,Biogas,6.59,3.19,24.81,12.54,1.47,0.44,1.12
Vegetables,7.38,85.37,64.74,8.26,92.3,Animal Feed,2.72,1.26,56.48,61.17,1.37,0.5,1.29
Vegetables,40.27,87.96,85.62,23.1,95.8,Biogas,15.43,7.08,62.52,56.55,1.89,0.42,1.25
Grains,46.01,13.37,89.83,22.39,98.43,Compost,18.12,1.23,67.44,63.02,1.02,0.28,0.34
Vegetables,14.92,88.4,22.79,25.58,98.37,Biogas,5.87,2.64,-2.79,-23.82,1.4,0.59,1.47
Meat,26.35,62.79,62.46,25.64,90.69,Biogas,9.56,3.31,36.83,23.68,3.27,1.15,0.5
Vegetables,22.76,85.52,28.18,17.7,99.15,Biogas,9.03,3.89,10.47,-1.59,1.73,0.43,0.97
Fruits,32.21,50.87,73.89,17.3,95.55,Compost,12.31,3.28,56.6,54.08,0.83,0.46,1.04
Vegetables,40.36,77.69,21.24,3.93,97.72,Animal Feed,15.78,6.27,17.31,17.63,1.39,0.37,1.36
Vegetables,8.73,85.43,7.83,3.6,95.99,Animal Feed,3.35,1.49,4.23,2.19,1.86,0.61,1.29
Grains,24.84,25.17,76.97,19.09,97.13,Compost,9.65,1.25,57.88,54.18,0.86,0.3,0.27
Fruits,24.84,83.75,62.14,22.73,94.34,Biogas,9.37,4.16,39.41,29.1,0.7,0.26,0.84
Grains,8.8,16.38,75.58,4.93,97.79,Animal Feed,3.44,0.29,70.65,80.84,1.05,0.3,0.38
Vegetables,41.97,85.43,15.59,25.06,91.77,Biogas,15.4,7.17,-9.47,-31.41,1.61,0.61,0.98
Grains,28.29,27.67,63.39,6.32,95.08,Animal Feed,10.76,1.57,57.06,63.42,0.85,0.3,0.39
Vegetables,8.14,93.83,99.82,22.65,96.94,Biogas,3.16,1.53,77.16,74.47,1.15,0.58,1.03
Grains,29.8,20.09,7.02,2.23,96.29,Animal Feed,11.48,1.2,4.79,3.96,0.99,0.31,0.32
Grains,46.07,28.29,20.05,2.18,95.05,Animal Feed,17.52,2.61,17.87,19.71,1.02,0.25,0.42
Vegetables,30.99,70.9,90.66,15.66,97.39,Biogas,12.07,4.39,75.0,77.48,1.67,0.46,1.24
Mixed,45.18,48.87,20.82,20.65,86.85,Compost,15.7,4.42,0.17,-16.32,1.31,0.35,0.96
Mixed,33.6,43.09,78.88,11.21,90.59,Compost,12.18,2.9,67.67,72.23,1.2,0.28,0.63
Meat,1.8,50.37,35.44,1.67,85.29,Compost,0.61,0.18,33.77,39.19,2.71,0.75,0.51
Vegetables,44.99,87.48,51.62,16.33,97.9,Biogas,17.62,7.87,35.28,29.28,1.51,0.56,0.96
Vegetables,32.13,71.08,1.8,2.37,99.93,Animal Feed,12.84,4.57,-0.57,-2.58,1.69,0.45,1.16
Grains,10.52,23.89,77.21,3.51,98.93,Animal Feed,4.16,0.5,73.7,85.63,0.83,0.33,0.4
Grains,46.2,18.8,65.02,22.17,99.19,Compost,18.33,1.74,42.85,33.69,0.9,0.3,0.41
Grains,19.94,14.34,99.61,11.52,99.63,Compost,7.95,0.57,88.09,96.5,0.99,0.16,0.51
Fruits,43.25,50.47,61.93,23.28,81.71,Compost,14.14,4.37,38.65,27.75,1.18,0.44,0.8
Mixed,45.84,82.31,18.76,24.01,80.58,Compost,14.78,7.55,-5.25,-25.51,1.16,0.3,0.95
Grains,45.91,10.85,48.62,28.2,99.01,Compost,18.18,1.0,20.42,1.94,0.98,0.29,0.28
Grains,15.23,13.46,26.6,23.03,97.1,Compost,5.91,0.41,3.57,-14.13,0.95,0.41,0.35
Vegetables,28.46,85.59,90.96,20.82,92.07,Biogas,10.48,4.87,70.14,67.52,1.58,0.61,1.19
Vegetables,12.69,71.78,9.11,17.82,91.65,Biogas,4.65,1.82,-8.71,-24.7,1.94,0.55,1.18
Mixed,47.53,78.07,57.35,20.72,95.41,Biogas,18.14,7.42,36.63,27.38,0.85,0.46,0.46
Vegetables,36.24,84.69,62.34,17.59,96.12,Biogas,13.93,6.14,44.76,39.64,1.54,0.42,1.11
Vegetables,15.5,78.68,72.1,12.65,94.9,Biogas,5.88,2.44,59.46,61.23,1.5,0.62,0.91
Meat,21.04,52.71,26.44,27.88,86.73,Compost,7.3,2.22,-1.45,-24.04,3.06,0.88,0.58
Grains,6.6,12.87,10.92,6.23,96.36,Animal Feed,2.54,0.17,4.69,0.65,1.15,0.33,0.43
Mixed,7.6,79.97,51.9,27.96,92.67,Biogas,2.82,1.22,23.93,6.35,1.08,0.4,0.64
Grains,22.89,12.25,58.83,19.88,98.2,Compost,8.99,0.56,38.95,30.83,1.04,0.26,0.41
Grains,41.06,20.93,40.74,13.06,99.59,Compost,16.36,1.72,27.68,22.77,0.96,0.37,0.4
Fruits,6.28,65.42,90.94,11.09,93.07,Biogas,2.34,0.82,79.85,86.94,1.36,0.55,0.47
Meat,2.55,55.8,4.14,5.22,88.46,Compost,0.9,0.28,-1.08,-5.47,2.82,0.76,0.61
Vegetables,9.63,75.09,92.77,8.97,97.69,Animal Feed,3.76,1.45,83.79,93.38,1.16,0.34,1.19
Grains,20.42,20.92,49.65,0.21,97.92,Animal Feed,8.0,0.85,49.44,59.16,1.05,0.34,0.37
Grains,40.1,15.01,78.58,0.84,95.19,Animal Feed,15.27,1.2,77.74,92.62,1.05,0.29,0.44
Vegetables,26.76,73.24,48.89,11.53,94.61,Biogas,10.13,3.92,37.36,35.61,1.56,0.5,1.22
Grains,10.5,15.2,72.89,11.62,99.29,Compost,4.17,0.32,61.27,64.23,1.05,0.33,0.39
Vegetables,20.28,73.97,36.15,21.17,93.91,Biogas,7.62,3.0,14.99,1.05,1.81,0.58,0.88
Grains,46.06,11.82,17.24,7.96,98.44,Animal Feed,18.13,1.09,9.28,4.77,1.04,0.31,0.33
Grains,42.05,15.69,92.67,26.18,95.79,Compost,16.11,1.32,66.49,58.85,0.9,0.27,0.39
Vegetables,13.1,92.63,21.89,27.67,90.02,Biogas,4.72,2.43,-5.79,-29.08,1.65,0.52,1.17
Vegetables,20.34,89.74,59.97,7.91,98.38,Animal Feed,8.01,3.65,52.06,56.14,1.5,0.34,1.17
Vegetables,40.57,73.86,66.35,18.8,90.06,Biogas,14.62,5.99,47.56,42.03,1.48,0.29,1.39
Grains,14.3,17.65,40.64,16.0,98.08,Compost,5.61,0.5,24.64,16.76,1.07,0.29,0.38
Grains,36.19,19.47,25.32,16.31,99.52,Compost,14.41,1.41,9.01,-2.23,1.05,0.18,0.38
Vegetables,27.05,77.59,44.61,17.33,93.83,Biogas,10.15,4.2,27.29,18.88,1.67,0.56,1.42
Meat,37.54,54.63,34.17,18.25,88.01,Compost,13.22,4.1,15.92,4.5,2.46,0.89,0.52
Meat,18.37,61.65,43.35,12.68,85.64,Biogas,6.29,2.26,30.67,26.67,3.68,0.66,0.62
Grains,29.05,18.44,53.93,7.08,95.08,Animal Feed,11.05,1.07,46.85,50.56,1.09,0.31,0.38
Vegetables,20.71,77.19,12.95,6.59,92.64,Animal Feed,7.67,3.2,6.36,2.35,1.4,0.56,1.38
Meat,14.46,74.54,32.74,23.05,90.41,Biogas,5.23,2.16,9.7,-6.8,3.18,0.94,0.38
Vegetables,19.71,70.77,57.99,21.15,98.27,Biogas,7.75,2.79,36.84,27.29,1.3,0.38,1.05
Fruits,18.04,76.55,0.56,26.12,88.37,Biogas,6.38,2.76,-25.56,-51.57,1.86,0.5,0.82
Vegetables,25.59,75.12,62.71,24.71,92.97,Biogas,9.52,3.84,38.01,25.84,1.64,0.43,1.56
Vegetables,28.85,89.44,34.88,20.97,97.15,Biogas,11.21,5.16,13.91,-0.08,1.05,0.58,0.92
Vegetables,48.41,89.47,91.51,7.76,92.98,Animal Feed,18.0,8.66,83.75,94.3,1.11,0.47,1.16
Meat,3.97,69.01,87.92,17.82,86.27,Biogas,1.37,0.55,70.1,69.87,3.16,1.38,0.46
Grains,7.44,19.78,6.13,19.4,96.99,Compost,2.89,0.29,-13.27,-31.45,0.98,0.35,0.36
Fruits,45.46,73.57,85.11,2.02,85.08,Donation,15.47,6.69,83.09,98.1,0.89,0.43,0.86
Vegetables,28.71,75.46,54.56,25.87,96.12,Biogas,11.04,4.33,28.69,13.74,1.33,0.47,1.15
Grains,41.12,15.33,26.03,17.03,99.43,Compost,16.35,1.26,9.0,-2.83,1.1,0.28,0.31
Vegetables,46.57,76.79,80.96,1.23,93.36,Donation,17.39,7.15,79.73,94.7,1.46,0.58,1.53
Mixed,17.21,81.09,60.47,0.79,81.93,Animal Feed,5.64,2.79,59.68,70.98,1.35,0.56,0.67
Grains,30.61,24.65,34.11,21.95,99.96,Compost,12.24,1.51,12.17,-2.96,0.98,0.26,0.34
Mixed,48.74,82.56,74.19,4.24,95.83,Animal Feed,18.68,8.05,69.95,80.55,1.4,0.33,0.55
Fruits,39.91,83.77,41.61,14.05,82.71,Compost,13.2,6.69,27.55,21.82,1.38,0.37,0.94
Grains,49.74,22.0,97.69,21.77,99.63,Compost,19.82,2.19,75.92,73.68,0.94,0.23,0.3
Grains,37.81,19.35,98.12,1.22,95.09,Donation,14.38,1.46,96.9,115.3,1.01,0.41,0.44
Grains,5.81,12.98,49.38,0.03,98.05,Animal Feed,2.28,0.15,49.35,59.2,1.08,0.26,0.32
Fruits,1.62,40.32,62.61,24.68,91.01,Compost,0.59,0.13,37.93,25.78,1.22,0.32,0.67
Vegetables,22.19,72.89,44.39,1.37,91.53,Animal Feed,8.12,3.23,43.02,50.53,1.32,0.52,1.07
Grains,46.51,10.49,13.15,1.3,98.15,Animal Feed,18.26,0.98,11.85,13.18,0.93,0.28,0.44
Grains,28.06,14.59,67.53,3.56,99.16,Animal Feed,11.13,0.82,63.97,73.92,0.91,0.35,0.36
Grains,12.7,21.45,16.54,5.52,95.86,Animal Feed,4.87,0.54,11.02,8.8,1.08,0.29,0.41
Vegetables,37.51,94.52,15.28,10.88,97.78,Biogas,14.67,7.09,4.4,-3.42,1.53,0.4,1.0
Meat,2.56,71.3,18.68,13.4,94.42,Biogas,0.97,0.36,5.29,-4.37,2.82,1.18,0.47
Vegetables,2.96,93.58,76.19,14.55,98.11,Biogas,1.16,0.55,61.64,62.32,1.91,0.74,1.04
Grains,48.28,19.43,34.43,7.21,97.09,Animal Feed,18.75,1.88,27.21,26.89,1.12,0.3,0.41
Vegetables,36.61,75.84,44.26,10.77,96.07,Biogas,14.07,5.55,33.49,31.58,1.53,0.62,1.28
Grains,32.99,17.34,96.5,18.68,98.87,Compost,13.05,1.14,77.82,78.44,1.03,0.29,0.43
Fruits,6.09,51.32,96.31,17.5,85.78,Compost,2.09,0.63,78.81,80.57,0.93,0.35,0.75
Vegetables,27.75,94.84,51.51,9.76,95.65,Animal Feed,10.62,5.26,41.75,42.28,1.71,0.58,0.99
Vegetables,46.51,92.8,30.78,1.26,95.13,Animal Feed,17.7,8.63,29.52,34.42,1.41,0.47,1.22
Grains,37.56,27.83,49.62,21.89,97.93,Compost,14.71,2.09,27.74,15.77,0.88,0.26,0.47
Meat,21.8,63.59,52.29,28.78,94.24,Biogas,8.22,2.77,23.51,5.18,3.71,1.26,0.47
Vegetables,15.45,85.03,57.98,18.07,92.21,Biogas,5.7,2.63,39.91,33.43,1.55,0.38,1.24
Grains,19.75,14.91,26.93,2.92,96.65,Animal Feed,7.64,0.59,24.01,26.47,0.83,0.3,0.44
Vegetables,30.24,75.28,68.99,25.73,90.13,Biogas,10.9,4.55,43.26,31.33,1.69,0.54,1.18
Vegetables,4.59,70.29,31.0,16.06,99.56,Biogas,1.83,0.65,14.93,5.07,1.42,0.31,1.5
Mixed,22.76,64.81,17.04,22.62,89.05,Biogas,8.11,2.95,-5.58,-24.79,0.99,0.34,0.96
Grains,45.77,22.88,26.79,28.4,97.82,Compost,17.91,2.09,-1.61,-24.66,1.02,0.29,0.45
Vegetables,8.46,94.68,9.11,2.63,97.46,Animal Feed,3.3,1.6,6.48,5.67,1.78,0.57,1.17
Grains,9.72,28.34,93.56,25.66,99.2,Compost,3.86,0.55,67.89,60.94,1.07,0.28,0.4
Vegetables,9.96,75.26,41.36,24.91,95.15,Biogas,3.79,1.5,16.44,-0.2,1.38,0.46,1.22
Grains,9.29,29.1,50.06,15.49,96.33,Compost,3.58,0.54,34.57,29.09,0.94,0.33,0.38
Vegetables,26.28,82.04,15.99,17.04,92.09,Biogas,9.68,4.31,-1.05,-14.9,0.96,0.53,1.34
Fruits,2.9,62.31,24.67,18.33,87.13,Biogas,1.01,0.36,6.34,-7.05,1.04,0.27,0.97
Fruits,28.29,73.0,81.24,19.78,88.16,Biogas,9.98,4.13,61.46,57.92,0.73,0.59,0.85
Mixed,41.17,74.97,84.75,0.81,95.21,Animal Feed,15.68,6.17,83.93,100.07,1.04,0.23,0.52
Vegetables,44.2,71.48,56.02,28.64,92.27,Biogas,16.31,6.32,27.38,9.95,1.98,0.63,1.05
Vegetables,43.73,77.07,16.01,25.82,92.45,Biogas,16.17,6.74,-9.81,-32.44,1.34,0.5,0.89
Vegetables,49.11,92.49,81.9,26.57,91.95,Biogas,18.06,9.09,55.33,45.14,1.25,0.75,1.23
Grains,2.72,19.63,96.8,27.54,99.42,Compost,1.08,0.11,69.26,61.08,1.07,0.32,0.39
Vegetables,6.52,83.48,51.06,10.13,97.57,Biogas,2.55,1.09,40.93,41.01,1.52,0.4,1.14
Vegetables,32.6,92.14,37.78,9.47,95.59,Animal Feed,12.47,6.01,28.31,26.39,1.72,0.63,0.83
Mixed,41.5,66.07,60.92,22.01,96.42,Biogas,16.01,5.48,38.91,29.08,1.35,0.47,0.61
Vegetables,35.05,80.25,55.05,16.72,98.34,Biogas,13.79,5.62,38.33,32.62,1.38,0.56,1.32
Meat,42.89,55.97,28.74,3.12,90.56,Compost,15.54,4.8,25.62,28.24,2.58,1.02,0.51
Vegetables,47.33,81.56,35.21,24.37,94.19,Biogas,17.83,7.72,10.84,-6.49,1.68,0.67,1.01
Vegetables,44.25,73.04,32.95,19.75,91.69,Biogas,16.23,6.46,13.21,0.05,1.54,0.57,1.19
Grains,8.33,14.96,22.16,3.57,99.65,Animal Feed,3.32,0.25,18.59,19.45,1.06,0.25,0.33
Grains,37.57,23.54,34.46,6.96,99.62,Animal Feed,14.97,1.77,27.49,27.42,0.95,0.28,0.36
Vegetables,24.85,90.86,11.0,29.7,99.55,Biogas,9.89,4.52,-18.7,-46.2,1.53,0.48,1.12
Grains,49.13,19.67,26.14,19.04,96.98,Compost,19.06,1.93,7.1,-6.71,1.12,0.18,0.41
Vegetables,20.71,70.58,16.32,17.32,95.89,Biogas,7.94,2.92,-1.0,-15.06,1.44,0.46,1.01
Vegetables,14.28,85.53,45.43,23.63,97.4,Biogas,5.56,2.44,21.8,7.26,1.73,0.49,1.54
Vegetables,8.46,86.62,42.17,17.73,94.1,Biogas,3.18,1.47,24.44,15.14,1.3,0.59,1.34
Vegetables,9.76,70.9,59.42,11.06,94.24,Biogas,3.68,1.38,48.35,49.17,1.44,0.6,1.27
Vegetables,33.0,74.83,55.19,7.55,94.17,Animal Feed,12.43,4.94,47.64,51.13,1.47,0.52,1.13
Grains,15.8,20.12,74.36,21.02,96.39,Compost,6.09,0.64,53.35,47.2,0.95,0.3,0.42
Grains,12.7,20.21,71.21,24.46,98.4,Compost,5.0,0.51,46.75,36.52,0.92,0.3,0.38
Grains,9.88,15.42,13.19,27.4,97.09,Compost,3.84,0.3,-14.21,-38.98,0.88,0.23,0.34
Vegetables,22.56,94.51,2.52,21.76,96.6,Biogas,8.72,4.26,-19.24,-40.49,1.31,0.46,1.35
Mixed,32.34,58.66,58.78,1.15,95.74,Animal Feed,12.39,3.79,57.63,68.24,1.31,0.56,0.87
Vegetables,4.86,72.67,57.32,14.67,90.15,Biogas,1.75,0.71,42.65,39.44,1.25,0.47,1.29
Vegetables,24.27,86.03,74.27,16.77,97.82,Biogas,9.5,4.18,57.5,55.59,1.62,0.52,1.11
Vegetables,27.42,82.57,24.51,6.33,94.76,Animal Feed,10.39,4.53,18.18,16.75,1.3,0.49,1.04
Meat,41.11,58.18,29.34,21.41,88.05,Compost,14.48,4.78,7.94,-7.6,2.56,1.08,0.61
Vegetables,29.74,94.82,78.32,1.83,93.02,Animal Feed,11.07,5.64,76.48,90.31,1.46,0.55,0.78
Grains,38.27,19.44,89.54,12.65,95.53,Compost,14.62,1.49,76.9,82.16,1.21,0.34,0.34
Grains,12.19,18.24,24.69,5.17,96.68,Animal Feed,4.71,0.44,19.53,19.3,0.95,0.33,0.36
Vegetables,34.26,82.48,32.99,7.08,99.33,Animal Feed,13.61,5.65,25.91,25.42,1.53,0.44,0.96
Mixed,19.97,82.32,24.74,18.52,87.03,Biogas,6.95,3.29,6.21,-7.36,1.11,0.38,0.78
Vegetables,4.54,90.69,6.14,11.03,94.25,Biogas,1.71,0.82,-4.89,-14.7,1.6,0.37,1.21
Grains,38.51,20.02,3.1,20.56,98.91,Compost,15.23,1.54,-17.46,-37.4,1.05,0.27,0.37
Fruits,37.95,49.13,52.77,9.43,90.51,Animal Feed,13.74,3.73,43.34,44.46,1.32,0.32,0.97
Vegetables,48.51,92.81,38.15,15.9,94.46,Biogas,18.33,9.0,22.26,13.99,1.58,0.43,1.06
Vegetables,29.02,70.38,46.65,7.65,98.92,Animal Feed,11.48,4.08,39.01,40.69,1.4,0.52,1.27
Meat,46.66,53.96,25.86,14.78,89.66,Compost,16.73,5.04,11.08,1.48,2.47,0.72,0.56
Mixed,24.33,78.86,43.32,7.52,81.06,Animal Feed,7.89,3.84,35.81,36.96,1.17,0.22,0.69
Mixed,15.98,69.4,19.54,10.38,82.47,Compost,5.27,2.22,9.16,2.69,1.25,0.53,0.79
Meat,33.3,69.46,10.79,2.83,85.73,Biogas,11.42,4.63,7.96,7.29,3.17,1.14,0.51
Meat,16.44,66.46,58.53,23.68,90.45,Biogas,5.95,2.19,34.86,22.88,2.42,1.17,0.55
Grains,6.05,16.65,8.84,18.64,95.81,Compost,2.32,0.2,-9.8,-26.67,0.97,0.34,0.45
Fruits,35.17,63.0,81.62,29.69,85.61,Biogas,12.04,4.43,51.93,38.56,1.14,0.5,0.88
Meat,2.67,55.14,47.26,26.97,85.35,Compost,0.91,0.29,20.29,2.78,3.24,0.9,0.5
Meat,47.25,55.67,23.33,21.14,90.31,Compost,17.07,5.26,2.18,-14.3,2.97,0.6,0.45
Meat,28.9,56.77,23.24,28.03,89.05,Compost,10.3,3.28,-4.79,-28.17,3.03,1.06,0.38
Meat,14.39,50.15,67.53,13.51,92.99,Compost,5.35,1.44,54.02,54.02,3.94,0.8,0.43
Vegetables,7.74,84.51,18.31,10.15,97.26,Biogas,3.01,1.31,8.16,1.67,1.41,0.6,1.02
Meat,33.35,56.76,54.35,2.71,86.22,Compost,11.5,3.79,51.64,59.8,2.84,0.69,0.43
Grains,9.7,14.22,41.5,3.56,96.83,Animal Feed,3.76,0.28,37.94,42.68,1.08,0.34,0.44
Vegetables,25.76,91.74,62.55,7.31,99.68,Animal Feed,10.27,4.73,55.23,60.43,1.22,0.63,0.99
Vegetables,4.69,80.5,99.24,2.63,96.18,Donation,1.8,0.75,96.61,113.83,1.75,0.56,1.31
Grains,26.55,26.09,3.28,9.43,96.33,Animal Feed,10.23,1.39,-6.15,-14.92,0.98,0.28,0.45
Meat,11.85,54.96,31.12,26.4,93.62,Compost,4.44,1.3,4.72,-15.46,2.87,0.93,0.41
Vegetables,18.32,73.57,89.66,2.04,97.75,Donation,7.16,2.7,87.62,103.52,1.1,0.38,1.15
Vegetables,13.01,93.82,67.74,21.08,90.85,Biogas,4.73,2.44,46.66,39.13,1.46,0.35,1.03
Meat,41.7,56.71,7.65,5.84,91.87,Compost,15.32,4.73,1.81,-2.5,3.02,0.78,0.39
Grains,44.5,20.64,54.81,26.44,98.74,Compost,17.58,1.84,28.37,12.9,1.04,0.26,0.35
Grains,26.42,10.09,59.26,16.34,95.17,Compost,10.06,0.53,42.92,38.44,1.02,0.27,0.33
Vegetables,32.38,89.18,75.67,27.35,92.87,Biogas,12.03,5.78,48.32,36.1,1.49,0.4,1.32
Grains,12.99,17.98,93.06,2.24,96.25,Donation,5.0,0.47,90.82,107.2,1.09,0.36,0.41
Grains,36.74,23.35,95.62,23.03,96.13,Compost,14.13,1.72,72.6,68.69,0.94,0.32,0.37
Mixed,30.64,81.81,31.83,1.31,92.43,Animal Feed,11.33,5.01,30.52,35.58,1.05,0.45,0.8
Mixed,33.66,80.58,18.39,15.46,97.98,Biogas,13.19,5.42,2.93,-8.85,1.06,0.26,0.67
Grains,24.15,17.75,77.5,9.38,95.84,Animal Feed,9.26,0.86,68.12,74.23,0.92,0.29,0.36
Vegetables,27.04,92.91,3.03,3.96,99.09,Animal Feed,10.72,5.02,-0.93,-4.28,1.45,0.58,1.01
Grains,12.21,25.97,78.33,6.08,99.66,Animal Feed,4.87,0.63,72.25,81.84,1.19,0.21,0.33
Mixed,1.29,65.64,68.96,23.57,81.59,Compost,0.42,0.17,45.39,35.62,1.43,0.57,0.56
Grains,13.31,27.79,28.18,18.2,99.06,Compost,5.28,0.74,9.98,-2.58,1.03,0.28,0.4
Vegetables,34.12,83.62,72.51,9.03,99.29,Animal Feed,13.55,5.71,63.48,68.96,1.55,0.37,1.31
Vegetables,20.2,70.3,56.72,12.72,99.69,Biogas,8.05,2.84,43.99,42.61,1.81,0.52,1.37
Mixed,25.2,69.59,75.9,16.1,80.28,Compost,8.09,3.51,59.79,58.87,0.94,0.47,0.73
Mixed,24.82,65.49,11.13,3.16,86.88,Animal Feed,8.63,3.25,7.97,7.04,0.74,0.5,0.88
Vegetables,16.68,79.96,75.1,29.28,90.95,Biogas,6.07,2.67,45.82,31.57,1.48,0.72,1.46
Grains,6.47,11.77,56.62,17.55,98.89,Compost,2.56,0.15,39.07,32.84,0.9,0.32,0.44
Vegetables,31.82,89.27,67.33,14.55,98.85,Biogas,12.58,5.68,52.77,51.68,1.33,0.55,1.52
Vegetables,44.23,83.32,28.83,29.98,95.94,Biogas,16.97,7.37,-1.15,-25.36,1.41,0.51,1.33
Vegetables,28.84,82.89,23.02,11.52,92.55,Biogas,10.68,4.78,11.5,4.58,1.47,0.51,1.31
Meat,15.59,71.99,99.92,2.83,86.66,Donation,5.4,2.24,97.09,114.24,2.67,0.91,0.47
Vegetables,14.31,85.48,51.77,11.38,97.45,Biogas,5.58,2.45,40.39,39.37,1.38,0.62,1.49
Meat,17.85,55.75,59.55,13.4,88.1,Compost,6.29,1.99,46.15,44.66,2.28,0.94,0.59
Meat,37.65,59.18,36.63,3.17,91.04,Compost,13.71,4.46,33.45,37.61,3.13,0.82,0.58
Mixed,5.21,47.59,63.87,25.35,88.64,Compost,1.85,0.5,38.52,25.94,1.09,0.49,0.95
Vegetables,46.53,90.73,20.31,9.58,99.38,Animal Feed,18.5,8.44,10.73,5.22,1.72,0.53,1.25
Vegetables,6.35,88.24,88.77,14.9,91.36,Biogas,2.32,1.12,73.87,76.73,1.54,0.53,1.27
Mixed,6.07,76.41,84.03,25.89,91.55,Biogas,2.22,0.93,58.14,49.06,1.56,0.56,0.92
Vegetables,10.65,70.4,48.65,16.67,91.32,Biogas,3.89,1.5,31.99,25.05,1.68,0.4,1.52
Vegetables,39.05,88.95,81.38,22.41,93.08,Biogas,14.54,6.95,58.97,52.84,1.47,0.39,1.06
Grains,12.7,13.44,59.41,19.77,95.25,Compost,4.84,0.34,39.63,31.74,1.01,0.25,0.36
Grains,13.78,26.19,91.46,6.5,99.59,Animal Feed,5.49,0.72,84.96,96.75,0.8,0.27,0.45
Fruits,4.36,51.73,63.53,21.32,97.52,Compost,1.7,0.45,42.21,33.59,1.05,0.36,0.74
Fruits,27.5,57.7,90.54,28.92,86.46,Compost,9.51,3.17,61.62,50.81,1.0,0.45,0.95
Vegetables,26.95,85.8,14.55,18.42,91.64,Biogas,9.88,4.63,-3.87,-19.38,1.99,0.62,1.52
Grains,44.95,20.39,87.52,17.53,99.71,Compost,17.93,1.83,69.99,69.96,1.03,0.31,0.4
Vegetables,19.42,89.32,80.36,10.53,95.81,Biogas,7.44,3.47,69.83,75.37,1.84,0.38,1.12
Vegetables,24.68,94.92,50.12,22.95,93.49,Biogas,9.23,4.69,27.17,14.24,1.2,0.55,1.04
Fruits,13.3,70.73,95.89,0.44,90.94,Donation,4.84,1.88,95.45,114.19,1.14,0.51,0.82
Vegetables,16.49,89.15,4.64,5.12,93.23,Animal Feed,6.15,2.94,-0.48,-4.67,1.38,0.57,0.95
Grains,18.42,16.94,16.36,2.09,95.54,Animal Feed,7.04,0.62,14.27,15.45,1.12,0.27,0.48
Fruits,17.24,55.77,68.2,3.17,95.8,Animal Feed,6.61,1.92,65.03,75.49,0.7,0.5,0.96
Mixed,45.55,50.63,12.66,16.09,94.47,Compost,17.21,4.61,-3.42,-16.98,1.71,0.32,0.83
Vegetables,23.17,86.7,51.25,25.87,98.77,Biogas,9.15,4.02,25.39,9.77,1.25,0.61,1.13
Grains,25.93,16.25,98.99,8.37,99.84,Animal Feed,10.35,0.84,90.63,102.05,0.95,0.36,0.42
Mixed,7.14,82.85,64.34,17.81,93.42,Biogas,2.67,1.18,46.54,41.6,1.03,0.27,0.59
Mixed,38.55,64.32,46.84,14.72,96.7,Biogas,14.91,4.96,32.12,26.77,1.53,0.43,0.83
Grains,42.04,16.37,66.04,3.51,97.31,Animal Feed,16.36,1.38,62.53,72.23,0.93,0.27,0.36
Vegetables,26.87,71.09,78.79,28.55,91.27,Biogas,9.81,3.82,50.24,37.44,1.24,0.37,1.56
Vegetables,22.45,86.78,85.67,2.56,99.67,Donation,8.95,3.9,83.12,97.69,1.8,0.53,1.35
Vegetables,1.64,74.44,66.49,13.63,96.3,Biogas,0.63,0.24,52.86,52.52,1.56,0.59,1.06
Grains,16.98,21.63,39.58,11.23,97.12,Compost,6.6,0.73,28.35,25.04,1.03,0.24,0.41
Meat,35.61,72.72,74.74,3.98,91.32,Biogas,13.01,5.18,70.77,81.74,3.52,0.86,0.36
Vegetables,38.18,89.25,72.27,25.02,97.91,Biogas,14.95,6.82,47.25,36.68,1.5,0.57,1.12
Meat,29.4,52.73,55.94,11.03,92.11,Compost,10.83,3.1,44.91,45.07,2.44,1.23,0.54
Vegetables,11.63,89.22,92.69,17.99,92.71,Biogas,4.31,2.08,74.7,75.25,1.83,0.56,0.97
Meat,48.84,71.51,84.59,17.92,90.58,Biogas,17.7,6.99,66.67,65.67,2.85,0.55,0.52
Grains,16.26,10.07,84.35,1.57,98.82,Donation,6.43,0.33,82.78,98.08,1.02,0.25,0.34
Mixed,1.07,82.26,69.14,29.38,88.19,Biogas,0.38,0.18,39.75,24.2,1.29,0.33,0.77
Vegetables,41.2,77.38,0.51,9.1,94.26,Animal Feed,15.54,6.38,-8.59,-17.6,1.69,0.46,0.85
Grains,31.98,22.75,55.45,22.47,97.92,Compost,12.53,1.45,32.98,21.61,1.02,0.29,0.33
Vegetables,14.54,90.62,8.95,18.47,95.07,Biogas,5.53,2.64,-9.51,-26.19,1.4,0.57,1.17
Vegetables,4.47,75.34,46.51,11.79,96.28,Biogas,1.72,0.67,34.72,32.23,1.52,0.46,1.02
Mixed,49.5,58.48,44.82,27.06,82.68,Compost,16.37,5.79,17.76,-0.33,1.08,0.17,0.84
Vegetables,40.53,70.45,28.12,2.64,99.21,Animal Feed,16.08,5.71,25.48,28.46,1.19,0.5,1.34
Grains,28.66,19.05,13.26,5.91,97.29,Animal Feed,11.15,1.09,7.34,4.08,0.87,0.34,0.52
Vegetables,34.97,83.21,74.44,20.86,94.3,Biogas,13.19,5.82,53.58,47.62,1.38,0.61,1.05
Fruits,44.34,74.11,94.43,27.44,95.2,Biogas,16.88,6.57,66.99,58.44,1.24,0.27,0.55
Grains,18.96,27.32,80.77,8.86,96.62,Animal Feed,7.33,1.04,71.91,79.21,1.04,0.25,0.39
Mixed,47.84,76.71,83.62,14.78,97.78,Biogas,18.71,7.34,68.83,70.77,1.06,0.65,1.02
Grains,31.12,23.15,13.49,23.56,98.75,Compost,12.29,1.44,-10.07,-30.93,1.12,0.34,0.39
Vegetables,49.63,90.71,5.64,16.78,96.71,Biogas,19.2,9.0,-11.14,-26.79,1.91,0.51,1.28
Vegetables,19.1,81.49,24.84,7.83,97.75,Animal Feed,7.47,3.11,17.01,14.15,0.81,0.54,1.28
Meat,17.78,51.28,96.19,22.39,88.44,Compost,6.29,1.82,73.81,70.66,2.07,1.22,0.55
Grains,15.66,12.59,29.21,23.93,98.14,Compost,6.15,0.39,5.28,-12.81,1.2,0.31,0.36
Vegetables,30.82,71.28,34.37,24.79,95.5,Biogas,11.77,4.39,9.58,-8.34,1.28,0.47,1.04
Vegetables,5.23,85.09,52.54,4.4,96.87,Animal Feed,2.03,0.89,48.14,54.24,1.66,0.34,1.07
Vegetables,49.09,77.49,70.99,22.9,92.79,Biogas,18.22,7.61,48.09,39.39,1.74,0.67,1.34
Vegetables,21.23,77.38,63.92,17.38,90.71,Biogas,7.7,3.29,46.54,41.94,1.86,0.37,1.09
Fruits,39.77,83.45,84.0,21.56,90.75,Biogas,14.44,6.64,62.44,57.68,0.93,0.48,0.89
Grains,14.39,27.54,83.84,26.79,98.88,Compost,5.69,0.79,57.05,47.03,0.98,0.31,0.36
Vegetables,34.64,71.95,89.2,10.12,94.1,Biogas,13.04,4.98,79.08,86.8,1.15,0.66,1.18
Grains,32.72,16.57,51.45,20.5,99.93,Compost,13.08,1.08,30.95,20.74,0.96,0.33,0.32
Vegetables,43.64,84.84,33.53,26.54,99.9,Biogas,17.44,7.4,6.99,-12.85,1.51,0.46,1.26
Grains,20.66,28.11,56.33,21.26,95.47,Compost,7.89,1.16,35.07,25.08,1.21,0.28,0.33
Grains,34.54,15.12,2.33,11.41,99.16,Compost,13.7,1.04,-9.08,-20.02,1.07,0.31,0.4
Vegetables,28.22,76.08,22.1,12.76,97.37,Biogas,10.99,4.29,9.34,1.0,1.45,0.53,1.01
Vegetables,33.63,82.47,25.95,28.03,97.88,Biogas,13.17,5.55,-2.08,-24.93,1.11,0.51,0.8
Grains,9.5,15.46,17.13,23.82,95.41,Compost,3.63,0.29,-6.68,-27.07,1.0,0.28,0.41
Vegetables,11.95,94.24,99.14,17.8,98.03,Biogas,4.69,2.25,81.34,83.37,1.48,0.64,1.39
Vegetables,4.18,86.67,64.96,1.05,96.58,Animal Feed,1.61,0.72,63.91,75.86,1.41,0.53,1.22
Mixed,28.57,65.35,1.89,7.2,96.98,Animal Feed,11.08,3.73,-5.31,-12.12,1.4,0.41,0.85
Grains,29.56,24.03,81.3,6.65,96.05,Animal Feed,11.36,1.42,74.65,84.26,1.03,0.31,0.43
Meat,47.71,53.44,77.39,23.71,94.79,Compost,18.09,5.1,53.68,45.44,3.11,1.0,0.46
Meat,26.94,66.27,52.32,0.25,92.0,Biogas,9.91,3.57,52.07,62.28,4.28,0.97,0.45
Grains,10.57,19.62,42.48,12.75,96.05,Compost,4.06,0.41,29.73,25.47,1.09,0.3,0.38
Vegetables,47.41,70.09,64.37,3.82,98.92,Animal Feed,18.76,6.65,60.55,69.6,1.35,0.55,1.26
Grains,23.94,26.05,29.84,29.88,99.58,Compost,9.54,1.25,-0.04,-23.95,1.0,0.29,0.37
Grains,44.11,18.52,25.58,20.81,98.61,Compost,17.4,1.63,4.77,-10.92,1.05,0.29,0.47
Grains,2.54,18.26,46.49,10.28,97.75,Compost,0.99,0.09,36.2,35.22,0.98,0.28,0.38
Grains,23.58,12.8,96.82,1.98,95.91,Donation,9.05,0.6,94.84,112.22,0.98,0.31,0.36
Fruits,25.08,40.24,36.24,27.5,84.75,Compost,8.5,2.02,8.74,-11.51,1.74,0.23,0.63
Vegetables,21.52,89.03,26.47,1.35,97.94,Animal Feed,8.43,3.83,25.12,29.06,1.55,0.45,0.98
Vegetables,13.51,79.55,67.84,25.97,95.8,Biogas,5.18,2.15,41.87,29.47,1.49,0.57,1.5
Fruits,43.18,46.89,97.54,10.41,84.52,Compost,14.6,4.05,87.14,96.24,0.53,0.4,0.72
Grains,1.31,24.39,95.79,12.22,97.07,Compost,0.51,0.06,83.56,90.5,0.93,0.34,0.44
Meat,11.1,67.43,52.28,18.65,85.14,Biogas,3.78,1.5,33.63,25.44,2.9,0.8,0.5
Vegetables,9.87,85.33,78.5,2.07,96.58,Animal Feed,3.81,1.68,76.43,90.05,1.44,0.5,1.11
Grains,17.0,28.27,3.3,29.55,95.93,Compost,6.52,0.96,-26.24,-55.13,1.07,0.28,0.42
Fruits,32.09,42.73,62.28,17.95,81.35,Compost,10.44,2.74,44.33,38.84,0.59,0.22,0.87
Fruits,14.79,66.0,94.3,9.96,93.99,Animal Feed,5.56,1.95,84.34,93.24,1.59,0.4,0.88
Vegetables,5.09,86.04,87.61,11.96,95.52,Biogas,1.95,0.88,75.65,81.21,1.38,0.3,1.6
Grains,31.15,17.44,41.44,8.43,95.43,Animal Feed,11.89,1.09,33.01,32.86,0.99,0.28,0.47
Grains,12.66,11.83,23.46,3.32,95.57,Animal Feed,4.84,0.3,20.14,21.51,0.99,0.33,0.37
Mixed,31.5,42.7,44.03,7.5,81.12,Animal Feed,10.22,2.69,36.53,37.83,1.44,0.63,0.82
Vegetables,20.73,93.06,58.48,14.51,90.49,Biogas,7.5,3.86,43.97,41.16,1.65,0.45,1.18
Grains,27.59,17.96,79.11,4.27,98.69,Animal Feed,10.89,0.99,74.84,86.39,1.0,0.28,0.39
Mixed,44.54,58.67,17.47,27.49,80.11,Compost,14.27,5.23,-10.01,-34.0,0.91,0.43,0.85
Mixed,24.09,75.91,0.14,17.39,88.01,Biogas,8.48,3.66,-17.25,-34.61,0.65,0.47,0.9
Fruits,11.84,54.98,36.66,17.45,90.57,Compost,4.29,1.3,19.21,9.1,1.0,0.46,0.71
Vegetables,3.03,74.34,62.8,3.14,90.46,Animal Feed,1.1,0.45,59.66,69.08,1.99,0.41,1.49
Fruits,45.96,54.62,50.87,28.8,91.09,Compost,16.74,5.02,22.08,3.45,1.18,0.47,0.8
Vegetables,17.93,89.53,45.89,14.01,97.84,Biogas,7.02,3.21,31.88,27.05,1.63,0.54,1.39
Grains,31.39,18.13,40.58,3.52,95.74,Animal Feed,12.02,1.14,37.06,41.66,1.14,0.22,0.38
Vegetables,40.23,88.98,27.0,19.91,91.04,Biogas,14.65,7.16,7.09,-7.42,1.71,0.66,1.16
Vegetables,11.73,80.22,83.19,26.45,97.63,Biogas,4.58,1.88,56.74,46.93,1.86,0.31,1.15
Grains,19.36,22.25,2.88,19.12,95.29,Compost,7.38,0.86,-16.24,-34.78,1.1,0.33,0.34
Vegetables,23.73,79.66,62.41,7.56,91.75,Animal Feed,8.71,3.78,54.86,59.78,1.43,0.19,1.33
Vegetables,40.9,87.55,89.21,24.96,97.72,Biogas,15.99,7.16,64.25,57.14,1.44,0.46,1.42
Vegetables,41.22,92.48,23.28,15.5,90.57,Biogas,14.93,7.62,7.77,-3.07,1.55,0.6,0.72
Fruits,43.48,82.29,71.99,8.43,88.71,Animal Feed,15.43,7.16,63.56,69.53,1.72,0.31,0.69
Vegetables,2.01,93.28,46.75,2.36,92.52,Animal Feed,0.74,0.38,44.39,51.39,1.48,0.56,1.19
Grains,5.32,11.9,51.78,2.07,99.26,Animal Feed,2.11,0.13,49.71,58.0,1.1,0.24,0.32
Vegetables,26.62,75.71,71.5,12.9,96.6,Biogas,10.29,4.03,58.6,60.0,1.51,0.5,1.07
Fruits,31.98,83.13,55.12,25.87,85.11,Biogas,10.89,5.32,29.25,14.41,1.25,0.46,0.88
Grains,30.36,18.9,78.72,22.42,95.73,Compost,11.63,1.15,56.29,49.61,1.03,0.32,0.4
Grains,18.05,13.39,29.21,13.53,96.12,Compost,6.94,0.48,15.68,7.99,0.94,0.34,0.39
Vegetables,17.65,92.69,33.75,24.53,93.35,Biogas,6.59,3.27,9.22,-8.56,1.37,0.56,1.45
Grains,1.42,11.37,79.78,24.87,98.76,Compost,0.56,0.03,54.9,45.99,0.78,0.24,0.39
Grains,15.46,28.65,33.82,21.8,98.12,Compost,6.07,0.89,12.03,-3.01,0.98,0.35,0.39
Grains,8.46,25.5,0.65,27.27,95.56,Compost,3.23,0.43,-26.61,-53.75,1.2,0.32,0.41
Grains,13.63,17.88,58.55,23.38,99.25,Compost,5.41,0.49,35.17,23.49,0.91,0.32,0.47
Vegetables,27.02,77.98,90.39,18.79,90.95,Biogas,9.83,4.21,71.6,70.88,1.33,0.52,1.58
Mixed,2.52,71.69,61.13,9.29,80.48,Animal Feed,0.81,0.36,51.84,54.78,1.66,0.33,1.09
Vegetables,36.45,92.62,75.31,19.84,91.84,Biogas,13.39,6.75,55.48,50.71,1.46,0.39,0.98
Mixed,10.09,64.45,62.55,10.8,88.08,Biogas,3.55,1.3,51.75,53.46,0.72,0.4,0.86
Fruits,28.54,69.83,84.89,18.26,91.68,Biogas,10.47,3.99,66.63,65.35,1.01,0.38,0.68
Vegetables,30.12,86.14,94.41,12.33,97.07,Biogas,11.69,5.19,82.09,88.65,1.68,0.46,1.27
Fruits,11.8,41.31,23.37,5.52,90.32,Animal Feed,4.26,0.98,17.85,17.0,1.26,0.67,0.66
Meat,39.22,69.43,41.49,27.47,94.69,Biogas,14.85,5.45,14.02,-5.15,2.88,1.0,0.6
Grains,15.43,21.29,88.32,1.19,99.96,Donation,6.17,0.66,87.13,103.6,0.95,0.34,0.42
Grains,15.96,23.49,92.15,29.22,99.57,Compost,6.36,0.75,62.93,52.14,0.98,0.17,0.4
Vegetables,46.22,72.07,35.17,4.97,93.37,Animal Feed,17.26,6.66,30.19,32.26,1.65,0.57,1.29
Fruits,49.44,42.25,34.61,21.44,89.97,Compost,17.79,4.18,13.17,-1.35,1.51,0.47,0.7
Grains,27.53,27.16,49.84,14.35,97.35,Compost,10.72,1.5,35.48,31.1,0.96,0.35,0.39
Fruits,28.67,79.98,86.84,1.69,89.26,Donation,10.24,4.59,85.15,100.83,0.81,0.35,0.73
Vegetables,4.12,80.59,83.0,20.55,95.33,Biogas,1.57,0.66,62.45,58.5,1.5,0.46,1.47
Grains,11.59,26.94,97.56,26.94,96.71,Compost,4.48,0.62,70.62,63.18,0.95,0.33,0.39
Mixed,43.58,71.7,29.24,29.42,85.29,Biogas,14.87,6.25,-0.18,-23.75,1.18,0.24,0.49
Grains,21.61,20.0,51.2,10.77,95.49,Compost,8.26,0.86,40.43,39.89,1.04,0.31,0.36
Grains,4.56,28.88,92.88,8.87,96.47,Animal Feed,1.76,0.26,84.0,93.7,1.16,0.27,0.38
Meat,8.73,54.46,5.08,17.92,89.56,Compost,3.13,0.95,-12.84,-29.75,2.17,1.06,0.48
Grains,4.24,24.65,26.08,6.05,97.34,Animal Feed,1.65,0.21,20.03,19.2,1.08,0.33,0.39
Vegetables,48.22,81.02,40.94,25.1,90.13,Biogas,17.38,7.81,15.84,-1.08,1.09,0.57,1.25
Vegetables,39.11,71.57,26.49,19.3,98.38,Biogas,15.39,5.6,7.19,-6.81,1.55,0.53,1.25
Grains,1.26,19.54,43.11,28.93,98.26,Compost,0.5,0.05,14.18,-6.13,1.13,0.25,0.42
Fruits,21.13,55.74,64.65,12.74,82.23,Compost,6.95,2.36,51.91,52.11,1.04,0.51,0.86
Grains,37.59,25.66,27.05,2.74,97.51,Animal Feed,14.66,1.93,24.31,26.98,0.89,0.24,0.44
Vegetables,49.61,80.38,64.39,12.66,99.28,Biogas,19.7,7.98,51.73,51.95,1.41,0.45,0.8
Fruits,22.15,65.76,39.7,8.28,85.78,Animal Feed,7.6,2.91,31.42,31.08,1.43,0.5,1.06
Grains,47.21,12.65,83.05,15.43,99.0,Compost,18.7,1.19,67.62,68.79,1.16,0.43,0.41
Vegetables,35.03,93.08,51.69,17.15,98.41,Biogas,13.79,6.52,34.54,27.73,1.59,0.44,1.0
Vegetables,12.27,88.97,27.21,8.09,97.3,Animal Feed,4.78,2.18,19.12,16.47,1.66,0.46,1.26
Meat,46.49,70.61,80.11,22.6,92.27,Biogas,17.16,6.57,57.51,50.93,3.06,1.3,0.42
Grains,3.31,23.19,65.61,9.46,97.39,Animal Feed,1.29,0.15,56.15,59.82,1.01,0.32,0.39
Vegetables,44.74,84.48,55.61,5.2,91.03,Animal Feed,16.29,7.56,50.41,56.34,1.4,0.45,1.16
Fruits,29.29,42.67,35.0,10.08,85.42,Compost,10.01,2.5,24.93,21.85,0.73,0.51,0.98
Fruits,16.62,43.51,13.74,20.24,83.26,Compost,5.53,1.45,-6.5,-24.0,1.21,0.43,0.5
Vegetables,3.44,90.62,12.81,1.84,93.25,Animal Feed,1.28,0.62,10.97,11.69,1.65,0.61,1.2
Vegetables,5.25,83.39,36.83,20.25,90.14,Biogas,1.89,0.88,16.58,3.69,1.68,0.37,1.15
Vegetables,17.73,94.77,8.03,19.48,97.19,Biogas,6.89,3.36,-11.45,-29.32,2.03,0.55,1.15
Vegetables,3.72,77.44,52.19,17.28,91.3,Biogas,1.36,0.58,34.91,28.07,1.51,0.54,1.0
Grains,23.89,25.58,19.16,0.61,96.1,Animal Feed,9.18,1.22,18.54,21.76,1.05,0.29,0.37
Vegetables,3.28,73.87,98.47,20.37,93.63,Biogas,1.23,0.48,78.1,77.42,1.32,0.46,1.47
Meat,10.42,70.94,47.5,2.93,94.45,Biogas,3.94,1.48,44.57,51.15,3.38,0.78,0.42
Vegetables,4.02,84.0,26.06,1.78,96.25,Animal Feed,1.55,0.67,24.28,27.7,1.71,0.51,1.37
Fruits,24.46,73.18,80.58,13.41,80.26,Compost,7.85,3.58,67.17,69.88,0.59,0.39,0.38
Vegetables,47.28,76.39,47.4,1.21,98.31,Animal Feed,18.59,7.22,46.19,54.47,1.53,0.46,1.28
Vegetables,36.82,75.93,69.58,25.36,91.17,Biogas,13.43,5.59,44.22,32.77,2.13,0.56,1.43
Vegetables,28.92,79.0,76.91,21.55,99.62,Biogas,11.52,4.57,55.35,49.18,1.65,0.55,1.19
Grains,22.73,20.53,37.44,26.11,96.47,Compost,8.77,0.93,11.33,-7.3,0.97,0.37,0.41
Meat,8.12,65.04,22.79,7.08,91.92,Biogas,2.99,1.06,15.71,13.19,2.76,1.11,0.78
Meat,1.92,69.47,9.92,17.36,90.27,Biogas,0.69,0.27,-7.44,-22.82,2.53,1.35,0.36
Fruits,13.83,58.88,3.95,19.68,89.99,Compost,4.98,1.63,-15.73,-34.62,1.16,0.42,0.78
Grains,19.78,19.36,57.44,27.63,99.27,Compost,7.85,0.77,29.81,13.67,0.95,0.27,0.27
Mixed,12.27,53.6,44.97,24.08,82.92,Compost,4.07,1.32,20.89,5.81,1.31,0.38,0.94
Grains,6.87,18.76,73.36,26.41,98.15,Compost,2.7,0.26,46.95,35.22,1.09,0.37,0.38
Vegetables,3.07,86.09,97.45,18.93,95.48,Biogas,1.17,0.53,78.52,79.08,1.36,0.52,0.96
Grains,41.55,14.26,5.65,27.49,97.07,Compost,16.13,1.18,-21.84,-48.2,1.05,0.47,0.39
Vegetables,19.57,83.27,58.36,29.12,99.76,Biogas,7.81,3.26,29.24,11.79,1.59,0.26,1.52
Fruits,9.28,76.15,73.76,3.68,95.14,Animal Feed,3.53,1.41,70.07,81.14,1.52,0.53,1.2
Vegetables,10.51,91.03,71.68,27.41,96.8,Biogas,4.07,1.91,44.27,31.2,1.33,0.63,1.16
Vegetables,25.95,87.67,49.29,12.93,92.07,Biogas,9.56,4.55,36.36,33.29,1.33,0.32,1.19
Vegetables,46.23,77.95,90.38,29.86,95.67,Biogas,17.69,7.21,60.52,48.73,1.79,0.48,0.97
Vegetables,8.55,77.86,25.13,23.53,93.27,Biogas,3.19,1.33,1.6,-16.9,1.49,0.72,1.35
Fruits,30.32,81.75,60.04,15.64,94.09,Biogas,11.41,4.96,44.4,40.77,1.5,0.48,0.84
Vegetables,44.26,73.07,25.68,25.71,94.74,Biogas,16.77,6.47,-0.03,-20.6,1.97,0.66,1.22
Grains,43.05,15.52,81.22,0.08,98.19,Donation,16.91,1.34,81.15,97.32,1.22,0.26,0.47
Grains,31.06,20.68,33.31,14.22,98.15,Compost,12.2,1.28,19.09,11.54,1.05,0.25,0.37
Grains,42.08,19.67,34.67,12.43,96.62,Compost,16.26,1.66,22.24,16.75,0.8,0.4,0.39
Grains,15.41,14.18,37.74,8.08,95.7,Animal Feed,5.9,0.44,29.66,29.13,0.96,0.29,0.34
Grains,42.67,22.67,12.28,2.85,97.71,Animal Feed,16.68,1.93,9.44,9.05,1.03,0.3,0.4
Vegetables,13.76,83.3,78.79,1.54,91.15,Animal Feed,5.02,2.29,77.25,91.47,1.57,0.54,1.21
Vegetables,6.81,92.87,99.72,26.36,90.61,Biogas,2.47,1.26,73.35,66.93,1.69,0.5,1.12
Vegetables,19.93,79.7,7.68,23.7,97.34,Biogas,7.76,3.18,-16.02,-38.19,1.31,0.46,1.14
Grains,24.98,23.47,61.35,19.79,97.53,Compost,9.74,1.17,41.56,34.05,1.16,0.34,0.42
Grains,27.03,13.44,0.56,20.37,96.68,Compost,10.45,0.73,-19.81,-40.07,0.93,0.39,0.47
Grains,19.46,16.81,43.74,20.17,95.86,Compost,7.46,0.65,23.58,12.16,0.95,0.25,0.32
Grains,40.02,22.79,96.04,22.41,95.95,Compost,15.36,1.82,73.63,70.42,0.96,0.29,0.41
Grains,12.81,15.58,12.09,28.02,98.68,Compost,5.06,0.4,-15.92,-41.52,0.92,0.31,0.48
Fruits,7.89,42.55,32.54,26.14,89.65,Compost,2.83,0.67,6.41,-13.22,0.9,0.3,0.87
Grains,42.58,19.39,56.78,28.41,97.5,Compost,16.61,1.65,28.36,11.31,1.08,0.26,0.32
Grains,8.22,10.14,39.14,22.78,99.25,Compost,3.26,0.17,16.36,1.4,0.86,0.25,0.36
Mixed,49.93,63.02,0.34,9.24,94.81,Animal Feed,18.94,6.29,-8.9,-18.07,1.36,0.42,0.79
Mixed,16.03,50.13,36.82,24.21,93.14,Compost,5.97,1.61,12.61,-4.23,1.14,0.57,0.84
Vegetables,7.42,93.25,42.55,16.17,90.95,Biogas,2.7,1.38,26.38,18.71,1.56,0.5,1.36
Vegetables,15.6,72.52,30.8,26.65,94.46,Biogas,5.89,2.26,4.15,-16.34,1.63,0.52,1.38
Mixed,46.68,41.75,99.24,8.74,90.88,Animal Feed,16.97,3.9,90.51,101.62,1.49,0.26,0.99
Vegetables,24.72,78.08,75.67,23.05,99.24,Biogas,9.81,3.86,52.62,44.7,1.09,0.36,1.06
Grains,47.83,21.59,43.18,0.74,98.48,Animal Feed,18.84,2.06,42.44,50.33,1.02,0.31,0.43
Meat,48.28,61.76,12.24,20.15,88.4,Biogas,17.07,5.96,-7.92,-25.62,3.88,1.03,0.51
Vegetables,25.87,72.34,79.99,29.95,95.89,Biogas,9.92,3.74,50.04,36.09,1.7,0.59,1.1
Vegetables,4.03,81.08,44.29,15.91,90.83,Biogas,1.46,0.65,28.38,21.34,1.57,0.38,1.1
Vegetables,43.73,74.03,72.25,12.84,92.54,Biogas,16.19,6.47,59.41,61.02,1.52,0.46,1.32
Grains,46.48,26.89,95.02,2.82,95.34,Donation,17.73,2.5,92.2,108.38,0.98,0.36,0.47
Meat,10.97,59.5,50.8,23.69,93.74,Compost,4.11,1.31,27.12,13.59,2.42,0.85,0.51
Grains,9.18,18.9,58.15,11.28,99.62,Compost,3.66,0.35,46.88,47.23,1.13,0.34,0.4
Vegetables,10.93,89.53,4.86,13.86,91.61,Biogas,4.01,1.96,-9.0,-21.89,1.51,0.39,1.0
Meat,2.09,52.81,47.99,18.31,92.2,Compost,0.77,0.22,29.68,20.97,3.8,1.14,0.57
Vegetables,11.05,89.33,54.79,18.24,92.24,Biogas,4.08,1.97,36.56,29.28,1.38,0.52,1.04
Grains,25.51,19.88,2.44,16.72,99.62,Compost,10.17,1.01,-14.28,-30.51,1.23,0.33,0.43
Vegetables,30.59,79.0,83.13,7.51,97.18,Animal Feed,11.89,4.83,75.62,84.74,1.42,0.49,1.14
Vegetables,25.33,94.41,83.05,5.97,90.64,Animal Feed,9.18,4.78,77.09,87.73,1.53,0.43,1.09
Meat,25.72,72.62,74.58,9.56,94.73,Biogas,9.75,3.74,65.02,70.38,2.25,1.52,0.45
Vegetables,48.27,80.82,93.35,9.33,90.02,Animal Feed,17.38,7.8,84.02,93.36,1.57,0.61,1.28
Fruits,22.65,69.45,6.11,4.18,86.02,Animal Feed,7.79,3.15,1.93,-1.03,1.14,0.21,0.83
Vegetables,48.84,94.14,4.49,16.04,98.28,Biogas,19.2,9.2,-11.55,-26.69,1.43,0.35,0.79
Vegetables,40.29,87.28,26.53,9.42,93.53,Animal Feed,15.07,7.03,17.1,12.98,1.28,0.38,1.34
Meat,11.32,64.07,72.13,6.6,87.0,Biogas,3.94,1.45,65.53,73.36,2.52,0.84,0.54
Vegetables,34.34,72.87,62.59,5.53,92.46,Animal Feed,12.7,5.01,57.06,64.05,1.93,0.61,1.03
Grains,35.7,17.78,48.85,22.6,96.23,Compost,13.74,1.27,26.25,13.42,1.1,0.38,0.41
Vegetables,13.65,83.58,56.48,21.31,94.82,Biogas,5.18,2.28,35.17,25.15,1.38,0.64,1.07
Vegetables,36.72,81.54,80.71,8.01,90.34,Animal Feed,13.27,5.99,72.7,80.84,1.11,0.45,1.2
Grains,20.25,13.43,71.8,27.64,95.36,Compost,7.73,0.54,44.16,30.87,1.13,0.25,0.41
Vegetables,24.08,88.47,93.67,23.84,92.87,Biogas,8.94,4.26,69.83,64.73,1.38,0.49,0.9
Grains,14.94,24.03,48.87,22.89,96.45,Compost,5.76,0.72,25.98,12.86,1.09,0.3,0.37
Fruits,18.37,60.23,65.03,6.36,88.47,Animal Feed,6.5,2.21,58.67,65.32,1.55,0.32,0.97
Vegetables,19.25,78.67,1.31,12.21,94.07,Biogas,7.24,3.03,-10.9,-22.85,1.51,0.54,1.01
Vegetables,19.72,82.45,96.13,28.42,96.0,Biogas,7.57,3.25,67.71,58.51,1.86,0.62,1.14
Meat,26.35,56.27,62.91,5.79,92.56,Compost,9.76,2.97,57.12,63.91,3.09,1.07,0.58
Vegetables,36.43,70.42,70.73,24.51,96.41,Biogas,14.05,5.13,46.22,35.85,1.36,0.62,1.13
Fruits,26.99,61.41,43.4,11.18,95.27,Biogas,10.29,3.32,32.21,29.71,0.91,0.6,1.12
Grains,18.88,16.87,91.1,23.64,99.97,Compost,7.55,0.64,67.46,62.05,0.88,0.26,0.45
Fruits,43.09,81.42,38.19,19.57,84.23,Compost,14.52,7.02,18.62,6.69,0.67,0.18,0.64
Grains,31.2,17.65,83.27,14.57,96.56,Compost,12.05,1.1,68.69,70.77,1.11,0.27,0.42
Vegetables,34.02,88.17,25.38,28.2,94.64,Biogas,12.88,6.0,-2.82,-25.94,1.51,0.53,0.9
Grains,15.3,14.31,36.01,28.12,98.58,Compost,6.04,0.44,7.89,-13.03,1.07,0.38,0.47
Grains,2.0,16.97,2.27,26.11,95.65,Compost,0.76,0.07,-23.84,-49.49,1.16,0.36,0.32
Grains,15.47,16.22,50.31,5.38,97.33,Animal Feed,6.02,0.5,44.93,49.61,0.99,0.29,0.38
Vegetables,37.5,73.12,43.63,8.67,90.26,Animal Feed,13.54,5.48,34.96,35.02,1.64,0.48,1.21
Vegetables,1.19,94.11,76.22,13.46,95.17,Biogas,0.45,0.22,62.76,64.54,1.87,0.58,1.29
Vegetables,41.33,91.63,8.36,27.89,91.38,Biogas,15.11,7.58,-19.53,-45.74,1.75,0.69,1.29
Grains,32.63,13.56,53.37,7.33,96.32,Animal Feed,12.57,0.89,46.04,49.38,0.96,0.27,0.46
Vegetables,31.48,80.5,1.22,23.33,99.84,Biogas,12.57,5.07,-22.11,-45.2,1.49,0.56,1.31
Vegetables,29.7,81.19,77.74,14.07,95.72,Biogas,11.37,4.82,63.66,65.14,1.47,0.39,1.28
Vegetables,3.21,73.95,70.51,18.16,99.76,Biogas,1.28,0.47,52.35,48.29,1.53,0.61,1.13
Mixed,12.29,60.47,1.28,27.43,95.57,Biogas,4.7,1.49,-26.15,-53.32,0.72,0.43,0.93
Vegetables,31.92,85.12,65.93,23.46,95.78,Biogas,12.23,5.43,42.48,32.21,1.35,0.62,1.18
Vegetables,3.45,70.71,36.7,26.65,91.47,Biogas,1.26,0.49,10.04,-9.27,1.49,0.71,1.05
Mixed,46.16,76.82,95.39,0.74,92.39,Animal Feed,17.06,7.09,94.65,112.99,1.38,0.42,0.89
Mixed,28.23,45.03,51.61,19.0,83.87,Compost,9.47,2.54,32.61,23.93,1.21,0.52,0.45
Grains,1.06,11.78,36.71,13.51,95.18,Compost,0.4,0.03,23.2,17.03,0.91,0.28,0.44
Fruits,1.69,45.34,97.5,15.84,92.33,Compost,0.63,0.15,81.66,85.31,1.23,0.43,0.83
Vegetables,19.79,94.18,55.95,10.7,97.19,Biogas,7.69,3.73,45.25,45.73,1.16,0.39,1.35
Vegetables,44.88,79.58,49.56,28.33,92.83,Biogas,16.67,7.14,21.22,2.8,1.66,0.63,0.99
Vegetables,39.92,76.3,55.66,24.35,91.85,Biogas,14.67,6.09,31.31,18.1,1.73,0.68,1.24
Fruits,12.41,60.69,78.1,4.04,91.43,Animal Feed,4.54,1.51,74.06,85.64,1.47,0.42,0.51
Vegetables,30.82,80.5,53.91,21.74,99.41,Biogas,12.25,4.96,32.17,21.21,1.21,0.5,1.32
Grains,10.31,24.94,65.2,7.01,98.69,Animal Feed,4.07,0.51,58.2,64.23,1.07,0.27,0.33
Vegetables,42.55,93.24,92.75,7.26,92.57,Animal Feed,15.76,7.93,85.49,96.78,1.62,0.44,0.92
Vegetables,36.97,77.55,45.82,20.4,96.84,Biogas,14.32,5.73,25.43,14.19,1.23,0.47,1.01
Grains,30.12,21.92,49.11,5.53,96.87,Animal Feed,11.67,1.32,43.58,47.87,0.86,0.26,0.41
Grains,10.24,24.08,97.14,5.64,95.4,Animal Feed,3.91,0.49,91.49,105.28,1.06,0.31,0.42
Fruits,10.48,50.19,44.93,23.73,81.51,Compost,3.42,1.05,21.2,6.45,1.17,0.44,0.59
Vegetables,48.46,71.25,26.96,0.4,90.63,Animal Feed,17.57,6.91,26.56,31.55,1.63,0.53,1.19
Grains,24.31,16.88,26.33,17.56,97.89,Compost,9.52,0.82,8.77,-3.53,1.14,0.35,0.45
Vegetables,6.96,89.65,10.54,8.6,96.94,Animal Feed,2.7,1.25,1.94,-4.55,1.39,0.54,1.13
Vegetables,25.04,93.74,63.01,10.87,93.28,Biogas,9.34,4.7,52.14,53.88,1.68,0.59,1.25
Mixed,10.18,63.55,11.7,10.92,94.34,Biogas,3.84,1.29,0.78,-7.81,0.97,0.35,0.76
Grains,43.49,29.32,7.4,17.88,98.76,Compost,17.18,2.55,-10.48,-26.88,1.03,0.25,0.41
Grains,42.46,16.45,36.48,10.4,95.2,Compost,16.17,1.4,26.07,22.97,1.04,0.3,0.4
Grains,27.0,23.13,84.1,19.9,97.87,Compost,10.57,1.25,64.21,61.13,1.11,0.28,0.37
Grains,9.95,10.15,84.78,21.14,96.56,Compost,3.84,0.2,63.64,59.46,1.0,0.27,0.37
Vegetables,32.58,73.79,56.66,1.51,96.55,Animal Feed,12.58,4.81,55.15,64.97,1.67,0.47,0.99
Vegetables,16.7,81.56,62.57,7.7,98.58,Animal Feed,6.59,2.72,54.88,59.69,1.39,0.39,0.83
Meat,25.75,52.16,1.12,6.02,91.27,Compost,9.4,2.69,-4.91,-10.7,2.89,0.62,0.58
Grains,10.8,21.55,98.55,7.83,98.56,Animal Feed,4.26,0.47,90.72,102.6,1.04,0.35,0.45
Vegetables,7.19,82.14,95.76,28.91,90.96,Biogas,2.62,1.18,66.85,57.08,1.82,0.49,0.85
Meat,20.07,71.63,2.2,27.21,93.75,Biogas,7.53,2.88,-25.01,-51.78,3.12,1.14,0.49
Vegetables,2.4,94.84,66.31,7.23,93.11,Animal Feed,0.89,0.45,59.08,65.11,1.12,0.49,1.41
Grains,13.62,29.02,65.17,2.13,95.3,Animal Feed,5.19,0.79,63.04,73.95,1.05,0.28,0.52
Vegetables,46.95,76.79,73.31,13.75,93.8,Biogas,17.62,7.21,59.56,60.47,1.4,0.39,1.35
Fruits,14.65,49.17,44.17,7.5,94.97,Animal Feed,5.56,1.44,36.68,38.01,0.94,0.23,0.91
Meat,9.84,73.21,18.6,12.07,86.5,Biogas,3.41,1.44,6.53,-1.82,3.6,0.93,0.63
Vegetables,7.66,75.98,73.19,10.38,98.67,Biogas,3.02,1.16,62.81,67.07,1.59,0.42,1.14
Vegetables,6.69,71.66,56.79,21.92,91.15,Biogas,2.44,0.96,34.87,24.3,1.34,0.6,1.35
Grains,23.32,17.65,49.65,22.74,99.71,Compost,9.3,0.82,26.91,14.11,1.01,0.31,0.39
Grains,26.23,23.61,65.64,3.42,95.12,Animal Feed,9.98,1.24,62.22,71.93,0.86,0.27,0.43
Vegetables,2.75,92.76,48.7,0.24,96.05,Animal Feed,1.06,0.51,48.47,57.97,1.74,0.44,1.48
Vegetables,6.34,86.56,14.32,28.75,92.49,Biogas,2.35,1.1,-14.43,-40.32,1.8,0.29,1.06
Mixed,5.15,77.23,87.02,20.02,88.79,Biogas,1.83,0.79,66.99,64.37,1.04,0.44,0.78
Vegetables,17.12,73.4,65.59,22.38,97.74,Biogas,6.69,2.51,43.2,33.94,1.69,0.5,1.26
Vegetables,17.46,80.31,8.74,15.39,95.95,Biogas,6.7,2.81,-6.65,-20.29,1.41,0.56,1.53
Vegetables,27.42,89.2,19.08,13.96,92.37,Biogas,10.13,4.89,5.12,-5.03,1.46,0.46,1.38
Fruits,4.38,54.74,96.8,1.19,91.76,Donation,1.61,0.48,95.61,113.78,1.02,0.38,1.0
Grains,6.16,23.61,95.8,29.56,95.04,Compost,2.34,0.29,66.25,55.85,0.95,0.29,0.38
Vegetables,28.48,83.98,43.43,14.62,94.52,Biogas,10.77,4.78,28.81,22.87,1.52,0.52,1.04
Vegetables,5.65,73.16,25.55,13.67,91.81,Biogas,2.07,0.83,11.87,3.31,1.68,0.44,1.05
Grains,16.14,28.15,0.89,24.48,97.77,Compost,6.31,0.91,-23.59,-47.89,0.97,0.24,0.3
Vegetables,49.78,89.32,26.11,7.57,95.8,Animal Feed,19.08,8.89,18.54,16.19,1.32,0.51,0.96
Fruits,19.65,60.28,82.98,28.29,95.17,Biogas,7.48,2.37,54.69,43.0,1.25,0.32,0.46
Grains,23.35,20.04,6.39,28.48,98.62,Compost,9.21,0.94,-22.09,-49.29,1.18,0.24,0.43
Vegetables,32.29,90.71,79.05,3.63,93.0,Animal Feed,12.01,5.86,75.41,87.59,1.34,0.53,1.48
Grains,15.69,16.24,42.72,29.09,98.89,Compost,6.2,0.51,13.63,-6.92,0.76,0.23,0.46
Fruits,23.71,82.44,79.19,19.95,94.81,Biogas,8.99,3.91,59.24,55.13,1.29,0.46,0.66
Fruits,20.63,56.8,30.12,13.88,80.57,Compost,6.65,2.34,16.24,8.38,0.62,0.58,0.74
Vegetables,38.87,71.51,59.93,21.96,97.05,Biogas,15.09,5.56,37.97,28.0,1.41,0.49,1.19
Grains,36.81,25.25,90.29,29.1,97.95,Compost,14.42,1.86,61.19,50.15,1.12,0.23,0.37
Vegetables,6.5,75.56,41.52,21.0,96.71,Biogas,2.52,0.98,20.52,7.83,1.6,0.44,1.13
Mixed,9.04,45.75,90.8,22.05,88.5,Compost,3.2,0.83,68.76,64.87,1.26,0.33,0.58
Mixed,44.76,49.68,87.95,24.43,93.68,Compost,16.77,4.45,63.52,56.67,1.35,0.41,0.79
Mixed,31.29,51.55,92.63,9.63,80.45,Animal Feed,10.07,3.23,83.0,91.9,0.83,0.47,0.58
Fruits,20.35,53.87,84.26,29.96,89.16,Compost,7.26,2.19,54.29,41.18,1.45,0.39,0.45
Grains,13.27,14.78,69.81,25.51,95.29,Compost,5.06,0.39,44.3,32.75,0.97,0.3,0.35
Vegetables,22.45,76.29,18.68,29.01,92.56,Biogas,8.31,3.43,-10.33,-35.61,1.65,0.33,1.19
Grains,43.54,13.91,76.12,22.86,99.05,Compost,17.25,1.21,53.26,45.63,0.97,0.24,0.38
Mixed,39.27,46.54,94.44,17.68,85.81,Compost,13.48,3.65,76.77,77.98,0.88,0.39,0.83
Grains,4.5,12.99,81.01,18.83,99.25,Compost,1.79,0.12,62.18,59.56,1.15,0.3,0.41
Mixed,12.67,64.52,8.12,22.29,87.36,Biogas,4.43,1.63,-14.17,-34.83,0.69,0.43,1.27
Meat,44.14,60.65,64.74,1.41,85.62,Biogas,15.12,5.35,63.33,74.87,2.98,0.78,0.49
Vegetables,5.06,70.08,92.3,25.64,99.61,Biogas,2.02,0.71,66.67,59.49,1.5,0.51,1.25
Grains,4.66,11.77,32.82,19.32,99.48,Compost,1.85,0.11,13.49,0.73,0.98,0.29,0.45
Fruits,36.85,67.7,18.73,20.41,84.17,Compost,12.41,4.99,-1.68,-18.35,1.47,0.31,0.75
Vegetables,28.6,85.37,54.13,3.71,97.76,Animal Feed,11.18,4.88,50.42,57.54,1.54,0.44,1.37
Fruits,42.43,53.48,67.81,18.42,82.89,Compost,14.07,4.54,49.39,44.54,1.24,0.33,0.85
Fruits,19.54,80.6,59.4,0.97,80.66,Animal Feed,6.3,3.15,58.43,69.34,1.02,0.38,0.61
Grains,16.06,27.74,47.69,19.44,97.67,Compost,6.28,0.89,28.25,18.35,1.06,0.31,0.38
Vegetables,5.34,77.78,21.9,20.37,97.78,Biogas,2.09,0.83,1.53,-14.46,1.8,0.44,1.12
Grains,34.73,16.44,54.15,9.22,99.5,Animal Feed,13.82,1.14,44.93,46.54,1.08,0.15,0.42
Vegetables,28.39,85.13,27.34,0.24,94.4,Animal Feed,10.72,4.83,27.1,32.33,1.53,0.48,1.4
Mixed,41.39,67.7,43.54,8.8,94.95,Animal Feed,15.72,5.6,34.74,34.65,1.51,0.19,0.75
Grains,3.62,29.84,28.99,6.66,97.12,Animal Feed,1.41,0.22,22.33,21.47,0.69,0.31,0.42
Mixed,38.83,51.23,67.93,14.44,81.21,Compost,12.62,3.98,53.48,52.63,0.88,0.51,0.94
Mixed,34.3,80.2,30.46,29.15,83.43,Compost,11.45,5.5,1.3,-21.76,0.94,0.34,0.74
Mixed,38.26,63.45,26.57,6.1,94.05,Animal Feed,14.39,4.85,20.48,19.69,1.18,0.4,1.31
Vegetables,31.56,73.65,80.72,15.18,97.2,Biogas,12.27,4.65,65.54,66.5,1.51,0.31,1.0
Vegetables,44.03,79.21,14.72,2.6,98.59,Animal Feed,17.36,6.97,12.12,12.47,1.21,0.5,0.9
Vegetables,37.09,90.95,23.04,18.68,98.62,Biogas,14.63,6.75,4.35,-9.72,1.66,0.59,0.95
Fruits,3.0,84.34,61.39,10.11,94.89,Biogas,1.14,0.51,51.28,53.46,1.43,0.51,0.67
Mixed,45.11,65.54,57.95,14.45,94.06,Biogas,16.97,5.91,43.5,40.63,1.57,0.38,0.86
Meat,19.58,67.72,59.77,4.41,89.03,Biogas,6.97,2.65,55.36,62.9,4.01,1.08,0.53
Grains,38.0,10.34,84.62,25.27,95.73,Compost,14.55,0.79,59.35,51.01,0.9,0.41,0.37
Vegetables,25.07,85.95,11.83,1.18,90.72,Animal Feed,9.1,4.31,10.65,11.84,1.48,0.56,1.35
Grains,19.87,25.29,73.96,6.82,95.34,Animal Feed,7.58,1.0,67.15,75.12,0.98,0.23,0.37
Grains,41.13,28.31,88.86,27.93,98.61,Compost,16.22,2.33,60.93,50.77,1.18,0.21,0.44
Fruits,8.19,73.64,0.96,17.18,94.66,Biogas,3.1,1.21,-16.23,-33.22,1.31,0.62,0.83
Grains,48.15,28.03,12.98,1.54,98.99,Animal Feed,19.07,2.7,11.44,12.49,0.99,0.27,0.42
Grains,47.38,26.69,94.66,12.8,99.87,Compost,18.93,2.53,81.86,88.0,0.97,0.28,0.48
Vegetables,22.96,90.35,37.65,13.41,99.18,Biogas,9.11,4.15,24.24,18.37,1.39,0.29,1.15
Grains,38.07,28.56,33.07,17.62,97.46,Compost,14.84,2.17,15.45,4.44,1.15,0.33,0.44
Grains,2.15,17.92,40.16,5.8,99.96,Animal Feed,0.86,0.08,34.37,36.6,0.86,0.36,0.36
Vegetables,18.84,85.17,53.93,13.67,91.46,Biogas,6.89,3.21,40.25,37.37,1.37,0.42,1.08
Vegetables,41.84,82.62,52.94,6.97,90.92,Animal Feed,15.22,6.91,45.97,49.59,1.5,0.37,0.69
Vegetables,28.95,93.31,29.4,25.59,91.38,Biogas,10.58,5.4,3.8,-15.91,1.39,0.45,1.55
Grains,29.58,18.86,0.99,6.26,95.41,Animal Feed,11.29,1.12,-5.27,-11.33,0.85,0.39,0.41
Meat,2.86,66.17,57.55,13.51,94.5,Biogas,1.08,0.38,44.04,42.03,2.61,0.94,0.38
Grains,20.8,12.97,4.95,6.04,95.45,Animal Feed,7.94,0.54,-1.09,-6.14,0.92,0.34,0.42
Vegetables,30.13,90.25,18.34,16.36,90.6,Biogas,10.92,5.44,1.98,-10.71,1.63,0.43,0.93
Grains,16.51,20.34,19.63,0.39,96.78,Animal Feed,6.39,0.67,19.24,22.78,0.87,0.26,0.29
Vegetables,3.1,80.79,53.8,21.72,92.25,Biogas,1.14,0.5,32.09,21.13,1.83,0.32,1.03
Grains,4.04,10.35,9.0,28.46,96.07,Compost,1.55,0.08,-19.45,-46.11,0.94,0.3,0.44
Fruits,41.76,78.86,83.02,7.56,81.44,Animal Feed,13.6,6.59,75.46,84.51,1.1,0.37,0.65
Vegetables,34.12,72.42,12.9,27.87,93.6,Biogas,12.77,4.94,-14.96,-40.25,1.66,0.45,1.64
Vegetables,35.64,93.87,39.03,25.57,95.09,Biogas,13.55,6.69,13.45,-4.31,1.54,0.4,1.2
Vegetables,45.96,86.68,38.48,27.47,94.21,Biogas,17.32,7.97,11.02,-8.75,1.27,0.52,1.06
Vegetables,26.67,74.05,94.72,26.72,97.36,Biogas,10.39,3.95,68.0,60.22,1.31,0.31,1.58
Grains,46.17,21.3,33.75,8.68,99.13,Animal Feed,18.31,1.97,25.07,23.14,0.92,0.29,0.37
Grains,49.83,11.05,17.63,10.25,98.89,Compost,19.71,1.1,7.38,0.66,0.95,0.34,0.42
Vegetables,45.42,76.76,23.03,29.72,94.45,Biogas,17.16,6.97,-6.68,-31.79,1.53,0.59,1.67
Vegetables,39.38,77.82,24.48,4.45,93.13,Animal Feed,14.67,6.13,20.03,20.48,1.28,0.51,1.01
Vegetables,13.3,82.6,97.45,2.97,93.86,Donation,4.99,2.2,94.48,111.0,1.51,0.42,1.27
Fruits,25.78,63.47,63.18,1.34,89.34,Animal Feed,9.21,3.27,61.84,73.14,1.62,0.28,0.56
Grains,36.5,17.13,39.94,9.74,96.09,Animal Feed,14.03,1.25,30.2,28.45,1.0,0.23,0.4
Fruits,41.58,84.46,59.15,26.89,84.02,Compost,13.97,7.02,32.26,17.2,0.84,0.41,1.0
Mixed,36.61,55.65,41.79,1.51,88.81,Animal Feed,13.01,4.08,40.27,47.12,1.54,0.44,0.56
Mixed,5.32,66.1,80.38,1.8,95.69,Animal Feed,2.04,0.7,78.59,92.87,1.63,0.53,0.73
Grains,34.86,18.45,14.96,15.37,97.73,Compost,13.63,1.29,-0.41,-12.78,0.89,0.31,0.38
Grains,8.17,25.11,14.98,22.74,96.86,Compost,3.16,0.41,-7.76,-27.5,0.99,0.29,0.44
Grains,19.95,17.12,79.53,0.86,95.75,Animal Feed,7.64,0.68,78.68,93.73,0.98,0.3,0.45
Fruits,23.16,48.59,16.13,14.6,93.54,Compost,8.67,2.25,1.53,-9.84,1.2,0.29,0.64
Vegetables,39.5,81.77,46.06,5.45,94.47,Animal Feed,14.92,6.46,40.61,44.37,0.92,0.47,1.41
Vegetables,15.71,94.8,42.12,13.32,93.26,Biogas,5.86,2.98,28.8,23.91,1.12,0.55,1.1
Grains,30.19,21.81,76.71,17.51,95.17,Compost,11.49,1.32,59.2,57.03,0.95,0.33,0.36
Meat,33.02,52.6,20.73,26.09,88.01,Compost,11.62,3.47,-5.36,-27.31,2.73,0.61,0.51
Meat,17.92,69.13,21.42,5.23,91.28,Biogas,6.54,2.48,16.19,15.24,2.52,0.86,0.62
Fruits,25.29,80.28,15.54,20.5,81.13,Compost,8.21,4.06,-4.96,-22.36,1.19,0.38,0.96
Meat,3.32,74.68,49.42,23.46,91.97,Biogas,1.22,0.5,25.96,12.38,2.56,0.91,0.37
Grains,22.36,12.38,64.55,23.12,99.79,Compost,8.93,0.55,41.43,31.23,0.95,0.25,0.35
Mixed,48.49,81.12,36.93,24.93,87.84,Biogas,17.04,7.87,12.0,-5.54,1.29,0.28,0.32
Grains,46.89,18.91,84.17,5.51,96.36,Animal Feed,18.07,1.77,78.66,89.98,0.94,0.32,0.36
Fruits,26.79,46.48,55.54,8.46,91.57,Animal Feed,9.81,2.49,47.08,49.73,1.06,0.4,1.07
Mixed,12.65,51.37,68.22,29.29,86.38,Compost,4.37,1.3,38.93,23.29,1.06,0.4,0.99
Meat,9.46,69.71,20.82,21.1,92.48,Biogas,3.5,1.32,-0.29,-17.23,2.63,0.78,0.4
Fruits,4.68,60.07,98.97,1.82,90.93,Donation,1.7,0.56,97.15,115.13,1.44,0.5,1.1
Vegetables,28.47,78.97,66.73,16.48,90.97,Biogas,10.36,4.5,50.25,47.11,1.72,0.38,0.83
Mixed,2.85,61.15,91.13,11.95,83.47,Compost,0.95,0.35,79.18,85.46,1.31,0.52,0.82
Fruits,14.74,40.28,26.46,15.35,95.39,Compost,5.63,1.19,11.12,1.06,0.82,0.25,0.75
Meat,45.4,74.26,84.4,27.16,89.27,Biogas,16.21,6.74,57.24,46.96,1.72,1.04,0.47
Grains,35.47,25.24,33.76,2.65,98.44,Animal Feed,13.97,1.79,31.11,35.21,1.07,0.4,0.41
Meat,11.48,63.32,72.27,6.44,85.96,Biogas,3.95,1.45,65.83,73.85,3.0,1.11,0.52
Mixed,16.05,59.65,24.04,22.85,88.97,Compost,5.71,1.91,1.19,-16.85,0.9,0.54,1.1
Fruits,22.11,65.74,66.46,23.53,97.49,Biogas,8.62,2.91,42.93,32.69,1.36,0.38,1.03
Vegetables,29.83,94.61,34.89,22.77,99.47,Biogas,11.87,5.64,12.12,-3.67,1.64,0.39,1.02
Vegetables,47.87,94.87,57.94,11.23,93.17,Biogas,17.84,9.08,46.71,47.08,1.21,0.79,1.29
Vegetables,3.67,72.66,7.01,18.65,99.01,Biogas,1.45,0.53,-11.64,-28.89,1.42,0.48,1.07
Grains,3.03,19.21,28.28,12.98,97.18,Compost,1.18,0.12,15.3,7.97,1.02,0.38,0.42
Meat,46.21,72.28,37.9,8.65,89.78,Biogas,16.59,6.68,29.25,28.17,4.32,1.38,0.41
Mixed,14.03,48.15,43.91,17.85,96.19,Compost,5.4,1.35,26.06,16.99,1.05,0.38,0.73
Vegetables,25.32,74.97,59.22,3.7,95.74,Animal Feed,9.7,3.8,55.52,63.67,1.72,0.47,0.92
Vegetables,39.72,76.84,89.42,0.3,96.85,Donation,15.39,6.1,89.12,106.71,1.08,0.21,1.26
Grains,32.97,17.65,30.68,7.96,96.1,Animal Feed,12.67,1.16,22.73,20.91,1.07,0.27,0.41
Grains,45.0,22.36,43.24,27.78,98.94,Compost,17.81,2.01,15.46,-3.67,0.93,0.38,0.44
Grains,28.04,20.5,56.64,2.91,96.58,Animal Feed,10.83,1.15,53.73,62.15,0.9,0.35,0.44
Meat,13.55,63.82,21.13,2.92,90.1,Biogas,4.88,1.73,18.21,19.51,2.9,0.91,0.47
Vegetables,49.87,80.05,51.04,26.43,98.64,Biogas,19.68,7.98,24.61,8.38,1.89,0.56,1.1
Vegetables,25.84,71.28,13.85,5.0,94.57,Animal Feed,9.77,3.68,8.86,6.63,1.35,0.64,1.34
Grains,49.9,17.12,70.37,14.25,97.14,Compost,19.39,1.71,56.11,55.93,0.92,0.29,0.36
Grains,3.64,27.8,54.0,10.12,96.22,Compost,1.4,0.2,43.88,44.56,1.08,0.35,0.43
Mixed,14.64,82.69,39.86,24.96,82.81,Compost,4.85,2.42,14.9,-2.08,0.9,0.37,0.94
Grains,33.03,21.94,5.06,17.63,98.19,Compost,12.97,1.45,-12.57,-29.18,0.89,0.27,0.33
Grains,38.28,14.13,94.42,29.15,97.18,Compost,14.88,1.08,65.27,55.0,1.04,0.24,0.42
Meat,15.05,55.48,78.82,25.29,89.48,Compost,5.39,1.67,53.52,43.99,3.29,1.31,0.41
Fruits,41.98,70.04,34.37,16.54,87.27,Biogas,14.65,5.88,17.83,8.17,1.49,0.45,0.53
Vegetables,39.17,73.47,28.56,11.04,91.33,Biogas,14.31,5.76,17.51,12.18,1.3,0.53,0.93
Mixed,42.51,78.35,42.61,15.38,90.4,Biogas,15.37,6.66,27.23,20.37,1.3,0.45,0.83
Fruits,46.53,72.84,88.52,23.58,93.68,Biogas,17.43,6.78,64.94,59.07,1.4,0.36,0.41
Grains,4.2,10.79,29.4,4.84,95.65,Animal Feed,1.61,0.09,24.55,25.59,1.11,0.42,0.41
Fruits,23.52,69.41,67.38,18.97,90.17,Biogas,8.48,3.27,48.41,42.92,1.3,0.25,0.54
Mixed,43.05,62.35,57.33,17.93,89.0,Biogas,15.32,5.37,39.41,32.94,0.98,0.43,0.62
Meat,3.36,61.66,95.96,20.86,94.23,Biogas,1.27,0.41,75.1,73.43,3.09,0.9,0.58
Vegetables,14.77,75.88,97.91,22.73,96.81,Biogas,5.72,2.24,75.18,72.03,1.55,0.54,1.29
Vegetables,39.79,78.05,23.92,19.76,99.96,Biogas,15.91,6.21,4.17,-10.8,1.61,0.35,1.03
Vegetables,47.72,77.36,43.88,8.72,92.95,Animal Feed,17.74,7.38,35.16,35.21,1.13,0.39,1.4
Vegetables,28.17,77.56,44.71,1.24,96.31,Animal Feed,10.85,4.37,43.46,51.16,1.36,0.46,1.12
Grains,46.52,10.23,1.0,24.05,96.82,Compost,18.02,0.95,-23.06,-46.91,0.94,0.32,0.41
Vegetables,26.69,88.5,19.81,21.48,92.42,Biogas,9.87,4.72,-1.67,-19.2,1.37,0.54,1.35
Meat,49.89,59.79,30.54,17.9,93.65,Compost,18.69,5.97,12.64,0.84,3.46,0.97,0.53
Vegetables,1.51,70.65,14.39,28.23,90.54,Biogas,0.55,0.21,-13.84,-39.19,1.57,0.34,1.33
Vegetables,34.03,92.35,55.47,28.5,91.64,Biogas,12.47,6.28,26.97,9.57,1.57,0.36,1.85
Vegetables,38.26,75.81,80.42,2.96,93.74,Donation,14.35,5.8,77.46,90.58,1.76,0.49,1.03
Vegetables,19.28,72.6,26.26,19.65,97.62,Biogas,7.53,2.8,6.6,-7.8,1.61,0.55,1.25
Grains,48.57,29.36,85.27,21.87,99.53,Compost,19.34,2.85,63.39,58.57,1.27,0.23,0.33
Meat,14.7,70.83,46.59,17.78,90.79,Biogas,5.34,2.08,28.81,20.34,3.54,0.97,0.66
Vegetables,23.59,83.91,88.41,12.1,94.93,Biogas,8.96,3.96,76.3,81.88,1.28,0.45,1.37
Grains,5.25,14.0,15.62,15.78,98.81,Compost,2.07,0.15,-0.16,-12.81,1.28,0.33,0.39
Grains,35.77,27.57,84.71,4.38,97.34,Donation,13.93,1.97,80.33,92.9,0.93,0.26,0.34
Grains,1.64,14.91,28.08,20.53,97.96,Compost,0.64,0.05,7.55,-7.37,0.95,0.15,0.34
Grains,1.71,23.41,52.21,6.14,98.1,Animal Feed,0.67,0.08,46.07,50.37,1.07,0.31,0.39
Grains,30.18,28.4,17.53,1.86,98.71,Animal Feed,11.92,1.71,15.67,17.31,0.93,0.28,0.41
Meat,36.41,54.43,32.45,15.61,91.68,Compost,13.35,3.96,16.84,7.72,3.08,0.81,0.41
Fruits,25.43,53.41,55.89,1.38,95.91,Animal Feed,9.76,2.72,54.51,64.3,0.99,0.48,0.86
Fruits,18.1,55.4,14.33,16.57,91.58,Compost,6.63,2.01,-2.24,-15.94,1.13,0.28,1.07
Grains,43.15,19.69,92.09,24.36,98.23,Compost,16.95,1.7,67.73,61.78,1.11,0.23,0.47
Grains,33.28,12.95,66.22,4.47,97.35,Animal Feed,12.96,0.86,61.75,70.52,1.09,0.27,0.31
Vegetables,20.45,78.05,61.85,19.73,94.2,Biogas,7.71,3.19,42.12,34.76,1.54,0.54,1.0
Grains,11.43,10.57,85.38,12.39,96.33,Compost,4.4,0.24,72.99,77.67,0.95,0.37,0.39
Meat,49.67,67.92,81.25,11.93,92.29,Biogas,18.34,6.75,69.32,73.65,2.87,1.13,0.65
Grains,27.46,14.4,34.61,5.58,95.59,Animal Feed,10.5,0.79,29.03,30.37,1.0,0.25,0.41
Meat,43.73,64.45,26.43,7.73,89.1,Biogas,15.59,5.64,18.7,16.25,2.46,0.81,0.38
Grains,20.16,22.79,47.22,4.6,97.57,Animal Feed,7.87,0.92,42.62,47.47,0.93,0.32,0.38
Vegetables,40.05,87.57,55.59,8.3,95.07,Animal Feed,15.23,7.01,47.28,50.1,1.42,0.31,1.37
Vegetables,9.6,86.25,30.82,20.07,91.6,Biogas,3.52,1.66,10.75,-3.16,1.56,0.69,1.16
Grains,22.51,27.94,64.1,11.38,98.46,Compost,8.86,1.26,52.71,54.15,1.12,0.27,0.44
Vegetables,33.05,73.27,49.91,15.58,98.2,Biogas,12.98,4.84,34.33,28.73,1.63,0.64,0.92
Meat,31.71,56.26,20.48,5.0,85.74,Compost,10.87,3.57,15.48,14.58,2.75,0.82,0.53
Vegetables,36.76,92.2,20.99,1.92,93.93,Animal Feed,13.81,6.78,19.07,21.34,1.47,0.52,0.99
Fruits,43.67,83.92,25.57,28.55,88.53,Biogas,15.47,7.33,-2.98,-26.42,1.5,0.32,0.69
Meat,7.55,52.32,19.61,14.41,93.43,Compost,2.82,0.79,5.2,-5.28,2.65,1.12,0.61
Grains,46.67,13.39,25.47,12.51,97.58,Compost,18.22,1.25,12.96,5.54,0.98,0.24,0.42
Grains,43.45,25.16,42.77,8.27,95.29,Animal Feed,16.56,2.19,34.5,34.79,0.96,0.3,0.36
Meat,7.3,74.35,73.62,10.73,85.24,Biogas,2.49,1.09,62.9,66.89,2.82,0.86,0.35
Vegetables,44.01,93.6,26.88,9.76,96.19,Animal Feed,16.93,8.24,17.13,12.74,1.51,0.48,1.24
Mixed,26.1,40.33,40.45,21.94,86.84,Compost,9.07,2.11,18.51,4.66,0.62,0.35,1.17
Vegetables,6.98,90.99,42.41,0.1,93.39,Animal Feed,2.61,1.27,42.31,50.68,1.6,0.56,1.18
Mixed,1.69,69.8,93.07,2.59,85.81,Animal Feed,0.58,0.24,90.48,106.5,1.95,0.24,1.08
Fruits,7.3,43.61,57.0,7.9,97.2,Animal Feed,2.84,0.64,49.1,52.6,1.06,0.28,0.79
Grains,31.61,27.39,5.84,3.58,95.02,Animal Feed,12.01,1.73,2.26,-0.16,0.98,0.29,0.45
Vegetables,41.79,81.81,88.78,9.89,95.04,Animal Feed,15.89,6.84,78.9,86.77,1.58,0.57,0.96
Grains,17.27,25.85,22.13,19.94,97.37,Compost,6.72,0.89,2.19,-13.32,0.91,0.21,0.4
Grains,13.36,10.77,43.98,22.6,99.45,Compost,5.32,0.29,21.39,7.59,1.06,0.33,0.42
Grains,19.36,26.85,85.36,14.79,99.99,Compost,7.75,1.04,70.57,72.85,1.02,0.31,0.44
Vegetables,38.63,92.99,94.26,20.5,93.41,Biogas,14.44,7.19,73.76,72.1,1.75,0.43,1.38
Grains,39.21,26.26,0.86,9.68,99.46,Animal Feed,15.6,2.06,-8.82,-18.33,1.01,0.3,0.39
Vegetables,38.29,71.19,66.27,2.22,92.13,Animal Feed,14.11,5.45,64.05,75.09,1.56,0.43,1.46
Vegetables,21.81,91.43,49.72,12.31,95.63,Biogas,8.34,3.99,37.42,35.05,1.49,0.35,1.22
Vegetables,44.07,90.07,14.4,27.98,96.33,Biogas,16.98,7.94,-13.58,-38.68,1.35,0.68,1.33
Vegetables,33.17,85.17,7.61,12.42,96.37,Biogas,12.79,5.65,-4.82,-15.72,1.43,0.57,1.32
Fruits,16.45,61.7,17.35,15.14,88.8,Biogas,5.84,2.03,2.22,-9.45,1.64,0.49,0.85
Grains,15.5,28.39,83.23,7.64,95.04,Animal Feed,5.89,0.88,75.59,84.59,1.04,0.27,0.45
Vegetables,8.12,75.0,0.18,26.22,92.67,Biogas,3.01,1.22,-26.04,-52.23,1.31,0.54,1.3
Vegetables,33.11,73.79,6.72,22.19,90.62,Biogas,12.0,4.89,-15.47,-36.32,1.46,0.66,0.92
Fruits,3.03,56.91,69.29,29.0,90.03,Compost,1.09,0.34,40.29,25.14,1.77,0.54,1.17
Vegetables,28.27,87.48,20.51,15.18,95.92,Biogas,10.85,4.95,5.33,-5.75,1.81,0.36,1.4
Fruits,43.56,73.79,11.1,24.52,92.55,Biogas,16.13,6.43,-13.42,-35.72,1.74,0.39,0.56
Vegetables,38.58,90.36,17.7,3.92,98.92,Animal Feed,15.26,6.97,13.78,13.4,1.58,0.66,0.87
Vegetables,46.76,74.11,40.45,24.49,97.24,Biogas,18.19,6.93,15.96,-0.45,1.68,0.38,0.84
Vegetables,41.72,86.43,69.22,19.73,92.2,Biogas,15.39,7.21,49.49,43.6,1.57,0.48,1.26
Vegetables,43.9,89.25,94.67,26.89,95.1,Biogas,16.7,7.84,67.78,59.82,1.31,0.63,1.6
Vegetables,13.88,94.54,47.62,24.99,92.37,Biogas,5.13,2.62,22.62,7.15,1.53,0.54,1.17
Vegetables,16.22,93.01,5.73,2.63,90.79,Animal Feed,5.89,3.02,3.1,1.61,1.42,0.52,1.8
Vegetables,7.57,81.95,24.75,12.58,96.09,Biogas,2.91,1.24,12.17,4.53,1.59,0.69,1.01
Mixed,10.93,58.6,54.85,26.96,93.18,Compost,4.07,1.28,27.88,11.89,1.11,0.31,0.71
Grains,7.65,12.32,75.82,14.14,99.56,Compost,3.05,0.19,61.69,62.71,1.08,0.3,0.39
Vegetables,12.81,79.93,95.39,17.33,91.11,Biogas,4.67,2.05,78.06,79.81,1.7,0.5,0.93
Grains,12.89,13.92,5.83,10.53,98.29,Compost,5.07,0.36,-4.7,-14.06,0.97,0.35,0.49
Meat,34.55,51.33,81.44,0.89,87.38,Donation,12.07,3.55,80.56,95.96,3.22,0.77,0.59
Vegetables,14.78,93.13,40.0,29.83,97.96,Biogas,5.79,2.75,10.16,-11.67,1.47,0.6,1.26
Fruits,48.73,78.99,78.33,6.39,93.97,Animal Feed,18.32,7.7,71.95,81.23,1.28,0.39,0.93
Meat,39.48,67.91,19.73,7.3,93.5,Biogas,14.77,5.36,12.43,9.07,3.59,0.55,0.59
Vegetables,36.1,85.24,67.18,3.7,90.7,Animal Feed,13.1,6.16,63.48,73.21,1.9,0.42,1.38
Mixed,4.94,73.38,7.75,27.46,89.74,Biogas,1.77,0.72,-19.71,-45.62,1.55,0.35,0.55
Vegetables,6.46,87.04,99.3,13.43,92.17,Biogas,2.38,1.12,85.87,92.3,1.67,0.44,1.19
Mixed,19.9,55.65,53.86,1.84,96.46,Animal Feed,7.68,2.21,52.02,60.95,0.98,0.21,0.82
Vegetables,46.84,88.55,67.99,18.25,96.86,Biogas,18.15,8.3,49.74,45.09,1.47,0.35,1.13
Meat,18.92,74.67,2.11,19.53,85.67,Biogas,6.48,2.83,-17.42,-36.53,2.32,1.23,0.47
Vegetables,6.65,75.63,68.7,24.13,94.76,Biogas,2.52,1.01,44.57,34.19,1.81,0.32,1.3
Grains,10.92,12.21,47.05,23.65,99.3,Compost,4.34,0.27,23.4,9.16,0.9,0.32,0.46
Grains,2.4,28.98,18.0,4.35,99.3,Animal Feed,0.95,0.14,13.65,12.9,1.04,0.23,0.38
Vegetables,27.98,87.09,47.72,23.11,93.14,Biogas,10.42,4.87,24.61,11.04,1.1,0.56,1.13
Grains,47.6,11.1,52.38,4.15,96.46,Animal Feed,18.37,1.06,48.23,54.55,1.02,0.34,0.36
Vegetables,26.61,94.9,46.67,20.68,93.64,Biogas,9.97,5.05,25.99,14.64,1.5,0.38,1.33
Mixed,10.83,76.95,82.19,21.03,97.09,Biogas,4.2,1.67,61.16,56.56,0.66,0.31,0.74
Vegetables,22.82,84.45,57.43,18.58,91.7,Biogas,8.37,3.85,38.85,31.75,1.7,0.61,1.23
Vegetables,38.17,86.56,16.09,27.57,98.39,Biogas,15.02,6.61,-11.49,-35.84,1.69,0.57,1.45
Vegetables,48.25,80.05,47.04,27.4,91.46,Biogas,17.65,7.72,19.64,1.65,1.54,0.53,1.25
Grains,7.52,20.39,79.42,23.99,98.18,Compost,2.95,0.31,55.43,47.32,1.1,0.29,0.43
Vegetables,1.84,84.54,2.82,2.66,97.89,Animal Feed,0.72,0.31,0.16,-1.94,1.77,0.52,1.5
Meat,38.38,63.55,66.79,14.35,90.9,Biogas,13.95,4.88,52.44,51.44,3.6,0.83,0.52
Grains,28.59,25.26,17.71,29.49,96.59,Compost,11.05,1.44,-11.78,-37.73,0.86,0.22,0.38
Grains,6.35,23.41,17.27,11.04,98.7,Compost,2.51,0.3,6.23,-1.35,1.15,0.41,0.4
Vegetables,19.97,84.07,25.27,6.02,94.43,Animal Feed,7.54,3.36,19.25,18.28,1.51,0.76,1.03
Meat,41.18,68.01,60.51,1.41,91.44,Biogas,15.06,5.6,59.1,69.8,2.79,1.22,0.4
Mixed,4.92,62.62,48.79,26.94,89.24,Biogas,1.76,0.62,21.86,4.68,1.23,0.47,0.68
Grains,4.41,14.01,33.3,9.57,97.15,Animal Feed,1.71,0.12,23.73,20.82,1.03,0.27,0.33
Vegetables,44.25,87.32,91.17,20.02,96.23,Biogas,17.03,7.73,71.15,69.36,1.19,0.66,0.97
Vegetables,21.35,87.27,7.02,13.3,91.41,Biogas,7.81,3.73,-6.28,-18.17,1.65,0.7,0.99
Vegetables,25.41,82.61,88.88,24.16,97.85,Biogas,9.95,4.2,64.72,58.33,1.68,0.48,1.24
Vegetables,9.34,77.53,59.84,5.68,92.27,Animal Feed,3.45,1.45,54.16,60.45,1.73,0.63,1.56
Meat,22.25,61.81,12.68,22.05,94.97,Biogas,8.45,2.75,-9.37,-28.89,2.63,0.69,0.58
Mixed,21.72,52.9,89.69,17.71,92.2,Compost,8.01,2.3,71.98,72.21,1.31,0.34,0.52
Vegetables,17.16,85.68,91.47,1.8,94.81,Donation,6.51,2.94,89.67,106.17,1.74,0.57,1.26
Vegetables,15.73,74.61,12.73,2.89,93.12,Animal Feed,5.86,2.35,9.84,9.5,1.5,0.44,1.18
Vegetables,24.59,78.35,6.15,28.58,99.35,Biogas,9.77,3.85,-22.43,-49.77,1.54,0.43,1.34
Vegetables,12.81,81.6,75.73,21.81,97.56,Biogas,5.0,2.09,53.92,47.25,1.39,0.49,1.32
Grains,34.86,10.76,3.98,7.84,97.21,Animal Feed,13.55,0.75,-3.86,-10.9,0.99,0.37,0.33
Vegetables,20.32,94.17,81.13,27.25,96.98,Biogas,7.88,3.83,53.88,42.86,1.34,0.46,1.56
Mixed,5.85,79.58,10.91,23.48,84.05,Compost,1.97,0.93,-12.57,-33.88,0.7,0.29,0.99
Grains,1.11,18.29,37.92,16.31,97.58,Compost,0.43,0.04,21.61,12.88,1.17,0.31,0.35
Grains,3.36,16.31,86.56,24.41,95.63,Compost,1.28,0.11,62.15,55.05,1.09,0.3,0.35
Grains,24.19,15.3,10.86,29.67,96.44,Compost,9.33,0.74,-18.8,-46.29,1.09,0.27,0.36
Mixed,28.05,71.18,35.28,20.98,93.46,Biogas,10.49,3.99,14.31,0.39,0.93,0.41,1.11
Fruits,38.82,68.92,29.3,28.02,89.22,Biogas,13.85,5.35,1.27,-20.89,0.72,0.37,0.47
Mixed,8.64,77.02,6.94,1.4,92.65,Animal Feed,3.2,1.33,5.54,5.52,1.19,0.44,0.83
Vegetables,15.51,76.48,61.29,14.86,97.28,Biogas,6.04,2.37,46.43,43.82,1.86,0.54,1.17
Grains,35.44,13.44,96.72,24.81,98.76,Compost,14.0,0.95,71.91,66.44,1.03,0.33,0.41
Meat,6.46,70.76,34.56,9.31,87.53,Biogas,2.26,0.91,25.25,22.86,3.05,0.6,0.64
Fruits,38.69,63.56,93.6,10.55,91.96,Biogas,14.23,4.92,83.05,91.22,1.19,0.42,1.12
Mixed,15.93,44.9,51.68,11.29,83.44,Compost,5.32,1.43,40.39,39.44,1.93,0.59,0.61
Grains,42.1,26.78,90.49,25.14,98.63,Compost,16.61,2.25,65.35,58.3,1.01,0.33,0.43
Vegetables,26.45,86.48,98.81,29.32,99.88,Biogas,10.57,4.57,69.49,59.94,1.11,0.5,1.1
Vegetables,1.0,84.67,72.2,10.36,98.67,Biogas,0.4,0.17,61.84,65.92,1.59,0.48,1.41
Vegetables,24.03,90.88,55.79,28.08,91.01,Biogas,8.75,4.37,27.71,10.79,1.18,0.65,1.42
Grains,32.09,22.0,4.07,4.17,98.61,Animal Feed,12.66,1.41,-0.09,-3.44,1.01,0.28,0.34
Vegetables,44.22,91.39,23.67,29.88,90.64,Biogas,16.03,8.08,-6.21,-31.36,1.6,0.56,1.13
Vegetables,37.22,80.43,20.55,13.46,91.36,Biogas,13.6,5.99,7.1,-2.25,1.67,0.38,1.41
Grains,21.23,13.96,27.27,2.36,97.31,Animal Feed,8.26,0.59,24.91,27.99,0.84,0.27,0.42
Vegetables,13.28,74.99,68.84,7.09,92.14,Animal Feed,4.9,1.99,61.75,68.43,1.35,0.4,1.12
Vegetables,4.32,82.5,65.06,17.77,98.42,Biogas,1.7,0.71,47.29,42.53,1.37,0.51,1.06
Fruits,43.45,42.58,27.92,22.91,86.5,Compost,15.03,3.7,5.01,-12.31,1.3,0.41,0.7
Grains,27.82,22.18,65.99,5.69,95.52,Animal Feed,10.63,1.23,60.3,67.81,1.05,0.41,0.37
Vegetables,2.01,92.82,58.01,19.69,93.46,Biogas,0.75,0.37,38.32,30.24,1.49,0.41,1.67
Grains,22.22,22.87,32.91,7.16,96.52,Animal Feed,8.58,1.02,25.75,25.18,0.7,0.2,0.34
Vegetables,25.79,83.43,18.99,29.24,93.36,Biogas,9.63,4.3,-10.25,-35.69,1.51,0.54,1.23
Fruits,24.09,50.94,18.25,21.15,84.01,Compost,8.1,2.45,-2.9,-20.4,1.49,0.54,1.07
Meat,18.15,62.08,99.81,15.95,93.33,Biogas,6.78,2.25,83.86,87.88,4.17,1.09,0.39
Vegetables,35.98,85.52,31.82,24.79,92.33,Biogas,13.29,6.15,7.03,-11.4,1.44,0.45,1.68
Grains,38.22,18.29,25.72,12.98,99.71,Compost,15.24,1.4,12.74,4.9,1.04,0.19,0.47
Grains,2.77,19.06,86.17,11.03,97.4,Compost,1.08,0.11,75.14,81.35,0.66,0.31,0.5
Grains,29.0,14.05,15.38,14.62,96.97,Compost,11.25,0.82,0.75,-10.79,0.92,0.39,0.41
Meat,32.52,72.13,58.78,23.77,92.5,Biogas,12.03,4.69,35.02,23.01,3.39,0.75,0.57
Grains,21.36,22.93,79.76,15.32,95.72,Compost,8.18,0.98,64.44,65.07,1.1,0.35,0.31
Vegetables,46.01,89.19,77.5,16.05,95.85,Biogas,17.64,8.21,61.45,60.9,1.52,0.55,1.19
Grains,14.76,13.91,52.34,11.54,96.37,Compost,5.69,0.41,40.8,39.73,1.1,0.26,0.42
Vegetables,26.15,77.94,74.8,21.39,94.29,Biogas,9.86,4.08,53.41,46.98,1.4,0.57,1.48
Fruits,10.88,84.78,12.77,5.46,88.56,Animal Feed,3.86,1.85,7.32,4.42,1.49,0.52,0.72
Meat,1.24,72.25,12.63,27.65,91.33,Biogas,0.45,0.18,-15.02,-40.14,2.3,0.62,0.43
Meat,17.48,51.77,88.58,5.42,88.26,Compost,6.17,1.81,83.16,95.46,3.27,0.88,0.5
Grains,35.82,11.36,48.02,18.24,96.86,Compost,13.88,0.81,29.78,21.14,1.18,0.2,0.45
Vegetables,6.19,73.49,15.91,18.43,95.27,Biogas,2.36,0.91,-2.52,-17.77,1.41,0.6,1.23
Grains,5.11,16.29,63.02,5.97,95.03,Animal Feed,1.94,0.17,57.05,63.68,1.13,0.24,0.34
Vegetables,16.47,90.64,9.13,6.19,93.99,Animal Feed,6.19,2.98,2.94,-1.43,1.32,0.25,1.17
Vegetables,25.89,70.75,70.77,11.74,92.84,Biogas,9.61,3.66,59.03,61.45,1.83,0.34,1.44
Mixed,48.3,75.99,37.39,8.68,97.18,Animal Feed,18.78,7.34,28.71,27.5,1.4,0.32,1.03
Mixed,11.28,74.14,14.29,27.64,92.14,Biogas,4.16,1.67,-13.34,-38.12,0.92,0.36,0.43
Mixed,36.89,78.22,56.34,19.63,81.49,Compost,12.02,5.77,36.71,28.34,0.73,0.29,0.54
Vegetables,7.45,70.89,77.81,4.3,97.61,Animal Feed,2.91,1.06,73.51,84.78,1.55,0.39,1.06
Grains,37.49,21.48,86.91,10.51,97.77,Compost,14.66,1.61,76.4,83.27,0.97,0.28,0.38
Grains,13.66,27.53,38.04,13.97,98.21,Compost,5.37,0.75,24.07,17.71,1.01,0.41,0.34
Vegetables,21.12,77.87,33.96,12.05,90.78,Biogas,7.67,3.29,21.91,16.65,1.59,0.47,1.29
Meat,29.32,63.2,66.81,28.72,90.76,Biogas,10.64,3.71,38.09,22.73,3.06,1.29,0.55
Mixed,21.67,41.61,51.4,3.09,80.2,Animal Feed,6.95,1.8,48.3,55.49,1.04,0.39,0.56
Fruits,39.22,57.39,54.59,9.89,96.39,Animal Feed,15.12,4.5,44.7,45.73,1.34,0.45,0.7
Vegetables,9.39,91.57,36.16,28.47,96.07,Biogas,3.61,1.72,7.68,-13.56,1.49,0.34,1.18
Vegetables,17.48,76.82,65.41,23.65,95.65,Biogas,6.69,2.69,41.76,31.19,1.68,0.47,1.21
Grains,43.62,15.53,75.49,15.1,95.96,Compost,16.74,1.35,60.39,60.38,0.91,0.33,0.37
Vegetables,37.77,88.76,93.35,1.55,95.23,Donation,14.39,6.7,91.8,108.93,1.42,0.56,0.88
Vegetables,14.96,85.8,93.43,24.89,96.51,Biogas,5.78,2.57,68.54,62.33,1.37,0.44,1.21
Grains,6.97,22.59,93.65,2.07,96.76,Donation,2.7,0.32,91.59,108.25,1.01,0.21,0.31
Vegetables,30.79,92.09,49.99,21.8,99.18,Biogas,12.21,5.67,28.2,16.4,1.4,0.51,1.34
Vegetables,2.23,84.46,82.42,0.59,98.35,Donation,0.88,0.38,81.82,97.71,1.46,0.71,1.41
Mixed,27.03,82.84,43.93,18.12,93.76,Biogas,10.14,4.48,25.81,16.48,1.12,0.37,0.54
Grains,3.76,29.51,67.94,19.85,97.13,Compost,1.46,0.22,48.09,41.82,0.92,0.28,0.42
Mixed,16.71,44.9,29.7,11.56,95.56,Compost,6.39,1.5,18.14,12.52,0.86,0.33,0.57
Vegetables,23.06,79.62,67.37,9.7,97.75,Animal Feed,9.02,3.67,57.67,61.44,1.49,0.6,1.1
Meat,25.97,54.72,18.0,12.88,86.74,Compost,9.01,2.84,5.13,-4.15,3.5,1.2,0.52
Fruits,42.88,69.74,46.61,23.29,97.95,Biogas,16.8,5.98,23.32,9.35,2.2,0.3,0.75
Vegetables,44.14,84.23,20.09,5.85,97.49,Animal Feed,17.21,7.44,14.24,12.41,1.72,0.54,1.28
Fruits,6.55,70.87,94.52,25.84,89.6,Biogas,2.35,0.93,68.68,61.74,1.43,0.25,0.39
Fruits,20.92,44.81,30.49,26.91,97.96,Compost,8.2,1.88,3.59,-17.22,1.22,0.28,0.82
Mixed,21.09,43.16,47.11,8.32,91.94,Animal Feed,7.76,1.82,38.79,39.9,0.68,0.5,0.96
Vegetables,17.56,75.63,7.34,26.85,98.51,Biogas,6.92,2.66,-19.51,-44.89,1.47,0.43,1.27
Grains,32.96,27.64,25.74,22.98,99.41,Compost,13.11,1.82,2.76,-15.07,1.07,0.23,0.37
Mixed,4.54,40.68,97.15,29.31,94.81,Compost,1.72,0.37,67.83,57.95,0.76,0.32,0.69
Vegetables,48.22,77.5,35.37,5.87,98.54,Animal Feed,19.01,7.47,29.5,30.7,1.28,0.56,1.1
Mixed,11.5,84.63,39.37,14.51,81.95,Compost,3.77,1.95,24.86,18.23,0.71,0.58,0.83
Grains,32.36,29.21,47.72,7.78,98.28,Animal Feed,12.72,1.89,39.94,41.7,0.92,0.24,0.34
Vegetables,42.26,91.49,73.78,1.06,96.28,Animal Feed,16.28,7.73,72.72,86.41,1.18,0.68,1.43
Meat,36.28,52.47,82.16,5.54,86.5,Compost,12.55,3.81,76.62,87.51,3.26,1.06,0.64
Vegetables,8.94,81.31,68.36,3.98,95.23,Animal Feed,3.4,1.45,64.38,74.07,1.59,0.57,0.86
Vegetables,23.55,79.4,50.36,2.84,98.29,Animal Feed,9.26,3.74,47.51,54.74,1.56,0.53,1.46
Meat,3.92,56.94,96.11,22.83,85.95,Compost,1.35,0.45,73.28,69.68,4.08,1.09,0.53
Vegetables,27.83,81.45,8.3,22.4,95.66,Biogas,10.65,4.53,-14.1,-34.84,1.6,0.67,1.32
Vegetables,2.28,82.97,71.16,6.31,95.81,Animal Feed,0.88,0.38,64.85,72.77,1.5,0.45,1.07
Meat,16.23,61.95,16.04,1.44,93.92,Biogas,6.1,2.01,14.6,16.36,3.03,1.12,0.56
Grains,21.12,28.18,94.18,16.2,96.75,Compost,8.17,1.19,77.98,80.62,1.07,0.18,0.37
Fruits,26.76,74.74,44.94,3.35,80.93,Animal Feed,8.66,4.0,41.59,47.23,1.45,0.41,1.08
Meat,7.43,54.81,50.34,11.02,86.26,Compost,2.56,0.81,39.33,38.38,2.65,0.91,0.5
Grains,21.94,26.45,72.18,12.15,95.15,Compost,8.35,1.16,60.03,62.31,0.8,0.28,0.43
Vegetables,31.15,89.22,31.33,21.91,94.5,Biogas,11.78,5.56,9.42,-6.23,1.36,0.49,1.48
Grains,23.58,11.13,30.49,8.69,99.83,Animal Feed,9.41,0.52,21.8,19.21,0.95,0.32,0.43
Grains,42.46,28.69,18.75,20.97,96.34,Compost,16.37,2.44,-2.22,-19.44,1.15,0.34,0.38
Fruits,44.0,70.15,62.59,12.39,86.25,Biogas,15.18,6.17,50.2,50.33,0.78,0.49,0.88
Mixed,41.93,79.71,63.58,14.12,96.26,Biogas,16.14,6.68,49.47,48.06,1.51,0.37,0.7
Vegetables,48.55,71.38,41.72,21.93,99.46,Biogas,19.31,6.93,19.79,6.21,1.52,0.46,0.99
Vegetables,49.32,88.73,93.04,14.6,97.9,Biogas,19.31,8.75,78.44,82.44,1.49,0.4,1.19
Grains,32.86,28.74,22.93,16.46,95.25,Compost,12.52,1.89,6.47,-5.4,0.88,0.29,0.37
Vegetables,20.86,93.55,81.7,15.46,91.56,Biogas,7.64,3.9,66.24,67.12,1.21,0.43,1.53
Fruits,39.47,47.07,86.91,5.99,84.42,Animal Feed,13.33,3.72,80.92,92.32,1.3,0.27,0.68
Grains,2.68,10.38,53.37,9.25,97.26,Animal Feed,1.04,0.06,44.12,45.55,0.91,0.32,0.38
Meat,40.4,51.65,47.67,5.04,86.93,Compost,14.05,4.17,42.63,47.13,3.18,0.96,0.59
Mixed,46.23,40.09,2.88,23.71,89.91,Compost,16.63,3.71,-20.83,-43.96,1.14,0.5,0.4
Grains,27.02,15.11,90.46,3.48,98.92,Donation,10.69,0.82,86.99,101.6,0.89,0.31,0.47
Meat,28.37,55.78,9.03,28.64,86.32,Compost,9.8,3.16,-19.61,-46.45,3.39,0.91,0.56
Vegetables,30.74,90.08,10.18,21.69,91.33,Biogas,11.23,5.54,-11.52,-31.17,1.74,0.48,1.22
Vegetables,22.73,76.21,86.65,5.58,94.21,Animal Feed,8.57,3.46,81.06,92.81,1.52,0.48,1.02
Vegetables,7.72,79.54,65.19,0.47,99.87,Animal Feed,3.08,1.23,64.71,77.28,1.86,0.53,1.13
Mixed,48.58,81.62,70.82,23.87,89.03,Biogas,17.3,7.93,46.95,37.25,1.04,0.27,0.49
Vegetables,20.84,93.94,33.24,11.13,92.5,Biogas,7.71,3.92,22.11,17.63,1.79,0.47,1.18
Vegetables,1.07,84.39,22.74,26.84,93.02,Biogas,0.4,0.18,-4.09,-26.38,1.26,0.53,1.12
Vegetables,44.07,90.07,55.65,6.24,93.1,Animal Feed,16.41,7.94,49.42,54.31,1.62,0.46,1.18
Vegetables,8.88,89.05,2.84,13.83,90.01,Biogas,3.2,1.58,-10.99,-24.26,1.33,0.49,0.8
Grains,13.14,25.31,86.93,16.41,96.86,Compost,5.09,0.66,70.52,71.49,1.07,0.32,0.48
Vegetables,41.31,89.58,98.02,15.97,99.72,Biogas,16.48,7.4,82.05,85.69,1.54,0.42,1.61
Grains,18.01,15.98,46.08,22.96,96.68,Compost,6.97,0.58,23.13,9.39,0.99,0.29,0.34
Grains,23.69,14.63,55.44,3.88,99.26,Animal Feed,9.41,0.69,51.56,58.76,0.86,0.29,0.38
Grains,42.37,21.45,47.63,3.06,96.48,Animal Feed,16.35,1.82,44.57,51.03,0.9,0.34,0.47
Vegetables,40.94,82.0,95.9,24.59,99.63,Biogas,16.32,6.71,71.31,65.91,1.33,0.42,1.45
Grains,9.28,13.5,58.88,14.32,97.46,Compost,3.62,0.25,44.56,42.01,0.9,0.27,0.36
Vegetables,19.1,93.87,5.25,6.62,99.51,Animal Feed,7.6,3.59,-1.37,-6.94,1.9,0.59,1.34
Vegetables,19.9,91.26,26.27,15.61,99.83,Biogas,7.95,3.63,10.66,0.31,1.33,0.62,1.36
Meat,25.37,52.21,62.94,19.21,92.41,Compost,9.38,2.65,43.73,37.1,2.89,0.97,0.42
Vegetables,48.26,90.61,75.03,24.02,91.1,Biogas,17.59,8.75,51.01,41.99,1.49,0.42,1.46
Vegetables,33.43,91.57,99.19,27.03,93.23,Biogas,12.47,6.12,72.16,64.97,1.26,0.4,1.26
Vegetables,38.73,93.42,29.3,2.51,99.06,Animal Feed,15.35,7.24,26.79,30.15,1.34,0.52,1.27
Grains,3.68,29.97,82.99,29.38,96.79,Compost,1.43,0.22,53.61,40.83,0.9,0.29,0.44
Vegetables,8.64,71.06,54.79,13.39,92.6,Biogas,3.2,1.23,41.39,38.96,1.27,0.45,1.3
Vegetables,31.3,82.56,72.9,12.55,93.35,Biogas,11.69,5.17,60.34,62.37,1.28,0.6,1.28
Meat,40.65,58.15,29.54,28.13,92.05,Compost,14.97,4.73,1.4,-20.82,3.06,1.26,0.47
Grains,18.31,18.39,21.1,3.62,96.74,Animal Feed,7.09,0.67,17.48,18.08,0.95,0.2,0.34
Grains,5.66,15.13,34.27,25.82,97.26,Compost,2.2,0.17,8.46,-10.51,1.02,0.29,0.34
Meat,49.65,63.22,54.59,2.42,90.75,Biogas,18.02,6.28,52.16,60.66,2.93,1.12,0.29
Meat,49.28,51.64,69.34,1.32,93.01,Compost,18.33,5.09,68.01,80.56,3.48,0.85,0.44
Grains,1.07,21.09,93.16,21.76,97.31,Compost,0.42,0.05,71.4,68.27,1.02,0.32,0.38
Grains,28.39,17.96,96.98,7.18,97.93,Animal Feed,11.12,1.02,89.8,102.02,0.91,0.28,0.42
Grains,2.11,21.01,39.31,10.09,96.91,Compost,0.82,0.09,29.22,26.99,0.81,0.22,0.35
Grains,42.97,13.86,47.27,2.23,98.04,Animal Feed,16.85,1.19,45.04,52.26,0.99,0.3,0.39
Grains,16.21,29.86,15.67,12.06,98.15,Compost,6.36,0.97,3.61,-5.32,0.96,0.29,0.44
Vegetables,32.58,74.57,73.23,21.33,99.53,Biogas,12.97,4.86,51.9,45.21,1.59,0.56,0.88
Vegetables,49.92,93.2,22.35,1.02,91.2,Animal Feed,18.21,9.3,21.34,24.79,1.12,0.54,1.27
Vegetables,2.87,73.53,60.03,4.68,96.36,Animal Feed,1.11,0.42,55.35,62.68,1.64,0.48,1.53
Vegetables,35.93,79.12,11.55,25.15,93.49,Biogas,13.44,5.69,-13.6,-36.44,1.58,0.37,1.17
Vegetables,24.11,76.53,66.78,15.98,99.36,Biogas,9.58,3.69,50.79,48.17,1.77,0.55,1.52
Vegetables,35.75,82.32,63.17,1.77,96.34,Animal Feed,13.78,5.88,61.4,72.26,1.29,0.73,1.05
Grains,26.63,16.16,92.45,21.07,99.1,Compost,10.56,0.86,71.38,68.8,0.92,0.28,0.49
Mixed,24.16,60.38,57.99,13.83,89.55,Biogas,8.65,2.92,44.16,41.93,1.53,0.55,0.9
Mixed,42.66,71.35,24.94,13.51,86.89,Biogas,14.83,6.09,11.43,2.9,1.0,0.44,1.21
Vegetables,25.52,88.01,41.75,1.99,90.37,Animal Feed,9.22,4.49,39.75,46.11,2.04,0.56,1.36
Grains,26.04,16.66,45.85,14.33,96.17,Compost,10.02,0.87,31.52,26.36,1.08,0.28,0.37
Grains,18.76,28.4,58.33,26.63,97.48,Compost,7.32,1.07,31.7,16.74,0.94,0.3,0.48
Meat,43.5,51.49,44.86,23.32,88.18,Compost,15.34,4.48,21.54,7.19,3.78,1.22,0.37
Vegetables,11.86,77.27,37.0,27.16,91.82,Biogas,4.36,1.83,9.84,-9.92,1.38,0.44,1.14
Grains,49.35,20.8,70.0,29.6,99.81,Compost,19.7,2.05,40.39,24.79,0.99,0.27,0.35
Fruits,28.13,43.83,83.73,4.51,86.56,Donation,9.74,2.47,79.22,91.45,1.12,0.34,0.67
Vegetables,13.79,77.4,46.77,5.53,93.61,Animal Feed,5.17,2.14,41.23,45.05,1.21,0.4,1.16
Vegetables,14.97,73.12,16.41,11.92,97.21,Biogas,5.82,2.19,4.49,-4.14,1.41,0.63,1.02
Grains,3.01,23.09,52.67,8.96,98.71,Animal Feed,1.19,0.14,43.72,45.3,1.16,0.3,0.46
Fruits,41.66,57.65,64.57,7.98,85.93,Animal Feed,14.32,4.8,56.6,61.53,1.15,0.51,1.18
Mixed,49.33,63.67,94.52,7.34,90.1,Animal Feed,17.78,6.28,87.18,98.74,1.0,0.33,1.37
Vegetables,46.55,75.33,91.46,6.63,97.49,Animal Feed,18.15,7.01,84.83,96.49,1.89,0.41,1.08
Fruits,26.12,63.19,42.67,14.37,86.73,Biogas,9.06,3.3,28.3,22.47,1.42,0.37,0.65
Meat,18.25,60.16,28.16,7.66,94.06,Biogas,6.87,2.2,20.5,18.47,2.29,1.16,0.63
Vegetables,32.42,77.33,96.6,14.2,95.56,Biogas,12.39,5.01,82.4,87.52,1.71,0.47,1.32
Vegetables,3.7,78.47,43.55,8.12,92.59,Animal Feed,1.37,0.58,35.43,36.02,1.6,0.57,1.24
Grains,31.28,17.86,62.04,9.5,99.68,Animal Feed,12.47,1.12,52.54,55.45,1.09,0.35,0.42
Meat,12.28,64.92,82.38,14.96,89.02,Biogas,4.37,1.59,67.43,68.94,2.86,0.78,0.43
Vegetables,25.74,88.86,89.31,16.68,90.18,Biogas,9.29,4.58,72.63,73.81,1.43,0.38,1.75
Vegetables,20.05,85.53,17.77,27.8,90.46,Biogas,7.25,3.43,-10.03,-34.28,1.41,0.69,1.08
Meat,36.47,51.1,32.18,25.56,90.23,Compost,13.16,3.73,6.62,-12.51,2.47,0.62,0.62
Vegetables,31.64,79.86,97.47,7.47,96.66,Animal Feed,12.23,5.05,90.0,102.02,1.38,0.43,1.26
Vegetables,29.93,80.5,64.65,3.79,97.62,Animal Feed,11.69,4.82,60.85,69.99,1.51,0.62,1.83
Grains,24.94,26.4,68.9,27.79,95.69,Compost,9.55,1.32,41.11,27.1,1.02,0.29,0.44
Vegetables,5.44,90.06,91.49,5.29,98.04,Animal Feed,2.13,0.98,86.2,99.2,1.52,0.62,1.57
Grains,3.44,12.82,3.7,7.93,97.19,Animal Feed,1.34,0.09,-4.24,-11.43,1.06,0.34,0.35
Vegetables,21.58,73.5,84.22,24.14,94.89,Biogas,8.19,3.17,60.08,52.78,1.43,0.52,1.25
Vegetables,35.74,88.86,21.24,14.47,92.06,Biogas,13.16,6.35,6.77,-3.45,1.47,0.61,1.31
Grains,48.76,26.49,37.97,14.78,98.81,Compost,19.27,2.58,23.19,16.01,1.19,0.27,0.35
Vegetables,30.06,78.95,85.49,0.22,95.62,Donation,11.5,4.75,85.27,102.14,1.5,0.66,1.34
Vegetables,27.89,93.53,49.32,13.23,96.8,Biogas,10.8,5.22,36.09,32.72,1.7,0.39,1.17
Meat,21.25,57.97,71.19,1.2,85.9,Compost,7.3,2.46,69.99,83.03,2.96,0.88,0.57
Grains,43.24,19.1,11.01,3.79,97.61,Animal Feed,16.88,1.65,7.22,5.63,0.8,0.18,0.39
Vegetables,39.84,76.88,3.91,8.73,99.48,Animal Feed,15.85,6.13,-4.82,-12.77,1.62,0.6,1.33
Vegetables,28.92,72.91,75.54,1.81,94.79,Animal Feed,10.96,4.22,73.73,87.03,1.52,0.42,1.3
Vegetables,14.73,89.9,15.79,16.73,98.5,Biogas,5.8,2.65,-0.95,-14.52,1.46,0.49,1.28
Fruits,4.41,43.77,81.64,22.51,84.92,Compost,1.5,0.39,59.12,52.94,1.49,0.29,0.9
Grains,6.69,29.76,41.88,2.88,97.45,Animal Feed,2.61,0.4,39.0,44.5,1.01,0.3,0.39
Mixed,42.34,53.95,61.37,7.65,93.56,Animal Feed,15.85,4.57,53.71,58.34,1.53,0.32,0.95
Meat,8.54,66.72,69.27,14.79,88.26,Biogas,3.01,1.14,54.48,53.55,2.39,1.14,0.38
Vegetables,8.15,78.53,66.43,5.38,96.35,Animal Feed,3.14,1.28,61.05,68.96,1.86,0.43,1.3
Vegetables,27.03,77.23,12.36,19.26,96.62,Biogas,10.45,4.18,-6.9,-23.69,1.65,0.51,1.11
Grains,33.54,20.84,94.11,24.91,98.73,Compost,13.25,1.4,69.2,63.11,0.89,0.28,0.39
Meat,6.13,70.19,5.47,3.34,91.09,Biogas,2.23,0.86,2.12,-0.13,3.01,0.72,0.46
Grains,14.97,12.76,20.84,26.34,96.7,Compost,5.79,0.38,-5.5,-27.67,1.16,0.32,0.48
Grains,9.49,18.58,93.59,10.44,95.97,Compost,3.64,0.35,83.15,91.42,0.99,0.18,0.47
Vegetables,37.18,83.26,46.63,15.13,94.29,Biogas,14.02,6.19,31.5,25.69,1.25,0.38,1.27
Grains,13.86,19.45,40.09,11.11,97.23,Compost,5.39,0.54,28.98,25.89,1.01,0.3,0.42
Meat,30.8,65.01,8.58,10.18,86.24,Biogas,10.62,4.0,-1.59,-10.05,3.22,1.16,0.52
Grains,34.61,11.79,15.64,5.23,99.36,Animal Feed,13.76,0.82,10.41,8.3,1.04,0.32,0.36
Vegetables,44.76,73.16,99.84,10.42,96.29,Biogas,17.24,6.55,89.42,98.97,1.51,0.38,1.3
Mixed,47.47,82.7,83.1,22.35,93.55,Biogas,17.76,7.85,60.75,55.03,1.04,0.37,0.41
Vegetables,1.83,75.93,67.17,5.08,95.67,Animal Feed,0.7,0.28,62.09,70.44,1.69,0.52,1.08
Grains,30.74,19.56,42.46,20.05,99.77,Compost,12.27,1.2,22.42,10.86,0.98,0.25,0.39
Grains,2.12,19.11,65.09,19.61,96.67,Compost,0.82,0.08,45.47,38.88,1.09,0.35,0.5
Vegetables,13.08,79.26,46.07,3.81,92.42,Animal Feed,4.83,2.07,42.25,47.66,1.68,0.66,1.27
Vegetables,27.45,78.46,10.18,20.06,98.51,Biogas,10.82,4.31,-9.88,-27.9,1.45,0.59,1.2
Fruits,15.35,46.11,3.98,13.37,88.22,Compost,5.42,1.42,-9.39,-21.97,1.23,0.44,1.07
Vegetables,16.48,90.54,21.57,4.61,96.56,Animal Feed,6.36,2.98,16.96,16.66,1.73,0.62,1.12
Grains,19.8,29.6,87.47,8.77,97.28,Animal Feed,7.71,1.17,78.7,87.42,1.05,0.26,0.38
Vegetables,16.88,75.01,91.63,10.19,94.35,Biogas,6.37,2.53,81.44,89.57,1.45,0.31,0.9
Vegetables,9.74,88.04,52.08,19.96,95.91,Biogas,3.74,1.72,32.12,22.58,1.52,0.52,1.15
Vegetables,30.48,91.63,10.41,6.11,97.28,Animal Feed,11.86,5.59,4.29,0.26,1.46,0.61,1.33
Vegetables,8.1,92.83,48.61,12.6,92.22,Biogas,2.99,1.5,36.02,33.14,1.75,0.61,1.35
Mixed,1.47,42.41,99.78,23.25,88.87,Compost,0.52,0.12,76.53,73.23,1.81,0.31,0.46
Fruits,19.06,50.78,51.71,29.69,93.82,Compost,7.15,1.94,22.03,2.68,1.27,0.54,0.5
Vegetables,31.26,87.35,85.42,21.44,92.14,Biogas,11.52,5.46,63.98,59.62,1.47,0.33,1.36
Fruits,10.78,41.56,15.01,17.0,95.31,Compost,4.11,0.9,-1.99,-15.99,0.85,0.36,0.81
Meat,27.22,72.59,87.59,27.97,86.56,Biogas,9.42,3.95,59.62,49.17,2.55,0.75,0.5
Vegetables,15.98,76.98,67.62,26.91,98.6,Biogas,6.3,2.46,40.71,27.32,1.65,0.54,1.19
Vegetables,16.34,92.82,14.61,11.85,90.48,Biogas,5.91,3.03,2.76,-6.17,1.29,0.22,0.93
Meat,18.98,57.74,68.3,22.84,92.82,Compost,7.05,2.19,45.46,36.29,3.4,1.24,0.56
Vegetables,45.72,81.18,18.41,7.69,91.61,Animal Feed,16.75,7.42,10.72,6.72,1.56,0.44,1.43
Vegetables,5.44,84.82,65.43,10.51,98.66,Biogas,2.15,0.92,54.92,57.49,1.92,0.41,1.1
Grains,11.66,29.56,60.08,12.85,95.38,Compost,4.45,0.69,47.23,46.4,1.11,0.21,0.4
Vegetables,13.25,74.56,16.54,26.79,97.83,Biogas,5.19,1.98,-10.24,-33.72,1.64,0.43,1.04
Grains,10.03,24.08,29.34,2.4,99.12,Animal Feed,3.98,0.48,26.94,30.41,1.0,0.33,0.3
Vegetables,37.82,81.47,6.36,24.22,94.05,Biogas,14.23,6.16,-17.87,-40.82,1.37,0.28,1.39
Vegetables,32.04,81.25,67.72,5.7,97.73,Animal Feed,12.53,5.21,62.02,69.87,1.19,0.45,1.31
Vegetables,46.58,74.11,54.19,12.34,92.28,Biogas,17.2,6.9,41.84,40.33,1.48,0.39,1.16
Vegetables,29.04,83.97,60.27,12.6,93.59,Biogas,10.87,4.88,47.67,47.13,1.57,0.58,1.32
Grains,5.54,25.16,5.78,22.36,97.7,Compost,2.16,0.28,-16.58,-37.79,1.01,0.32,0.4
Grains,19.11,29.37,81.78,26.4,99.7,Compost,7.62,1.12,55.38,45.34,0.88,0.23,0.42
Meat,15.38,54.77,61.93,11.03,91.24,Compost,5.61,1.69,50.91,52.27,4.03,0.96,0.37
Grains,38.67,13.74,90.89,7.98,99.6,Animal Feed,15.41,1.06,82.92,93.12,0.92,0.33,0.46
Grains,5.2,19.12,18.91,22.76,97.53,Compost,2.03,0.2,-3.85,-22.83,0.94,0.31,0.4
Grains,16.97,10.92,86.71,1.45,95.91,Donation,6.51,0.37,85.26,101.16,0.95,0.35,0.37
Mixed,23.84,83.39,41.13,29.16,89.69,Biogas,8.55,3.98,11.97,-8.97,1.34,0.37,0.9
Vegetables,21.03,85.99,46.18,7.58,99.78,Animal Feed,8.39,3.62,38.6,40.25,1.31,0.42,0.88
Fruits,5.51,71.72,12.19,1.22,89.61,Animal Feed,1.97,0.79,10.97,12.18,1.19,0.24,0.76
Meat,17.19,73.28,45.71,27.17,91.17,Biogas,6.27,2.52,18.54,0.51,3.63,1.37,0.32
Grains,6.1,21.94,98.0,29.14,98.11,Compost,2.39,0.27,68.86,59.32,0.8,0.26,0.45
Vegetables,25.35,76.49,27.88,6.91,93.68,Animal Feed,9.5,3.88,20.97,19.64,1.5,0.33,0.95
Meat,15.43,67.66,91.49,4.29,88.69,Donation,5.47,2.09,87.2,101.21,2.76,1.09,0.55
Vegetables,46.8,72.93,56.8,2.17,92.5,Animal Feed,17.32,6.83,54.64,63.83,1.32,0.54,1.17
Meat,27.33,64.31,69.35,20.05,94.94,Biogas,10.38,3.52,49.31,43.13,3.21,0.81,0.33
Fruits,44.06,65.28,27.74,16.55,85.86,Biogas,15.13,5.75,11.19,0.19,1.11,0.18,0.89
Grains,29.94,29.09,83.99,25.99,96.49,Compost,11.56,1.74,58.0,48.81,1.15,0.24,0.34
Vegetables,6.0,75.13,47.98,9.59,91.77,Animal Feed,2.2,0.9,38.39,38.4,1.33,0.42,1.05
Grains,17.86,26.29,34.48,19.35,99.75,Compost,7.13,0.94,15.12,2.66,0.94,0.29,0.38
Grains,12.9,25.35,19.72,20.36,95.66,Compost,4.94,0.65,-0.64,-17.06,0.98,0.34,0.34
Mixed,41.74,47.2,28.68,25.6,89.37,Compost,14.92,3.94,3.08,-16.78,1.24,0.4,0.58
Vegetables,41.02,94.86,53.39,23.6,98.41,Biogas,16.15,7.78,29.8,16.88,1.23,0.63,1.01
Vegetables,32.27,89.34,17.61,24.39,97.61,Biogas,12.6,5.77,-6.78,-27.64,1.44,0.29,0.98
Mixed,5.03,46.97,7.15,19.1,84.11,Compost,1.69,0.47,-11.96,-29.63,0.87,0.55,0.81
Vegetables,48.6,92.47,23.27,23.12,99.5,Biogas,19.34,8.99,0.15,-18.31,1.49,0.4,1.27
Grains,29.01,26.5,95.71,18.03,97.5,Compost,11.31,1.54,77.67,78.78,0.89,0.34,0.33
Grains,46.8,20.31,17.06,6.68,99.98,Animal Feed,18.72,1.9,10.38,7.12,1.01,0.24,0.39
Vegetables,16.68,73.37,1.61,3.15,98.09,Animal Feed,6.55,2.45,-1.54,-4.37,1.21,0.46,0.92
Fruits,42.02,77.84,32.1,3.03,87.4,Animal Feed,14.69,6.54,29.08,32.47,1.55,0.44,0.74
Meat,14.51,62.02,15.68,26.16,94.29,Biogas,5.47,1.8,-10.48,-33.51,3.28,1.35,0.54
Meat,44.65,58.53,88.95,24.33,87.76,Compost,15.67,5.23,64.63,58.09,2.97,0.99,0.56
Grains,49.7,11.38,12.76,1.0,99.34,Animal Feed,19.75,1.13,11.76,13.31,0.93,0.23,0.29
Vegetables,9.57,82.08,33.02,4.69,91.47,Animal Feed,3.5,1.57,28.33,30.25,1.72,0.57,1.29
Vegetables,42.18,87.4,43.55,9.41,94.56,Animal Feed,15.95,7.37,34.14,33.44,1.7,0.51,1.55
Grains,48.35,28.02,20.0,23.45,95.15,Compost,18.4,2.71,-3.44,-22.89,0.79,0.29,0.52
Grains,49.61,10.5,58.22,29.16,95.95,Compost,19.04,1.04,29.06,11.54,1.02,0.36,0.45
Grains,21.43,28.21,29.79,11.87,97.69,Compost,8.38,1.21,17.92,12.01,1.13,0.26,0.32
Vegetables,47.19,74.58,73.68,11.25,91.94,Biogas,17.35,7.04,62.43,65.92,1.69,0.63,1.37
Fruits,27.66,59.74,20.16,28.08,94.59,Compost,10.46,3.3,-7.92,-31.97,1.37,0.36,0.99
Grains,31.3,18.44,78.15,8.55,99.78,Animal Feed,12.49,1.15,69.6,76.69,1.01,0.3,0.25
Vegetables,38.99,73.21,80.5,14.49,98.23,Biogas,15.32,5.71,66.01,67.62,1.64,0.72,1.34
Vegetables,13.06,88.86,88.22,1.78,96.39,Donation,5.04,2.32,86.44,102.31,1.37,0.56,1.08
Meat,42.79,74.79,50.67,18.2,87.38,Biogas,14.95,6.4,32.48,24.42,3.18,0.98,0.51
Vegetables,46.37,76.75,18.89,28.7,96.5,Biogas,17.9,7.12,-9.81,-34.73,1.32,0.33,1.19
Grains,30.61,25.66,83.25,20.43,95.41,Compost,11.68,1.57,62.82,59.04,0.92,0.33,0.37
Vegetables,18.58,73.72,23.65,29.89,99.04,Biogas,7.36,2.74,-6.24,-31.4,1.59,0.49,0.99
Grains,8.33,23.35,22.82,16.61,99.96,Compost,3.33,0.39,6.22,-5.83,0.91,0.41,0.37
Meat,44.02,69.84,46.91,17.18,86.25,Biogas,15.19,6.15,29.73,21.93,2.86,1.09,0.64
Vegetables,4.32,83.15,80.92,3.96,91.74,Donation,1.58,0.72,76.96,89.19,1.08,0.56,1.22
Grains,46.62,20.8,76.98,15.71,95.93,Compost,17.89,1.94,61.27,60.95,1.04,0.39,0.41
Vegetables,46.41,89.34,87.32,11.95,92.71,Biogas,17.21,8.29,75.37,80.88,1.39,0.61,1.36
Vegetables,10.14,92.73,30.27,26.92,98.99,Biogas,4.02,1.88,3.36,-17.5,1.42,0.31,1.11
Vegetables,26.07,88.28,54.67,3.99,92.09,Animal Feed,9.6,4.6,50.68,57.63,1.35,0.37,1.41
Grains,7.26,11.77,89.71,22.59,97.95,Compost,2.84,0.17,67.13,62.49,1.05,0.34,0.44
Grains,18.87,12.02,46.55,27.94,97.31,Compost,7.34,0.45,18.6,-0.03,1.01,0.34,0.43
Vegetables,35.89,87.04,2.47,3.69,99.84,Animal Feed,14.33,6.25,-1.22,-4.41,1.28,0.6,1.24
Vegetables,31.35,81.23,92.7,17.77,92.03,Biogas,11.54,5.09,74.93,75.71,1.79,0.7,1.02
Vegetables,34.68,77.95,99.4,4.84,95.06,Donation,13.19,5.41,94.56,109.61,1.51,0.58,1.13
Vegetables,11.75,84.75,90.33,1.05,91.74,Donation,4.31,1.99,89.28,106.29,1.43,0.63,1.02
Meat,32.96,66.24,61.09,23.57,89.14,Biogas,11.75,4.37,37.53,26.18,4.11,0.76,0.48
Grains,16.58,12.79,43.48,7.59,98.97,Animal Feed,6.57,0.42,35.89,36.99,0.85,0.32,0.39
Grains,27.88,25.82,2.05,19.79,97.29,Compost,10.85,1.44,-17.74,-37.11,1.02,0.34,0.41
Vegetables,14.68,75.62,91.6,24.52,98.23,Biogas,5.77,2.22,67.08,60.88,1.38,0.48,1.17
Fruits,15.05,52.21,5.32,29.15,90.08,Compost,5.42,1.57,-23.83,-51.91,1.47,0.43,0.27
Vegetables,9.76,86.96,61.6,6.93,91.56,Animal Feed,3.58,1.7,54.68,60.07,1.5,0.32,0.98
Vegetables,44.07,85.85,15.17,29.07,90.61,Biogas,15.97,7.57,-13.9,-39.94,0.98,0.5,1.21
Vegetables,49.24,72.58,31.65,19.74,91.6,Biogas,18.04,7.15,11.91,-1.5,1.7,0.48,1.38
Vegetables,11.94,72.03,20.56,8.98,90.58,Animal Feed,4.32,1.72,11.59,6.72,1.0,0.61,1.02
Mixed,32.32,81.39,61.7,12.76,96.4,Biogas,12.46,5.26,48.94,48.52,1.71,0.64,0.93
Vegetables,39.67,73.21,61.3,23.17,97.26,Biogas,15.43,5.81,38.13,27.22,1.57,0.27,1.31
Mixed,13.97,82.62,57.51,22.42,97.3,Biogas,5.44,2.31,35.09,24.18,1.25,0.41,0.79
Mixed,28.95,75.74,75.09,7.01,92.69,Animal Feed,10.73,4.39,68.08,76.08,1.21,0.32,0.7
Vegetables,32.55,89.73,82.94,16.18,95.82,Biogas,12.48,5.84,66.76,67.16,1.45,0.53,1.35
Vegetables,34.17,90.34,4.22,12.48,92.77,Biogas,12.68,6.17,-8.26,-19.9,1.24,0.5,1.07
Vegetables,12.02,79.72,19.54,19.24,91.12,Biogas,4.38,1.92,0.29,-15.05,1.51,0.48,1.15
Vegetables,24.34,90.9,5.75,1.8,91.38,Animal Feed,8.9,4.43,3.95,3.3,1.55,0.56,1.23
Grains,48.04,14.41,55.55,29.25,96.65,Compost,18.57,1.38,26.3,8.16,0.97,0.26,0.39
Fruits,41.28,50.27,51.65,3.27,81.57,Animal Feed,13.47,4.15,48.38,55.44,1.05,0.45,1.29
Grains,8.37,18.44,43.58,27.38,95.31,Compost,3.19,0.31,16.21,-2.45,1.02,0.28,0.31
Grains,5.57,28.74,74.36,21.0,95.93,Compost,2.14,0.32,53.36,47.23,1.14,0.32,0.44
Grains,14.45,15.7,74.83,3.16,98.66,Animal Feed,5.7,0.45,71.67,83.48,1.12,0.39,0.46
Vegetables,13.93,83.46,27.14,23.48,90.61,Biogas,5.05,2.33,3.66,-14.4,1.63,0.46,1.25
Vegetables,33.35,93.11,30.91,7.48,96.18,Animal Feed,12.83,6.21,23.42,22.12,1.68,0.57,1.28
Vegetables,29.69,89.86,68.73,23.41,98.76,Biogas,11.73,5.34,45.32,35.66,1.22,0.31,0.98
Vegetables,15.57,83.33,5.01,21.94,94.44,Biogas,5.88,2.59,-16.94,-37.88,1.51,0.69,1.16
Grains,30.4,20.05,56.4,0.67,99.85,Animal Feed,12.14,1.22,55.73,66.34,1.03,0.3,0.35
Grains,39.36,19.42,74.94,20.86,99.38,Compost,15.64,1.53,54.08,48.21,1.12,0.33,0.43
Grains,28.76,13.8,24.95,20.88,99.14,Compost,11.4,0.79,4.08,-11.81,1.1,0.32,0.3
Mixed,40.3,67.86,94.46,12.77,90.22,Biogas,14.54,5.47,81.69,87.81,0.76,0.39,0.59
Grains,46.2,20.37,71.47,8.88,96.26,Animal Feed,17.79,1.88,62.59,68.0,0.83,0.23,0.33
Meat,44.57,58.4,40.77,27.74,86.35,Compost,15.4,5.21,13.03,-6.55,2.31,1.27,0.72
Vegetables,16.06,92.14,53.52,1.4,91.36,Animal Feed,5.87,2.96,52.11,61.41,1.61,0.45,1.12
Grains,23.19,22.81,40.08,4.84,96.42,Animal Feed,8.95,1.06,35.24,38.41,0.97,0.32,0.43
Vegetables,48.19,89.09,12.3,27.88,99.19,Biogas,19.12,8.59,-15.58,-41.0,1.53,0.4,1.46
Grains,20.43,21.56,18.7,0.99,95.53,Animal Feed,7.81,0.88,17.71,20.46,1.1,0.23,0.52
Mixed,2.35,40.09,89.42,14.43,85.82,Compost,0.81,0.19,74.99,78.44,1.26,0.44,0.51
Meat,45.55,54.73,42.11,2.64,89.88,Compost,16.38,4.99,39.47,45.25,2.31,1.23,0.59
Vegetables,19.1,72.05,34.64,23.88,97.82,Biogas,7.47,2.75,10.76,-6.19,1.71,0.62,0.95
Fruits,42.04,61.8,64.08,23.46,81.51,Compost,13.71,5.2,40.62,29.98,0.86,0.21,0.82
Grains,30.33,14.91,41.2,16.47,95.29,Compost,11.56,0.9,24.73,16.51,1.05,0.34,0.42
Vegetables,23.06,75.22,20.27,11.5,97.6,Biogas,9.0,3.47,8.76,1.32,2.1,0.45,1.22
Grains,22.99,14.55,61.39,18.21,99.25,Compost,9.13,0.67,43.18,37.25,0.96,0.4,0.34
Grains,41.31,26.25,90.02,19.5,97.09,Compost,16.04,2.17,70.52,69.02,0.92,0.31,0.4
Grains,8.73,19.07,53.92,27.34,97.0,Compost,3.39,0.33,26.58,10.02,0.91,0.28,0.42
Fruits,42.76,56.87,69.09,16.9,96.94,Compost,16.58,4.86,52.19,49.11,1.32,0.44,0.7
Vegetables,34.54,71.55,71.86,28.44,90.47,Biogas,12.5,4.94,43.41,29.35,1.43,0.39,1.09
Grains,33.08,10.13,96.44,8.37,97.56,Animal Feed,12.91,0.67,88.07,98.99,1.05,0.35,0.43
Vegetables,17.59,71.58,76.43,20.06,98.73,Biogas,6.95,2.52,56.37,51.6,1.41,0.52,1.32
Vegetables,31.97,90.91,50.14,10.49,98.1,Biogas,12.54,5.81,39.65,39.18,1.49,0.42,1.49
Meat,24.21,56.42,53.8,18.75,93.9,Compost,9.09,2.73,35.06,27.07,2.71,0.96,0.48
Grains,11.0,12.64,2.74,15.24,97.46,Compost,4.29,0.28,-12.5,-27.2,0.82,0.33,0.36
Grains,22.01,12.21,38.08,4.68,98.77,Animal Feed,8.69,0.54,33.4,36.34,1.12,0.26,0.48
Meat,30.38,52.14,20.3,15.71,88.78,Compost,10.79,3.17,4.58,-7.07,2.95,1.18,0.61
Grains,42.89,23.85,47.78,0.14,96.92,Animal Feed,16.63,2.05,47.64,57.06,0.86,0.32,0.41
Fruits,9.11,45.68,63.6,20.14,85.54,Compost,3.12,0.83,43.46,36.04,1.57,0.35,0.69
Fruits,20.54,43.87,52.5,19.89,89.96,Compost,7.39,1.8,32.62,23.23,1.16,0.35,1.07
Grains,3.51,15.05,94.54,0.94,95.97,Donation,1.35,0.11,93.6,111.57,0.93,0.3,0.41
Mixed,19.65,49.61,83.24,6.78,81.84,Animal Feed,6.43,1.95,76.46,86.32,1.16,0.38,1.11
Grains,6.79,11.8,76.37,8.57,95.67,Animal Feed,2.6,0.16,67.8,74.5,1.05,0.35,0.38
Mixed,45.82,64.88,36.53,4.08,91.38,Animal Feed,16.75,5.95,32.45,35.68,0.87,0.27,0.96
Mixed,36.47,42.09,16.57,16.76,89.89,Compost,13.11,3.07,-0.19,-13.64,1.52,0.35,1.05
Vegetables,9.08,85.48,82.83,16.46,96.39,Biogas,3.5,1.55,66.37,66.47,1.23,0.59,1.21
Grains,47.16,22.34,84.97,20.74,98.57,Compost,18.59,2.11,64.23,60.49,1.02,0.28,0.37
Grains,22.14,13.94,42.17,25.01,95.05,Compost,8.42,0.62,17.16,0.58,0.97,0.25,0.38
Vegetables,5.5,92.55,96.78,20.83,97.45,Biogas,2.14,1.02,75.95,74.47,1.3,0.65,1.07
Vegetables,17.19,84.09,9.29,19.95,91.42,Biogas,6.29,2.89,-10.66,-28.76,1.81,0.73,1.28
Grains,47.05,26.81,50.84,4.52,99.72,Animal Feed,18.77,2.52,46.32,51.97,0.99,0.32,0.31
Grains,2.22,14.71,31.6,29.95,96.04,Compost,0.85,0.07,1.65,-21.98,0.99,0.23,0.46
Vegetables,10.93,84.73,21.77,20.14,97.41,Biogas,4.26,1.85,1.63,-14.15,1.09,0.64,1.53
Vegetables,25.01,76.5,1.2,3.92,93.13,Animal Feed,9.32,3.83,-2.72,-6.39,1.81,0.44,1.23
Vegetables,10.7,89.35,0.24,1.47,94.47,Animal Feed,4.04,1.91,-1.23,-2.65,1.93,0.45,1.27
Vegetables,42.47,86.31,31.1,26.33,94.46,Biogas,16.05,7.33,4.77,-15.34,1.33,0.36,0.71
Grains,24.71,19.3,98.69,12.46,99.68,Compost,9.85,0.95,86.22,93.5,0.93,0.32,0.31
Vegetables,21.15,78.03,34.83,25.03,96.0,Biogas,8.12,3.3,9.8,-8.27,1.4,0.47,1.1
Vegetables,2.54,89.52,3.28,29.99,98.69,Biogas,1.0,0.46,-26.71,-56.05,1.13,0.49,0.85
Meat,17.6,50.48,10.92,27.36,91.39,Compost,6.43,1.78,-16.45,-41.63,3.18,0.96,0.42
Vegetables,36.94,72.12,61.94,23.89,91.28,Biogas,13.49,5.33,38.05,26.55,1.68,0.55,1.13
Grains,5.68,20.86,99.57,3.15,99.42,Donation,2.26,0.24,96.42,113.18,0.87,0.31,0.45
Grains,38.98,12.82,57.76,12.88,99.86,Compost,15.57,1.0,44.88,43.55,0.87,0.23,0.37
Vegetables,40.65,71.56,38.11,17.12,98.35,Biogas,15.99,5.82,20.99,11.49,1.31,0.5,0.84
Meat,49.48,57.65,75.52,25.36,90.54,Compost,17.92,5.7,50.17,39.92,2.79,1.25,0.34
Mixed,28.73,70.18,73.77,0.68,88.03,Animal Feed,10.11,4.03,73.09,87.16,1.16,0.24,1.03
Vegetables,36.09,93.27,93.31,28.16,96.32,Biogas,13.91,6.73,65.15,55.66,1.66,0.56,1.04
Grains,11.64,27.85,18.44,6.96,98.54,Animal Feed,4.59,0.65,11.47,8.2,0.97,0.32,0.31
Vegetables,14.21,90.08,47.58,25.27,95.0,Biogas,5.4,2.56,22.31,6.55,1.31,0.39,1.08
Vegetables,17.94,91.83,95.23,24.57,98.65,Biogas,7.08,3.3,70.66,65.14,1.57,0.52,1.4
Grains,31.85,12.44,48.14,18.01,97.76,Compost,12.45,0.79,30.13,21.75,0.91,0.25,0.38
Vegetables,39.82,83.02,62.43,25.87,96.38,Biogas,15.35,6.61,36.56,23.17,1.32,0.58,1.08
Vegetables,19.65,72.83,74.69,0.59,92.16,Animal Feed,7.24,2.86,74.1,88.45,1.67,0.48,0.82
Vegetables,30.44,84.58,93.16,29.22,96.08,Biogas,11.7,5.15,63.94,53.35,1.63,0.44,0.98
Vegetables,32.58,76.03,62.89,1.02,93.69,Animal Feed,12.21,4.95,61.88,73.44,1.5,0.65,1.27
Meat,48.92,61.83,11.08,6.5,86.59,Biogas,16.94,6.05,4.59,0.31,3.51,0.85,0.48
Grains,28.33,22.12,13.02,12.75,97.92,Compost,11.1,1.25,0.27,-9.88,1.14,0.3,0.39
Vegetables,44.28,75.99,3.9,23.06,95.49,Biogas,16.91,6.73,-19.16,-41.45,1.55,0.51,1.0
Mixed,16.04,51.62,0.55,15.73,88.06,Compost,5.65,1.66,-15.18,-30.8,0.84,0.45,0.69
Vegetables,35.21,74.19,18.66,4.4,98.17,Animal Feed,13.83,5.22,14.26,13.59,1.61,0.75,0.97
Grains,13.52,17.72,91.75,26.48,97.4,Compost,5.27,0.48,65.27,57.14,1.07,0.27,0.39
Vegetables,9.5,81.94,43.14,20.71,95.26,Biogas,3.62,1.56,22.42,10.34,1.64,0.37,0.98
Vegetables,35.82,93.16,14.3,21.42,97.64,Biogas,13.99,6.67,-7.12,-25.67,1.62,0.5,1.25
Fruits,46.82,67.55,62.81,7.73,89.26,Animal Feed,16.72,6.32,55.08,59.92,1.59,0.46,0.83
Grains,44.11,21.34,40.75,28.23,97.51,Compost,17.2,1.88,12.53,-7.55,1.09,0.36,0.4
Mixed,22.99,83.6,14.5,25.94,85.59,Biogas,7.87,3.84,-11.44,-34.47,1.16,0.35,0.84
Fruits,27.1,55.29,93.53,2.79,88.12,Donation,9.55,3.0,90.74,106.66,1.11,0.44,0.99
Fruits,32.61,50.38,50.23,22.75,93.6,Compost,12.21,3.29,27.48,14.77,0.99,0.33,0.89
Vegetables,23.68,73.02,27.52,22.38,93.07,Biogas,8.81,3.46,5.13,-11.74,1.51,0.35,1.13
Grains,5.65,29.07,17.79,28.86,98.72,Compost,2.23,0.33,-11.07,-36.37,0.9,0.28,0.52
Vegetables,34.93,82.69,95.71,13.23,99.03,Biogas,13.84,5.78,82.48,88.4,1.57,0.26,1.45
Vegetables,43.33,91.11,17.84,1.31,96.25,Animal Feed,16.68,7.9,16.53,18.79,1.6,0.55,1.15
Meat,28.62,56.16,20.78,12.63,91.71,Compost,10.5,3.21,8.15,-0.33,3.29,1.09,0.62
Vegetables,1.65,92.46,27.77,28.23,91.35,Biogas,0.6,0.31,-0.46,-23.14,1.51,0.43,1.44
Grains,34.66,25.19,24.34,26.99,96.7,Compost,13.41,1.75,-2.65,-24.78,0.83,0.32,0.42
Grains,25.26,10.69,44.25,10.79,99.55,Compost,10.06,0.54,33.46,31.53,1.11,0.3,0.43
Vegetables,29.15,73.2,55.79,22.95,99.19,Biogas,11.57,4.27,32.83,21.04,1.61,0.43,0.99
Meat,12.45,58.26,26.89,23.76,93.69,Compost,4.67,1.45,3.13,-15.25,2.64,1.19,0.6
Vegetables,20.67,77.19,96.07,2.36,91.21,Donation,7.54,3.19,93.72,110.57,1.44,0.5,1.55
Vegetables,25.21,74.26,82.02,29.93,91.17,Biogas,9.19,3.74,52.09,38.56,1.43,0.72,0.94
Meat,11.85,68.7,1.18,25.95,90.37,Biogas,4.28,1.63,-24.78,-50.49,3.36,0.98,0.6
Meat,15.65,57.3,18.62,27.71,85.53,Compost,5.35,1.79,-9.08,-33.06,3.58,1.03,0.46
Fruits,18.1,57.1,51.51,5.4,85.89,Animal Feed,6.22,2.07,46.1,51.0,1.4,0.39,1.0
Grains,46.11,10.39,22.55,11.52,96.26,Compost,17.75,0.96,11.03,4.02,1.04,0.28,0.39
Mixed,43.15,82.57,22.91,11.32,82.17,Compost,14.18,7.13,11.6,4.86,0.76,0.44,0.63
Grains,24.0,28.89,45.09,23.61,97.17,Compost,9.33,1.39,21.47,6.88,1.06,0.31,0.33
Mixed,41.98,57.51,69.99,5.82,83.89,Animal Feed,14.09,4.83,64.17,72.35,1.14,0.47,0.66
Grains,16.3,13.28,87.3,6.61,98.05,Animal Feed,6.39,0.43,80.69,91.53,1.26,0.37,0.42
Meat,19.0,65.72,69.72,23.09,93.5,Biogas,7.11,2.5,46.64,37.49,3.31,0.7,0.65
Vegetables,35.51,85.15,0.97,5.09,94.57,Animal Feed,13.43,6.05,-4.12,-9.01,1.48,0.35,0.98
Vegetables,42.57,91.5,75.98,0.05,98.46,Animal Feed,16.77,7.79,75.92,91.06,1.39,0.56,1.38
Grains,1.52,15.61,36.25,14.72,97.18,Compost,0.59,0.05,21.53,14.06,1.0,0.32,0.44
Fruits,15.68,67.68,62.52,21.6,84.72,Compost,5.31,2.12,40.92,31.82,1.07,0.4,0.66
Vegetables,3.13,89.97,75.1,11.37,97.12,Biogas,1.22,0.56,63.73,67.38,1.27,0.55,1.39
Grains,40.46,13.44,3.23,0.87,97.11,Animal Feed,15.72,1.09,2.36,2.13,1.02,0.38,0.34
Mixed,47.28,49.51,79.74,22.48,82.65,Compost,15.63,4.68,57.26,50.72,1.51,0.28,0.65
Vegetables,35.17,83.01,93.9,20.94,91.32,Biogas,12.85,5.84,72.96,70.79,1.43,0.52,1.14
Grains,41.29,14.32,79.46,19.34,99.66,Compost,16.46,1.18,60.12,56.67,0.97,0.33,0.49
Fruits,41.63,48.9,84.03,0.27,84.31,Donation,14.04,4.07,83.77,100.31,1.15,0.39,1.01
Vegetables,8.17,91.81,14.9,17.23,94.69,Biogas,3.09,1.5,-2.32,-16.57,1.35,0.52,1.2
Vegetables,20.01,92.27,97.07,29.0,95.88,Biogas,7.67,3.69,68.07,58.48,1.65,0.61,1.49
Meat,24.88,54.08,12.98,6.74,85.44,Compost,8.5,2.69,6.24,2.1,3.07,0.86,0.38
Vegetables,26.66,73.16,88.62,17.89,97.43,Biogas,10.39,3.9,70.74,70.58,1.75,0.38,1.17
Vegetables,47.08,89.68,28.67,17.52,97.36,Biogas,18.34,8.45,11.16,-0.62,1.43,0.53,1.28
Fruits,9.86,47.34,62.7,8.29,82.86,Animal Feed,3.27,0.93,54.41,58.67,1.31,0.44,0.89
Vegetables,13.28,88.27,47.28,28.29,93.19,Biogas,4.95,2.34,18.99,0.16,1.34,0.52,1.27
Vegetables,34.06,77.63,35.76,22.8,93.15,Biogas,12.69,5.29,12.96,-2.69,1.58,0.55,1.11
Vegetables,33.93,92.24,44.48,6.11,91.79,Animal Feed,12.46,6.26,38.36,41.15,1.45,0.61,1.33
Mixed,1.98,64.98,67.97,0.57,86.71,Animal Feed,0.69,0.26,67.4,80.42,1.81,0.18,0.51
Vegetables,24.45,83.55,34.92,19.55,92.75,Biogas,9.07,4.08,15.37,2.8,1.53,0.59,1.77
Mixed,25.05,75.37,23.34,11.05,84.46,Compost,8.46,3.78,12.28,5.9,1.41,0.52,0.96
Vegetables,36.58,91.1,7.56,8.82,94.06,Animal Feed,13.76,6.66,-1.26,-8.56,1.56,0.64,0.95
Vegetables,26.41,81.91,64.53,18.75,92.09,Biogas,9.73,4.33,45.79,39.95,1.66,0.51,1.33
Meat,14.12,64.89,29.26,8.4,90.19,Biogas,5.1,1.83,20.86,18.32,3.1,0.84,0.49
Meat,46.11,55.77,29.55,6.5,85.75,Compost,15.82,5.14,23.04,22.45,3.27,1.1,0.48
Mixed,18.78,74.26,10.78,11.91,94.49,Biogas,7.1,2.79,-1.13,-10.88,1.13,0.56,0.61
Mixed,9.26,57.36,1.62,16.77,94.23,Compost,3.49,1.06,-15.15,-31.6,1.55,0.55,0.88
Vegetables,3.49,80.44,85.67,3.65,96.44,Donation,1.35,0.56,82.03,95.51,1.56,0.52,1.34
Vegetables,48.54,92.19,73.57,7.15,92.35,Animal Feed,17.93,8.95,66.42,73.98,1.2,0.63,1.43
Vegetables,15.2,89.52,50.61,7.61,94.9,Animal Feed,5.77,2.72,43.0,45.51,1.48,0.56,1.07
Vegetables,48.63,82.1,7.19,8.37,97.2,Animal Feed,18.91,7.99,-1.18,-8.11,1.04,0.46,1.29
Grains,16.51,25.67,28.94,10.33,95.57,Compost,6.31,0.85,18.6,14.06,1.04,0.32,0.46
Vegetables,13.38,87.93,75.65,8.93,93.76,Animal Feed,5.02,2.35,66.72,72.92,1.53,0.7,1.2
Grains,10.75,12.71,46.01,2.44,96.8,Animal Feed,4.16,0.27,43.57,50.34,0.88,0.37,0.37
Grains,23.99,16.63,31.04,15.25,99.01,Compost,9.5,0.8,15.78,6.73,0.95,0.2,0.41
Meat,25.31,51.78,47.8,19.34,90.3,Compost,9.14,2.62,28.46,18.68,2.63,1.0,0.49
Grains,8.45,28.64,56.38,9.64,98.25,Animal Feed,3.32,0.48,46.74,48.38,1.08,0.4,0.37
Fruits,5.79,81.13,71.5,13.16,95.13,Biogas,2.2,0.94,58.33,59.47,0.99,0.31,0.98
Grains,16.32,26.72,28.5,15.45,95.2,Compost,6.21,0.87,13.05,3.3,1.09,0.33,0.34
Vegetables,1.24,71.02,12.55,27.8,97.68,Biogas,0.48,0.18,-15.24,-40.53,1.61,0.66,1.13
Vegetables,3.06,71.36,77.41,27.25,91.03,Biogas,1.12,0.44,50.16,38.39,1.8,0.49,1.4
Vegetables,7.64,73.05,25.7,18.66,93.59,Biogas,2.86,1.12,7.05,-6.47,1.33,0.19,1.03
Vegetables,18.94,72.64,23.57,7.07,95.92,Animal Feed,7.27,2.75,16.5,14.15,1.74,0.57,1.24
Mixed,39.72,75.2,14.29,10.5,92.95,Biogas,14.77,5.97,3.79,-3.85,1.29,0.47,0.71
Vegetables,28.45,81.59,79.06,14.37,94.6,Biogas,10.76,4.64,64.69,66.14,1.07,0.64,1.36
Grains,27.23,11.18,54.22,26.95,97.12,Compost,10.58,0.61,27.27,11.16,0.88,0.25,0.4
Vegetables,49.14,93.98,36.62,2.91,97.85,Animal Feed,19.23,9.24,33.71,38.13,1.43,0.63,1.31
Vegetables,35.81,79.57,56.76,4.62,91.99,Animal Feed,13.18,5.7,52.15,58.88,1.48,0.5,1.47
Vegetables,7.17,82.86,0.91,2.81,97.76,Animal Feed,2.8,1.19,-1.9,-4.53,1.32,0.59,1.36
Grains,9.94,10.56,81.88,18.43,97.33,Compost,3.87,0.21,63.45,61.39,0.9,0.35,0.37
Vegetables,23.62,87.56,9.63,23.31,90.69,Biogas,8.57,4.14,-13.68,-35.06,1.7,0.45,1.54
Vegetables,43.21,72.67,84.66,0.31,98.91,Donation,17.1,6.28,84.35,100.97,1.24,0.63,0.91
Vegetables,45.51,79.7,32.38,13.98,97.06,Biogas,17.67,7.25,18.41,10.91,1.58,0.42,1.24
Vegetables,31.76,78.44,85.2,22.18,93.83,Biogas,11.92,4.98,63.02,57.88,1.43,0.39,1.3
Grains,7.29,23.74,65.67,24.64,95.09,Compost,2.77,0.35,41.03,29.52,0.94,0.35,0.42
Vegetables,20.69,85.61,30.28,9.62,93.98,Animal Feed,7.78,3.54,20.66,17.1,1.37,0.4,1.58
Meat,36.73,70.47,9.86,29.46,92.62,Biogas,13.61,5.18,-19.6,-47.09,2.6,1.17,0.52
Fruits,27.14,55.85,7.37,24.15,89.48,Compost,9.71,3.03,-16.78,-39.45,1.09,0.49,0.96
Grains,2.99,16.26,20.58,22.23,97.55,Compost,1.17,0.1,-1.65,-19.77,0.96,0.28,0.39
Meat,40.5,65.42,11.52,20.54,90.92,Biogas,14.73,5.3,-9.01,-27.25,2.74,1.35,0.38
Vegetables,43.23,82.64,28.83,3.84,95.3,Animal Feed,16.48,7.14,24.99,26.92,1.78,0.54,0.67
Vegetables,1.03,91.74,77.6,12.09,97.65,Biogas,0.4,0.19,65.51,68.95,1.34,0.24,1.15
Fruits,5.7,56.46,93.71,25.47,96.81,Compost,2.21,0.64,68.24,61.51,1.27,0.23,0.93
Vegetables,49.51,88.38,72.86,3.67,93.56,Animal Feed,18.53,8.75,69.18,80.08,1.42,0.53,1.07
Grains,49.37,16.52,70.54,14.63,96.51,Compost,19.06,1.63,55.91,55.39,0.93,0.29,0.4
Meat,33.86,64.32,24.22,21.41,94.67,Biogas,12.82,4.36,2.81,-13.76,2.92,1.08,0.52
Grains,46.29,20.21,89.26,5.76,96.4,Animal Feed,17.85,1.87,83.5,95.6,0.87,0.27,0.39
Vegetables,42.8,78.48,9.56,29.77,99.62,Biogas,17.05,6.72,-20.2,-48.06,1.2,0.46,0.87
Fruits,41.06,47.08,86.78,14.29,97.45,Compost,16.01,3.87,72.48,75.54,1.17,0.47,0.61
Mixed,27.99,41.33,64.31,28.72,88.85,Compost,9.95,2.31,35.59,19.73,1.13,0.29,0.74
Grains,35.05,17.93,97.98,24.85,97.82,Compost,13.71,1.26,73.13,67.88,1.16,0.31,0.42
Vegetables,25.87,92.58,41.05,3.71,99.44,Animal Feed,10.29,4.79,37.34,41.85,1.68,0.64,1.05
Fruits,46.67,62.71,29.94,3.83,80.33,Animal Feed,14.99,5.85,26.11,28.27,1.17,0.53,0.89
Mixed,47.87,46.24,15.86,10.1,84.14,Compost,16.11,4.43,5.76,-1.16,0.94,0.29,0.86
Mixed,48.16,77.88,73.13,2.91,92.52,Animal Feed,17.82,7.5,70.22,81.94,1.13,0.58,1.24
Vegetables,48.18,78.38,9.12,6.24,92.68,Animal Feed,17.86,7.55,2.88,-1.54,1.6,0.33,1.07
Grains,11.94,22.95,81.29,17.53,95.5,Compost,4.56,0.55,63.76,62.49,1.07,0.36,0.38
Meat,32.58,60.42,4.47,11.4,87.92,Biogas,11.46,3.94,-6.92,-17.43,3.16,1.21,0.56
Vegetables,28.41,72.85,13.23,25.84,99.33,Biogas,11.29,4.14,-12.6,-35.79,1.66,0.51,1.1
Grains,1.97,28.68,82.29,3.31,97.37,Donation,0.77,0.11,78.98,92.13,1.05,0.31,0.3
Vegetables,16.62,90.99,99.12,16.07,97.78,Biogas,6.5,3.03,83.05,86.81,1.83,0.4,1.46
Mixed,37.61,45.43,61.32,26.77,94.33,Compost,14.19,3.42,34.56,20.06,0.62,0.41,0.55
Vegetables,43.92,93.36,55.29,6.4,90.89,Animal Feed,15.97,8.2,48.89,53.55,1.43,0.55,1.52
Grains,3.26,14.06,16.91,12.65,99.72,Compost,1.3,0.09,4.26,-5.01,0.86,0.3,0.43
Fruits,4.44,45.75,89.41,25.36,96.12,Compost,1.71,0.41,64.05,56.57,0.96,0.38,0.55
Vegetables,29.47,76.11,60.19,16.17,95.33,Biogas,11.24,4.49,44.02,39.89,1.49,0.4,0.97
Vegetables,6.27,94.24,22.95,19.41,91.75,Biogas,2.3,1.18,3.54,-11.28,1.36,0.52,1.08
Vegetables,27.11,73.11,2.02,2.86,92.02,Animal Feed,9.98,3.96,-0.84,-3.3,1.56,0.48,1.14
Vegetables,5.55,91.65,67.04,18.62,90.66,Biogas,2.01,1.02,48.42,43.2,1.55,0.53,1.22
Grains,9.56,26.82,26.3,26.83,96.64,Compost,3.7,0.51,-0.53,-22.09,0.94,0.3,0.4
Grains,36.37,18.17,95.46,18.67,99.43,Compost,14.47,1.32,76.79,77.2,0.99,0.34,0.44
Mixed,17.85,81.18,65.31,8.82,82.03,Animal Feed,5.86,2.9,56.49,60.72,0.83,0.39,0.35
Mixed,45.27,75.97,64.14,15.84,82.06,Compost,14.86,6.88,48.31,45.3,1.2,0.32,0.71
Meat,22.33,67.33,32.94,29.57,86.6,Biogas,7.74,3.01,3.37,-19.61,3.16,1.04,0.49
Vegetables,25.3,78.12,86.47,1.9,99.96,Donation,10.12,3.95,84.57,99.97,1.68,0.42,1.26
Grains,35.31,13.81,49.96,4.75,98.89,Animal Feed,13.97,0.97,45.21,50.45,1.08,0.26,0.34
Mixed,8.92,74.26,67.72,23.33,86.15,Biogas,3.07,1.32,44.39,34.61,1.03,0.41,0.75
Vegetables,8.47,88.24,8.8,4.51,98.13,Animal Feed,3.33,1.5,4.29,1.55,1.22,0.42,1.05
Vegetables,29.9,92.6,81.13,10.53,91.5,Biogas,10.94,5.54,70.61,76.31,1.59,0.65,1.28
Vegetables,45.71,88.36,29.83,18.7,90.91,Biogas,16.62,8.08,11.13,-1.61,1.7,0.46,1.38
Grains,27.37,15.1,70.34,14.99,99.8,Compost,10.93,0.83,55.35,54.43,0.96,0.29,0.46
Vegetables,14.05,76.49,1.04,18.4,95.62,Biogas,5.37,2.15,-17.36,-35.55,1.51,0.46,1.12
Mixed,44.57,71.76,63.38,5.25,94.14,Animal Feed,16.78,6.4,58.13,65.56,0.7,0.33,0.66
Meat,10.31,55.7,6.27,2.71,94.57,Compost,3.9,1.15,3.56,2.1,2.89,1.0,0.4
Grains,31.91,13.86,73.36,4.46,99.36,Animal Feed,12.68,0.88,68.9,79.1,0.89,0.35,0.44
Vegetables,11.62,77.35,0.05,1.74,92.88,Animal Feed,4.32,1.8,-1.69,-3.43,1.34,0.43,1.38
Grains,14.99,13.86,75.58,8.68,95.25,Animal Feed,5.71,0.42,66.9,73.33,1.03,0.35,0.41
Vegetables,40.89,78.24,17.96,20.16,98.47,Biogas,16.1,6.4,-2.2,-18.77,1.42,0.5,1.08
Mixed,21.21,44.51,57.23,13.54,85.72,Compost,7.27,1.89,43.69,41.6,1.28,0.44,0.58
Fruits,17.86,79.37,97.03,16.46,94.62,Biogas,6.76,2.84,80.57,83.52,1.32,0.28,0.97
Mixed,11.57,84.25,95.16,20.02,94.69,Biogas,4.38,1.95,75.15,74.16,0.93,0.38,0.72
Vegetables,47.77,88.49,24.31,29.9,99.07,Biogas,18.93,8.46,-5.58,-30.62,1.36,0.51,1.23
Vegetables,33.91,91.12,62.11,24.86,91.75,Biogas,12.45,6.18,37.25,24.81,1.18,0.64,1.25
Grains,18.51,12.78,60.01,13.18,97.85,Compost,7.24,0.47,46.82,45.64,1.1,0.21,0.42
Fruits,28.41,82.02,40.02,27.99,89.32,Biogas,10.15,4.66,12.02,-7.97,1.22,0.5,0.39
Vegetables,6.95,90.76,52.49,17.76,95.77,Biogas,2.66,1.26,34.73,27.46,1.68,0.45,0.86
Fruits,20.32,70.44,88.58,23.71,95.03,Biogas,7.72,2.86,64.86,58.87,1.06,0.47,1.02
Grains,49.2,18.78,19.56,13.83,99.21,Compost,19.53,1.85,5.74,-4.18,0.83,0.3,0.42
Fruits,41.97,55.12,10.15,25.82,80.85,Compost,13.57,4.63,-15.67,-39.46,0.25,0.52,0.98
Meat,20.03,65.74,1.77,17.56,86.87,Biogas,6.96,2.63,-15.79,-32.99,2.33,0.9,0.54
Vegetables,39.24,80.4,72.13,28.68,93.39,Biogas,14.66,6.31,43.46,29.21,1.29,0.34,1.27
Fruits,37.97,71.36,64.81,15.45,95.59,Biogas,14.52,5.42,49.36,46.88,1.15,0.3,0.92
Mixed,25.99,41.73,99.97,26.08,84.76,Compost,8.81,2.17,73.89,67.8,1.17,0.4,0.8
Mixed,31.55,78.66,65.9,4.74,85.75,Animal Feed,10.82,4.96,61.15,69.59,1.07,0.47,0.62
Vegetables,17.12,88.92,64.91,29.09,90.39,Biogas,6.19,3.05,35.82,19.72,1.84,0.4,0.9
Vegetables,45.22,80.83,9.73,4.22,96.64,Animal Feed,17.48,7.31,5.51,3.24,1.34,0.52,1.43
Meat,12.23,64.23,37.27,6.79,89.28,Biogas,4.37,1.57,30.47,31.13,3.5,0.86,0.58
Grains,41.04,21.51,33.5,15.25,99.85,Compost,16.39,1.77,18.24,9.69,1.13,0.34,0.43
Meat,38.27,58.35,89.47,20.49,88.24,Compost,13.51,4.47,68.98,66.38,3.26,1.04,0.3
Vegetables,3.81,88.04,32.3,10.15,93.53,Biogas,1.42,0.67,22.15,18.45,1.34,0.52,1.07
Grains,36.16,15.53,65.88,8.26,95.4,Animal Feed,13.8,1.12,57.61,62.53,0.94,0.29,0.4
Vegetables,12.41,75.54,6.19,24.12,93.14,Biogas,4.62,1.87,-17.93,-40.81,1.5,0.53,1.38
Vegetables,6.21,78.13,48.7,1.1,94.31,Animal Feed,2.34,0.97,47.59,56.23,1.29,0.46,0.95
Grains,13.18,21.96,46.35,28.86,98.07,Compost,5.17,0.58,17.49,-2.1,0.94,0.27,0.43
Meat,48.79,73.18,69.78,18.41,91.11,Biogas,17.78,7.14,51.38,46.92,3.44,0.84,0.57
Grains,21.38,10.89,26.79,0.84,99.33,Animal Feed,8.5,0.47,25.94,30.46,1.17,0.31,0.45
Vegetables,4.57,79.0,93.17,10.57,91.88,Biogas,1.68,0.72,82.6,90.66,1.68,0.39,1.25
Vegetables,12.87,73.89,23.69,22.09,94.6,Biogas,4.87,1.9,1.6,-15.76,1.5,0.62,1.04
Vegetables,30.04,85.96,7.57,15.55,96.72,Biogas,11.62,5.17,-7.97,-22.01,1.39,0.42,1.29
Vegetables,17.52,87.17,74.03,7.64,94.13,Animal Feed,6.59,3.05,66.39,73.56,1.19,0.58,0.9
Vegetables,32.37,94.13,66.69,0.94,92.14,Animal Feed,11.93,6.09,65.74,78.14,1.64,0.53,0.81
Vegetables,13.64,75.62,71.89,16.15,91.8,Biogas,5.01,2.06,55.75,53.98,1.42,0.45,1.17
Meat,32.75,72.64,90.7,26.16,86.4,Biogas,11.32,4.76,64.54,56.52,2.76,0.8,0.58
Vegetables,36.75,79.59,84.24,21.51,99.31,Biogas,14.6,5.85,62.73,58.07,1.5,0.45,1.13
Fruits,8.74,79.82,13.28,16.18,92.2,Biogas,3.22,1.4,-2.9,-16.42,1.5,0.58,0.71
Meat,8.53,55.6,88.94,4.83,91.97,Donation,3.14,0.95,84.11,97.07,3.73,0.85,0.45
Vegetables,21.99,81.9,50.3,1.01,93.61,Animal Feed,8.24,3.6,49.29,58.33,1.55,0.57,0.93
Mixed,11.94,71.39,53.67,2.51,94.0,Animal Feed,4.49,1.71,51.16,59.38,0.8,0.36,0.87
Fruits,24.84,47.13,95.02,10.84,92.94,Compost,9.23,2.34,84.18,92.34,0.97,0.37,0.49
Grains,47.47,17.87,33.27,27.45,96.79,Compost,18.38,1.7,5.82,-14.97,0.98,0.27,0.43
Grains,28.26,22.96,19.44,1.47,98.81,Animal Feed,11.17,1.3,17.97,20.39,1.05,0.32,0.31
Meat,4.61,73.62,3.0,19.67,87.97,Biogas,1.62,0.68,-16.67,-35.75,2.47,0.58,0.55
Mixed,1.53,52.17,47.99,4.27,92.66,Animal Feed,0.57,0.16,43.72,49.05,1.13,0.43,0.63
Grains,1.44,14.79,20.12,22.65,96.85,Compost,0.56,0.04,-2.53,-21.15,0.8,0.31,0.39
Grains,24.51,22.9,67.69,0.02,95.22,Animal Feed,9.33,1.12,67.67,81.18,0.98,0.27,0.32
Mixed,9.55,51.19,51.85,3.14,96.3,Animal Feed,3.68,0.98,48.7,55.93,0.63,0.36,0.49
Vegetables,2.56,76.42,89.85,16.39,99.22,Biogas,1.02,0.39,73.46,75.04,1.78,0.44,1.46
Vegetables,6.37,86.7,85.89,17.0,92.8,Biogas,2.36,1.1,68.89,69.07,1.54,0.53,1.42
Meat,15.42,62.58,62.76,1.7,85.19,Biogas,5.26,1.93,61.06,71.91,3.36,1.47,0.58
Mixed,1.88,76.15,64.69,10.9,88.63,Biogas,0.67,0.29,53.8,55.84,1.47,0.39,1.07
Meat,13.45,67.98,81.37,20.74,86.93,Biogas,4.68,1.83,60.63,56.16,2.52,1.21,0.58
Mixed,8.65,52.12,69.7,8.12,85.29,Animal Feed,2.95,0.9,61.58,67.4,1.02,0.29,0.56
Vegetables,28.95,74.83,19.34,20.85,93.65,Biogas,10.84,4.33,-1.51,-18.49,1.67,0.46,0.89
Mixed,9.97,45.19,46.89,1.87,86.97,Animal Feed,3.47,0.9,45.02,52.52,1.25,0.52,0.71
Mixed,19.29,70.08,0.06,12.87,92.01,Biogas,7.1,2.7,-12.82,-25.68,1.09,0.43,1.1
Meat,10.15,71.27,78.74,8.44,91.6,Biogas,3.72,1.45,70.31,77.62,3.76,1.25,0.4
Vegetables,25.97,84.57,32.9,5.64,92.92,Animal Feed,9.65,4.39,27.26,28.2,1.67,0.37,1.42
Vegetables,49.23,78.98,23.29,18.49,92.21,Biogas,18.16,7.78,4.8,-9.04,1.46,0.31,1.19
Vegetables,25.94,79.69,23.75,13.14,95.33,Biogas,9.89,4.13,10.61,2.21,1.64,0.32,1.16
Vegetables,31.93,85.72,96.65,5.56,94.13,Animal Feed,12.02,5.47,91.09,104.86,1.36,0.53,0.95
Vegetables,13.96,80.32,75.17,9.38,93.06,Animal Feed,5.2,2.24,65.78,71.43,1.49,0.63,1.16
Meat,38.37,55.94,2.56,9.5,90.18,Compost,13.84,4.29,-6.94,-15.93,2.94,1.22,0.51
Fruits,12.6,46.16,51.59,8.35,90.37,Animal Feed,4.56,1.16,43.24,45.22,1.1,0.21,0.82
Meat,37.25,55.85,40.36,10.93,88.2,Compost,13.14,4.16,29.42,26.56,3.67,0.88,0.62
Vegetables,17.7,90.07,40.92,8.26,94.91,Animal Feed,6.72,3.19,32.66,32.59,1.26,0.49,1.2
Mixed,20.5,75.5,0.4,0.52,83.79,Animal Feed,6.87,3.1,-0.12,-0.56,1.1,0.44,0.49
Vegetables,11.93,83.2,67.83,27.94,96.86,Biogas,4.62,1.99,39.89,25.52,1.28,0.42,1.12
Vegetables,5.26,94.49,23.11,29.79,92.71,Biogas,1.95,0.99,-6.68,-31.85,1.57,0.49,0.84
Vegetables,23.12,83.71,55.15,0.01,94.67,Animal Feed,8.76,3.87,55.14,66.16,1.56,0.5,1.13
Grains,9.03,24.23,92.58,13.36,96.11,Compost,3.47,0.44,79.22,84.37,1.07,0.26,0.46
Fruits,31.78,83.98,1.93,21.32,93.37,Biogas,11.87,5.34,-19.39,-40.32,0.92,0.49,0.43
Vegetables,20.47,77.12,8.17,16.21,92.0,Biogas,7.53,3.16,-8.04,-22.61,1.51,0.48,1.1
Vegetables,47.06,94.16,61.01,26.88,93.05,Biogas,17.52,8.86,34.14,19.46,1.4,0.47,1.24
Mixed,41.59,74.8,97.34,21.27,95.79,Biogas,15.94,6.22,76.07,74.26,1.45,0.37,0.98
Vegetables,22.66,87.18,15.27,25.74,93.61,Biogas,8.49,3.95,-10.47,-33.16,1.44,0.53,1.15
Vegetables,42.33,77.41,7.34,9.89,99.34,Animal Feed,16.82,6.55,-2.55,-10.98,1.61,0.49,1.04
Vegetables,30.38,94.4,40.37,28.49,91.7,Biogas,11.14,5.74,11.88,-8.54,1.68,0.33,1.31
Grains,18.79,24.39,41.7,13.57,99.19,Compost,7.46,0.92,28.13,22.91,0.92,0.27,0.44
Vegetables,16.23,88.82,76.22,29.08,90.12,Biogas,5.85,2.88,47.13,33.29,1.35,0.46,1.12
Grains,17.61,26.58,44.84,23.94,95.34,Compost,6.72,0.94,20.91,5.94,0.94,0.29,0.37
Mixed,27.03,62.3,33.73,15.44,83.83,Compost,9.07,3.37,18.29,9.6,1.44,0.39,0.54
Grains,22.19,25.17,86.57,6.11,97.92,Animal Feed,8.69,1.12,80.46,91.67,0.95,0.34,0.42
Grains,36.12,12.92,14.81,11.36,99.21,Compost,14.33,0.93,3.45,-4.95,1.05,0.27,0.42
Vegetables,14.27,94.61,9.46,3.27,91.08,Animal Feed,5.2,2.7,6.19,4.81,1.36,0.67,1.02
Vegetables,32.6,92.73,4.74,24.89,98.26,Biogas,12.81,6.05,-20.16,-44.1,1.51,0.53,0.83
Vegetables,36.76,80.18,96.47,19.83,90.06,Biogas,13.24,5.9,76.64,76.1,1.22,0.4,0.94
Grains,7.23,17.82,36.65,18.98,95.18,Compost,2.75,0.26,17.67,6.03,0.94,0.32,0.48
Meat,10.02,65.02,28.61,27.99,92.34,Biogas,3.7,1.3,0.62,-21.65,3.39,0.79,0.46
Vegetables,6.28,72.07,88.11,14.2,91.8,Biogas,2.31,0.9,73.91,77.33,1.5,0.39,1.4
Fruits,23.07,68.89,17.35,3.92,82.93,Animal Feed,7.65,3.18,13.43,12.98,1.07,0.48,0.63
Mixed,34.75,61.3,5.07,24.54,81.71,Compost,11.36,4.26,-19.47,-43.0,1.68,0.51,0.96
Grains,30.95,29.74,80.93,22.83,97.91,Compost,12.12,1.84,58.1,51.45,0.98,0.28,0.42
Mixed,46.85,49.63,35.18,19.96,88.37,Compost,16.56,4.65,15.22,2.3,1.27,0.47,0.6
Meat,22.91,51.4,92.84,10.62,91.33,Compost,8.37,2.36,82.22,90.16,2.95,1.0,0.58
Fruits,39.53,83.28,4.6,10.98,94.24,Biogas,14.9,6.58,-6.38,-16.43,1.4,0.37,0.61
Meat,31.29,63.18,45.46,29.75,85.04,Biogas,10.64,3.95,15.7,-4.96,3.24,0.76,0.48
Fruits,16.22,66.71,22.22,5.78,89.04,Animal Feed,5.78,2.16,16.45,15.11,1.26,0.13,0.58
Vegetables,10.78,93.16,61.53,5.59,97.14,Animal Feed,4.19,2.01,55.94,62.66,1.61,0.4,1.36
Vegetables,32.0,85.62,47.63,2.87,91.57,Animal Feed,11.72,5.48,44.77,51.43,1.39,0.48,1.34
Meat,13.57,59.71,96.16,15.6,92.03,Compost,5.0,1.62,80.56,84.2,3.24,0.99,0.59
Vegetables,26.4,91.52,20.13,8.37,95.38,Animal Feed,10.07,4.83,11.76,7.42,1.56,0.66,0.85
Grains,40.67,26.58,57.09,19.43,95.82,Compost,15.59,2.16,37.66,29.65,1.04,0.19,0.47
Vegetables,46.04,93.39,87.09,0.62,91.05,Donation,16.77,8.6,86.47,103.28,1.28,0.62,1.38
Fruits,42.81,66.8,49.05,25.95,88.64,Biogas,15.18,5.72,23.1,6.95,1.34,0.37,0.71
Fruits,25.3,75.35,0.72,2.42,93.78,Animal Feed,9.49,3.81,-1.7,-3.97,0.77,0.44,0.6
Meat,2.64,60.0,27.47,19.25,94.86,Compost,1.0,0.32,8.22,-5.54,2.77,1.13,0.58
Grains,31.57,18.72,80.6,12.66,97.65,Compost,12.33,1.18,67.94,71.39,0.97,0.23,0.36
Grains,33.28,25.46,16.83,26.43,99.93,Compost,13.3,1.7,-9.6,-32.66,1.01,0.28,0.35
Grains,42.77,29.7,10.61,0.23,97.75,Animal Feed,16.72,2.54,10.39,12.28,0.97,0.26,0.4
Vegetables,28.04,71.88,79.34,10.91,96.15,Biogas,10.78,4.03,68.43,73.39,1.45,0.52,1.38
Grains,20.76,16.74,17.04,11.44,98.64,Compost,8.19,0.7,5.6,-2.44,0.91,0.23,0.45
Fruits,1.75,82.65,99.11,16.65,96.18,Biogas,0.67,0.29,82.46,85.63,1.1,0.58,0.61
Vegetables,42.83,73.35,75.97,6.97,92.57,Animal Feed,15.86,6.28,69.0,77.23,1.43,0.56,1.13
Grains,16.59,14.98,53.32,13.86,96.57,Compost,6.41,0.5,39.46,36.26,1.16,0.31,0.39
Grains,49.81,23.07,34.45,22.45,98.52,Compost,19.63,2.3,12.0,-3.56,0.97,0.2,0.43
Vegetables,20.77,81.78,54.49,19.58,91.67,Biogas,7.62,3.4,34.91,26.23,1.31,0.48,1.1
Grains,25.51,20.86,75.81,17.38,97.56,Compost,9.96,1.06,58.42,56.2,0.98,0.26,0.41
Vegetables,11.18,70.92,76.43,11.59,94.26,Biogas,4.22,1.59,64.83,68.52,1.21,0.35,1.12
Grains,32.36,22.09,27.94,10.21,99.54,Compost,12.89,1.43,17.73,13.1,0.91,0.37,0.42
Mixed,2.29,63.91,13.49,1.03,86.03,Animal Feed,0.79,0.29,12.45,14.11,0.83,0.28,0.65
Mixed,33.36,74.97,38.78,11.53,81.17,Compost,10.83,5.0,27.24,23.46,1.21,0.38,0.66
Vegetables,37.94,75.38,5.16,17.75,93.24,Biogas,14.15,5.72,-12.59,-29.3,1.8,0.53,1.25
Grains,4.84,23.64,74.33,5.06,98.06,Animal Feed,1.9,0.23,69.27,79.07,1.11,0.33,0.45
Mixed,17.66,72.12,27.57,7.03,93.57,Animal Feed,6.61,2.55,20.54,19.02,0.85,0.29,0.8
Grains,13.8,20.94,12.22,19.3,96.44,Compost,5.32,0.58,-7.08,-23.94,1.14,0.33,0.4
Mixed,44.45,71.06,34.62,27.66,89.22,Biogas,15.86,6.32,6.96,-13.78,1.66,0.29,0.52
Vegetables,19.52,80.8,66.51,19.98,94.09,Biogas,7.35,3.15,46.54,39.86,1.82,0.5,0.81
Vegetables,6.08,90.08,76.64,19.6,95.3,Biogas,2.32,1.1,57.04,52.77,1.74,0.44,1.05
Mixed,23.78,42.35,82.95,17.3,92.61,Compost,8.81,2.01,65.65,64.93,0.95,0.28,0.68
Vegetables,29.74,85.84,68.61,20.61,98.85,Biogas,11.76,5.11,48.0,41.12,1.3,0.55,1.1
Mixed,20.2,40.15,63.15,5.19,91.52,Animal Feed,7.39,1.62,57.96,65.39,1.53,0.35,0.78
Grains,44.08,25.79,19.49,6.27,97.85,Animal Feed,17.25,2.27,13.23,10.86,1.01,0.28,0.42
Meat,44.66,64.07,9.02,5.04,94.58,Biogas,16.89,5.72,3.98,0.74,3.23,1.33,0.61
Vegetables,44.84,93.62,47.33,24.98,93.56,Biogas,16.78,8.4,22.34,6.83,1.57,0.51,1.36
Grains,23.27,10.32,45.77,21.29,95.06,Compost,8.85,0.48,24.48,12.34,0.93,0.31,0.44
Mixed,13.07,65.07,8.63,12.22,95.17,Biogas,4.98,1.7,-3.59,-14.09,1.62,0.67,1.02
Grains,21.73,24.01,87.04,14.43,98.86,Compost,8.59,1.04,72.61,75.58,0.76,0.24,0.42
Grains,7.31,26.72,0.1,12.01,97.11,Compost,2.84,0.39,-11.91,-23.9,1.18,0.27,0.48
Vegetables,20.53,78.03,49.52,13.92,92.03,Biogas,7.56,3.2,35.6,31.58,1.57,0.44,1.04
Vegetables,14.6,74.65,72.12,14.95,98.73,Biogas,5.77,2.18,57.17,56.64,1.68,0.47,1.44
Vegetables,41.3,75.48,3.28,1.23,97.07,Animal Feed,16.03,6.23,2.06,1.49,1.89,0.53,1.57
Fruits,37.74,77.28,24.37,22.01,88.22,Biogas,13.32,5.83,2.36,-14.77,1.12,0.59,0.34
Fruits,45.45,63.27,88.33,2.67,87.46,Donation,15.9,5.75,85.66,100.66,1.36,0.47,0.87
Grains,5.35,24.98,14.63,4.27,98.14,Animal Feed,2.1,0.27,10.36,9.01,1.09,0.3,0.39
Vegetables,24.71,72.89,11.96,25.97,91.26,Biogas,9.02,3.6,-14.0,-37.58,1.65,0.35,1.28
Vegetables,19.96,78.72,87.54,28.89,91.25,Biogas,7.29,3.14,58.66,47.28,1.52,0.65,1.18
Meat,31.53,62.44,59.58,26.95,93.75,Biogas,11.82,3.94,32.63,17.59,2.65,1.1,0.43
Grains,47.0,27.33,69.14,14.28,95.64,Compost,17.98,2.57,54.86,54.41,1.18,0.28,0.42
Meat,9.08,55.98,66.09,28.46,87.43,Compost,3.18,1.02,37.63,22.39,2.11,1.08,0.45
Grains,12.87,26.61,19.6,18.12,95.06,Compost,4.89,0.68,1.48,-12.72,1.11,0.27,0.33
Grains,20.92,15.89,64.84,8.92,97.17,Animal Feed,8.13,0.66,55.92,59.97,0.9,0.26,0.46
Mixed,13.84,72.05,56.91,5.52,81.47,Animal Feed,4.51,1.99,51.39,57.25,0.7,0.35,1.2
Grains,38.55,25.34,75.49,17.61,96.19,Compost,14.83,1.95,57.88,55.36,1.1,0.26,0.47
Grains,46.63,21.39,81.98,23.78,97.41,Compost,18.17,1.99,58.2,50.82,1.01,0.26,0.42
Grains,33.39,25.45,42.62,0.12,97.42,Animal Feed,13.01,1.7,42.5,50.9,0.99,0.34,0.41
Vegetables,43.53,80.72,49.16,11.27,94.21,Biogas,16.4,7.03,37.88,36.44,1.68,0.32,1.18
Mixed,28.63,77.54,23.92,16.13,92.36,Biogas,10.58,4.44,7.79,-3.55,1.32,0.37,0.78
Vegetables,36.42,93.42,88.85,8.1,97.09,Animal Feed,14.14,6.8,80.75,90.42,1.33,0.62,0.86
Vegetables,7.41,82.37,62.82,6.07,97.32,Animal Feed,2.88,1.22,56.75,63.25,1.38,0.7,1.36
Vegetables,17.88,90.2,21.98,3.51,97.75,Animal Feed,6.99,3.23,18.47,19.36,1.77,0.45,1.49
Vegetables,21.96,78.49,35.2,3.13,96.96,Animal Feed,8.52,3.45,32.08,35.99,1.35,0.38,1.58
Meat,39.94,56.19,37.42,23.32,86.37,Compost,13.8,4.49,14.1,-1.74,2.84,0.71,0.51
Vegetables,40.51,86.85,53.12,20.82,92.2,Biogas,14.94,7.04,32.3,22.11,1.97,0.55,1.12
Grains,4.43,28.5,39.86,29.53,98.47,Compost,1.75,0.25,10.33,-11.23,0.97,0.38,0.46
Vegetables,37.22,80.52,43.03,1.15,98.81,Animal Feed,14.71,5.99,41.88,49.34,1.6,0.67,1.31
Grains,10.54,21.05,48.58,1.04,96.92,Animal Feed,4.09,0.44,47.54,56.22,1.02,0.34,0.4
Grains,16.96,25.56,3.48,6.39,97.35,Animal Feed,6.6,0.87,-2.91,-8.61,1.04,0.31,0.42
Grains,3.26,12.04,48.24,18.77,96.46,Compost,1.26,0.08,29.46,20.34,0.9,0.29,0.4
Grains,4.31,22.22,16.15,11.78,98.03,Compost,1.69,0.19,4.36,-4.19,1.19,0.3,0.43
Vegetables,41.14,83.46,40.76,15.98,99.71,Biogas,16.41,6.87,24.78,16.95,1.29,0.52,1.03
Vegetables,3.36,87.69,91.45,25.67,99.66,Biogas,1.34,0.59,65.78,58.4,1.1,0.54,1.17
Grains,34.17,24.01,0.32,21.3,98.21,Compost,13.42,1.64,-20.98,-42.22,1.06,0.32,0.36
Grains,13.73,26.08,27.61,7.56,97.03,Animal Feed,5.33,0.72,20.05,18.01,0.95,0.3,0.34
Vegetables,23.56,83.06,3.77,18.41,95.71,Biogas,9.02,3.91,-14.65,-32.31,1.43,0.61,1.18
Fruits,3.01,62.33,31.58,22.94,90.6,Biogas,1.09,0.38,8.64,-7.99,1.02,0.32,0.87
Meat,17.92,62.22,25.11,8.76,91.65,Biogas,6.57,2.23,16.35,12.61,3.71,1.24,0.35
Vegetables,46.87,90.84,61.23,25.21,95.65,Biogas,17.93,8.51,36.02,23.06,1.37,0.51,0.93
Vegetables,30.75,84.11,76.73,3.32,92.07,Animal Feed,11.32,5.17,73.41,85.44,1.73,0.58,1.6
Grains,49.9,23.79,51.24,23.71,98.42,Compost,19.64,2.37,27.53,14.06,0.94,0.29,0.37
Mixed,18.58,40.92,18.35,9.18,91.1,Animal Feed,6.77,1.52,9.17,3.66,0.93,0.32,1.11
Grains,25.21,24.87,73.69,7.99,96.09,Animal Feed,9.69,1.25,65.7,72.45,0.98,0.31,0.45
Mixed,35.6,49.8,91.59,21.35,93.06,Compost,13.25,3.55,70.24,67.2,0.68,0.51,0.96
Vegetables,39.74,87.4,41.54,23.42,95.74,Biogas,15.22,6.95,18.11,2.99,1.63,0.48,1.66
Vegetables,40.72,72.7,53.14,4.03,97.09,Animal Feed,15.81,5.92,49.11,55.71,1.55,0.69,1.16
Grains,48.26,25.1,80.6,5.73,96.5,Animal Feed,18.63,2.42,74.87,85.26,1.13,0.22,0.36
Grains,35.43,28.64,77.93,27.63,95.31,Compost,13.51,2.03,50.3,38.26,0.98,0.38,0.33
Vegetables,31.76,70.17,60.84,6.2,97.87,Animal Feed,12.43,4.46,54.64,60.61,1.59,0.44,1.3
Vegetables,6.27,70.13,79.36,2.09,92.39,Animal Feed,2.32,0.88,77.26,91.04,1.15,0.68,1.23
Vegetables,38.74,82.02,88.81,21.49,91.82,Biogas,14.23,6.36,67.32,63.6,1.2,0.43,1.25
Vegetables,14.72,81.88,80.63,16.27,93.55,Biogas,5.51,2.41,64.36,64.21,1.48,0.57,1.5
Grains,48.17,11.84,36.08,21.1,95.52,Compost,18.41,1.14,14.98,1.09,0.94,0.18,0.46
Grains,30.99,17.4,30.05,13.29,95.41,Compost,11.83,1.08,16.76,9.48,0.99,0.31,0.4
Meat,16.14,58.11,75.92,8.85,89.1,Compost,5.75,1.88,67.07,73.4,2.47,0.98,0.42
Vegetables,48.17,93.01,21.74,3.64,91.06,Animal Feed,17.54,8.96,18.1,18.81,1.44,0.55,1.64
Grains,41.28,23.77,61.41,22.09,95.9,Compost,15.83,1.96,39.32,29.51,1.04,0.21,0.37
Vegetables,13.06,76.47,72.43,11.14,99.4,Biogas,5.19,2.0,61.29,64.63,1.54,0.58,0.71
Vegetables,33.06,86.68,17.88,15.64,92.61,Biogas,12.25,5.73,2.24,-9.83,1.52,0.48,1.27
Grains,12.27,25.03,80.42,12.4,99.34,Compost,4.88,0.61,68.02,71.71,1.02,0.27,0.44
Vegetables,9.23,92.72,1.76,29.85,94.27,Biogas,3.48,1.71,-28.09,-57.6,1.49,0.5,1.12
Vegetables,23.62,91.96,62.97,3.29,98.19,Animal Feed,9.28,4.34,59.68,68.98,1.55,0.73,1.08
Vegetables,15.75,79.45,17.35,23.65,92.74,Biogas,5.84,2.5,-6.3,-26.48,1.35,0.37,1.15
Fruits,13.16,45.55,70.05,6.92,93.0,Animal Feed,4.9,1.2,63.13,70.22,0.49,0.45,1.11
Grains,16.75,14.45,3.8,6.52,96.18,Animal Feed,6.44,0.48,-2.71,-8.47,1.11,0.34,0.37
Vegetables,20.84,71.9,56.3,3.03,97.25,Animal Feed,8.11,3.0,53.27,61.51,1.53,0.41,1.46
Grains,43.02,23.21,17.28,16.51,95.52,Compost,16.44,2.0,0.77,-12.29,1.05,0.34,0.49
Grains,46.46,11.34,38.29,3.94,96.87,Animal Feed,18.0,1.05,34.34,38.05,0.95,0.28,0.41
Vegetables,25.65,77.98,27.47,11.36,92.12,Biogas,9.45,4.0,16.11,10.25,1.81,0.42,1.19
Fruits,46.56,50.93,89.9,14.04,91.34,Compost,17.01,4.74,75.86,79.81,0.89,0.49,0.89
Mixed,48.57,62.79,3.54,25.58,89.76,Biogas,17.44,6.1,-22.04,-46.91,0.86,0.55,0.84
Mixed,2.29,75.52,55.13,14.86,86.94,Biogas,0.79,0.35,40.28,36.45,1.83,0.4,1.33
Fruits,34.49,58.57,3.98,25.88,92.39,Compost,12.75,4.04,-21.9,-46.99,1.49,0.37,0.83
Meat,40.94,64.93,52.7,22.21,85.52,Biogas,14.0,5.32,30.5,18.83,3.04,0.53,0.6
Grains,15.34,21.99,12.59,28.92,95.42,Compost,5.85,0.67,-16.33,-42.74,1.07,0.33,0.45
Mixed,30.36,42.64,19.0,14.45,88.18,Compost,10.71,2.59,4.54,-6.11,1.24,0.45,0.57
Vegetables,9.91,76.2,6.61,9.36,90.29,Animal Feed,3.58,1.51,-2.75,-10.79,1.3,0.61,1.4
Grains,46.0,18.03,92.33,14.92,97.52,Compost,17.95,1.66,77.42,80.97,1.13,0.34,0.43
Vegetables,38.46,73.14,98.16,5.35,94.18,Animal Feed,14.49,5.63,92.81,107.09,1.79,0.6,1.04
Vegetables,33.54,92.75,4.27,20.44,95.59,Biogas,12.82,6.22,-16.16,-35.75,1.62,0.59,1.67
Vegetables,46.85,74.67,14.72,24.63,93.02,Biogas,17.43,7.0,-9.91,-31.59,0.81,0.57,0.87
Grains,29.07,20.93,27.39,16.61,97.88,Compost,11.38,1.22,10.78,-0.35,0.91,0.35,0.47
Vegetables,29.85,80.8,99.66,13.89,90.39,Biogas,10.79,4.82,85.77,91.82,1.32,0.59,1.16
Vegetables,4.74,72.05,11.13,13.14,90.56,Biogas,1.72,0.68,-2.02,-12.93,1.58,0.41,0.97
Vegetables,32.18,74.9,36.81,27.73,99.14,Biogas,12.76,4.82,9.08,-11.28,1.97,0.53,1.21
Fruits,32.24,74.55,1.05,9.33,91.6,Animal Feed,11.81,4.81,-8.28,-17.39,1.04,0.45,0.61
Grains,17.33,23.88,25.36,22.62,97.61,Compost,6.76,0.83,2.74,-14.81,0.99,0.32,0.44
Vegetables,7.31,70.09,69.18,3.22,97.44,Animal Feed,2.85,1.02,65.96,76.57,1.6,0.28,1.19
Vegetables,20.8,83.01,65.52,21.77,98.24,Biogas,8.17,3.45,43.75,35.08,1.67,0.52,1.29
Mixed,23.93,56.62,39.65,29.58,95.34,Compost,9.13,2.71,10.07,-11.58,0.79,0.24,0.73
Vegetables,35.69,76.26,68.03,12.64,93.03,Biogas,13.28,5.44,55.39,56.36,1.59,0.35,1.35
Vegetables,2.11,83.32,88.21,5.91,98.39,Animal Feed,0.83,0.35,82.3,94.03,1.31,0.37,1.6
Vegetables,28.7,77.29,55.01,29.52,99.98,Biogas,11.48,4.44,25.48,6.96,1.37,0.49,1.23
Grains,33.66,14.27,58.74,13.28,95.53,Compost,12.86,0.96,45.45,43.92,0.87,0.35,0.41
Grains,23.97,12.84,42.8,18.67,98.71,Compost,9.46,0.62,24.12,14.01,0.76,0.34,0.32
Vegetables,37.7,83.03,19.55,22.1,98.62,Biogas,14.87,6.26,-2.55,-20.74,1.57,0.5,1.44
Grains,30.14,12.15,67.8,18.83,98.16,Compost,11.83,0.73,48.97,43.7,0.85,0.24,0.4
Vegetables,37.65,78.08,35.63,21.95,97.99,Biogas,14.76,5.88,13.68,-1.14,1.57,0.34,1.39
Grains,33.75,13.17,64.89,8.23,98.93,Animal Feed,13.36,0.89,56.66,61.41,1.1,0.22,0.38
Fruits,33.4,79.16,33.92,13.45,87.12,Biogas,11.64,5.29,20.47,13.81,0.98,0.41,0.71
Grains,35.33,10.55,71.04,23.3,98.85,Compost,13.97,0.75,47.74,38.64,1.29,0.28,0.37
Vegetables,34.86,76.45,47.72,6.87,98.32,Animal Feed,13.71,5.33,40.84,43.51,1.16,0.63,1.31
Grains,19.69,16.65,86.91,2.47,96.06,Donation,7.57,0.66,84.43,99.34,0.97,0.31,0.41
Mixed,3.08,48.19,90.03,3.36,90.52,Animal Feed,1.12,0.3,86.67,101.32,1.19,0.41,1.09
Mixed,18.23,78.77,16.16,19.46,92.03,Biogas,6.71,2.87,-3.3,-19.52,1.29,0.48,0.9
Vegetables,43.6,71.65,93.57,1.36,99.87,Donation,17.42,6.25,92.2,109.56,1.63,0.38,1.13
Grains,38.74,16.34,41.08,8.91,97.64,Animal Feed,15.13,1.27,32.17,31.48,1.02,0.3,0.27
Grains,44.28,13.22,67.38,9.43,96.08,Animal Feed,17.02,1.17,57.94,61.98,1.03,0.28,0.41
Vegetables,20.87,78.74,71.32,17.52,98.41,Biogas,8.22,3.29,53.8,50.54,1.51,0.57,1.06
Vegetables,10.72,75.05,76.3,14.32,91.71,Biogas,3.93,1.61,61.98,62.91,1.53,0.56,1.24
Grains,19.94,22.02,2.22,8.22,96.8,Animal Feed,7.72,0.88,-6.0,-13.78,1.05,0.23,0.39
Grains,18.36,10.48,56.67,4.52,96.12,Animal Feed,7.06,0.38,52.15,58.96,1.0,0.24,0.44
Mixed,48.54,69.52,11.54,6.24,92.73,Animal Feed,18.01,6.75,5.29,1.36,1.35,0.39,0.5
Grains,13.01,23.08,62.26,16.7,96.91,Compost,5.04,0.6,45.56,41.32,0.96,0.31,0.45
Fruits,4.11,43.03,23.44,27.36,92.63,Compost,1.52,0.35,-3.92,-26.59,1.09,0.55,0.54
Vegetables,32.76,89.68,69.6,7.82,90.22,Animal Feed,11.82,5.87,61.78,67.87,1.32,0.49,1.16
Vegetables,15.12,72.25,66.11,17.97,92.19,Biogas,5.58,2.18,48.14,43.39,1.34,0.46,1.0
Fruits,5.31,49.66,10.77,25.69,95.57,Compost,2.03,0.53,-14.91,-38.45,1.46,0.35,0.9
Vegetables,43.68,94.03,7.04,21.38,92.21,Biogas,16.11,8.22,-14.34,-34.31,1.45,0.62,1.11
Vegetables,46.42,80.44,32.11,25.69,90.82,Biogas,16.86,7.47,6.42,-12.85,1.77,0.55,1.12
Vegetables,23.94,91.96,84.21,15.71,90.48,Biogas,8.67,4.4,68.5,69.64,1.61,0.47,1.52
Fruits,32.3,70.85,37.65,19.81,82.75,Compost,10.69,4.58,17.83,5.55,1.41,0.45,0.49
Mixed,3.24,82.86,83.4,8.82,81.3,Animal Feed,1.05,0.54,74.58,82.44,0.81,0.12,0.89
Vegetables,31.98,88.79,96.27,7.15,99.55,Animal Feed,12.73,5.68,89.12,101.22,1.17,0.34,1.18
Meat,39.46,60.76,42.8,14.39,91.9,Biogas,14.51,4.8,28.4,22.57,2.34,1.06,0.52
Grains,10.1,28.04,88.37,20.4,99.01,Compost,4.0,0.57,67.98,65.25,1.0,0.31,0.45
Grains,46.66,18.79,27.36,22.22,97.5,Compost,18.2,1.75,5.14,-11.61,0.93,0.27,0.39
Vegetables,36.32,74.9,11.18,28.84,92.3,Biogas,13.41,5.44,-17.66,-44.27,1.31,0.45,1.44
Vegetables,8.36,78.96,15.72,17.45,90.96,Biogas,3.04,1.32,-1.73,-16.03,1.54,0.48,1.17
Vegetables,21.94,84.76,13.27,13.01,99.57,Biogas,8.74,3.72,0.26,-10.09,1.7,0.61,1.05
Vegetables,25.13,80.43,79.21,1.14,99.8,Animal Feed,10.03,4.04,78.07,92.77,1.53,0.58,1.24
Grains,3.09,14.88,32.73,15.99,95.46,Compost,1.18,0.09,16.75,7.31,0.87,0.38,0.41
Vegetables,21.03,83.88,18.46,25.85,95.14,Biogas,8.0,3.53,-7.38,-29.54,1.77,0.46,1.66
Vegetables,24.62,78.8,75.27,3.09,98.92,Animal Feed,9.74,3.88,72.18,84.15,1.51,0.48,1.25
Vegetables,41.99,73.28,7.73,0.75,91.55,Animal Feed,15.38,6.15,6.99,7.79,1.74,0.54,1.17
Vegetables,47.19,72.38,3.27,17.89,95.98,Biogas,18.12,6.83,-14.62,-31.86,1.48,0.52,1.34
Mixed,16.81,54.11,40.08,21.68,84.48,Compost,5.68,1.82,18.4,4.74,0.72,0.4,0.97
Vegetables,37.73,85.07,49.41,14.58,96.3,Biogas,14.53,6.42,34.84,30.14,1.77,0.52,1.08
Vegetables,1.37,80.57,49.78,17.77,94.01,Biogas,0.52,0.22,32.01,24.19,1.88,0.37,0.99
Grains,44.2,25.38,36.11,28.74,95.26,Compost,16.84,2.24,7.37,-14.15,0.91,0.2,0.48
Grains,36.25,29.34,14.05,17.86,95.76,Compost,13.89,2.13,-3.81,-18.86,0.99,0.28,0.45
Vegetables,19.54,78.63,33.99,4.41,96.14,Animal Feed,7.51,3.07,29.58,31.97,1.66,0.66,1.46
Fruits,3.59,72.28,2.18,24.33,82.52,Compost,1.19,0.52,-22.15,-46.05,1.62,0.52,0.71
Grains,42.51,25.52,51.81,17.56,97.49,Compost,16.58,2.17,34.25,27.05,1.13,0.35,0.46
Meat,29.01,61.25,97.26,1.2,91.62,Donation,10.63,3.55,96.06,114.32,2.9,0.8,0.53
Meat,16.4,50.58,34.05,23.65,93.26,Compost,6.12,1.66,10.4,-6.45,3.44,0.91,0.45
Grains,13.98,13.37,60.82,17.25,95.55,Compost,5.34,0.37,43.57,38.49,0.99,0.36,0.44
Meat,35.25,52.18,32.85,25.51,87.86,Compost,12.39,3.68,7.34,-11.6,2.13,1.04,0.59
Vegetables,21.05,76.91,71.94,18.85,98.71,Biogas,8.31,3.24,53.09,48.63,1.44,0.67,1.32
Grains,14.4,11.21,23.46,13.64,99.0,Compost,5.7,0.32,9.82,0.88,1.03,0.29,0.35
Vegetables,41.65,94.45,25.68,26.94,99.42,Biogas,16.56,7.87,-1.25,-23.06,1.54,0.51,1.31
Vegetables,30.91,89.99,76.71,5.63,95.95,Animal Feed,11.87,5.56,71.07,80.78,1.01,0.52,1.06
Meat,44.05,74.66,93.81,27.29,89.1,Biogas,15.7,6.58,66.52,58.0,2.97,0.92,0.58
Grains,34.44,10.05,46.79,3.13,96.82,Animal Feed,13.34,0.69,43.66,49.9,1.03,0.31,0.43
Vegetables,28.19,92.44,17.84,14.78,90.96,Biogas,10.26,5.21,3.07,-8.14,1.59,0.4,1.03
Grains,45.31,20.6,64.87,6.49,98.46,Animal Feed,17.85,1.87,58.38,64.87,0.95,0.33,0.36
Grains,11.36,21.87,22.48,11.45,98.34,Compost,4.47,0.5,11.03,4.08,1.06,0.31,0.38
Fruits,26.08,69.2,30.12,27.97,86.53,Biogas,9.03,3.61,2.16,-19.79,1.17,0.52,0.88
Vegetables,46.05,70.71,28.93,1.62,95.43,Animal Feed,17.58,6.51,27.31,31.48,1.51,0.51,1.58
Vegetables,9.64,93.09,21.18,5.99,98.52,Animal Feed,3.8,1.79,15.19,13.44,1.61,0.59,1.1
Meat,17.02,51.62,64.86,21.04,92.2,Compost,6.28,1.76,43.82,35.76,3.01,1.04,0.43
Fruits,45.53,78.76,66.66,6.54,91.67,Animal Feed,16.7,7.17,60.12,66.91,0.78,0.59,0.69
Grains,11.2,27.98,76.37,5.39,96.62,Animal Feed,4.33,0.63,70.99,80.88,0.95,0.36,0.36
Grains,6.57,20.56,65.01,1.78,99.1,Animal Feed,2.6,0.27,63.23,74.46,1.07,0.36,0.4
Vegetables,28.27,74.32,37.48,7.41,96.82,Animal Feed,10.95,4.2,30.07,30.16,1.26,0.55,1.47
Meat,4.47,70.82,62.32,25.72,94.43,Biogas,1.69,0.63,36.6,23.34,3.11,0.99,0.55
Vegetables,2.36,79.61,5.45,16.83,98.84,Biogas,0.93,0.38,-11.38,-27.11,2.16,0.56,1.34
Grains,32.44,24.57,51.82,23.41,97.6,Compost,12.66,1.59,28.41,15.36,1.18,0.3,0.45
Fruits,32.77,45.69,25.91,17.34,85.98,Compost,11.27,2.99,8.57,-3.59,1.6,0.43,0.7
Meat,43.46,74.19,24.05,1.91,93.92,Biogas,16.33,6.45,22.14,25.03,3.05,1.33,0.48
Vegetables,12.82,70.94,44.2,17.94,98.5,Biogas,5.05,1.82,26.26,17.16,1.78,0.5,1.23
Fruits,44.98,83.04,95.86,14.33,93.15,Biogas,16.76,7.47,81.54,86.38,1.28,0.45,0.81
Grains,40.65,18.66,11.64,3.1,99.15,Animal Feed,16.12,1.52,8.54,7.78,1.0,0.25,0.5
Mixed,15.88,54.71,40.15,22.82,93.98,Compost,5.97,1.74,17.33,2.54,1.14,0.52,0.74
Grains,46.86,16.55,25.99,16.06,96.81,Compost,18.15,1.55,9.93,-0.93,0.93,0.35,0.3
Mixed,11.52,50.91,38.48,25.31,84.38,Compost,3.89,1.17,13.16,-4.46,1.3,0.41,1.09
Vegetables,20.22,71.84,18.99,5.27,91.19,Animal Feed,7.37,2.91,13.72,12.25,1.42,0.41,1.19
Vegetables,9.14,74.88,81.93,20.03,99.84,Biogas,3.65,1.37,61.9,58.26,1.5,0.64,1.3
Meat,31.98,66.23,41.17,13.28,94.28,Biogas,12.06,4.24,27.89,22.84,2.7,0.84,0.59
Grains,31.01,25.32,55.4,16.4,96.76,Compost,12.0,1.57,39.01,33.69,0.99,0.24,0.43
Fruits,44.9,61.92,37.12,27.81,80.44,Compost,14.45,5.56,9.31,-11.07,1.08,0.4,1.06
Grains,32.68,17.49,53.01,12.49,95.19,Compost,12.44,1.14,40.52,38.64,0.86,0.34,0.45
Grains,37.59,24.26,61.26,2.09,98.29,Animal Feed,14.78,1.82,59.17,69.33,1.02,0.34,0.4
Grains,32.9,24.09,30.37,5.52,99.47,Animal Feed,13.09,1.59,24.85,25.4,0.99,0.37,0.48
Vegetables,9.7,90.16,2.41,11.23,91.48,Biogas,3.55,1.75,-8.82,-19.57,1.33,0.43,1.04
Vegetables,20.49,88.85,51.88,16.98,90.12,Biogas,7.39,3.64,34.9,28.3,1.6,0.66,1.14
Grains,32.79,11.22,66.43,26.28,98.08,Compost,12.86,0.74,40.15,27.16,0.9,0.36,0.41
Fruits,17.93,71.74,27.41,1.5,80.91,Animal Feed,5.8,2.57,25.91,29.89,1.38,0.47,0.79
Grains,18.4,17.59,95.71,21.22,97.91,Compost,7.21,0.65,74.5,72.42,0.9,0.4,0.41
Vegetables,18.64,92.08,86.18,1.06,94.24,Donation,7.03,3.43,85.12,101.29,1.5,0.5,1.32
Grains,35.31,27.27,45.1,26.12,98.05,Compost,13.85,1.93,18.98,1.87,0.91,0.31,0.49
Grains,29.59,14.22,27.99,1.33,97.56,Animal Feed,11.55,0.84,26.66,30.94,0.97,0.26,0.36
Vegetables,21.79,73.28,51.24,17.88,91.33,Biogas,7.96,3.19,33.36,25.73,1.49,0.55,0.89
Grains,20.3,24.01,49.11,17.64,99.75,Compost,8.1,0.97,31.47,23.65,0.94,0.27,0.51
Meat,36.74,51.11,50.23,29.35,92.36,Compost,13.58,3.76,20.88,1.58,3.53,0.87,0.69
Mixed,14.78,57.36,77.48,25.41,87.76,Compost,5.19,1.7,52.08,42.17,1.18,0.38,0.62
Fruits,1.71,75.5,99.05,18.5,89.05,Biogas,0.61,0.26,80.55,81.85,1.2,0.25,0.76
Grains,15.45,10.22,53.77,25.31,98.05,Compost,6.06,0.32,28.46,13.91,1.12,0.33,0.53
Vegetables,27.96,87.0,12.44,16.1,92.1,Biogas,10.3,4.87,-3.65,-17.26,1.53,0.53,1.21
Vegetables,22.53,93.19,93.43,11.05,97.94,Biogas,8.83,4.2,82.38,90.02,1.5,0.44,1.44
Vegetables,32.25,79.07,6.39,0.9,91.54,Animal Feed,11.81,5.1,5.49,5.87,1.54,0.56,1.22
Mixed,2.9,67.68,3.72,21.93,85.36,Biogas,0.99,0.39,-18.2,-39.38,1.39,0.29,1.0
Vegetables,27.99,89.35,70.35,25.98,97.03,Biogas,10.86,5.0,44.37,32.47,1.75,0.42,1.24
Fruits,18.23,84.63,24.43,6.74,80.51,Animal Feed,5.87,3.09,17.69,15.83,1.41,0.5,0.77
Grains,35.57,10.15,32.36,21.4,97.25,Compost,13.84,0.72,10.96,-3.96,0.82,0.3,0.34
Fruits,29.88,43.37,49.37,29.74,92.22,Compost,11.02,2.59,19.63,-0.24,1.25,0.4,0.99
Grains,40.5,22.93,2.25,26.53,96.1,Compost,15.57,1.86,-24.29,-50.37,1.09,0.24,0.29
Fruits,23.59,71.53,65.66,14.09,83.2,Compost,7.85,3.37,51.57,50.61,0.89,0.11,0.84
Grains,15.49,10.97,25.55,2.64,99.59,Animal Feed,6.17,0.34,22.91,25.38,0.81,0.27,0.31
Vegetables,24.83,91.15,27.68,20.05,91.01,Biogas,9.04,4.53,7.63,-6.88,1.96,0.61,1.33
Grains,35.68,27.82,88.32,15.96,96.99,Compost,13.84,1.99,72.36,74.06,1.03,0.22,0.39
Grains,14.02,15.01,75.1,26.31,96.18,Compost,5.39,0.42,48.79,37.5,0.95,0.26,0.4
Mixed,31.81,62.81,63.88,3.47,91.17,Animal Feed,11.6,4.0,60.42,69.73,1.51,0.5,1.16
Fruits,31.51,72.75,67.9,28.57,86.17,Biogas,10.86,4.59,39.34,24.35,1.37,0.4,0.97
Mixed,32.6,47.46,2.78,27.37,97.11,Compost,12.66,3.09,-24.59,-51.41,1.79,0.2,0.91
Fruits,43.0,56.99,52.14,2.42,88.83,Animal Feed,15.28,4.9,49.72,57.73,1.21,0.46,0.78
Vegetables,23.64,93.84,92.12,13.36,95.69,Biogas,9.05,4.44,78.76,83.82,1.39,0.53,1.22
Grains,24.07,12.85,64.93,7.31,96.36,Animal Feed,9.28,0.62,57.62,63.3,1.1,0.29,0.36
Grains,23.49,20.67,14.8,27.02,95.92,Compost,9.01,0.97,-12.22,-36.28,0.78,0.33,0.43
Mixed,33.37,53.64,28.72,5.05,91.27,Animal Feed,12.18,3.58,23.67,24.36,0.71,0.24,1.1
Vegetables,33.0,92.15,66.41,19.16,93.85,Biogas,12.39,6.08,47.26,41.39,1.22,0.45,0.97
Mixed,35.29,47.42,7.71,1.42,93.53,Animal Feed,13.2,3.35,6.29,6.41,0.97,0.42,0.54
Grains,6.14,16.13,20.49,24.15,96.69,Compost,2.38,0.2,-3.66,-23.71,0.93,0.36,0.48
Fruits,49.45,59.98,3.98,10.05,86.67,Compost,17.14,5.93,-6.07,-15.33,1.19,0.37,0.83
Meat,6.71,65.89,21.97,4.94,87.7,Biogas,2.35,0.88,17.03,16.49,2.71,1.41,0.47
Grains,47.78,23.16,23.81,27.83,99.18,Compost,18.95,2.21,-4.03,-27.1,0.95,0.3,0.42
Grains,47.99,23.02,82.34,23.16,98.88,Compost,18.98,2.21,59.18,52.49,1.03,0.32,0.34
Vegetables,25.42,85.87,88.32,9.94,90.28,Animal Feed,9.18,4.37,78.38,86.1,2.01,0.42,1.03
Grains,41.75,15.19,78.71,25.13,95.62,Compost,15.97,1.27,53.59,44.2,1.01,0.31,0.42
Vegetables,22.98,87.34,0.54,23.01,93.91,Biogas,8.63,4.01,-22.47,-45.37,1.41,0.33,1.46
Grains,16.37,24.27,31.15,2.34,97.28,Animal Feed,6.37,0.79,28.81,32.7,1.0,0.29,0.35
Fruits,16.21,50.37,10.36,28.89,93.15,Compost,6.04,1.63,-18.52,-45.34,1.36,0.34,0.65
Vegetables,49.79,74.4,26.07,19.04,90.21,Biogas,17.96,7.41,7.03,-6.8,1.54,0.59,1.24
Grains,4.93,28.21,86.62,11.5,97.3,Compost,1.92,0.28,75.13,80.96,0.78,0.27,0.35
Grains,47.44,23.03,12.95,8.57,98.38,Animal Feed,18.67,2.19,4.38,-1.59,1.08,0.24,0.44
Vegetables,19.66,73.71,10.33,10.25,98.45,Biogas,7.74,2.9,0.08,-8.1,1.46,0.52,1.31
Mixed,7.68,65.04,10.47,15.69,86.35,Biogas,2.65,1.0,-5.23,-18.83,1.22,0.38,1.03
Vegetables,27.3,91.34,52.89,2.92,99.73,Animal Feed,10.89,4.99,49.97,57.63,1.24,0.58,1.35
Grains,8.24,14.91,27.18,29.12,98.54,Compost,3.25,0.25,-1.95,-25.63,0.87,0.35,0.5
Vegetables,44.48,93.2,91.95,22.28,97.2,Biogas,17.29,8.29,69.68,65.79,1.6,0.48,1.47
Vegetables,2.71,83.52,61.38,20.03,98.41,Biogas,1.07,0.45,41.36,33.61,1.53,0.52,1.13
Vegetables,34.94,84.77,16.69,26.23,95.67,Biogas,13.37,5.92,-9.55,-32.44,1.22,0.6,1.53
Vegetables,37.48,74.41,11.1,25.82,96.61,Biogas,14.48,5.58,-14.71,-38.31,1.38,0.53,1.24
Grains,14.63,26.5,86.13,6.8,98.69,Animal Feed,5.77,0.78,79.32,89.75,1.05,0.34,0.41
Fruits,19.33,59.43,11.66,26.63,97.5,Compost,7.54,2.3,-14.97,-39.27,0.97,0.51,0.91
Fruits,39.11,65.16,2.01,29.45,83.98,Compost,13.14,5.1,-27.44,-56.49,1.83,0.37,0.97
Fruits,31.51,40.56,55.57,19.69,84.1,Compost,10.6,2.56,35.88,27.31,1.84,0.32,0.99
Fruits,36.27,82.97,32.43,3.99,95.74,Animal Feed,13.89,6.02,28.44,30.93,1.41,0.49,1.09
Vegetables,43.46,80.81,21.28,25.59,95.6,Biogas,16.62,7.02,-4.31,-25.65,1.48,0.51,1.16
Grains,5.65,20.84,80.52,25.75,99.26,Compost,2.24,0.24,54.77,45.12,1.16,0.29,0.37
Meat,15.98,62.67,11.17,9.89,92.41,Biogas,5.91,2.0,1.28,-6.38,3.15,0.78,0.57
Grains,35.35,24.6,43.31,15.75,96.27,Compost,13.61,1.74,27.56,20.47,1.05,0.31,0.4
Vegetables,47.35,84.58,78.34,16.87,93.91,Biogas,17.79,8.01,61.47,60.26,1.47,0.46,0.93
Vegetables,43.45,89.6,71.29,24.16,99.51,Biogas,17.29,7.79,47.13,37.23,1.54,0.54,1.42
Vegetables,34.94,90.39,65.64,24.14,90.41,Biogas,12.63,6.32,41.5,30.49,1.29,0.38,1.28
Grains,43.87,14.68,84.34,15.27,98.52,Compost,17.29,1.29,69.08,70.68,1.05,0.3,0.31
Vegetables,49.65,76.75,84.57,13.36,99.85,Biogas,19.83,7.62,71.21,74.77,1.51,0.57,1.25
Vegetables,40.34,83.63,63.08,9.52,91.98,Animal Feed,14.84,6.75,53.56,56.66,1.39,0.44,1.16
Vegetables,44.7,94.95,5.53,17.66,93.5,Biogas,16.72,8.49,-12.13,-28.69,1.48,0.51,1.03
Fruits,23.2,63.59,6.75,4.97,84.87,Animal Feed,7.87,2.95,1.78,-1.83,1.12,0.32,1.07
Vegetables,22.36,71.63,98.5,1.97,98.06,Donation,8.77,3.2,96.53,114.26,1.46,0.53,1.76
Grains,17.94,20.04,7.13,8.34,96.09,Animal Feed,6.9,0.72,-1.22,-8.13,0.79,0.28,0.37
Grains,32.92,21.09,63.03,25.58,95.0,Compost,12.51,1.39,37.45,24.47,1.04,0.29,0.41
Grains,37.03,23.36,29.27,28.2,98.86,Compost,14.64,1.73,1.07,-21.27,1.08,0.27,0.41
Vegetables,24.14,78.92,51.56,19.56,90.86,Biogas,8.77,3.81,32.0,22.76,1.39,0.41,1.41
Grains,43.63,23.25,73.37,27.16,95.45,Compost,16.66,2.03,46.21,33.72,0.99,0.36,0.4
Vegetables,48.88,77.13,92.13,18.21,90.5,Biogas,17.7,7.54,73.92,74.14,1.3,0.5,1.33
Grains,49.71,21.59,1.38,13.18,99.64,Compost,19.81,2.15,-11.8,-24.7,1.03,0.29,0.42
Fruits,41.97,67.17,73.53,10.49,82.82,Compost,13.9,5.64,63.04,67.25,1.75,0.3,0.7
Grains,2.13,26.49,53.11,7.09,99.99,Animal Feed,0.85,0.11,46.02,49.56,1.28,0.29,0.42
Vegetables,23.41,88.68,64.1,10.7,90.18,Biogas,8.44,4.15,53.4,55.53,1.72,0.29,1.63
Vegetables,11.8,71.01,17.78,3.33,91.85,Animal Feed,4.33,1.68,14.46,14.68,1.62,0.32,1.03
Mixed,45.65,74.74,65.13,15.58,84.54,Compost,15.44,6.82,49.55,47.0,1.55,0.28,0.85
Grains,18.05,25.55,77.57,28.73,98.69,Compost,7.12,0.92,48.84,35.63,0.82,0.25,0.47
Grains,20.99,25.93,9.2,14.55,98.05,Compost,8.23,1.09,-5.35,-18.06,1.04,0.33,0.44
Vegetables,22.93,87.91,3.03,0.97,94.21,Animal Feed,8.64,4.03,2.06,1.7,1.73,0.56,1.32
Mixed,7.06,70.15,52.54,5.72,94.32,Animal Feed,2.66,0.99,46.82,51.62,1.76,0.19,0.6
Grains,26.24,12.96,5.73,3.84,95.34,Animal Feed,10.01,0.68,1.89,-0.81,0.93,0.35,0.37
Vegetables,28.11,89.07,78.61,20.6,99.21,Biogas,11.16,5.01,58.01,53.13,1.32,0.48,1.06
Vegetables,42.1,91.48,10.4,12.0,98.82,Biogas,16.64,7.7,-1.61,-11.53,1.31,0.43,1.12
Grains,43.54,15.36,72.61,28.79,98.13,Compost,17.09,1.34,43.82,29.55,0.93,0.34,0.44
Fruits,41.28,71.15,52.25,28.69,82.13,Compost,13.56,5.87,23.55,5.31,0.84,0.24,0.61
Vegetables,35.74,90.37,30.7,0.26,97.89,Animal Feed,13.99,6.46,30.44,36.31,1.66,0.51,1.12
Vegetables,8.87,88.12,13.19,3.96,94.15,Animal Feed,3.34,1.56,9.23,7.91,1.39,0.4,1.41
Vegetables,6.65,75.51,37.95,23.16,95.79,Biogas,2.55,1.0,14.78,-0.79,1.34,0.38,1.12
Grains,19.76,23.92,97.86,14.5,97.99,Compost,7.75,0.95,83.36,88.43,0.91,0.29,0.37
Grains,8.35,26.78,12.75,14.51,95.67,Compost,3.19,0.45,-1.76,-13.73,0.99,0.25,0.42
Vegetables,35.39,79.79,46.91,11.23,96.48,Biogas,13.66,5.65,35.68,33.83,1.49,0.58,0.82
Grains,19.81,26.12,18.37,11.79,97.48,Compost,7.72,1.03,6.57,-1.55,0.98,0.31,0.39
Vegetables,43.54,84.2,85.7,14.5,94.98,Biogas,16.54,7.33,71.2,73.84,1.33,0.46,1.26
Vegetables,41.15,81.52,83.12,10.25,96.05,Biogas,15.81,6.71,72.87,79.24,1.46,0.59,1.04
Grains,44.68,26.11,91.04,14.79,99.76,Compost,17.83,2.33,76.25,79.66,1.08,0.25,0.38
Fruits,36.87,79.37,71.19,21.49,91.79,Biogas,13.54,5.85,49.7,42.44,1.14,0.42,0.81
Vegetables,37.94,91.06,86.22,27.01,96.1,Biogas,14.58,6.91,59.21,49.44,1.41,0.65,0.9
Vegetables,7.0,70.11,20.86,11.84,94.92,Biogas,2.66,0.98,9.01,1.34,1.82,0.28,0.99
Vegetables,41.64,79.59,54.04,6.26,96.23,Animal Feed,16.03,6.63,47.79,52.34,1.79,0.6,0.89
Grains,6.37,19.62,75.77,25.19,98.6,Compost,2.51,0.25,50.58,40.54,1.16,0.32,0.45
Grains,23.7,15.29,81.82,15.55,97.14,Compost,9.21,0.72,66.28,67.09,0.76,0.34,0.33
Vegetables,47.05,77.36,53.35,19.06,99.15,Biogas,18.66,7.28,34.29,25.9,1.43,0.63,0.96
Vegetables,5.58,76.69,93.74,17.27,90.48,Biogas,2.02,0.86,76.47,77.94,1.66,0.45,1.07
Grains,28.63,10.11,33.74,28.08,99.47,Compost,11.39,0.58,5.66,-15.68,0.76,0.38,0.4
Fruits,47.77,44.33,21.22,4.21,97.2,Animal Feed,18.57,4.24,17.01,17.04,1.23,0.6,0.9
Vegetables,21.69,75.53,63.34,20.43,90.82,Biogas,7.88,3.28,42.91,35.15,1.84,0.51,0.97
Vegetables,16.69,79.58,34.6,20.75,96.03,Biogas,6.41,2.66,13.85,0.02,1.58,0.54,1.09
Mixed,43.62,73.19,31.15,19.33,83.48,Compost,14.57,6.39,11.82,-1.28,1.44,0.54,0.89
Vegetables,17.97,83.02,60.5,29.09,94.34,Biogas,6.78,2.98,31.41,14.41,1.57,0.64,1.31
Meat,49.27,68.59,72.18,26.17,90.08,Biogas,17.75,6.76,46.01,34.28,3.77,0.88,0.61
Vegetables,28.68,85.08,71.83,0.34,92.93,Animal Feed,10.66,4.88,71.48,85.5,1.75,0.39,0.92
Grains,17.81,27.08,15.92,23.11,98.96,Compost,7.05,0.96,-7.19,-27.11,1.09,0.28,0.41
Vegetables,26.84,71.14,4.08,18.75,95.0,Biogas,10.2,3.82,-14.67,-32.6,1.67,0.65,1.0
Meat,1.63,68.75,24.55,2.13,86.3,Biogas,0.56,0.22,22.42,25.19,2.79,1.37,0.3
Fruits,30.91,84.23,8.09,27.4,95.31,Biogas,11.78,5.21,-19.31,-45.09,1.39,0.43,1.0
Vegetables,26.34,91.42,4.42,8.28,94.72,Animal Feed,9.98,4.82,-3.86,-11.25,1.42,0.39,1.32
Vegetables,1.59,79.42,27.04,25.99,90.93,Biogas,0.58,0.25,1.06,-19.52,1.57,0.48,1.2
Vegetables,4.18,76.24,59.87,26.23,98.28,Biogas,1.64,0.64,33.64,19.38,1.83,0.67,1.03
Vegetables,38.64,71.22,16.48,14.2,93.27,Biogas,14.42,5.5,2.27,-8.64,1.25,0.53,0.95
Grains,3.03,26.52,69.25,2.71,98.9,Animal Feed,1.2,0.16,66.53,77.67,1.08,0.23,0.46
Fruits,9.79,47.83,33.56,25.16,93.21,Compost,3.65,0.94,8.4,-10.05,1.01,0.38,0.77
Vegetables,17.61,77.16,36.11,12.97,93.56,Biogas,6.59,2.72,23.14,17.4,1.36,0.66,1.34
Meat,27.2,71.71,50.49,6.9,94.33,Biogas,10.26,3.9,43.58,46.78,3.64,0.9,0.51
Vegetables,25.01,77.38,39.52,24.95,93.1,Biogas,9.31,3.87,14.57,-2.48,1.18,0.43,1.3
Fruits,37.8,57.85,40.6,19.67,92.98,Compost,14.06,4.37,20.93,9.39,1.01,0.44,0.61
Meat,28.57,66.06,31.09,9.16,87.14,Biogas,9.96,3.77,21.93,18.99,2.5,1.47,0.31
Grains,28.33,10.6,4.4,15.22,95.24,Compost,10.79,0.6,-10.82,-25.16,0.85,0.36,0.41
Fruits,1.22,52.41,4.25,15.08,96.56,Compost,0.47,0.13,-10.83,-25.06,1.26,0.33,0.56
Meat,9.68,67.28,19.2,13.71,90.46,Biogas,3.5,1.3,5.49,-4.38,3.01,1.28,0.38
Grains,23.48,17.95,77.89,4.26,98.7,Animal Feed,9.27,0.84,73.62,84.94,1.12,0.37,0.3
Grains,26.7,29.67,54.72,9.59,99.96,Animal Feed,10.68,1.58,45.13,46.48,1.09,0.29,0.47
Fruits,37.58,74.71,8.74,28.77,82.5,Compost,12.4,5.62,-20.02,-47.04,1.46,0.17,0.74
Meat,31.42,55.12,82.05,0.57,88.34,Donation,11.1,3.46,81.48,97.32,2.55,1.02,0.38
Vegetables,12.24,87.85,10.56,10.43,98.94,Biogas,4.84,2.15,0.13,-8.18,1.53,0.66,1.25
Vegetables,18.6,78.24,85.83,14.73,97.69,Biogas,7.27,2.91,71.1,73.54,1.42,0.53,1.14
Vegetables,29.19,90.52,10.35,2.09,92.89,Animal Feed,10.85,5.29,8.26,8.24,1.6,0.59,1.15
Meat,45.73,74.34,20.09,8.88,87.7,Biogas,16.04,6.8,11.21,6.35,2.3,1.06,0.36
Fruits,40.71,80.28,1.76,23.93,88.68,Biogas,14.44,6.54,-22.17,-45.75,1.65,0.44,0.93
Meat,15.79,68.2,71.47,29.49,87.14,Biogas,5.5,2.15,41.98,26.79,2.73,1.34,0.57
Vegetables,24.56,92.0,84.64,26.14,95.62,Biogas,9.39,4.52,58.5,49.29,1.46,0.6,1.27
Vegetables,22.51,74.36,59.19,25.62,91.81,Biogas,8.27,3.35,33.58,19.8,1.56,0.56,1.2
Mixed,5.24,47.29,55.77,26.45,85.24,Compost,1.79,0.5,29.33,14.04,1.02,0.42,0.73
Mixed,44.35,44.82,55.51,10.7,91.36,Compost,16.21,3.98,44.81,45.21,0.88,0.3,0.77
Vegetables,5.63,94.47,43.43,13.65,97.26,Biogas,2.19,1.06,29.78,24.82,1.59,0.48,0.97
Mixed,38.25,53.14,9.53,21.04,91.24,Compost,13.96,4.06,-11.51,-30.64,1.65,0.53,0.88
Vegetables,7.35,88.29,13.58,19.6,93.32,Biogas,2.74,1.3,-6.02,-22.91,1.35,0.55,1.4
Vegetables,17.34,94.46,66.94,8.36,91.21,Animal Feed,6.32,3.28,58.58,63.61,1.32,0.43,1.23
Vegetables,17.55,75.13,60.48,9.81,99.42,Animal Feed,6.98,2.64,50.67,52.95,1.45,0.46,1.27
Fruits,7.64,79.68,19.49,16.4,97.54,Biogas,2.98,1.22,3.09,-9.42,1.23,0.62,1.06
Grains,17.12,16.31,85.19,7.66,95.3,Animal Feed,6.53,0.56,77.53,86.9,0.89,0.32,0.46
Vegetables,45.79,92.72,52.4,24.65,94.56,Biogas,17.32,8.49,27.75,13.58,1.8,0.5,1.04
Meat,4.47,67.63,57.69,29.34,86.36,Biogas,1.54,0.6,28.34,10.54,2.9,0.84,0.74
Mixed,42.61,57.25,22.55,2.93,82.61,Animal Feed,14.08,4.88,19.62,21.2,0.9,0.27,1.21
Grains,32.89,22.51,4.51,15.86,98.87,Compost,13.01,1.48,-11.35,-26.31,0.8,0.28,0.42
Vegetables,6.16,80.87,57.91,6.96,96.41,Animal Feed,2.38,1.0,50.95,55.57,1.51,0.45,1.21
Vegetables,16.3,91.46,72.77,22.58,90.48,Biogas,5.9,2.98,50.19,42.16,1.27,0.34,1.45
Vegetables,45.68,80.35,12.6,28.8,90.11,Biogas,16.46,7.34,-16.2,-42.48,1.6,0.6,1.53
Grains,23.99,17.96,84.04,19.07,96.05,Compost,9.22,0.86,64.97,62.71,1.01,0.31,0.5
Vegetables,35.17,84.12,13.54,14.47,99.66,Biogas,14.02,5.92,-0.93,-12.69,1.7,0.42,1.45
Grains,9.69,22.99,97.34,23.14,99.13,Compost,3.84,0.45,74.2,70.52,1.05,0.26,0.4
Vegetables,4.51,85.42,29.92,10.32,90.03,Biogas,1.63,0.77,19.6,15.27,1.43,0.43,1.35
Meat,14.02,57.11,54.1,5.54,90.41,Compost,5.07,1.6,48.56,53.85,3.3,0.99,0.46
Grains,10.17,27.62,98.33,19.68,96.64,Compost,3.93,0.56,78.65,78.63,0.98,0.3,0.44
Vegetables,44.53,81.72,73.38,17.2,91.53,Biogas,16.3,7.28,56.18,53.66,1.61,0.62,0.97
Vegetables,9.9,73.78,24.83,27.2,95.9,Biogas,3.8,1.46,-2.38,-24.61,1.33,0.39,1.23
Grains,16.04,27.55,24.89,18.23,96.25,Compost,6.17,0.88,6.66,-6.6,0.82,0.36,0.37
Meat,27.28,67.91,19.62,26.72,89.22,Biogas,9.74,3.71,-7.1,-29.9,3.67,1.08,0.63
Fruits,48.23,65.61,0.08,19.18,92.16,Biogas,17.78,6.33,-19.1,-38.27,1.13,0.44,0.69
Grains,42.37,15.15,36.59,10.19,96.4,Compost,16.34,1.28,26.4,23.53,1.01,0.3,0.36
Grains,42.63,12.1,49.44,26.15,97.62,Compost,16.65,1.03,23.29,7.04,0.94,0.27,0.39
Fruits,29.75,52.66,1.64,22.62,94.73,Compost,11.27,3.13,-20.98,-43.27,0.7,0.46,0.92
Fruits,30.65,73.81,3.15,0.57,93.97,Animal Feed,11.52,4.52,2.58,2.63,1.61,0.4,0.81
Mixed,17.53,56.99,78.46,7.72,88.46,Animal Feed,6.2,2.0,70.74,78.71,1.45,0.46,0.49
Meat,33.93,63.14,92.03,15.24,88.25,Biogas,11.98,4.28,76.79,79.96,2.87,1.2,0.65
Meat,23.39,55.47,86.57,29.49,86.24,Compost,8.07,2.59,57.08,44.91,2.35,0.79,0.52
Grains,23.03,16.96,55.45,21.56,98.19,Compost,9.05,0.78,33.9,23.43,0.84,0.36,0.46
Mixed,39.2,53.7,88.66,7.5,93.66,Animal Feed,14.69,4.21,81.16,91.39,0.79,0.55,0.75
Vegetables,22.2,71.29,7.36,21.34,96.86,Biogas,8.6,3.17,-13.98,-33.85,1.35,0.62,1.68
Grains,31.59,24.48,61.0,21.45,98.38,Compost,12.43,1.55,39.56,30.31,0.91,0.31,0.39
Vegetables,11.85,90.65,30.25,1.99,93.9,Animal Feed,4.45,2.15,28.25,32.31,1.79,0.72,1.06
Grains,45.2,17.78,41.95,10.66,98.91,Compost,17.88,1.61,31.29,29.03,1.01,0.34,0.38
Grains,26.13,16.75,29.08,13.46,95.29,Compost,9.96,0.88,15.62,7.97,1.05,0.27,0.38
Meat,3.16,69.53,33.96,21.71,87.03,Biogas,1.1,0.44,12.25,-2.68,3.04,1.13,0.63
Vegetables,11.77,71.54,66.85,5.31,93.93,Animal Feed,4.42,1.68,61.54,69.6,1.47,0.41,1.36
Vegetables,45.77,88.47,50.87,22.23,97.6,Biogas,17.87,8.1,28.65,16.59,1.31,0.69,1.35
Meat,2.52,65.79,37.47,5.48,91.3,Biogas,0.92,0.33,32.0,34.01,2.93,0.86,0.45
Grains,38.88,27.68,55.28,17.9,99.3,Compost,15.45,2.15,37.38,30.54,1.04,0.18,0.33
Vegetables,20.78,85.49,56.54,2.73,92.06,Animal Feed,7.65,3.55,53.8,62.38,1.9,0.69,0.88
Vegetables,11.99,73.1,94.94,6.48,99.25,Animal Feed,4.76,1.75,88.46,100.97,1.44,0.41,1.3
Vegetables,7.53,88.2,67.65,22.01,95.71,Biogas,2.88,1.33,45.64,37.16,1.92,0.55,1.18
Grains,18.26,12.64,49.49,11.92,98.24,Compost,7.17,0.46,37.57,35.55,1.13,0.27,0.43
Vegetables,13.02,75.94,2.18,7.72,94.19,Animal Feed,4.91,1.98,-5.54,-12.82,1.71,0.29,1.23
Grains,34.66,25.43,69.49,8.51,95.18,Animal Feed,13.2,1.76,60.98,66.36,0.92,0.19,0.43
Meat,30.51,69.74,97.44,21.29,94.84,Biogas,11.57,4.26,76.14,74.34,3.09,1.16,0.5
Vegetables,33.77,71.0,55.12,0.7,94.71,Animal Feed,12.79,4.8,54.42,64.74,1.38,0.58,1.01
Grains,37.86,29.09,91.57,23.31,99.37,Compost,15.05,2.2,68.25,63.25,0.96,0.23,0.35
Grains,29.62,20.84,68.37,3.21,97.91,Animal Feed,11.6,1.23,65.16,75.62,1.04,0.28,0.42
Grains,32.16,10.25,41.48,4.38,95.54,Animal Feed,12.29,0.66,37.1,41.01,0.98,0.26,0.37
Vegetables,28.63,91.99,70.31,14.85,98.61,Biogas,11.29,5.27,55.46,54.67,1.42,0.27,1.17
Vegetables,14.94,92.54,73.65,23.6,95.12,Biogas,5.69,2.77,50.06,41.19,1.41,0.63,1.01
Vegetables,9.98,81.57,71.44,15.17,96.37,Biogas,3.85,1.63,56.27,55.38,1.6,0.64,1.43
Grains,1.41,13.33,28.13,13.34,97.49,Compost,0.55,0.04,14.79,7.07,1.08,0.33,0.39
Vegetables,30.3,71.86,78.83,2.04,91.45,Animal Feed,11.08,4.35,76.79,90.51,1.85,0.69,1.4
Vegetables,38.58,77.25,88.21,18.25,98.87,Biogas,15.26,5.96,69.96,69.35,1.57,0.37,1.15
Grains,12.07,28.46,29.82,12.5,98.12,Compost,4.74,0.69,17.33,10.8,0.91,0.29,0.44
Grains,12.69,11.84,50.35,27.85,95.54,Compost,4.85,0.3,22.5,4.72,0.84,0.38,0.4
Grains,25.6,17.26,44.74,15.86,98.55,Compost,10.09,0.88,28.88,21.96,1.09,0.37,0.31
Fruits,21.27,50.35,74.04,20.39,90.27,Compost,7.68,2.14,53.66,48.08,1.25,0.44,0.84
Meat,24.12,51.35,19.52,7.59,88.58,Compost,8.55,2.48,11.93,8.24,2.8,1.27,0.63
Grains,36.7,27.06,61.58,15.1,95.43,Compost,14.01,1.99,46.48,43.69,1.0,0.29,0.47
Vegetables,5.69,75.21,40.35,12.43,97.4,Biogas,2.22,0.86,27.91,23.55,1.93,0.57,1.1
Fruits,11.5,48.53,59.98,3.45,97.74,Animal Feed,4.5,1.12,56.53,65.08,0.79,0.42,0.84
Fruits,22.75,84.52,43.97,5.3,85.07,Animal Feed,7.74,3.85,38.67,42.17,1.15,0.27,0.82
Vegetables,14.22,77.08,75.45,22.83,99.7,Biogas,5.67,2.19,52.63,44.89,1.5,0.44,1.49
Mixed,38.03,77.07,27.64,9.4,89.58,Animal Feed,13.63,5.86,18.24,14.37,1.55,0.37,1.22
Vegetables,17.69,83.33,34.69,26.31,92.48,Biogas,6.54,2.95,8.38,-10.99,1.67,0.5,0.92
Mixed,44.45,52.93,96.4,12.48,86.98,Compost,15.46,4.71,83.92,90.72,1.06,0.36,0.66
Mixed,6.1,74.47,97.34,1.58,81.68,Animal Feed,1.99,0.91,95.76,113.65,1.34,0.28,1.18
Vegetables,32.37,92.41,20.81,0.41,97.98,Animal Feed,12.69,5.98,20.4,24.15,1.35,0.67,1.15
Grains,40.85,18.67,0.75,24.0,97.85,Compost,15.99,1.53,-23.25,-47.09,1.05,0.17,0.4
Grains,36.79,28.02,34.54,25.38,96.43,Compost,14.19,2.06,9.16,-9.32,1.1,0.43,0.4
Grains,36.94,26.16,50.42,2.95,96.29,Animal Feed,14.23,1.93,47.47,54.61,1.08,0.34,0.4
Fruits,27.14,66.75,92.32,25.91,82.19,Compost,8.92,3.62,66.41,58.97,1.57,0.35,0.82
Vegetables,30.1,85.07,28.58,7.09,98.03,Animal Feed,11.8,5.12,21.49,20.12,1.33,0.47,1.5
Fruits,37.93,49.15,69.54,11.84,95.65,Compost,14.51,3.73,57.7,59.77,1.32,0.48,0.74
Vegetables,35.96,84.98,96.19,0.58,99.88,Donation,14.37,6.11,95.61,114.27,1.43,0.52,1.01
Vegetables,25.45,71.98,46.06,26.37,93.44,Biogas,9.51,3.66,19.69,2.53,1.67,0.2,1.17
Grains,47.11,12.95,53.86,10.04,96.4,Compost,18.17,1.22,43.82,44.55,0.87,0.35,0.44
Meat,4.46,64.09,38.36,14.81,86.0,Biogas,1.54,0.57,23.55,16.41,2.86,0.69,0.51
Grains,37.66,28.24,47.55,9.1,96.5,Animal Feed,14.54,2.13,38.45,38.86,0.99,0.32,0.34
Mixed,10.06,57.04,97.35,15.24,91.1,Compost,3.66,1.15,82.11,86.33,1.16,0.36,0.38
Mixed,3.11,45.39,65.92,21.83,97.0,Compost,1.21,0.28,44.09,35.45,1.32,0.34,0.37
Mixed,13.59,71.41,45.75,5.51,86.16,Animal Feed,4.68,1.94,40.25,43.89,0.83,0.33,0.89
Vegetables,36.07,75.83,98.93,11.07,96.85,Biogas,13.97,5.47,87.86,96.58,1.32,0.5,1.39
Vegetables,7.38,89.7,81.12,12.39,96.56,Biogas,2.85,1.32,68.72,72.55,1.44,0.42,0.89
Meat,15.47,68.12,26.57,29.57,89.66,Biogas,5.55,2.11,-3.0,-27.26,4.12,1.21,0.34
Mixed,26.84,41.56,62.3,9.1,83.03,Animal Feed,8.91,2.23,53.2,56.56,0.48,0.45,0.66
Grains,34.19,12.03,29.48,27.12,95.95,Compost,13.12,0.82,2.36,-18.86,1.08,0.43,0.39
Grains,39.88,14.06,26.23,16.48,97.47,Compost,15.55,1.12,9.75,-1.49,0.98,0.29,0.35
Meat,46.98,57.1,19.64,8.62,92.43,Compost,17.37,5.36,11.02,6.33,3.89,1.27,0.55
Meat,20.52,51.64,27.16,17.24,88.99,Compost,7.3,2.12,9.92,-1.89,2.23,0.85,0.45
Mixed,30.78,58.44,43.44,23.68,87.01,Compost,10.71,3.6,19.76,4.77,1.19,0.54,1.04
Grains,2.62,29.37,18.98,12.03,95.91,Compost,1.01,0.15,6.95,-1.28,0.94,0.34,0.37
Fruits,32.23,53.59,96.46,15.27,91.59,Compost,11.81,3.45,81.19,85.21,1.09,0.52,0.85
Vegetables,35.33,76.72,36.73,28.24,96.69,Biogas,13.67,5.42,8.5,-12.39,1.51,0.63,1.02
Vegetables,4.35,89.53,1.95,20.12,94.01,Biogas,1.64,0.78,-18.17,-37.89,1.65,0.49,1.55
Vegetables,23.55,90.2,41.24,1.59,95.24,Animal Feed,8.97,4.25,39.65,46.32,1.7,0.56,1.51
Vegetables,3.29,93.97,30.23,26.6,93.23,Biogas,1.23,0.62,3.63,-16.92,1.65,0.66,1.57
Mixed,32.58,78.88,84.65,9.46,81.08,Animal Feed,10.57,5.14,75.19,82.66,1.7,0.41,0.62
Grains,1.49,29.73,21.94,9.5,98.83,Animal Feed,0.59,0.09,12.44,7.33,0.99,0.26,0.39
Mixed,21.93,54.62,38.22,5.13,91.53,Animal Feed,8.03,2.4,33.09,35.6,1.06,0.56,0.86
Grains,21.52,18.41,55.84,12.23,98.48,Compost,8.48,0.79,43.62,42.56,1.05,0.29,0.4
Vegetables,49.28,71.02,19.44,26.54,94.1,Biogas,18.55,7.0,-7.09,-29.75,1.57,0.55,1.06
Vegetables,45.94,94.66,6.77,19.77,97.71,Biogas,17.96,8.7,-13.0,-31.42,1.29,0.54,1.15
Vegetables,32.93,86.79,85.58,20.77,93.25,Biogas,12.28,5.72,64.82,61.17,1.14,0.58,1.2
Vegetables,25.36,91.61,69.12,19.44,96.09,Biogas,9.75,4.65,49.67,44.05,1.62,0.51,1.31
Grains,16.56,20.61,32.17,2.14,98.15,Animal Feed,6.5,0.68,30.03,34.32,0.98,0.35,0.37
Vegetables,21.01,92.7,78.43,25.52,94.16,Biogas,7.91,3.9,52.92,43.08,1.24,0.52,1.23
Fruits,19.58,73.05,5.29,2.5,90.5,Animal Feed,7.09,2.86,2.79,1.34,1.11,0.39,0.74
Vegetables,48.09,91.11,79.71,1.55,94.39,Animal Feed,18.16,8.76,78.16,92.56,1.47,0.49,1.59
Grains,48.87,12.41,83.89,20.91,97.0,Compost,18.96,1.21,62.98,58.85,0.87,0.27,0.38
Grains,19.08,26.55,93.48,14.76,95.45,Compost,7.29,1.01,78.72,82.66,1.05,0.33,0.33
Vegetables,18.91,70.42,3.21,6.81,92.55,Animal Feed,7.0,2.66,-3.59,-9.76,1.67,0.47,1.15
Vegetables,3.21,73.43,94.03,15.45,92.02,Biogas,1.18,0.47,78.59,81.95,1.84,0.33,1.03
Meat,35.03,57.12,67.08,23.72,90.6,Compost,12.69,4.0,43.36,33.05,2.79,0.67,0.61
Vegetables,1.73,78.73,0.97,3.11,91.17,Animal Feed,0.63,0.27,-2.14,-5.05,1.42,0.4,1.25
Meat,20.1,51.14,97.44,0.47,93.26,Donation,7.5,2.06,96.97,115.99,4.08,0.82,0.35
Meat,47.5,51.6,80.59,13.1,93.66,Compost,17.79,4.9,67.49,70.51,3.49,0.96,0.63
Vegetables,13.88,78.27,40.34,23.82,96.17,Biogas,5.34,2.17,16.53,0.78,1.79,0.5,1.45
Vegetables,34.76,72.65,43.82,16.84,91.13,Biogas,12.67,5.05,26.98,18.91,1.37,0.52,1.28
Mixed,31.97,66.59,22.02,16.89,86.84,Biogas,11.1,4.26,5.12,-7.37,0.89,0.33,0.82
Grains,19.86,18.38,7.99,14.56,97.49,Compost,7.74,0.73,-6.56,-19.52,0.97,0.3,0.41
Mixed,34.58,75.2,87.35,9.24,90.45,Animal Feed,12.51,5.2,78.11,86.34,0.6,0.62,0.57
Vegetables,48.75,70.65,54.74,6.0,91.52,Animal Feed,17.85,6.89,48.74,53.69,1.47,0.23,1.16
Grains,18.07,11.97,90.82,5.38,99.73,Animal Feed,7.21,0.43,85.44,98.23,1.12,0.31,0.37
Vegetables,21.91,77.36,53.73,16.06,97.59,Biogas,8.55,3.39,37.67,32.36,1.6,0.4,1.64
Vegetables,14.88,82.19,81.06,8.22,96.78,Animal Feed,5.76,2.45,72.84,80.84,1.81,0.58,1.08
Grains,18.1,13.81,56.57,14.4,99.03,Compost,7.17,0.5,42.17,39.08,1.0,0.31,0.41
Vegetables,5.13,81.06,19.21,10.63,95.61,Biogas,1.96,0.83,8.58,1.8,1.64,0.69,1.22
Grains,10.14,28.13,98.98,18.55,98.41,Compost,3.99,0.57,80.43,81.68,1.03,0.27,0.47
Fruits,45.76,44.56,82.42,23.62,80.15,Compost,14.67,4.08,58.79,51.65,2.0,0.55,0.73
Grains,37.75,24.38,21.32,8.3,96.57,Animal Feed,14.58,1.84,13.02,8.98,1.04,0.24,0.44
Meat,48.17,73.62,78.15,0.17,90.2,Biogas,17.38,7.09,77.99,93.45,3.92,0.99,0.61
Fruits,30.15,50.81,81.48,29.47,86.25,Compost,10.4,3.06,52.01,38.84,1.1,0.27,0.88
Vegetables,6.22,79.89,62.0,4.52,91.44,Animal Feed,2.27,0.99,57.48,65.36,1.1,0.5,1.45
Meat,48.71,62.06,84.2,2.48,94.62,Donation,18.43,6.05,81.72,96.08,2.75,0.77,0.69
Grains,24.36,21.95,47.23,5.69,97.54,Animal Feed,9.5,1.07,41.54,45.3,1.01,0.23,0.39
Vegetables,19.32,70.62,15.89,16.82,95.63,Biogas,7.39,2.73,-0.93,-14.57,1.48,0.42,1.49
Vegetables,11.92,92.37,28.39,8.79,92.03,Animal Feed,4.39,2.2,19.6,16.48,1.28,0.39,1.12
Vegetables,32.41,88.56,78.2,17.2,95.11,Biogas,12.33,5.74,61.0,59.45,1.74,0.54,1.2
Fruits,22.99,71.31,8.13,4.23,88.39,Animal Feed,8.13,3.28,3.9,1.29,1.42,0.38,0.48
Mixed,27.64,57.78,18.83,4.18,92.09,Animal Feed,10.18,3.19,14.65,14.24,0.68,0.45,0.89
Vegetables,43.21,70.92,60.2,12.78,98.33,Biogas,16.99,6.13,47.42,46.68,1.22,0.46,1.22
Fruits,45.45,52.89,26.17,13.95,94.12,Compost,17.11,4.81,12.22,3.51,0.86,0.3,0.92
Fruits,39.8,78.49,4.21,23.84,82.9,Compost,13.2,6.25,-19.63,-42.63,0.9,0.48,0.83
Vegetables,33.81,87.94,43.95,16.15,99.26,Biogas,13.42,5.95,27.8,20.45,1.74,0.5,1.18
Grains,48.43,11.57,57.12,2.43,96.33,Animal Feed,18.66,1.12,54.68,63.68,0.94,0.3,0.42
Vegetables,2.94,73.44,56.94,2.51,96.33,Animal Feed,1.13,0.43,54.43,63.31,1.6,0.54,1.04
Fruits,24.68,83.45,20.68,20.9,82.11,Compost,8.11,4.12,-0.22,-16.98,0.84,0.36,0.62
Mixed,5.41,50.9,57.28,17.73,84.28,Compost,1.82,0.55,39.54,33.27,0.3,0.46,0.99
Fruits,20.45,40.56,35.78,2.96,83.83,Animal Feed,6.86,1.66,32.82,37.02,1.48,0.39,0.71
Meat,28.1,55.64,90.33,8.07,92.59,Compost,10.41,3.13,82.26,92.25,2.48,1.11,0.59
Vegetables,32.42,92.05,20.21,28.59,96.17,Biogas,12.47,5.97,-8.37,-32.91,1.75,0.55,1.18
Mixed,4.24,63.46,34.23,19.75,89.52,Biogas,1.52,0.54,14.48,1.58,1.2,0.38,0.94
Vegetables,33.51,92.84,32.86,12.07,93.55,Biogas,12.54,6.22,20.78,15.28,1.49,0.6,0.9
Vegetables,17.9,86.99,56.0,10.11,99.22,Biogas,7.1,3.11,45.89,46.97,1.47,0.5,1.44
Vegetables,18.98,93.19,40.6,13.99,98.11,Biogas,7.45,3.54,26.61,20.74,1.29,0.56,0.81
Meat,27.61,54.53,78.94,16.36,87.69,Compost,9.68,3.01,62.58,62.0,3.89,1.13,0.74
Mixed,12.54,81.39,37.29,28.88,84.46,Compost,4.24,2.04,8.41,-13.02,1.25,0.16,1.15
Vegetables,34.07,90.1,64.94,10.37,91.97,Biogas,12.53,6.14,54.58,57.2,1.51,0.54,1.25
Meat,2.46,63.9,91.16,18.85,85.32,Biogas,0.84,0.31,72.31,71.7,3.32,0.88,0.47
Grains,42.71,24.66,56.36,11.75,95.62,Compost,16.33,2.11,44.61,44.13,1.02,0.3,0.43
Mixed,18.46,44.22,28.05,27.84,97.33,Compost,7.19,1.63,0.21,-22.02,0.82,0.31,1.05
Vegetables,27.32,75.37,96.31,23.58,99.95,Biogas,10.92,4.12,72.73,68.41,1.57,0.65,1.26
Fruits,20.49,57.63,13.3,20.72,94.55,Compost,7.75,2.36,-7.42,-25.49,1.26,0.44,0.85
Grains,40.13,10.49,74.6,28.84,99.13,Compost,15.91,0.84,45.77,31.85,1.12,0.24,0.35
Vegetables,37.67,77.86,77.19,14.89,98.46,Biogas,14.84,5.87,62.3,62.86,1.91,0.33,0.78
Vegetables,49.78,85.51,28.57,20.68,96.45,Biogas,19.21,8.51,7.89,-7.07,1.67,0.53,1.43
Vegetables,39.74,87.95,77.33,24.41,92.14,Biogas,14.65,6.99,52.92,43.97,1.1,0.59,1.08
Vegetables,48.51,87.88,91.32,12.13,90.65,Biogas,17.59,8.53,79.19,85.32,1.92,0.47,1.15
Grains,39.37,22.88,57.92,18.93,97.19,Compost,15.31,1.8,38.99,31.65,1.02,0.31,0.31
Grains,31.25,19.51,6.52,7.42,97.81,Animal Feed,12.23,1.22,-0.9,-7.01,0.92,0.28,0.37
Vegetables,19.33,79.28,26.62,19.3,91.17,Biogas,7.05,3.07,7.32,-6.66,1.52,0.61,1.08
Vegetables,1.6,82.46,80.47,1.18,94.61,Donation,0.61,0.26,79.29,94.2,1.38,0.41,1.0
Vegetables,13.87,76.57,52.42,14.35,90.11,Biogas,5.0,2.12,38.07,34.2,1.36,0.36,0.77
Meat,24.93,54.72,31.05,15.9,86.17,Compost,8.59,2.73,15.15,5.47,3.15,1.13,0.38
Grains,34.88,18.95,7.9,2.2,96.87,Animal Feed,13.52,1.32,5.7,5.09,0.96,0.31,0.44
Grains,36.91,19.95,52.24,20.41,98.14,Compost,14.49,1.47,31.82,21.86,0.98,0.33,0.42
Vegetables,13.24,85.22,95.42,15.55,97.35,Biogas,5.15,2.26,79.87,83.4,1.55,0.34,0.88
Mixed,43.28,68.78,82.78,19.89,80.16,Compost,13.88,5.95,62.9,59.56,1.0,0.23,0.57
Vegetables,39.44,77.58,57.06,19.86,90.63,Biogas,14.3,6.12,37.2,28.75,1.83,0.54,1.42
Grains,28.71,26.85,83.49,24.93,97.2,Compost,11.16,1.54,58.57,50.34,1.06,0.33,0.39
Vegetables,11.93,80.6,21.46,11.9,90.47,Biogas,4.32,1.92,9.56,1.95,1.22,0.41,1.03
Fruits,12.96,66.19,83.29,18.65,90.04,Biogas,4.67,1.72,64.65,62.66,1.08,0.52,0.87
Vegetables,1.79,74.57,33.79,22.63,91.97,Biogas,0.66,0.27,11.16,-4.72,1.45,0.46,1.07
Meat,6.11,74.43,30.46,14.48,92.52,Biogas,2.26,0.91,15.98,7.59,3.12,0.92,0.67
Vegetables,22.03,78.97,9.34,7.82,94.34,Animal Feed,8.31,3.48,1.52,-4.43,1.37,0.41,1.18
Vegetables,13.39,70.61,47.55,28.67,93.51,Biogas,5.01,1.89,18.87,-0.29,1.55,0.48,1.11
Grains,42.57,26.53,10.4,17.14,99.71,Compost,16.98,2.26,-6.74,-21.8,1.08,0.29,0.4
Grains,15.62,14.97,19.34,25.82,98.55,Compost,6.16,0.47,-6.48,-28.44,1.11,0.22,0.37
Vegetables,41.64,90.92,84.16,7.91,95.71,Animal Feed,15.94,7.57,76.25,85.17,1.84,0.36,1.46
Grains,1.09,28.8,79.14,18.16,99.74,Compost,0.43,0.06,60.98,58.65,0.94,0.38,0.4
Grains,42.62,16.26,48.44,13.64,99.3,Compost,16.93,1.39,34.79,30.84,0.87,0.33,0.42
Fruits,44.35,83.85,57.19,10.71,86.22,Biogas,15.3,7.44,46.49,47.22,1.56,0.44,0.33
Vegetables,4.26,85.25,31.07,29.12,93.79,Biogas,1.6,0.73,1.96,-20.94,1.89,0.47,1.28
Grains,17.99,27.22,81.06,11.58,98.72,Compost,7.1,0.98,69.48,74.11,1.09,0.31,0.39
Mixed,8.47,55.15,0.99,29.3,87.66,Compost,2.97,0.93,-28.31,-57.41,0.96,0.3,0.92
Fruits,15.71,61.76,49.87,25.53,88.8,Biogas,5.58,1.94,24.34,8.79,1.28,0.5,0.46
Grains,44.89,27.91,11.11,13.97,96.87,Compost,17.39,2.51,-2.86,-14.61,1.05,0.4,0.37
Vegetables,42.55,93.57,21.71,8.74,91.42,Animal Feed,15.56,7.96,12.98,8.58,1.73,0.64,1.36
Vegetables,46.14,83.05,78.93,23.92,99.76,Biogas,18.41,7.66,55.01,46.88,1.71,0.7,0.82
Vegetables,15.13,72.45,98.31,22.92,98.05,Biogas,5.93,2.19,75.38,72.12,1.43,0.34,1.49
Vegetables,15.38,78.64,49.24,16.0,93.15,Biogas,5.73,2.42,33.24,27.08,2.04,0.44,1.44
Vegetables,16.81,89.5,69.38,26.32,98.67,Biogas,6.64,3.01,43.06,30.62,1.52,0.46,1.47
Vegetables,20.03,89.55,18.08,25.53,98.47,Biogas,7.89,3.59,-7.45,-29.36,1.65,0.56,0.89
Meat,11.88,65.59,58.28,24.71,90.09,Biogas,4.28,1.56,33.57,20.52,3.24,0.94,0.49
Vegetables,30.85,70.16,60.19,1.5,98.23,Animal Feed,12.12,4.33,58.68,69.22,1.27,0.58,1.01
Vegetables,14.12,92.17,35.55,17.8,94.81,Biogas,5.35,2.6,17.76,7.07,1.68,0.57,1.3
Fruits,34.47,42.94,21.93,0.04,88.02,Animal Feed,12.14,2.96,21.89,26.24,1.06,0.4,0.65
Fruits,48.5,83.39,98.03,4.55,85.39,Donation,16.56,8.09,93.48,108.53,1.35,0.49,0.89
Meat,36.97,57.19,51.16,6.99,88.93,Compost,13.15,4.23,44.18,47.42,3.19,1.06,0.59
Meat,1.4,61.57,67.39,1.49,93.61,Biogas,0.52,0.17,65.9,77.89,3.76,1.27,0.48
Vegetables,18.34,82.47,12.83,5.41,93.62,Animal Feed,6.87,3.03,7.42,4.57,1.43,0.7,0.8
Fruits,23.53,55.98,47.55,4.49,87.81,Animal Feed,8.26,2.63,43.05,48.07,1.04,0.33,0.35
Vegetables,19.81,79.47,71.88,28.06,98.83,Biogas,7.83,3.15,43.82,30.14,1.55,0.51,1.32
Vegetables,16.47,72.77,64.76,11.99,95.64,Biogas,6.3,2.4,52.77,53.73,1.66,0.49,1.33
Fruits,22.31,48.93,36.36,18.41,97.59,Compost,8.71,2.18,17.96,6.83,0.9,0.26,0.74
Grains,32.12,23.24,31.51,27.94,95.62,Compost,12.29,1.49,3.58,-18.06,1.11,0.26,0.37
Fruits,33.86,43.28,0.38,20.0,90.93,Compost,12.32,2.93,-19.62,-39.54,1.27,0.4,1.15
Fruits,29.71,71.91,64.56,17.98,81.63,Compost,9.7,4.27,46.57,41.5,1.44,0.55,1.05
Vegetables,15.51,94.78,27.8,28.92,94.33,Biogas,5.85,2.94,-1.12,-24.47,1.28,0.46,0.96
Vegetables,35.73,84.96,32.91,15.47,90.43,Biogas,12.92,6.07,17.44,8.55,1.21,0.35,1.11
Grains,36.69,26.42,62.85,26.46,99.37,Compost,14.58,1.94,36.39,22.5,1.08,0.33,0.52
Grains,8.95,18.74,34.85,14.07,99.62,Compost,3.57,0.34,20.79,13.69,0.95,0.33,0.35
Grains,2.43,25.48,24.79,3.79,99.23,Animal Feed,0.97,0.12,21.0,22.17,1.09,0.24,0.41
Vegetables,43.94,82.0,97.03,2.53,91.11,Donation,16.01,7.21,94.5,111.37,2.13,0.69,1.0
Meat,3.83,61.09,55.13,4.96,94.0,Biogas,1.44,0.47,50.18,56.25,3.03,0.86,0.62
Mixed,35.73,56.84,90.52,4.51,85.72,Animal Feed,12.25,4.06,86.02,99.61,1.42,0.33,0.42
Vegetables,17.89,76.5,14.45,5.96,95.85,Animal Feed,6.86,2.74,8.5,5.43,1.36,0.44,1.23
Vegetables,7.11,75.99,65.82,23.84,93.46,Biogas,2.66,1.08,41.98,31.31,1.37,0.57,1.11
Grains,10.87,16.61,93.27,19.12,99.03,Compost,4.3,0.36,74.15,73.68,1.02,0.22,0.38
Fruits,2.2,55.27,34.59,20.74,88.26,Compost,0.78,0.24,13.84,0.02,0.82,0.44,1.2
Vegetables,24.0,73.36,55.34,16.81,96.51,Biogas,9.27,3.52,38.54,32.8,1.5,0.56,1.1
Mixed,9.2,63.86,31.2,19.11,86.88,Biogas,3.2,1.18,12.09,-0.78,0.98,0.46,0.53
Fruits,7.52,81.34,46.17,27.78,80.62,Compost,2.42,1.22,18.38,-0.17,1.63,0.47,0.8
Vegetables,31.21,94.86,81.16,14.32,93.76,Biogas,11.7,5.92,66.84,68.74,1.49,0.62,1.48
Fruits,23.95,70.38,66.3,17.78,80.6,Compost,7.72,3.37,48.52,44.01,1.25,0.29,0.55
Vegetables,38.52,85.43,14.61,7.68,98.55,Animal Feed,15.19,6.58,6.93,2.17,1.02,0.6,0.93
Mixed,26.55,76.18,3.13,13.36,89.12,Biogas,9.47,4.05,-10.22,-22.96,1.2,0.55,1.1
Fruits,24.97,59.59,21.0,1.75,89.48,Animal Feed,8.94,2.98,19.25,21.7,1.29,0.16,0.8
Grains,49.27,24.99,53.17,2.98,96.27,Animal Feed,18.97,2.46,50.18,57.83,0.95,0.27,0.4
Meat,3.78,50.23,38.92,0.1,93.62,Compost,1.41,0.38,38.82,46.5,3.48,0.82,0.56
Vegetables,28.68,88.8,73.84,24.81,97.91,Biogas,11.23,5.09,49.03,38.98,1.51,0.49,1.24
Fruits,21.17,68.17,19.59,13.31,89.93,Biogas,7.61,2.89,6.29,-3.1,0.73,0.47,1.03
Grains,37.7,23.33,23.23,7.2,97.38,Animal Feed,14.68,1.76,16.04,13.49,1.1,0.24,0.44
Vegetables,34.86,94.65,22.93,9.98,93.09,Animal Feed,12.98,6.6,12.94,7.55,1.53,0.57,1.39
Fruits,8.7,77.59,47.21,8.64,83.05,Animal Feed,2.89,1.35,38.57,39.37,1.52,0.38,0.07
Vegetables,36.92,76.89,60.23,8.46,96.1,Animal Feed,14.19,5.68,51.77,55.35,1.55,0.53,1.29
Vegetables,14.97,83.43,48.35,28.74,98.04,Biogas,5.87,2.5,19.6,0.53,1.3,0.54,1.32
Grains,24.45,27.14,70.37,4.05,95.92,Animal Feed,9.38,1.33,66.32,76.35,1.04,0.27,0.38
Mixed,44.18,58.27,94.69,29.31,96.08,Compost,16.98,5.15,65.38,55.01,1.65,0.39,0.99
Vegetables,4.27,78.28,20.99,4.81,94.89,Animal Feed,1.62,0.67,16.17,15.56,1.8,0.4,1.24
Vegetables,29.41,93.75,49.59,27.35,91.22,Biogas,10.73,5.51,22.23,4.8,1.24,0.7,1.2
Vegetables,2.18,79.58,44.27,28.63,95.55,Biogas,0.83,0.35,15.63,-4.15,1.36,0.45,1.09
Grains,25.39,17.21,64.98,23.71,97.6,Compost,9.91,0.87,41.28,30.56,1.05,0.34,0.43
Vegetables,1.7,88.36,74.11,21.13,92.62,Biogas,0.63,0.3,52.98,46.67,1.52,0.6,1.51
Grains,26.25,28.53,89.11,18.55,99.45,Compost,10.44,1.5,70.56,69.84,0.99,0.35,0.37
Grains,33.92,13.26,29.82,26.26,95.44,Compost,12.95,0.9,3.56,-16.74,1.03,0.36,0.39
Grains,29.3,14.71,18.8,3.4,99.0,Animal Feed,11.6,0.86,15.39,15.75,0.9,0.36,0.4
Grains,9.9,15.18,13.23,17.38,97.93,Compost,3.88,0.3,-4.15,-18.88,1.1,0.29,0.41
Mixed,37.72,50.98,88.59,11.44,87.97,Compost,13.27,3.85,77.14,83.41,0.53,0.31,0.77
Grains,15.27,13.05,44.6,16.93,99.51,Compost,6.08,0.4,27.67,19.65,0.99,0.28,0.35
Mixed,38.16,83.52,82.25,12.83,92.48,Biogas,14.11,6.37,69.42,73.03,1.53,0.31,0.6
Vegetables,47.31,70.33,0.56,16.04,95.25,Biogas,18.02,6.65,-15.49,-31.42,1.65,0.59,1.32
Grains,43.86,14.21,39.44,11.02,99.13,Compost,17.39,1.25,28.42,25.28,0.78,0.35,0.46
Meat,49.52,60.13,83.49,24.97,94.19,Biogas,18.66,5.96,58.53,50.26,3.51,1.05,0.57
Meat,15.91,63.05,28.42,20.8,88.0,Biogas,5.6,2.01,7.62,-7.5,2.63,0.74,0.4
Grains,11.01,23.83,20.01,18.41,96.46,Compost,4.25,0.52,1.6,-12.81,1.06,0.26,0.45
Vegetables,9.18,79.66,28.2,8.76,97.9,Animal Feed,3.59,1.46,19.44,16.32,1.11,0.49,1.11
Mixed,10.51,60.63,22.15,12.84,97.75,Biogas,4.11,1.27,9.31,0.9,1.43,0.38,0.76
Mixed,14.79,84.16,4.98,16.44,94.75,Biogas,5.6,2.49,-11.46,-26.91,1.43,0.48,0.66
Vegetables,21.92,81.82,11.78,1.76,95.03,Animal Feed,8.33,3.59,10.02,10.61,1.76,0.6,1.02
Grains,33.74,23.0,88.79,12.12,99.76,Compost,13.47,1.55,76.67,82.3,1.16,0.38,0.33
Grains,46.23,21.0,54.81,14.61,99.0,Compost,18.31,1.94,40.2,36.55,1.01,0.33,0.4
Fruits,14.46,59.18,96.07,2.45,90.89,Donation,5.26,1.71,93.62,110.38,1.22,0.46,0.8
Vegetables,1.37,80.45,51.11,20.33,96.62,Biogas,0.53,0.22,30.78,20.67,1.35,0.5,1.1
Vegetables,7.39,89.96,8.19,6.83,98.58,Animal Feed,2.92,1.33,1.36,-3.83,1.41,0.44,0.87
Meat,18.89,65.12,75.61,3.37,94.46,Biogas,7.14,2.46,72.24,83.99,2.82,1.35,0.38
Vegetables,6.14,76.07,27.77,3.96,96.27,Animal Feed,2.36,0.93,23.81,25.41,1.4,0.43,1.29
Vegetables,28.82,92.67,72.2,13.78,96.84,Biogas,11.16,5.34,58.42,59.08,1.51,0.64,1.35
Vegetables,5.56,90.52,74.41,2.5,91.69,Animal Feed,2.04,1.01,71.91,84.29,1.49,0.73,1.25
Vegetables,35.59,81.36,66.58,13.16,91.81,Biogas,13.07,5.79,53.42,53.58,1.84,0.57,1.45
Grains,14.85,18.94,40.97,16.55,97.18,Compost,5.77,0.56,24.42,16.06,1.1,0.35,0.37
Vegetables,24.27,89.04,8.57,17.47,94.45,Biogas,9.17,4.32,-8.89,-24.65,1.86,0.55,0.88
Meat,29.48,57.09,69.08,28.85,87.62,Compost,10.33,3.37,40.23,25.19,2.4,0.76,0.47
Vegetables,44.75,86.44,22.94,10.43,98.6,Biogas,17.65,7.74,12.51,6.67,1.49,0.5,1.22
Vegetables,31.78,84.08,60.93,12.4,99.62,Biogas,12.66,5.34,48.54,48.33,1.49,0.5,1.4
Vegetables,43.52,83.74,87.68,5.51,94.25,Animal Feed,16.41,7.29,82.17,94.19,1.54,0.45,0.91
Grains,39.99,26.98,94.55,12.72,99.09,Compost,15.85,2.16,81.84,88.03,0.94,0.28,0.39
Vegetables,9.19,73.9,82.66,7.96,96.14,Animal Feed,3.53,1.36,74.7,83.27,1.52,0.45,1.3
Vegetables,36.33,90.7,19.85,14.23,95.02,Biogas,13.81,6.59,5.62,-4.64,1.77,0.48,1.46
Vegetables,24.13,73.69,22.18,12.67,91.86,Biogas,8.87,3.56,9.5,1.27,1.86,0.66,1.22
Meat,43.75,56.83,27.85,26.79,87.62,Compost,15.33,4.97,1.06,-20.17,3.61,1.19,0.33
Mixed,34.28,83.66,48.86,23.75,85.18,Biogas,11.68,5.74,25.11,11.14,1.37,0.5,0.63
Fruits,32.06,72.47,22.29,28.51,84.75,Compost,10.87,4.65,-6.21,-30.26,0.86,0.46,1.09
Grains,39.93,20.51,82.02,14.0,99.66,Compost,15.92,1.64,68.02,70.42,1.01,0.24,0.39
Grains,46.28,25.13,72.79,7.33,95.25,Animal Feed,17.63,2.33,65.46,72.68,0.82,0.29,0.37
Vegetables,20.3,84.76,66.8,15.72,98.93,Biogas,8.03,3.44,51.08,48.73,1.51,0.52,1.6
Meat,25.07,74.91,77.03,5.72,85.49,Biogas,8.57,3.76,71.31,80.99,3.03,0.58,0.38
Grains,35.2,22.06,73.3,4.21,97.73,Animal Feed,13.76,1.55,69.09,79.54,1.16,0.28,0.44
Grains,3.18,17.75,64.35,5.77,97.06,Animal Feed,1.24,0.11,58.58,65.68,1.03,0.29,0.42
Mixed,26.95,71.87,52.84,26.72,91.64,Biogas,9.88,3.87,26.12,9.96,1.38,0.37,0.84
Vegetables,20.06,91.04,20.46,18.34,90.38,Biogas,7.25,3.65,2.12,-12.13,1.97,0.38,1.54
Fruits,23.9,46.6,18.02,18.93,85.51,Compost,8.17,2.23,-0.91,-16.24,1.31,0.47,0.71
Vegetables,3.34,77.28,8.55,26.48,98.61,Biogas,1.32,0.52,-17.93,-42.7,1.38,0.56,1.43
Grains,25.23,28.68,97.75,6.35,95.04,Animal Feed,9.59,1.45,91.39,104.59,1.14,0.31,0.39
Grains,37.56,17.81,30.46,11.45,97.04,Compost,14.58,1.34,19.01,13.65,0.94,0.31,0.41
Grains,17.95,23.08,77.63,24.77,95.06,Compost,6.83,0.83,52.86,43.61,0.96,0.33,0.39
Vegetables,32.38,85.19,31.02,16.44,94.76,Biogas,12.27,5.52,14.57,4.33,1.71,0.31,1.14
Vegetables,46.75,86.25,40.59,19.88,94.43,Biogas,17.66,8.06,20.71,8.95,1.53,0.44,1.24
Vegetables,6.75,76.19,32.5,21.17,94.12,Biogas,2.54,1.03,11.33,-3.34,1.38,0.47,1.17
Grains,48.2,18.72,49.92,14.95,96.66,Compost,18.64,1.8,34.97,30.01,0.92,0.38,0.43
Meat,38.05,62.91,31.67,29.45,85.65,Biogas,13.03,4.79,2.22,-20.89,3.07,0.99,0.52
Fruits,17.18,53.87,76.25,21.39,92.98,Compost,6.39,1.85,54.86,48.72,0.84,0.32,0.81
Meat,45.27,62.52,9.5,3.78,92.53,Biogas,16.75,5.66,5.72,3.84,3.18,1.12,0.53
Vegetables,8.1,72.19,15.93,1.88,91.23,Animal Feed,2.95,1.17,14.05,15.36,1.76,0.49,1.13
Mixed,43.06,79.57,72.79,27.76,95.64,Biogas,16.47,6.85,45.02,31.82,0.98,0.44,0.7
Vegetables,21.29,77.37,13.03,7.71,92.58,Animal Feed,7.88,3.29,5.32,0.22,1.3,0.55,1.63
Mixed,39.98,70.46,57.0,3.41,95.41,Animal Feed,15.26,5.63,53.59,61.58,1.05,0.4,0.56
Vegetables,41.59,81.61,30.63,5.8,99.92,Animal Feed,16.62,6.79,24.83,25.16,1.63,0.38,1.26
Vegetables,33.67,83.06,31.01,25.91,95.99,Biogas,12.93,5.59,5.1,-14.61,1.55,0.49,1.15
Meat,22.05,65.76,30.05,11.13,85.48,Biogas,7.54,2.9,18.92,13.81,2.62,1.05,0.56
Vegetables,16.82,94.17,48.44,10.67,94.86,Biogas,6.38,3.17,37.78,36.8,1.84,0.73,1.11
Vegetables,31.89,88.72,41.67,10.33,99.23,Biogas,12.66,5.66,31.34,29.35,1.55,0.58,1.18
Vegetables,19.55,70.37,9.46,29.21,95.09,Biogas,7.44,2.75,-19.75,-47.07,1.61,0.45,1.38
Vegetables,26.91,90.23,62.2,18.46,92.52,Biogas,9.96,4.86,43.74,37.72,1.54,0.62,1.37
Grains,14.46,16.1,5.87,3.31,95.44,Animal Feed,5.52,0.47,2.56,0.43,0.96,0.26,0.35
Vegetables,34.19,74.61,62.81,0.77,95.22,Animal Feed,13.02,5.1,62.04,73.84,1.75,0.5,1.35
Vegetables,35.25,81.88,90.9,12.39,94.19,Biogas,13.28,5.77,78.5,84.29,1.54,0.38,1.39
Grains,49.13,25.71,2.72,12.22,97.66,Compost,19.19,2.53,-9.51,-21.19,1.02,0.36,0.45
Vegetables,35.99,70.31,98.03,6.37,96.61,Animal Feed,13.91,5.06,91.67,104.91,1.47,0.43,1.14
Vegetables,11.15,86.55,62.95,21.48,97.83,Biogas,4.36,1.93,41.47,32.58,1.42,0.58,1.62
Meat,5.78,54.21,45.54,11.16,92.34,Compost,2.13,0.63,34.38,32.33,3.16,0.48,0.42
Grains,16.84,22.74,1.44,3.65,96.01,Animal Feed,6.47,0.77,-2.21,-5.56,1.08,0.34,0.31
Vegetables,1.5,88.06,40.47,29.78,99.56,Biogas,0.6,0.26,10.69,-11.0,1.72,0.54,1.36
Grains,33.81,23.06,38.2,11.17,96.11,Compost,13.0,1.56,27.03,23.5,0.85,0.3,0.37
Vegetables,4.88,89.27,21.36,12.64,94.2,Biogas,1.84,0.87,8.72,0.35,1.5,0.54,1.28
Meat,25.48,71.38,8.54,7.82,90.72,Biogas,9.24,3.64,0.73,-5.38,3.62,1.11,0.52
Vegetables,28.79,91.1,18.97,27.51,91.33,Biogas,10.52,5.24,-8.54,-32.26,1.3,0.45,1.28
Vegetables,10.66,75.39,62.49,26.03,92.82,Biogas,3.96,1.61,36.47,22.94,1.34,0.47,0.72
Vegetables,27.78,79.28,0.22,7.49,90.4,Animal Feed,10.04,4.4,-7.27,-14.71,1.35,0.55,1.42
Vegetables,40.77,89.02,11.59,1.16,93.96,Animal Feed,15.32,7.26,10.43,11.59,1.43,0.39,1.16
Vegetables,8.27,88.63,39.37,18.3,92.79,Biogas,3.07,1.47,21.06,10.64,1.77,0.53,1.39
Vegetables,7.92,94.1,34.74,15.67,95.63,Biogas,3.03,1.49,19.07,10.34,1.4,0.43,1.39
Vegetables,5.45,83.8,97.04,22.16,98.41,Biogas,2.14,0.91,74.88,72.12,1.61,0.48,1.04
Vegetables,14.97,93.7,66.84,7.04,92.21,Animal Feed,5.52,2.81,59.8,66.13,1.1,0.42,0.88
Grains,18.53,15.03,69.48,16.88,98.48,Compost,7.3,0.56,52.6,49.62,0.99,0.3,0.36
Meat,48.78,58.56,55.22,28.38,92.71,Compost,18.09,5.71,26.84,9.51,3.06,1.3,0.55
Vegetables,49.66,73.86,63.18,1.04,94.8,Animal Feed,18.83,7.34,62.14,73.74,1.7,0.42,1.02
Mixed,14.7,52.26,36.08,29.82,95.54,Compost,5.62,1.54,6.26,-16.34,1.42,0.51,0.88
Grains,41.96,24.68,5.12,10.37,97.97,Compost,16.44,2.07,-5.25,-14.59,0.95,0.34,0.48
Vegetables,35.98,84.4,15.14,2.46,96.1,Animal Feed,13.83,6.07,12.68,13.25,1.52,0.62,1.33
Mixed,49.85,68.67,18.21,17.27,81.95,Compost,16.34,6.85,0.94,-12.69,0.81,0.42,1.06
Vegetables,48.65,90.65,4.8,6.44,92.61,Animal Feed,18.02,8.82,-1.64,-7.12,1.14,0.36,1.13
Vegetables,47.51,93.1,79.72,8.06,93.01,Animal Feed,17.68,8.85,71.67,79.55,1.69,0.5,1.17
Grains,9.47,16.55,18.72,12.46,98.79,Compost,3.74,0.31,6.26,-2.46,0.84,0.19,0.43
Fruits,23.38,69.78,89.56,16.37,85.51,Biogas,8.0,3.26,73.2,74.74,1.42,0.23,0.57
Grains,34.75,20.63,75.67,18.39,98.85,Compost,13.74,1.43,57.28,54.03,0.94,0.36,0.47
Grains,49.25,24.55,73.22,22.38,99.23,Compost,19.55,2.42,50.83,43.09,1.09,0.34,0.39
Vegetables,31.26,78.38,77.64,15.08,96.69,Biogas,12.09,4.9,62.57,63.01,1.31,0.52,0.7
Grains,36.26,23.37,16.73,24.14,99.96,Compost,14.5,1.69,-7.41,-28.2,1.15,0.37,0.35
Meat,36.57,52.98,49.46,17.97,94.88,Compost,13.88,3.87,31.49,23.41,2.92,1.11,0.59
Grains,32.81,21.51,86.41,23.18,97.03,Compost,12.74,1.41,63.23,57.34,1.02,0.35,0.41
Grains,39.51,17.76,91.28,6.16,98.32,Animal Feed,15.54,1.4,85.12,97.21,0.82,0.33,0.46
Grains,22.24,19.78,66.39,3.22,99.88,Animal Feed,8.89,0.88,63.18,73.24,0.98,0.36,0.4
Grains,32.71,25.17,51.77,0.03,95.37,Animal Feed,12.48,1.65,51.74,62.06,1.08,0.26,0.44
Grains,26.16,16.34,58.29,23.09,95.1,Compost,9.95,0.85,35.2,23.77,0.98,0.28,0.38
Vegetables,35.19,92.5,70.9,20.58,96.22,Biogas,13.54,6.51,50.32,43.91,1.37,0.56,1.16
Mixed,31.87,58.51,36.59,4.62,94.35,Animal Feed,12.03,3.73,31.97,34.67,1.01,0.43,0.72
Vegetables,49.2,85.58,98.82,2.03,91.74,Donation,18.05,8.42,96.8,114.53,1.35,0.36,1.35
Fruits,16.54,54.75,12.88,7.85,82.29,Animal Feed,5.45,1.81,5.02,-0.25,1.4,0.44,1.01
Grains,40.37,26.96,73.98,10.25,97.72,Compost,15.78,2.18,63.73,68.28,1.19,0.32,0.37
Vegetables,4.81,84.71,99.03,7.37,90.93,Animal Feed,1.75,0.81,91.66,104.09,1.6,0.52,1.35
Grains,48.26,15.97,5.0,5.75,95.48,Animal Feed,18.43,1.54,-0.75,-5.5,0.86,0.37,0.4
Vegetables,24.87,82.43,1.97,21.04,90.25,Biogas,8.98,4.1,-19.07,-39.71,1.83,0.51,1.34
Vegetables,36.34,87.54,97.59,9.28,99.85,Animal Feed,14.51,6.36,88.32,98.56,1.32,0.46,1.32
Fruits,5.56,80.67,18.12,21.14,80.93,Compost,1.8,0.9,-3.02,-20.53,1.46,0.33,1.0
Fruits,38.44,54.09,83.78,20.03,86.36,Compost,13.28,4.16,63.76,60.49,1.34,0.35,1.1
Vegetables,18.13,74.33,16.92,25.92,94.64,Biogas,6.86,2.69,-9.0,-31.53,1.84,0.53,1.04
Meat,44.68,52.18,62.36,23.73,92.99,Compost,16.62,4.66,38.62,27.36,2.8,0.73,0.52
Vegetables,36.14,72.94,4.64,5.62,97.04,Animal Feed,14.03,5.27,-0.98,-5.68,1.15,0.51,1.0
Vegetables,24.58,76.21,35.5,7.76,94.76,Animal Feed,9.32,3.75,27.74,27.08,1.85,0.52,1.2
Grains,47.2,25.29,12.79,21.38,96.03,Compost,18.13,2.39,-8.59,-27.41,1.07,0.32,0.43
Vegetables,25.08,77.51,43.0,24.34,90.84,Biogas,9.11,3.89,18.65,2.91,1.63,0.55,1.05
Vegetables,40.63,93.07,11.14,7.78,95.62,Animal Feed,15.54,7.56,3.36,-2.19,1.35,0.49,1.17
Fruits,3.73,52.77,67.64,25.85,89.31,Compost,1.33,0.39,41.78,29.46,1.09,0.45,0.88
Vegetables,26.96,88.68,7.86,25.05,98.85,Biogas,10.66,4.78,-17.19,-40.67,1.78,0.46,1.03
Fruits,24.7,40.94,41.8,29.56,81.84,Compost,8.08,2.02,12.24,-8.96,1.23,0.4,0.88
Fruits,17.45,73.68,24.65,23.85,87.79,Biogas,6.13,2.57,0.8,-18.13,1.34,0.42,0.81
Grains,47.55,12.69,42.4,1.82,98.6,Animal Feed,18.75,1.21,40.58,47.24,0.93,0.21,0.38
Mixed,28.43,76.6,90.24,3.83,93.9,Animal Feed,10.68,4.36,86.41,100.62,1.05,0.47,0.86
Mixed,26.67,52.06,92.33,27.34,90.95,Compost,9.7,2.78,64.99,56.12,1.15,0.22,0.44
Vegetables,18.76,92.82,73.66,4.75,91.8,Animal Feed,6.89,3.48,68.91,78.89,1.4,0.32,1.36
Grains,1.0,15.05,59.01,6.93,95.81,Animal Feed,0.38,0.03,52.08,56.96,1.04,0.28,0.41
Vegetables,16.18,89.43,60.37,29.22,92.53,Biogas,5.99,2.89,31.16,14.02,1.56,0.34,1.33
Vegetables,15.18,77.03,48.78,7.27,99.82,Animal Feed,6.06,2.34,41.51,43.99,1.55,0.47,1.34
Meat,42.24,61.75,28.84,4.58,92.14,Biogas,15.57,5.22,24.25,25.44,2.79,0.97,0.48
Grains,23.43,20.37,46.12,5.5,95.2,Animal Feed,8.92,0.95,40.61,44.33,1.06,0.27,0.37
Fruits,47.88,53.11,75.84,22.46,94.07,Compost,18.02,5.09,53.38,46.09,1.51,0.25,1.14
Mixed,22.45,61.71,98.18,20.51,87.21,Biogas,7.83,2.77,77.67,76.79,1.48,0.26,0.73
Meat,49.94,62.6,16.24,0.72,85.71,Biogas,17.12,6.25,15.52,18.04,3.16,1.08,0.53
Vegetables,16.87,93.11,12.04,0.95,90.02,Animal Feed,6.08,3.14,11.09,12.54,1.58,0.53,1.26
Fruits,32.6,69.09,43.58,4.34,97.36,Animal Feed,12.7,4.5,39.24,43.62,1.23,0.35,1.08
Vegetables,22.82,76.53,64.37,12.31,99.16,Biogas,9.05,3.49,52.06,52.63,1.51,0.48,1.35
Mixed,17.12,73.76,37.34,27.13,96.68,Biogas,6.62,2.53,10.21,-9.45,1.46,0.46,1.06
Vegetables,22.16,88.92,85.4,0.95,98.11,Donation,8.7,3.94,84.45,100.58,1.43,0.63,1.41
Fruits,44.47,60.08,83.51,15.08,81.38,Compost,14.48,5.34,68.43,70.05,1.75,0.38,1.32
Grains,44.15,29.28,57.62,4.62,97.75,Animal Feed,17.26,2.59,53.0,59.9,1.13,0.29,0.37
Grains,41.87,13.75,73.14,9.51,96.62,Animal Feed,16.18,1.15,63.63,68.75,1.09,0.36,0.39
Vegetables,35.09,82.0,86.82,4.47,95.94,Donation,13.47,5.75,82.35,95.24,1.66,0.7,1.38
Grains,22.53,15.71,9.34,9.08,98.16,Animal Feed,8.84,0.71,0.26,-6.95,1.03,0.38,0.4
Vegetables,37.55,92.81,3.9,23.47,95.87,Biogas,14.4,6.97,-19.57,-42.27,1.4,0.51,1.88
Vegetables,36.45,80.07,63.96,17.88,99.96,Biogas,14.57,5.84,46.08,40.99,1.6,0.36,1.49
Meat,1.9,70.9,43.7,26.1,89.79,Biogas,0.68,0.27,17.6,0.24,1.72,1.11,0.6
Vegetables,18.41,80.75,72.39,2.31,97.44,Animal Feed,7.18,2.97,70.08,82.26,1.36,0.44,1.03
Vegetables,37.91,91.89,38.51,1.51,97.29,Animal Feed,14.75,6.97,36.99,43.18,1.31,0.51,1.18
Meat,25.67,72.69,36.61,19.31,86.39,Biogas,8.87,3.73,17.3,5.32,3.04,1.01,0.63
Meat,22.57,55.82,50.25,11.29,94.16,Compost,8.5,2.52,38.95,37.71,3.38,1.21,0.5
Vegetables,19.01,71.87,67.12,28.2,92.91,Biogas,7.06,2.73,38.92,24.14,1.44,0.52,1.14
Vegetables,39.52,84.69,59.11,19.37,96.46,Biogas,15.25,6.69,39.74,32.2,1.8,0.53,1.14
Meat,14.76,66.26,25.89,27.82,86.18,Biogas,5.09,1.96,-1.94,-24.58,2.73,1.17,0.65
Fruits,26.26,84.51,7.94,6.34,85.38,Animal Feed,8.97,4.44,1.6,-3.15,1.44,0.4,0.43
Vegetables,28.7,77.96,73.65,25.13,90.77,Biogas,10.42,4.47,48.53,38.13,1.01,0.71,1.22
Grains,20.14,23.68,12.73,12.04,95.07,Compost,7.66,0.95,0.68,-8.81,0.88,0.39,0.31
Vegetables,48.05,93.59,34.59,18.12,96.44,Biogas,18.53,8.99,16.47,5.27,1.42,0.52,1.28
Vegetables,34.67,71.12,67.79,11.91,98.31,Biogas,13.64,4.93,55.89,57.54,1.37,0.51,1.28
Vegetables,15.15,78.68,18.97,21.51,93.58,Biogas,5.67,2.38,-2.54,-20.26,1.61,0.36,1.26
Vegetables,8.33,80.87,38.52,19.52,91.49,Biogas,3.05,1.35,19.0,7.19,1.52,0.53,1.01
Mixed,24.16,71.16,19.81,15.28,83.52,Compost,8.07,3.44,4.54,-6.78,1.15,0.27,0.93
Vegetables,36.35,93.43,37.3,18.69,93.94,Biogas,13.66,6.79,18.6,7.37,1.31,0.45,1.43
Grains,5.79,23.96,60.39,21.29,99.5,Compost,2.31,0.28,39.09,29.88,0.79,0.3,0.38
Vegetables,41.12,83.5,53.43,1.33,94.09,Animal Feed,15.47,6.87,52.1,61.46,1.57,0.52,1.09
Grains,12.76,19.09,88.04,22.94,98.28,Compost,5.02,0.49,65.1,59.77,0.97,0.22,0.39
Grains,35.23,18.31,29.99,23.88,96.88,Compost,13.65,1.29,6.11,-11.77,1.04,0.28,0.48
Vegetables,31.63,90.19,55.9,1.98,96.6,Animal Feed,12.22,5.7,53.93,63.13,1.31,0.53,1.58
Vegetables,36.37,93.64,36.27,7.52,95.42,Animal Feed,13.88,6.81,28.75,28.48,1.69,0.61,1.03
Fruits,22.86,64.09,14.22,0.68,97.37,Animal Feed,8.9,2.93,13.54,15.7,1.29,0.44,0.9
Vegetables,37.27,80.27,60.81,29.81,91.17,Biogas,13.59,5.98,31.0,13.35,1.34,0.56,1.51
Grains,16.28,14.02,60.53,17.45,97.52,Compost,6.35,0.46,43.08,37.74,1.06,0.3,0.42
Grains,8.46,11.31,4.74,18.67,97.18,Compost,3.29,0.19,-13.93,-31.65,1.01,0.3,0.43
Grains,22.52,23.16,26.23,14.34,99.29,Compost,8.94,1.04,11.89,2.8,1.14,0.29,0.48
Mixed,41.18,41.22,40.39,9.64,94.09,Animal Feed,15.5,3.39,30.75,29.19,1.28,0.28,0.85
Vegetables,42.03,90.63,3.66,6.19,98.23,Animal Feed,16.52,7.62,-2.53,-7.99,1.77,0.59,1.07
Grains,20.93,12.24,30.68,17.3,95.21,Compost,7.97,0.51,13.38,2.22,0.84,0.35,0.4
Mixed,16.09,84.87,74.86,12.69,81.55,Compost,5.25,2.73,62.18,64.46,1.11,0.43,0.7
Vegetables,39.91,93.91,99.34,24.31,99.9,Biogas,15.95,7.49,75.03,70.58,1.77,0.58,1.3
Grains,19.43,21.96,79.41,5.61,99.4,Animal Feed,7.73,0.85,73.79,84.06,1.05,0.31,0.4
Vegetables,33.79,84.48,33.71,16.75,90.83,Biogas,12.28,5.71,16.96,6.95,1.52,0.54,1.39
Grains,48.4,12.63,83.2,0.36,98.79,Donation,19.13,1.22,82.83,99.11,1.04,0.36,0.41
Vegetables,9.86,81.54,32.41,8.58,99.05,Animal Feed,3.91,1.61,23.83,21.73,1.5,0.48,1.4
Vegetables,25.66,81.4,20.37,28.32,93.72,Biogas,9.62,4.18,-7.95,-32.2,1.6,0.47,1.12
Mixed,1.17,47.67,10.07,24.3,96.0,Compost,0.45,0.11,-14.23,-36.52,1.42,0.18,0.65
Mixed,33.28,77.14,21.9,1.85,96.94,Animal Feed,12.91,5.13,20.05,22.58,1.44,0.33,0.56
Meat,8.14,52.32,65.58,9.81,88.58,Compost,2.88,0.85,55.77,59.07,3.24,1.07,0.37
Vegetables,4.85,80.59,5.57,11.81,98.26,Biogas,1.91,0.78,-6.24,-16.93,1.52,0.61,1.05
Vegetables,43.31,94.2,55.0,13.43,93.26,Biogas,16.16,8.16,41.57,39.13,1.5,0.49,1.23
Vegetables,2.34,85.54,34.13,0.68,97.67,Animal Feed,0.92,0.4,33.45,39.6,1.75,0.55,1.45
Fruits,22.02,67.05,15.87,5.11,83.5,Animal Feed,7.36,2.95,10.76,8.83,1.37,0.51,0.94
Vegetables,21.75,91.86,89.78,18.73,98.81,Biogas,8.59,3.99,71.05,70.28,1.54,0.67,1.4
Vegetables,35.54,89.25,45.22,4.84,96.35,Animal Feed,13.7,6.34,40.39,44.59,1.36,0.35,0.97
Grains,3.49,28.97,19.27,20.8,96.23,Compost,1.34,0.2,-1.53,-18.47,0.99,0.27,0.4
Vegetables,31.78,70.05,80.26,8.87,94.65,Animal Feed,12.03,4.45,71.39,78.56,1.57,0.52,1.45
Fruits,32.37,44.69,46.64,18.76,96.9,Compost,12.55,2.89,27.88,18.45,1.19,0.39,0.54
Grains,12.41,17.05,9.59,13.5,95.72,Compost,4.75,0.42,-3.91,-15.49,1.01,0.29,0.38
Vegetables,39.12,72.42,8.96,3.42,94.51,Animal Feed,14.79,5.67,5.54,3.92,1.82,0.52,1.21
Mixed,20.88,73.47,84.05,20.99,94.1,Biogas,7.86,3.07,63.06,58.89,0.89,0.33,0.98
Grains,13.87,18.5,32.79,23.4,99.57,Compost,5.52,0.51,9.39,-7.45,0.92,0.28,0.44
Grains,29.06,18.45,7.58,10.25,96.21,Compost,11.18,1.07,-2.67,-11.4,0.97,0.29,0.37
Grains,47.28,16.94,34.01,8.75,95.16,Animal Feed,18.0,1.6,25.26,23.31,0.93,0.36,0.38
Mixed,15.56,83.66,34.71,14.57,94.99,Biogas,5.91,2.6,20.14,12.52,1.46,0.56,0.95
Vegetables,15.51,83.23,74.49,13.78,94.68,Biogas,5.87,2.58,60.71,61.83,1.32,0.46,0.78
Grains,35.36,26.83,17.57,27.0,97.63,Compost,13.81,1.9,-9.42,-32.91,0.98,0.32,0.44
Vegetables,35.21,84.25,98.25,12.48,90.54,Biogas,12.75,5.93,85.76,92.93,1.28,0.59,1.34
Grains,43.87,15.38,91.33,13.91,95.95,Compost,16.84,1.35,77.42,81.77,1.09,0.26,0.32
Grains,11.9,16.48,11.44,25.5,98.74,Compost,4.7,0.39,-14.07,-37.28,0.97,0.3,0.29
Meat,38.28,54.45,1.83,24.0,89.95,Compost,13.77,4.17,-22.17,-45.81,3.33,0.95,0.22
Grains,32.82,26.18,97.51,19.93,99.64,Compost,13.08,1.72,77.58,77.15,1.08,0.24,0.3
Fruits,11.86,54.27,32.13,1.12,87.05,Animal Feed,4.13,1.29,31.01,36.32,1.42,0.37,0.92
Vegetables,11.64,86.0,12.48,2.41,91.81,Animal Feed,4.27,2.0,10.06,10.14,1.5,0.62,1.1
Grains,35.21,28.22,50.6,0.53,98.31,Animal Feed,13.84,1.99,50.07,59.66,1.1,0.28,0.43
Vegetables,8.76,71.28,97.75,12.27,97.76,Biogas,3.42,1.25,85.47,92.75,1.71,0.47,1.02
Vegetables,34.8,90.25,42.78,15.61,92.79,Biogas,12.92,6.28,27.17,20.11,1.38,0.58,1.05
Meat,32.85,71.33,47.81,15.74,86.84,Biogas,11.41,4.69,32.07,25.9,3.19,0.83,0.54
Vegetables,4.45,90.98,42.15,1.77,92.87,Animal Feed,1.65,0.81,40.38,47.05,1.75,0.36,1.07
Mixed,47.07,60.17,39.78,2.21,83.77,Animal Feed,15.77,5.66,37.57,43.32,1.03,0.31,0.79
Meat,14.51,63.02,10.01,10.23,85.14,Biogas,4.94,1.83,-0.22,-8.46,2.93,1.0,0.5
Vegetables,27.01,73.06,48.23,25.45,94.73,Biogas,10.24,3.95,22.78,6.98,1.66,0.6,1.04
Mixed,48.51,51.71,6.61,25.94,93.82,Compost,18.2,5.02,-19.32,-43.94,0.61,0.24,1.3
Vegetables,33.18,93.2,68.9,3.51,97.2,Animal Feed,12.9,6.19,65.4,75.67,1.38,0.78,1.14
Grains,8.15,11.35,21.46,4.56,97.35,Animal Feed,3.17,0.19,16.9,16.63,1.05,0.31,0.44
Grains,11.92,24.13,83.1,10.36,95.57,Compost,4.56,0.58,72.75,79.01,1.17,0.36,0.37
Vegetables,47.95,89.03,99.72,12.66,98.07,Biogas,18.81,8.54,87.06,94.34,1.42,0.36,1.06
Grains,45.32,14.92,66.57,13.54,95.72,Compost,17.35,1.35,53.03,52.8,0.9,0.32,0.38
Fruits,12.6,50.76,13.42,22.43,90.21,Compost,4.55,1.28,-9.01,-28.76,1.0,0.48,0.77
Grains,26.11,27.45,32.13,24.06,98.66,Compost,10.31,1.43,8.06,-9.57,0.85,0.29,0.34
Meat,24.13,70.59,72.36,19.87,89.1,Biogas,8.6,3.41,52.49,47.1,3.19,0.89,0.53
Fruits,26.07,80.37,91.21,7.31,90.25,Animal Feed,9.41,4.19,83.9,94.83,0.99,0.7,1.3
Grains,12.89,11.84,77.32,4.31,99.77,Animal Feed,5.14,0.31,73.01,84.16,1.04,0.26,0.46
Grains,2.35,18.59,5.32,1.04,98.5,Animal Feed,0.93,0.09,4.28,4.31,0.97,0.33,0.37
Vegetables,14.72,81.68,23.09,12.91,91.07,Biogas,5.36,2.4,10.19,1.9,2.04,0.58,1.29
Grains,36.13,13.0,52.33,19.87,95.38,Compost,13.79,0.94,32.46,23.05,0.95,0.31,0.41
Meat,24.35,56.43,40.47,3.35,89.81,Compost,8.75,2.75,37.12,41.87,2.24,0.96,0.53
Meat,16.53,65.16,63.04,2.45,90.7,Biogas,6.0,2.15,60.59,70.76,3.41,1.07,0.69
Grains,10.52,17.84,38.69,8.42,97.56,Animal Feed,4.1,0.38,30.27,29.59,1.11,0.34,0.37
Vegetables,32.7,74.82,72.54,25.46,95.02,Biogas,12.43,4.89,47.08,36.12,1.56,0.53,1.31
Vegetables,38.21,71.47,97.56,25.53,90.56,Biogas,13.84,5.46,72.02,66.0,1.29,0.44,0.93
Mixed,40.58,82.8,63.58,23.65,86.63,Biogas,14.06,6.72,39.93,29.0,1.22,0.24,0.8
Grains,15.52,20.15,82.54,0.55,95.31,Donation,5.92,0.63,81.99,97.95,0.96,0.39,0.4
Mixed,23.36,80.94,36.27,28.4,86.93,Biogas,8.12,3.78,7.87,-13.28,1.3,0.36,1.08
Grains,42.16,20.87,59.83,22.48,99.59,Compost,16.8,1.76,37.35,26.83,0.98,0.31,0.37
Grains,33.95,27.85,46.75,4.5,96.87,Animal Feed,13.15,1.89,42.25,47.1,1.1,0.24,0.41
Grains,16.89,27.18,78.31,14.92,96.72,Compost,6.53,0.92,63.4,64.14,0.99,0.21,0.38
Vegetables,2.54,81.66,39.64,28.77,97.43,Biogas,0.99,0.42,10.86,-9.98,1.39,0.37,1.05
Grains,13.72,21.38,92.17,17.33,99.05,Compost,5.44,0.59,74.84,75.94,1.0,0.28,0.38
Grains,48.22,12.59,0.65,15.73,98.7,Compost,19.04,1.21,-15.08,-30.68,1.05,0.3,0.47
Vegetables,28.57,88.47,93.77,13.77,95.31,Biogas,10.89,5.05,80.0,84.99,1.34,0.53,1.2
Grains,11.86,15.41,57.44,2.88,97.55,Animal Feed,4.63,0.37,54.56,63.17,1.0,0.32,0.41
Vegetables,12.96,76.36,26.18,8.28,95.05,Animal Feed,4.93,1.98,17.9,14.86,1.27,0.4,1.22
Fruits,44.44,70.56,84.88,11.0,87.77,Biogas,15.6,6.27,73.89,79.87,1.33,0.42,0.77
Vegetables,28.7,76.81,50.42,22.28,91.45,Biogas,10.5,4.41,28.13,15.93,1.5,0.56,0.99
Vegetables,19.08,74.47,2.95,16.09,93.55,Biogas,7.14,2.84,-13.13,-28.63,1.48,0.46,1.31
Grains,17.12,22.83,49.34,2.8,95.19,Animal Feed,6.52,0.78,46.55,53.62,0.91,0.28,0.37
Vegetables,34.03,80.1,5.18,15.26,91.77,Biogas,12.49,5.45,-10.09,-24.31,1.23,0.58,1.01
Vegetables,40.75,89.75,88.0,29.55,96.89,Biogas,15.79,7.31,58.45,46.51,1.81,0.36,0.92
Vegetables,40.26,82.52,91.95,22.22,94.64,Biogas,15.24,6.64,69.73,65.89,1.73,0.35,1.03
Grains,37.83,24.37,70.13,17.48,96.34,Compost,14.58,1.84,52.66,49.21,1.04,0.28,0.4
Meat,7.73,50.04,87.4,2.51,85.93,Donation,2.66,0.77,84.89,99.87,2.81,0.69,0.39
Grains,47.93,20.06,49.9,28.74,95.66,Compost,18.34,1.92,21.16,2.4,1.09,0.23,0.49
Grains,33.44,27.22,34.7,2.99,99.31,Animal Feed,13.28,1.82,31.71,35.66,1.06,0.28,0.44
Mixed,41.49,65.73,56.96,21.72,93.89,Biogas,15.58,5.45,35.24,24.91,1.4,0.52,0.91
Grains,47.86,22.54,31.58,15.1,97.87,Compost,18.74,2.16,16.48,7.71,0.92,0.28,0.45
Grains,11.8,23.65,75.45,14.41,99.01,Compost,4.67,0.56,61.04,61.72,1.08,0.43,0.43
Grains,17.51,11.2,62.21,11.41,96.02,Compost,6.72,0.39,50.79,51.82,0.97,0.3,0.36
Grains,5.19,25.4,78.09,12.41,95.16,Compost,1.97,0.26,65.69,68.9,0.9,0.4,0.4
Vegetables,7.98,84.86,66.12,0.9,98.28,Animal Feed,3.14,1.35,65.22,77.54,1.23,0.38,1.24
Fruits,46.15,66.87,48.42,10.45,95.87,Biogas,17.7,6.17,37.97,37.21,1.17,0.39,1.02
Vegetables,40.72,70.51,17.2,14.81,93.37,Biogas,15.21,5.74,2.39,-8.98,1.36,0.45,1.13
Grains,26.4,24.55,55.61,22.45,99.46,Compost,10.5,1.3,33.16,21.82,1.05,0.2,0.41
Vegetables,20.65,90.19,2.79,18.41,92.67,Biogas,7.66,3.73,-15.62,-33.48,1.39,0.62,1.24
Fruits,25.2,54.09,81.2,20.57,97.94,Compost,9.87,2.73,60.63,56.29,1.1,0.47,0.69
Grains,26.62,13.55,72.2,27.39,95.58,Compost,10.18,0.72,44.81,31.86,1.1,0.34,0.42
Fruits,39.13,80.42,2.15,15.7,83.01,Compost,12.99,6.29,-13.55,-28.82,1.47,0.48,0.8
Grains,31.53,25.33,41.74,24.48,98.84,Compost,12.47,1.6,17.27,1.14,0.98,0.27,0.41
Grains,34.37,14.54,47.06,19.29,96.63,Compost,13.28,1.0,27.77,17.9,1.02,0.24,0.25
Mixed,43.89,79.38,51.11,25.27,92.66,Biogas,16.27,6.97,25.84,10.79,1.05,0.4,0.73
Mixed,23.13,53.52,99.01,3.29,86.07,Animal Feed,7.96,2.48,95.72,112.24,0.71,0.46,0.77
Vegetables,26.07,91.71,85.3,8.32,93.54,Animal Feed,9.75,4.78,76.98,85.71,1.67,0.47,1.44
Grains,14.66,14.3,99.23,29.22,97.11,Compost,5.69,0.42,70.01,60.64,1.11,0.27,0.36
Mixed,29.74,58.55,57.6,4.13,85.63,Animal Feed,10.19,3.48,53.46,60.85,1.59,0.61,0.97
Grains,18.66,20.33,41.2,11.33,96.83,Compost,7.23,0.76,29.87,26.78,1.03,0.24,0.39
Vegetables,21.75,81.99,89.25,19.5,90.27,Biogas,7.85,3.57,69.74,68.09,1.58,0.41,1.19
Vegetables,41.53,79.04,48.34,12.4,92.26,Biogas,15.32,6.56,35.94,33.21,1.62,0.35,1.22
Mixed,12.81,50.82,67.4,24.6,96.29,Compost,4.93,1.3,42.8,31.68,1.21,0.35,0.83
Vegetables,19.76,74.94,3.51,16.66,96.33,Biogas,7.61,2.96,-13.15,-29.11,1.39,0.52,1.43
Grains,22.08,28.03,60.52,29.67,96.64,Compost,8.53,1.24,30.85,13.28,1.13,0.31,0.38
Vegetables,20.38,81.53,15.5,28.49,98.62,Biogas,8.04,3.32,-12.99,-38.38,1.79,0.46,1.14
Vegetables,21.53,72.06,4.23,5.25,99.21,Animal Feed,8.55,3.1,-1.02,-5.43,1.27,0.54,1.22
Vegetables,31.45,78.24,56.96,1.8,97.12,Animal Feed,12.22,4.92,55.17,64.76,1.57,0.39,1.24
Mixed,39.52,59.91,42.63,11.23,89.85,Compost,14.2,4.74,31.4,28.69,0.45,0.4,0.7
Fruits,9.91,47.93,83.41,11.91,89.39,Compost,3.54,0.95,71.5,76.27,0.65,0.44,0.76
Fruits,36.11,77.27,76.51,10.85,94.62,Biogas,13.67,5.58,65.67,70.13,1.68,0.17,0.75
Vegetables,43.08,79.93,8.81,20.9,91.33,Biogas,15.74,6.89,-12.09,-31.23,1.66,0.53,1.23
Grains,11.3,28.01,91.19,1.06,95.43,Donation,4.31,0.63,90.13,107.31,1.11,0.26,0.39
Grains,43.23,15.03,23.79,21.06,95.53,Compost,16.52,1.3,2.74,-13.56,0.97,0.25,0.48
Mixed,43.35,68.6,27.36,27.45,96.92,Biogas,16.8,5.95,-0.09,-22.06,1.04,0.4,0.83
Fruits,5.15,82.14,57.98,12.77,86.59,Biogas,1.78,0.85,45.21,44.03,0.86,0.27,0.84
Grains,37.13,10.06,42.2,28.97,99.73,Compost,14.81,0.75,13.22,-7.31,0.8,0.35,0.45
Vegetables,4.75,90.1,59.56,29.81,97.39,Biogas,1.85,0.86,29.74,11.84,1.63,0.35,1.61
Mixed,49.1,64.69,31.14,18.98,85.73,Biogas,16.84,6.35,12.16,-0.59,1.92,0.6,1.0
Grains,45.27,14.75,31.93,2.07,98.49,Animal Feed,17.83,1.34,29.86,34.18,0.89,0.29,0.38
Mixed,5.99,76.78,59.58,7.04,96.31,Animal Feed,2.31,0.92,52.54,57.41,1.15,0.33,0.79
Vegetables,28.77,78.91,81.34,20.39,97.3,Biogas,11.2,4.54,60.96,56.84,1.74,0.53,1.4
Grains,31.94,14.27,88.77,24.88,97.98,Compost,12.52,0.91,63.89,56.76,1.02,0.18,0.39
Vegetables,49.3,75.75,87.32,24.97,92.15,Biogas,18.17,7.47,62.35,54.84,1.48,0.57,1.08
Grains,35.55,29.28,38.64,28.84,97.26,Compost,13.83,2.08,9.81,-11.3,1.09,0.39,0.4
Vegetables,20.77,87.85,33.51,20.15,94.29,Biogas,7.83,3.65,13.37,-0.08,1.39,0.35,1.23
Grains,28.46,17.82,42.88,7.02,95.36,Animal Feed,10.86,1.01,35.85,37.41,1.1,0.24,0.49
Vegetables,39.59,81.98,7.26,1.13,91.09,Animal Feed,14.42,6.49,6.12,6.44,1.98,0.47,1.16
Fruits,33.26,75.15,65.8,16.05,83.27,Compost,11.08,5.0,49.76,46.87,0.87,0.34,0.42
Grains,8.69,19.5,13.5,17.41,99.12,Compost,3.45,0.34,-3.91,-18.63,0.86,0.3,0.47
Mixed,19.63,41.96,34.19,26.91,91.4,Compost,7.18,1.65,7.27,-12.81,1.05,0.44,0.93
Grains,22.94,11.37,52.06,0.48,98.65,Animal Feed,9.05,0.52,51.58,61.51,0.85,0.25,0.37
Grains,19.11,22.61,64.61,3.26,95.45,Animal Feed,7.29,0.86,61.35,71.02,1.04,0.27,0.38
Grains,7.6,28.87,41.74,24.09,97.08,Compost,2.95,0.44,17.65,1.91,1.07,0.28,0.42
Fruits,49.89,43.07,64.62,13.42,94.33,Compost,18.83,4.3,51.2,50.71,1.07,0.38,0.71
Grains,48.34,26.37,71.47,27.05,96.82,Compost,18.72,2.55,44.43,31.68,0.95,0.31,0.51
Vegetables,45.21,86.54,35.25,3.48,90.78,Animal Feed,16.41,7.82,31.77,35.34,1.31,0.45,0.73
Grains,7.46,28.3,88.84,2.03,99.33,Donation,2.96,0.42,86.82,102.56,0.92,0.3,0.51
Grains,28.58,13.5,99.99,26.82,95.61,Compost,10.93,0.77,73.17,66.35,1.12,0.25,0.46
Grains,32.44,13.18,15.93,2.05,99.47,Animal Feed,12.91,0.86,13.88,15.02,1.14,0.16,0.52
Grains,27.83,16.61,18.67,0.33,99.41,Animal Feed,11.07,0.92,18.34,21.74,0.99,0.31,0.3
Grains,26.82,25.29,91.03,16.1,97.24,Compost,10.43,1.36,74.93,77.04,1.07,0.22,0.33
Vegetables,33.87,90.08,77.73,21.24,97.59,Biogas,13.22,6.1,56.49,50.79,1.38,0.55,1.7
Grains,33.23,13.37,72.62,10.06,95.1,Compost,12.64,0.89,62.57,67.04,0.94,0.36,0.38
Meat,33.98,65.75,19.92,28.17,94.3,Biogas,12.82,4.47,-8.24,-32.43,2.51,1.06,0.56
Vegetables,19.26,90.67,80.84,8.87,92.09,Animal Feed,7.09,3.49,71.96,79.25,1.37,0.71,1.29
Vegetables,48.39,84.63,18.75,18.98,91.73,Biogas,17.75,8.19,-0.23,-15.46,1.52,0.46,1.22
Grains,16.93,23.11,77.51,9.21,99.33,Animal Feed,6.73,0.78,68.29,74.58,0.96,0.4,0.46
Vegetables,34.41,73.03,47.06,26.89,94.62,Biogas,13.02,5.03,20.18,2.7,1.71,0.43,0.97
Grains,9.41,27.59,80.55,19.76,97.5,Compost,3.67,0.52,60.79,57.15,1.01,0.23,0.38
Grains,12.1,15.64,49.97,0.69,99.89,Animal Feed,4.83,0.38,49.28,58.58,0.88,0.36,0.32
Mixed,5.31,69.64,89.63,27.37,94.6,Biogas,2.01,0.74,62.25,52.81,1.42,0.46,0.73
Grains,24.75,19.71,84.41,16.29,96.39,Compost,9.54,0.98,68.12,68.71,1.16,0.28,0.37
Fruits,37.51,55.69,76.42,15.83,83.34,Compost,12.5,4.18,60.58,60.04,1.41,0.41,0.9
Vegetables,14.99,84.45,11.39,23.48,93.16,Biogas,5.59,2.53,-12.09,-33.29,1.62,0.44,1.45
Grains,13.4,29.62,66.45,26.24,97.02,Compost,5.2,0.79,40.21,27.27,1.06,0.31,0.36
Meat,38.27,54.03,94.36,14.06,86.91,Compost,13.3,4.14,80.3,85.11,3.26,1.45,0.63
Vegetables,10.35,71.35,86.49,12.82,90.69,Biogas,3.75,1.48,73.66,78.14,1.25,0.53,1.26
Grains,26.75,29.73,24.88,22.04,98.98,Compost,10.59,1.59,2.84,-14.23,1.11,0.38,0.47
Mixed,7.34,68.68,86.82,1.04,89.32,Animal Feed,2.62,1.01,85.78,102.11,1.35,0.32,0.87
Vegetables,49.5,86.83,24.12,11.95,91.41,Biogas,18.1,8.6,12.16,5.03,1.3,0.57,1.04
Fruits,2.39,53.83,2.69,10.66,88.77,Compost,0.85,0.26,-7.97,-18.1,1.11,0.41,0.45
Mixed,14.46,66.35,47.08,8.89,85.37,Animal Feed,4.94,1.92,38.19,38.72,0.9,0.37,0.68
Grains,47.51,11.39,67.61,7.13,98.59,Animal Feed,18.73,1.08,60.48,66.88,0.99,0.24,0.4
Grains,13.83,14.28,21.69,10.68,99.09,Compost,5.48,0.39,11.01,4.68,0.95,0.35,0.37
Vegetables,25.33,79.54,69.01,24.63,90.06,Biogas,9.12,4.03,44.37,33.54,1.34,0.49,1.2
Vegetables,17.52,70.63,45.07,1.84,90.5,Animal Feed,6.34,2.48,43.23,50.41,1.75,0.5,1.09
Vegetables,12.98,77.42,52.24,4.37,96.41,Animal Feed,5.01,2.01,47.87,53.96,1.29,0.63,1.12
Vegetables,36.65,94.43,16.59,22.52,97.05,Biogas,14.23,6.92,-5.93,-25.14,1.78,0.67,1.12
Grains,38.95,21.15,98.95,17.61,98.01,Compost,15.27,1.65,81.35,83.53,1.08,0.25,0.4
Vegetables,44.0,76.61,11.52,13.9,90.45,Biogas,15.92,6.74,-2.37,-13.97,1.44,0.41,1.17
Grains,45.36,24.11,56.83,7.94,99.21,Animal Feed,18.0,2.19,48.89,52.32,0.83,0.26,0.48
Vegetables,22.97,70.35,17.19,16.7,98.8,Biogas,9.08,3.23,0.49,-12.77,1.66,0.67,1.22
Mixed,11.5,55.56,48.46,4.73,86.99,Animal Feed,4.0,1.28,43.73,48.69,1.63,0.24,1.12
Mixed,12.74,65.31,77.0,7.87,81.09,Animal Feed,4.13,1.66,69.13,76.66,0.9,0.31,0.74
Meat,45.84,64.76,87.99,16.65,93.61,Biogas,17.17,5.94,71.34,72.29,3.09,0.98,0.43
Meat,40.32,66.17,20.07,19.29,86.89,Biogas,14.01,5.34,0.78,-14.49,2.64,0.92,0.52
Mixed,38.81,54.96,40.03,1.57,94.83,Animal Feed,14.72,4.27,38.46,44.9,1.18,0.42,0.7
Grains,36.88,20.61,47.01,27.9,99.85,Compost,14.73,1.52,19.12,0.62,0.95,0.28,0.4
Vegetables,11.93,87.89,8.25,11.58,92.94,Biogas,4.43,2.1,-3.34,-13.27,1.41,0.65,1.25
Vegetables,40.69,85.62,6.52,1.1,97.77,Animal Feed,15.92,6.97,5.42,5.62,1.78,0.65,1.0
Vegetables,38.91,83.35,52.24,23.51,94.09,Biogas,14.64,6.49,28.73,15.68,1.5,0.6,1.22
Grains,2.78,26.69,42.41,29.91,99.72,Compost,1.11,0.15,12.51,-8.92,1.0,0.31,0.26
Mixed,3.01,75.06,95.43,23.94,90.82,Biogas,1.09,0.45,71.48,66.62,1.19,0.36,0.88
Grains,46.35,13.21,43.93,10.16,96.88,Compost,17.96,1.22,33.77,32.4,1.17,0.3,0.4
Vegetables,5.59,80.59,99.01,0.77,98.43,Donation,2.2,0.9,98.24,117.27,1.01,0.66,1.02
Vegetables,38.7,83.01,15.02,13.91,93.14,Biogas,14.42,6.43,1.11,-9.79,1.41,0.58,1.11
Fruits,49.2,57.24,30.93,18.19,82.49,Compost,16.23,5.63,12.74,0.73,1.39,0.41,1.0
Fruits,19.4,50.89,9.57,10.09,88.66,Compost,6.88,1.97,-0.51,-8.69,1.7,0.34,0.35
Fruits,20.62,83.56,92.69,3.49,92.76,Donation,7.65,3.45,89.2,104.25,0.8,0.33,0.57
Vegetables,11.83,85.17,14.42,16.9,98.35,Biogas,4.65,2.02,-2.48,-16.49,1.71,0.53,0.96
Vegetables,28.33,83.04,72.2,15.75,90.43,Biogas,10.25,4.71,56.45,55.14,1.64,0.68,1.31
Mixed,47.23,72.7,99.39,8.02,96.41,Animal Feed,18.21,6.87,91.37,103.23,1.88,0.38,0.86
Vegetables,48.15,75.59,88.38,5.05,95.84,Animal Feed,18.46,7.28,83.33,95.96,1.64,0.35,1.34
Vegetables,36.0,87.88,89.21,27.29,93.08,Biogas,13.4,6.33,61.92,52.48,1.62,0.39,0.97
Vegetables,16.93,79.8,9.47,23.74,99.82,Biogas,6.76,2.7,-14.27,-36.12,1.53,0.55,1.31
Vegetables,25.88,89.17,30.57,10.92,96.92,Biogas,10.04,4.62,19.65,14.85,1.48,0.56,1.31
Fruits,2.89,63.15,29.89,14.7,96.57,Biogas,1.12,0.37,15.19,6.47,1.25,0.42,0.85
Meat,40.84,58.58,51.32,12.61,88.26,Compost,14.42,4.78,38.71,36.37,3.32,1.18,0.61
Grains,2.59,11.51,90.36,4.23,97.87,Donation,1.01,0.06,86.14,99.98,1.07,0.27,0.44
Vegetables,13.36,89.56,89.3,20.76,95.21,Biogas,5.09,2.39,68.54,65.63,1.69,0.44,1.12
Grains,48.31,26.99,45.18,19.1,95.89,Compost,18.53,2.61,26.08,16.02,0.68,0.39,0.39
Mixed,45.06,64.02,87.93,26.88,90.92,Biogas,16.39,5.77,61.06,51.76,1.25,0.44,0.93
Fruits,1.46,53.99,95.53,13.11,87.26,Compost,0.51,0.16,82.42,88.41,0.85,0.51,0.61
Vegetables,1.31,75.92,64.64,23.88,99.39,Biogas,0.52,0.2,40.76,29.81,1.17,0.5,1.32
Vegetables,19.34,86.06,83.02,11.57,98.98,Biogas,7.66,3.33,71.46,76.5,1.33,0.63,1.25
Vegetables,9.14,93.18,42.96,12.02,90.33,Biogas,3.3,1.7,30.93,27.5,1.63,0.34,1.54
Vegetables,6.99,71.57,65.69,3.37,90.54,Animal Feed,2.53,1.0,62.33,72.1,1.55,0.45,1.13
Mixed,24.4,83.34,32.87,17.17,83.47,Compost,8.15,4.07,15.7,5.11,1.04,0.41,0.72
Grains,23.4,27.02,52.94,14.36,95.96,Compost,8.98,1.26,38.59,34.82,0.73,0.3,0.38
Mixed,38.04,46.97,35.67,11.3,89.17,Compost,13.57,3.57,24.37,20.2,1.24,0.41,1.1
Vegetables,1.98,88.26,74.12,24.27,96.11,Biogas,0.76,0.35,49.84,40.39,1.66,0.36,0.99
Grains,39.42,17.31,77.75,10.74,95.36,Compost,15.04,1.37,67.0,71.81,0.92,0.23,0.43
Grains,28.09,26.35,51.49,5.5,99.16,Animal Feed,11.14,1.48,45.99,50.78,0.98,0.28,0.39
Grains,13.97,26.58,58.8,28.26,96.0,Compost,5.36,0.74,30.54,14.04,1.1,0.26,0.39
Vegetables,1.97,80.56,92.39,24.28,97.48,Biogas,0.77,0.32,68.11,62.3,1.39,0.62,1.13
Vegetables,47.07,72.63,91.59,0.29,93.23,Donation,17.55,6.84,91.3,109.33,1.42,0.64,1.17
Vegetables,5.92,89.4,77.95,2.64,95.67,Animal Feed,2.26,1.06,75.31,88.27,1.47,0.41,1.58
Grains,8.9,25.07,51.03,25.22,98.29,Compost,3.5,0.45,25.82,10.8,1.01,0.28,0.41
Meat,43.23,55.15,68.7,19.36,87.87,Compost,15.19,4.77,49.34,43.72,3.53,0.47,0.43
Vegetables,49.3,84.07,39.89,22.09,94.84,Biogas,18.7,8.29,17.8,3.69,1.22,0.64,1.24
Fruits,13.82,50.87,56.66,8.03,86.49,Animal Feed,4.78,1.41,48.62,51.92,0.92,0.38,0.89
Mixed,38.94,56.31,32.14,6.28,93.78,Animal Feed,14.61,4.39,25.86,26.0,1.1,0.57,0.97
Vegetables,5.1,81.78,81.7,5.19,94.06,Animal Feed,1.92,0.83,76.51,87.67,1.39,0.69,1.25
Vegetables,13.73,76.99,35.72,9.56,99.65,Animal Feed,5.47,2.11,26.17,23.76,1.34,0.44,1.3
Vegetables,16.13,88.86,51.16,9.96,92.67,Animal Feed,5.98,2.87,41.2,41.48,1.71,0.53,1.24
Vegetables,34.15,77.73,33.36,22.4,93.39,Biogas,12.76,5.31,10.96,-4.77,1.37,0.52,1.22
Mixed,5.79,63.81,78.92,12.0,80.2,Compost,1.86,0.74,66.92,70.7,1.04,0.48,1.05
Grains,47.86,27.74,81.74,15.07,98.51,Compost,18.86,2.66,66.67,67.95,0.89,0.32,0.41
Grains,1.43,10.6,8.84,18.8,98.73,Compost,0.57,0.03,-9.95,-26.98,1.16,0.32,0.4
Vegetables,31.44,83.19,23.62,20.51,97.12,Biogas,12.22,5.23,3.11,-12.67,1.63,0.41,1.12
Grains,27.5,16.46,60.53,7.13,99.18,Animal Feed,10.91,0.91,53.4,58.38,0.92,0.33,0.38
Fruits,9.49,81.79,85.85,17.31,81.1,Compost,3.08,1.55,68.54,68.39,1.68,0.45,0.45
Vegetables,43.09,84.9,89.57,24.74,92.32,Biogas,15.91,7.32,64.83,58.0,1.88,0.57,1.43
Grains,2.58,24.99,76.87,19.17,99.87,Compost,1.03,0.13,57.69,53.89,1.09,0.34,0.32
Mixed,24.19,63.93,66.05,13.22,80.69,Compost,7.81,3.09,52.83,52.82,1.12,0.45,0.78
Vegetables,27.46,93.96,72.19,19.6,99.62,Biogas,10.94,5.16,52.59,47.42,1.16,0.62,0.97
Vegetables,27.43,89.08,36.4,20.59,92.01,Biogas,10.1,4.89,15.81,2.51,1.27,0.44,1.3
Grains,24.13,27.63,93.34,4.6,98.18,Donation,9.48,1.33,88.74,102.81,0.93,0.28,0.39
Meat,25.3,53.5,29.97,16.89,92.77,Compost,9.39,2.71,13.08,2.18,4.03,1.0,0.29
Vegetables,36.14,83.74,35.72,19.58,98.48,Biogas,14.24,6.05,16.14,3.71,1.22,0.34,1.38
Meat,8.9,74.95,5.79,29.88,86.08,Biogas,3.07,1.33,-24.09,-52.81,3.34,1.47,0.59
Mixed,26.69,49.38,47.82,12.49,83.29,Compost,8.89,2.64,35.33,32.41,1.92,0.41,0.68
Grains,43.77,11.41,67.19,12.51,97.72,Compost,17.11,1.0,54.68,55.61,1.03,0.38,0.47
Vegetables,31.72,80.31,64.49,26.2,93.92,Biogas,11.92,5.1,38.29,24.98,1.57,0.45,1.38
Grains,25.15,10.71,17.73,26.61,98.41,Compost,9.9,0.54,-8.88,-31.95,0.95,0.41,0.44
Vegetables,20.59,75.4,70.18,18.62,94.82,Biogas,7.81,3.11,51.57,46.99,1.29,0.38,1.41
Vegetables,16.33,91.53,8.39,29.46,90.12,Biogas,5.89,2.99,-21.08,-48.86,1.37,0.66,1.21
Vegetables,8.76,80.51,52.14,9.9,99.45,Animal Feed,3.49,1.41,42.24,42.76,1.86,0.56,0.85
Grains,25.57,21.57,71.74,24.66,96.05,Compost,9.82,1.1,47.07,36.75,1.07,0.32,0.45
Vegetables,49.69,79.15,33.67,5.78,98.05,Animal Feed,19.49,7.87,27.89,28.84,1.37,0.38,1.07
Vegetables,18.83,73.67,13.76,9.16,95.02,Animal Feed,7.16,2.78,4.61,-1.79,1.49,0.45,1.18
Meat,16.37,59.59,6.32,5.22,92.89,Compost,6.08,1.95,1.09,-2.86,3.2,0.97,0.33
Vegetables,23.72,90.52,89.94,0.73,93.55,Donation,8.87,4.29,89.21,106.47,1.2,0.41,1.02
Grains,44.5,18.34,13.74,6.59,98.25,Animal Feed,17.49,1.63,7.15,3.31,0.83,0.21,0.45
Vegetables,38.47,83.32,53.38,28.36,97.86,Biogas,15.06,6.41,25.02,7.34,1.68,0.44,1.05
Grains,26.25,19.03,49.69,22.35,97.29,Compost,10.22,1.0,27.34,14.94,0.96,0.28,0.33
Vegetables,29.01,86.55,82.47,29.66,93.83,Biogas,10.89,5.02,52.81,39.64,1.86,0.54,0.79
Vegetables,44.58,83.64,85.19,14.72,94.48,Biogas,16.85,7.46,70.47,72.78,1.41,0.42,0.93
Vegetables,48.15,75.43,16.7,22.49,96.1,Biogas,18.51,7.26,-5.79,-24.94,1.2,0.28,1.14
Grains,39.91,23.99,14.04,5.12,95.64,Animal Feed,15.27,1.91,8.93,6.62,0.95,0.37,0.35
Fruits,17.27,69.95,53.26,16.8,95.46,Biogas,6.59,2.42,36.47,30.32,1.31,0.34,0.87
Grains,42.69,15.44,2.04,17.98,97.78,Compost,16.7,1.32,-15.94,-33.51,0.87,0.24,0.34
Mixed,38.3,50.93,0.22,9.15,92.89,Animal Feed,14.23,3.9,-8.93,-18.04,1.51,0.32,0.72
Vegetables,31.31,77.25,45.13,11.29,90.36,Biogas,11.32,4.84,33.84,31.58,1.68,0.61,1.22
Vegetables,19.98,78.27,2.38,6.22,99.95,Animal Feed,7.99,3.13,-3.84,-9.59,1.77,0.46,1.29
Meat,29.68,67.37,92.13,1.14,90.75,Donation,10.77,4.0,90.99,108.28,3.1,1.14,0.51
Grains,26.02,17.16,38.7,10.47,95.25,Compost,9.91,0.89,28.23,25.5,1.04,0.3,0.42
Fruits,48.7,57.4,4.12,23.2,91.53,Compost,17.83,5.59,-19.09,-41.46,0.8,0.32,0.82
Vegetables,16.07,94.64,4.84,27.61,90.85,Biogas,5.84,3.04,-22.77,-49.41,1.64,0.46,1.54
Vegetables,11.45,73.92,14.23,12.3,94.98,Biogas,4.35,1.69,1.93,-7.52,1.16,0.44,1.36
Mixed,1.54,62.68,7.87,18.6,92.05,Biogas,0.57,0.19,-10.72,-27.74,1.38,0.48,0.79
Vegetables,3.37,77.65,75.98,24.12,99.39,Biogas,1.34,0.52,51.85,42.93,1.34,0.6,0.97
Mixed,18.92,78.82,90.1,11.94,93.1,Biogas,7.05,2.98,78.16,84.25,1.38,0.41,0.68
Meat,34.66,69.06,48.99,20.7,85.26,Biogas,11.82,4.79,28.29,17.38,2.7,1.22,0.48
Meat,6.92,53.89,91.05,9.28,92.25,Compost,2.55,0.75,81.77,90.69,2.92,0.91,0.51
Grains,15.05,12.22,84.19,24.07,99.95,Compost,6.02,0.37,60.12,52.9,1.08,0.28,0.38
Mixed,4.52,44.24,66.85,2.69,88.08,Animal Feed,1.59,0.4,64.16,74.84,1.06,0.41,0.9
Mixed,13.48,79.93,27.81,24.22,96.61,Biogas,5.21,2.16,3.59,-15.07,0.95,0.14,0.74
Vegetables,31.48,84.18,26.45,29.95,92.49,Biogas,11.65,5.3,-3.5,-28.17,1.49,0.47,1.37
Vegetables,12.95,86.65,51.36,13.69,91.61,Biogas,4.75,2.24,37.67,34.26,1.44,0.47,1.43
Mixed,2.71,57.18,29.45,28.43,97.43,Compost,1.05,0.31,1.02,-21.51,0.81,0.23,0.95
Vegetables,40.95,76.9,39.07,12.9,90.73,Biogas,14.86,6.3,26.18,21.1,1.55,0.48,1.47
Grains,13.87,14.75,46.93,16.96,97.42,Compost,5.41,0.41,29.97,22.39,1.01,0.28,0.43
Vegetables,45.71,83.95,58.43,5.64,93.16,Animal Feed,17.03,7.67,52.8,58.85,1.66,0.6,0.94
Grains,34.13,15.95,21.39,22.64,97.55,Compost,13.32,1.09,-1.25,-19.61,0.98,0.29,0.47
Grains,25.86,29.43,27.78,27.61,99.42,Compost,10.28,1.52,0.17,-21.88,0.93,0.39,0.5
Fruits,37.36,45.75,50.5,16.13,92.67,Compost,13.85,3.42,34.37,28.35,0.97,0.34,1.01
Vegetables,8.57,89.51,20.95,14.66,94.71,Biogas,3.25,1.53,6.28,-4.19,1.74,0.57,0.93
Vegetables,38.22,78.02,92.16,0.24,94.42,Donation,14.44,5.96,91.92,110.12,1.65,0.62,1.06
Meat,47.32,57.67,45.13,15.76,85.75,Compost,16.23,5.46,29.37,22.64,2.92,0.84,0.39
Meat,45.14,61.62,90.76,26.67,92.46,Biogas,16.7,5.56,64.09,55.57,2.81,0.84,0.54
Vegetables,12.48,76.85,61.93,28.36,92.87,Biogas,4.64,1.92,33.57,17.59,1.36,0.51,1.16
Grains,22.77,11.35,74.73,20.72,95.76,Compost,8.72,0.52,54.01,48.24,0.89,0.34,0.44
Meat,27.79,66.96,40.53,0.42,90.26,Biogas,10.03,3.72,40.11,47.8,3.49,0.87,0.43
Fruits,14.15,42.32,57.44,22.78,87.64,Compost,4.96,1.2,34.66,23.37,1.08,0.52,0.86
Meat,35.6,50.11,58.16,13.91,85.02,Compost,12.11,3.57,44.25,41.98,2.16,1.2,0.41
Vegetables,4.99,87.59,92.72,20.51,91.25,Biogas,1.82,0.87,72.21,70.24,1.83,0.46,1.13
Fruits,5.36,41.78,88.46,7.04,87.73,Animal Feed,1.88,0.45,81.42,92.07,1.48,0.37,1.04
Vegetables,38.3,85.65,34.52,18.66,94.4,Biogas,14.46,6.56,15.86,4.1,1.56,0.53,1.39
Vegetables,13.95,81.2,51.14,4.76,93.15,Animal Feed,5.2,2.26,46.37,51.84,1.4,0.49,0.98
Vegetables,2.44,70.76,46.8,1.16,93.59,Animal Feed,0.91,0.35,45.64,53.83,1.25,0.46,1.07
Vegetables,18.8,90.57,82.55,11.0,97.35,Biogas,7.32,3.41,71.55,77.07,1.52,0.46,1.21
Vegetables,16.91,77.17,93.59,0.02,97.66,Donation,6.61,2.61,93.57,112.27,1.53,0.4,1.33
Vegetables,19.11,70.83,40.5,26.86,98.17,Biogas,7.5,2.71,13.64,-5.12,1.66,0.53,1.59
Vegetables,17.39,93.82,5.12,28.94,90.65,Biogas,6.31,3.26,-23.82,-51.74,1.64,0.59,1.07
Meat,25.78,52.7,61.81,23.73,90.26,Compost,9.31,2.72,38.08,26.72,2.88,0.77,0.41
Grains,25.17,23.03,50.08,3.18,95.62,Animal Feed,9.63,1.16,46.9,53.74,1.04,0.32,0.33
Meat,16.25,57.78,63.72,9.49,94.45,Compost,6.14,1.88,54.23,57.49,3.09,1.28,0.46
Vegetables,40.09,89.06,28.52,0.29,91.69,Animal Feed,14.7,7.14,28.23,33.65,1.66,0.42,1.31
Vegetables,48.62,92.05,78.9,11.18,90.5,Biogas,17.6,8.95,67.72,72.33,1.55,0.42,1.2
Mixed,3.67,73.03,64.89,19.84,87.19,Biogas,1.28,0.54,45.05,38.18,1.24,0.23,0.37
Vegetables,30.18,87.77,83.19,1.25,90.76,Donation,10.95,5.3,81.94,97.33,1.46,0.61,1.31
Grains,40.05,17.94,37.05,9.04,97.71,Animal Feed,15.65,1.44,28.01,26.38,0.91,0.24,0.34
Vegetables,24.71,90.97,14.21,28.3,92.42,Biogas,9.14,4.5,-14.09,-39.55,1.5,0.38,1.36
Grains,6.13,22.65,55.83,27.37,95.88,Compost,2.35,0.28,28.46,12.26,0.97,0.32,0.37
Vegetables,4.99,83.81,34.64,21.17,91.72,Biogas,1.83,0.84,13.47,-0.77,1.61,0.56,1.51
Vegetables,45.93,78.67,43.51,10.77,97.63,Biogas,17.94,7.23,32.74,30.67,1.68,0.4,1.18
Mixed,12.96,75.6,63.34,10.01,88.05,Biogas,4.56,1.96,53.33,55.99,0.93,0.29,0.68
Fruits,48.45,50.22,40.74,15.69,82.32,Compost,15.95,4.87,25.05,17.51,1.1,0.2,0.51
Meat,44.17,61.58,56.76,14.59,87.89,Biogas,15.53,5.44,42.16,38.92,2.52,1.23,0.39
Vegetables,43.9,89.53,71.88,1.64,91.41,Animal Feed,16.05,7.86,70.25,82.99,1.64,0.28,0.75
Grains,13.85,11.69,50.7,29.21,97.32,Compost,5.39,0.32,21.49,2.42,0.9,0.27,0.36
Grains,14.7,17.65,67.42,17.72,97.03,Compost,5.71,0.52,49.7,45.46,0.98,0.29,0.4
Mixed,7.17,84.39,21.38,8.04,88.4,Animal Feed,2.53,1.21,13.34,9.58,0.85,0.19,0.71
Mixed,15.89,84.0,69.69,7.19,85.94,Animal Feed,5.46,2.67,62.5,69.25,1.0,0.34,0.51
Fruits,41.87,52.85,36.63,13.23,93.56,Compost,15.67,4.43,23.4,17.5,1.05,0.43,1.01
Meat,15.37,58.36,25.55,3.04,86.61,Compost,5.33,1.79,22.51,24.58,2.61,0.96,0.4
Grains,43.39,16.71,52.78,3.92,96.18,Animal Feed,16.69,1.45,48.86,55.49,0.85,0.34,0.38
Meat,8.56,51.51,51.16,12.57,87.56,Compost,3.0,0.88,38.59,36.25,3.18,0.77,0.68
Grains,22.29,10.74,42.37,1.37,98.4,Animal Feed,8.77,0.48,41.0,48.1,0.99,0.3,0.43
Fruits,46.53,76.59,79.71,26.04,81.91,Compost,15.24,7.13,53.67,43.58,1.21,0.1,0.9
Grains,39.23,11.36,34.25,13.52,97.22,Compost,15.26,0.89,20.73,14.06,1.07,0.2,0.42
Vegetables,9.86,84.43,70.81,3.43,90.19,Animal Feed,3.56,1.66,67.38,78.11,1.17,0.59,1.27
Vegetables,49.84,80.84,36.82,5.99,93.59,Animal Feed,18.66,8.06,30.82,32.19,1.73,0.35,1.23
Vegetables,21.41,89.73,36.76,5.37,99.52,Animal Feed,8.52,3.84,31.39,33.37,1.22,0.66,1.21
Meat,25.52,74.1,45.34,2.4,93.02,Biogas,9.5,3.78,42.94,49.62,3.79,1.31,0.45
Grains,43.42,27.11,58.59,13.61,97.87,Compost,17.0,2.35,44.98,43.09,1.09,0.35,0.43
Grains,43.67,17.87,3.76,4.44,99.2,Animal Feed,17.33,1.56,-0.67,-4.36,1.14,0.32,0.43
Vegetables,42.53,91.83,42.88,9.71,90.42,Animal Feed,15.38,7.81,33.17,32.03,1.68,0.46,1.35
Vegetables,44.33,78.27,15.94,12.86,96.69,Biogas,17.15,6.94,3.08,-6.6,1.5,0.57,1.19
Vegetables,29.33,80.07,48.87,0.49,90.61,Animal Feed,10.63,4.7,48.38,57.66,1.43,0.6,0.68
Fruits,17.28,72.6,39.82,5.92,81.17,Animal Feed,5.61,2.51,33.91,35.95,1.15,0.49,0.81
Vegetables,43.1,75.97,53.18,20.18,99.75,Biogas,17.2,6.55,33.0,23.46,1.48,0.34,1.06
Meat,26.61,70.31,14.26,4.0,92.52,Biogas,9.85,3.74,10.26,9.1,2.97,0.92,0.37
Meat,26.99,65.02,83.31,10.3,92.32,Biogas,9.97,3.51,73.0,79.36,2.66,0.69,0.42
Grains,49.78,19.51,17.27,21.41,96.08,Compost,19.13,1.94,-4.14,-22.09,1.02,0.26,0.45
Vegetables,30.42,80.45,17.28,22.31,93.34,Biogas,11.36,4.89,-5.03,-23.88,1.1,0.49,1.18
Vegetables,13.81,78.98,86.4,11.13,92.19,Biogas,5.09,2.18,75.28,81.43,1.42,0.56,0.85
Vegetables,39.31,70.56,56.63,15.31,93.02,Biogas,14.63,5.55,41.32,37.34,1.94,0.39,1.15
Grains,33.46,17.59,92.88,22.52,95.32,Compost,12.76,1.18,70.36,66.42,0.88,0.36,0.44
Grains,33.13,15.17,25.02,1.24,99.79,Animal Feed,13.22,1.01,23.78,27.54,0.85,0.31,0.43
Grains,41.05,18.29,58.89,20.98,99.02,Compost,16.26,1.5,37.91,28.7,0.95,0.31,0.41
Vegetables,5.89,83.32,40.45,12.4,90.11,Biogas,2.12,0.98,28.05,23.74,1.31,0.49,1.47
Vegetables,22.28,84.68,38.48,24.58,91.87,Biogas,8.19,3.77,13.89,-3.0,1.76,0.5,0.86
Fruits,17.46,60.29,67.78,9.51,97.58,Animal Feed,6.82,2.11,58.28,62.33,1.05,0.46,0.71
Grains,38.64,26.72,38.13,24.66,96.63,Compost,14.93,2.06,13.47,-3.57,0.98,0.33,0.38
Vegetables,45.68,82.08,57.66,25.03,91.7,Biogas,16.76,7.5,32.62,19.12,1.72,0.51,0.97
Vegetables,3.03,71.41,69.77,21.31,92.3,Biogas,1.12,0.43,48.46,41.1,1.42,0.5,1.17
Grains,15.51,24.72,15.08,28.89,97.88,Compost,6.07,0.77,-13.82,-39.69,0.99,0.36,0.42
Meat,38.06,66.98,22.94,20.39,85.98,Biogas,13.09,5.1,2.55,-13.25,2.44,1.42,0.45
Fruits,14.47,48.98,69.55,4.96,95.9,Animal Feed,5.55,1.42,64.59,73.54,1.71,0.31,0.77
Grains,43.69,16.4,22.95,27.17,95.53,Compost,16.7,1.43,-4.21,-26.79,1.05,0.17,0.45
Grains,18.01,29.92,66.19,20.71,95.69,Compost,6.89,1.08,45.48,38.01,0.96,0.33,0.4
Vegetables,15.06,86.52,50.78,19.43,98.9,Biogas,5.96,2.61,31.35,22.08,1.18,0.38,1.37
Vegetables,27.7,81.79,53.13,4.73,93.37,Animal Feed,10.35,4.53,48.4,54.3,1.8,0.63,1.19
Grains,2.77,13.0,79.8,13.93,95.86,Compost,1.06,0.07,65.87,67.9,1.04,0.35,0.5
Grains,8.92,24.85,70.68,4.46,95.02,Animal Feed,3.39,0.44,66.22,75.9,0.87,0.28,0.44
Grains,34.85,10.05,21.21,7.94,96.59,Animal Feed,13.47,0.7,13.27,9.57,1.11,0.31,0.37
Vegetables,24.71,70.83,2.66,15.86,98.46,Biogas,9.73,3.5,-13.2,-28.52,1.64,0.52,1.24
Grains,29.83,28.41,43.51,19.42,96.37,Compost,11.5,1.69,24.09,13.38,0.82,0.25,0.5
Mixed,43.29,68.78,50.5,19.48,88.31,Biogas,15.29,5.95,31.01,21.63,1.62,0.36,0.89
Vegetables,35.09,85.67,90.16,3.66,91.8,Donation,12.89,6.01,86.5,100.87,1.22,0.69,1.09
Vegetables,9.09,94.73,89.59,11.45,97.68,Biogas,3.55,1.72,78.13,84.6,1.3,0.53,1.53
Mixed,7.85,57.41,90.78,15.22,95.76,Compost,3.01,0.9,75.56,78.5,1.01,0.51,0.91
Vegetables,34.99,84.09,74.37,17.62,97.73,Biogas,13.68,5.88,56.75,54.01,1.78,0.51,1.25
Grains,48.66,22.9,66.29,21.86,99.2,Compost,19.31,2.23,44.43,35.83,1.04,0.45,0.41
Grains,18.46,14.79,42.76,18.06,97.12,Compost,7.17,0.55,24.69,15.18,0.96,0.23,0.34
Vegetables,11.05,75.67,87.31,23.37,94.74,Biogas,4.19,1.67,63.94,58.03,1.55,0.43,1.04
Vegetables,16.69,83.3,33.39,25.85,90.61,Biogas,6.05,2.78,7.54,-11.63,1.3,0.65,0.9
Meat,46.85,67.47,90.62,2.07,90.78,Donation,17.01,6.32,88.54,104.59,2.67,1.17,0.38
Grains,8.32,26.21,48.02,23.53,98.07,Compost,3.26,0.44,24.49,10.56,0.92,0.28,0.39
Fruits,28.78,47.1,62.02,17.48,81.43,Compost,9.37,2.71,44.53,39.45,1.12,0.56,0.79
Vegetables,21.17,83.76,58.54,10.69,95.98,Biogas,8.13,3.55,47.84,48.86,1.5,0.56,0.99
Vegetables,21.16,81.5,38.07,6.05,93.31,Animal Feed,7.9,3.45,32.02,33.58,1.72,0.57,0.92
Meat,36.46,72.17,19.04,18.88,90.55,Biogas,13.21,5.26,0.16,-14.9,3.34,0.92,0.59
Fruits,27.46,61.19,54.21,19.13,97.88,Biogas,10.75,3.36,35.08,26.79,0.81,0.42,0.93
Vegetables,4.49,76.88,18.4,10.55,93.36,Biogas,1.68,0.69,7.85,0.98,1.01,0.45,0.92
Grains,17.74,21.53,20.06,29.0,96.55,Compost,6.85,0.76,-8.94,-33.93,1.01,0.31,0.39
Mixed,35.14,62.59,18.25,15.29,94.32,Biogas,13.26,4.4,2.96,-8.68,1.32,0.47,0.7
Grains,36.43,14.03,66.63,11.42,95.46,Compost,13.91,1.02,55.21,57.11,0.95,0.29,0.5
Meat,34.45,66.26,48.65,0.96,85.28,Biogas,11.75,4.56,47.69,56.46,2.83,1.2,0.54
Meat,22.32,68.87,36.01,16.39,92.56,Biogas,8.26,3.07,19.62,10.43,2.72,1.05,0.42
Vegetables,29.82,89.44,40.88,27.44,99.87,Biogas,11.91,5.33,13.44,-5.82,1.32,0.45,1.18
Vegetables,24.41,84.32,29.57,19.06,91.8,Biogas,8.96,4.12,10.51,-2.63,1.5,0.56,1.15
Vegetables,33.82,76.98,70.8,17.34,92.31,Biogas,12.49,5.21,53.46,50.28,1.48,0.54,1.27
Fruits,6.42,51.86,93.12,9.69,82.36,Animal Feed,2.12,0.67,83.43,92.36,1.11,0.52,1.05
Vegetables,42.47,94.46,76.25,13.07,90.3,Biogas,15.34,8.02,63.19,65.37,1.24,0.57,1.38
Vegetables,29.65,89.73,11.88,23.93,99.12,Biogas,11.76,5.32,-12.05,-33.6,1.65,0.34,1.14
Grains,34.04,13.18,47.76,21.19,95.03,Compost,12.94,0.9,26.56,14.92,0.9,0.19,0.41
Vegetables,10.58,80.17,26.09,19.37,96.18,Biogas,4.07,1.7,6.72,-7.43,1.7,0.47,1.0
Mixed,9.13,48.52,38.68,8.44,90.81,Animal Feed,3.32,0.89,30.24,29.54,1.73,0.36,0.88
Meat,40.0,58.22,28.13,5.13,91.23,Compost,14.6,4.66,23.0,23.49,2.11,1.1,0.44
Mixed,21.7,68.96,13.35,26.52,94.57,Biogas,8.21,2.99,-13.16,-37.01,1.39,0.58,0.94
Meat,29.0,58.12,74.53,19.36,86.46,Compost,10.03,3.37,55.17,50.71,2.89,1.29,0.47
Mixed,48.66,58.0,74.12,19.5,83.47,Compost,16.25,5.64,54.62,49.94,1.56,0.39,0.4
Mixed,27.91,83.54,80.97,27.78,85.24,Biogas,9.52,4.66,53.19,41.6,1.05,0.36,0.98
Grains,36.7,29.17,61.83,22.19,96.88,Compost,14.22,2.14,39.63,29.81,1.1,0.3,0.44
Vegetables,17.64,89.26,55.25,5.77,94.04,Animal Feed,6.64,3.15,49.48,54.76,1.57,0.55,1.17
Grains,26.41,29.77,35.61,13.94,98.59,Compost,10.42,1.57,21.67,14.85,0.73,0.34,0.41
Vegetables,48.06,87.55,47.77,14.03,93.92,Biogas,18.06,8.42,33.75,29.28,1.63,0.45,1.11
Grains,42.74,29.58,18.09,8.42,96.77,Animal Feed,16.54,2.53,9.68,4.88,1.1,0.26,0.33
Vegetables,47.13,80.76,55.17,21.11,90.83,Biogas,17.12,7.61,34.06,23.98,1.45,0.45,1.01
Vegetables,47.92,89.01,25.99,29.92,98.26,Biogas,18.84,8.53,-3.93,-28.65,1.29,0.35,0.75
Fruits,12.66,80.16,38.13,4.47,90.56,Animal Feed,4.59,2.03,33.66,36.81,1.74,0.39,0.53
Vegetables,15.91,80.25,41.97,13.23,91.72,Biogas,5.84,2.55,28.73,23.9,1.4,0.51,1.37
Vegetables,30.66,93.41,9.32,28.51,92.92,Biogas,11.4,5.73,-19.19,-45.83,1.45,0.64,0.85
Grains,6.64,16.7,32.21,23.34,96.87,Compost,2.57,0.22,8.87,-8.02,1.13,0.25,0.33
Vegetables,1.69,79.14,23.46,29.45,92.78,Biogas,0.63,0.27,-5.99,-30.75,1.27,0.5,1.38
Vegetables,38.39,86.24,35.43,8.28,94.62,Animal Feed,14.53,6.62,27.15,25.96,1.7,0.47,0.74
Grains,6.88,11.3,10.68,4.3,97.71,Animal Feed,2.69,0.16,6.38,4.22,0.95,0.24,0.39
Vegetables,23.12,74.83,17.0,26.84,97.56,Biogas,9.02,3.46,-9.84,-33.27,1.45,0.48,1.2
Vegetables,46.35,72.97,84.48,11.72,98.42,Biogas,18.25,6.77,72.76,77.94,1.53,0.37,1.26
Meat,32.53,67.86,69.53,8.32,88.44,Biogas,11.51,4.41,61.2,66.78,3.05,1.14,0.57
Vegetables,28.71,74.92,37.54,10.82,93.79,Biogas,10.77,4.3,26.73,23.42,1.59,0.36,1.37
Grains,34.04,25.65,91.64,10.96,98.33,Compost,13.39,1.75,80.67,88.04,1.08,0.31,0.4
Vegetables,4.61,81.3,73.45,26.88,96.89,Biogas,1.79,0.75,46.56,34.37,1.61,0.5,1.29
Grains,9.17,26.96,83.92,17.95,97.87,Compost,3.59,0.49,65.97,64.81,1.07,0.36,0.35
Vegetables,19.97,83.91,46.12,27.14,92.52,Biogas,7.39,3.35,18.98,1.06,1.3,0.49,1.11
Mixed,25.52,61.22,21.27,3.72,91.53,Animal Feed,9.34,3.12,17.54,18.07,0.94,0.3,0.9
Grains,32.94,11.19,98.32,0.31,98.86,Donation,13.02,0.74,98.01,117.37,0.89,0.22,0.48
Grains,8.83,16.59,31.88,10.88,95.67,Compost,3.38,0.29,21.0,16.49,0.9,0.38,0.39
Fruits,11.37,82.6,52.59,29.92,80.78,Compost,3.67,1.88,22.67,3.26,1.27,0.39,0.99
Fruits,45.3,66.35,63.8,21.79,97.21,Biogas,17.61,6.01,42.0,32.97,1.48,0.46,0.98
Grains,35.64,15.54,67.32,17.9,98.17,Compost,13.99,1.11,49.42,44.99,1.07,0.35,0.4
Vegetables,43.28,71.35,16.83,9.57,99.0,Animal Feed,17.14,6.18,7.25,1.04,1.28,0.55,1.14
Mixed,37.89,81.26,48.3,21.62,85.38,Biogas,12.94,6.16,26.68,14.72,1.4,0.41,0.64
Grains,20.43,10.09,90.45,26.82,97.34,Compost,7.95,0.41,63.63,54.9,0.98,0.29,0.48
Vegetables,49.78,73.92,60.4,26.09,98.4,Biogas,19.59,7.36,34.31,20.3,1.59,0.67,1.37
Grains,42.58,13.09,66.03,20.13,99.33,Compost,16.92,1.11,45.9,38.98,0.96,0.32,0.5
Vegetables,48.71,70.16,45.73,13.49,96.21,Biogas,18.75,6.84,32.25,27.91,1.54,0.56,1.53
Grains,35.29,24.62,78.64,15.34,97.57,Compost,13.78,1.74,63.31,63.7,1.02,0.38,0.38
Vegetables,20.5,71.91,20.85,6.78,97.86,Animal Feed,8.03,2.95,14.07,11.46,1.62,0.45,1.12
Grains,32.29,12.59,37.62,18.96,98.62,Compost,12.74,0.81,18.66,7.22,0.94,0.2,0.42
Grains,3.39,24.07,62.43,8.26,97.76,Animal Feed,1.33,0.16,54.18,58.41,0.93,0.23,0.38
Grains,3.77,25.53,52.98,27.67,95.45,Compost,1.44,0.19,25.31,8.24,0.98,0.25,0.4
Mixed,13.72,66.2,91.41,26.88,88.36,Biogas,4.85,1.82,64.53,55.93,0.96,0.57,1.29
Vegetables,17.91,88.82,24.67,11.32,96.84,Biogas,6.94,3.18,13.34,6.95,1.54,0.29,1.0
Grains,25.36,28.04,73.53,29.12,95.54,Compost,9.69,1.42,44.41,30.0,1.04,0.27,0.38
Fruits,36.44,40.97,8.79,15.62,86.25,Compost,12.57,2.99,-6.83,-20.7,1.31,0.49,0.77
Mixed,2.9,67.63,88.25,3.66,84.2,Animal Feed,0.98,0.39,84.59,98.58,0.76,0.26,0.94
Grains,10.08,25.99,37.88,18.96,96.76,Compost,3.9,0.52,18.92,7.53,1.06,0.26,0.39
Grains,33.38,15.52,28.37,27.93,99.71,Compost,13.31,1.04,0.44,-21.82,1.13,0.27,0.34
Fruits,40.75,40.21,74.97,16.86,92.35,Compost,15.05,3.28,58.12,56.25,1.96,0.52,0.91
Grains,24.15,24.33,28.16,5.36,99.5,Animal Feed,9.61,1.18,22.8,23.08,0.79,0.25,0.48
Grains,18.03,20.16,10.62,29.06,99.79,Compost,7.2,0.73,-18.43,-45.36,1.07,0.33,0.38
Grains,1.94,19.51,5.69,9.7,96.32,Animal Feed,0.75,0.08,-4.01,-12.57,0.92,0.23,0.41
Vegetables,36.13,81.86,27.97,8.46,92.91,Animal Feed,13.43,5.92,19.51,16.64,1.35,0.51,1.02
Grains,47.7,16.49,18.2,4.13,96.41,Animal Feed,18.4,1.57,14.07,13.58,1.04,0.28,0.34
Fruits,3.58,71.99,18.13,27.98,83.65,Compost,1.2,0.52,-9.84,-34.19,0.89,0.52,0.76
Grains,48.23,17.03,4.11,20.87,97.78,Compost,18.86,1.64,-16.76,-36.8,0.93,0.33,0.37
Vegetables,29.34,84.81,49.57,28.56,97.11,Biogas,11.4,4.98,21.01,2.37,1.53,0.36,0.87
Mixed,14.66,79.79,86.99,15.45,95.78,Biogas,5.62,2.34,71.54,73.49,1.03,0.46,0.51
Vegetables,32.89,74.31,76.71,26.52,91.62,Biogas,12.05,4.89,50.19,39.02,1.37,0.59,1.77
Fruits,29.04,55.66,9.51,1.52,89.48,Animal Feed,10.4,3.23,7.99,8.37,0.87,0.26,0.59
Grains,4.67,15.72,12.36,11.79,97.37,Compost,1.82,0.15,0.57,-8.76,0.84,0.19,0.32
Grains,18.81,25.31,42.12,9.61,99.2,Animal Feed,7.47,0.95,32.52,31.33,1.1,0.29,0.39
Fruits,49.84,48.15,54.33,18.41,93.73,Compost,18.69,4.8,35.92,28.38,1.69,0.52,0.71
Mixed,34.09,59.97,61.8,7.99,97.89,Animal Feed,13.35,4.09,53.81,58.18,1.12,0.29,0.72
Mixed,21.97,46.73,22.15,4.36,82.55,Animal Feed,7.25,2.05,17.79,17.86,0.82,0.54,1.06
Grains,1.26,28.15,21.82,25.05,95.91,Compost,0.48,0.07,-3.23,-23.91,0.84,0.23,0.39
Grains,16.26,15.02,72.04,22.12,96.06,Compost,6.25,0.49,49.92,42.21,1.17,0.32,0.36
Vegetables,19.73,91.75,97.33,15.76,97.4,Biogas,7.69,3.62,81.57,85.27,1.26,0.46,0.98
Meat,5.51,70.81,45.2,13.9,91.05,Biogas,2.01,0.78,31.3,26.44,2.79,0.77,0.49
Vegetables,19.04,73.21,41.35,15.86,91.85,Biogas,7.0,2.79,25.49,17.9,1.84,0.6,1.19
Vegetables,14.97,82.65,1.87,3.56,93.65,Animal Feed,5.61,2.47,-1.69,-4.87,1.48,0.45,1.17
Grains,39.94,10.97,25.36,11.15,99.44,Compost,15.89,0.88,14.21,8.13,1.01,0.32,0.52
Mixed,45.67,68.15,21.32,23.73,90.42,Biogas,16.52,6.22,-2.41,-21.87,1.01,0.54,0.69
Grains,28.24,21.47,24.76,15.12,95.63,Compost,10.8,1.21,9.64,-0.53,1.06,0.35,0.31
Grains,47.2,14.92,97.22,5.1,97.2,Animal Feed,18.35,1.41,92.11,106.45,0.94,0.33,0.4
Grains,35.07,24.38,32.43,20.25,95.5,Compost,13.4,1.71,12.18,-1.59,1.12,0.25,0.34
Vegetables,36.77,83.16,58.1,28.87,91.73,Biogas,13.49,6.12,29.23,11.97,1.45,0.48,1.66
Vegetables,38.34,88.08,81.96,14.85,90.61,Biogas,13.9,6.75,67.11,68.65,1.3,0.36,0.84
Meat,2.77,56.26,36.61,1.91,85.91,Compost,0.95,0.31,34.7,40.12,3.58,0.97,0.58
Meat,28.97,73.27,14.12,7.57,89.32,Biogas,10.35,4.25,6.54,1.8,4.33,1.07,0.49
Grains,26.65,20.97,88.04,11.41,96.06,Compost,10.24,1.12,76.63,82.82,1.02,0.32,0.36
Grains,6.9,15.03,95.08,6.61,97.08,Animal Feed,2.68,0.21,88.47,100.88,0.9,0.24,0.45
Meat,18.87,70.84,83.22,11.68,94.23,Biogas,7.11,2.67,71.54,76.5,2.98,0.73,0.55
Vegetables,10.99,77.66,90.73,9.76,93.24,Animal Feed,4.1,1.71,80.96,89.35,1.34,0.45,1.03
Vegetables,19.85,94.01,97.34,2.55,97.65,Donation,7.75,3.73,94.78,111.69,1.63,0.42,1.57
Vegetables,25.12,80.33,80.32,22.1,94.56,Biogas,9.5,4.04,58.22,52.19,1.42,0.53,1.18
Grains,44.19,11.87,40.7,17.38,95.72,Compost,16.92,1.05,23.32,14.08,1.01,0.33,0.36
Mixed,47.85,81.45,33.33,6.59,81.61,Animal Feed,15.62,7.79,26.74,26.82,0.92,0.45,0.87
Meat,5.45,73.52,73.46,17.81,86.56,Biogas,1.89,0.8,55.65,52.53,3.18,0.99,0.52
Grains,44.16,24.76,32.95,15.4,99.3,Compost,17.54,2.19,17.55,8.74,1.07,0.31,0.36
Grains,42.44,10.64,69.17,16.13,95.82,Compost,16.27,0.9,53.03,50.73,0.98,0.28,0.43
Vegetables,37.96,89.58,96.89,9.49,98.54,Animal Feed,14.96,6.8,87.4,97.28,1.87,0.42,1.12
Vegetables,47.53,85.22,17.71,22.58,90.36,Biogas,17.18,8.1,-4.87,-23.9,1.44,0.53,1.29
Grains,32.27,27.39,28.54,12.48,96.3,Compost,12.43,1.77,16.06,9.29,1.13,0.44,0.42
Grains,13.66,14.76,74.59,10.79,98.0,Compost,5.36,0.4,63.8,67.92,1.02,0.23,0.35
Mixed,48.97,75.94,0.6,1.31,86.17,Animal Feed,16.88,7.44,-0.71,-1.89,1.39,0.63,0.65
Grains,30.86,16.25,54.68,5.35,95.5,Animal Feed,11.79,1.0,49.33,54.91,0.96,0.37,0.47
Grains,16.78,26.38,74.0,21.62,95.97,Compost,6.44,0.89,52.38,45.56,1.13,0.27,0.31
Vegetables,26.03,75.86,41.65,2.67,97.7,Animal Feed,10.17,3.95,38.99,44.65,1.6,0.45,1.12
Vegetables,3.44,86.03,64.23,12.05,95.33,Biogas,1.31,0.59,52.18,52.98,1.6,0.49,1.37
Fruits,46.39,59.43,74.98,20.83,81.49,Compost,15.12,5.51,54.15,48.31,1.35,0.32,1.02
Fruits,38.07,68.47,96.06,19.51,80.08,Compost,12.19,5.21,76.55,76.25,1.0,0.65,0.88
Grains,27.52,12.07,29.47,1.38,97.14,Animal Feed,10.69,0.66,28.09,32.6,1.12,0.23,0.41
Grains,16.42,17.43,55.86,12.93,97.8,Compost,6.42,0.57,42.93,41.18,1.03,0.3,0.38
Grains,10.12,13.08,71.15,8.6,96.54,Animal Feed,3.91,0.26,62.55,68.18,0.98,0.28,0.39
Vegetables,28.3,87.3,10.12,19.32,93.91,Biogas,10.63,4.94,-9.19,-26.49,1.34,0.49,0.82
Meat,35.53,58.22,70.83,15.31,93.43,Compost,13.28,4.14,55.52,54.37,2.94,1.05,0.59
Mixed,8.17,61.48,0.35,18.98,80.63,Compost,2.63,1.0,-18.63,-37.53,0.89,0.66,0.75
Grains,11.97,10.3,91.12,12.33,95.78,Compost,4.58,0.25,78.79,84.69,1.17,0.35,0.35
Meat,9.16,61.76,39.93,8.48,90.22,Biogas,3.3,1.13,31.45,30.97,3.21,1.12,0.63
Mixed,14.94,45.83,31.66,29.79,85.41,Compost,5.1,1.37,1.87,-21.59,0.96,0.36,0.97
Grains,35.46,21.14,28.53,27.63,97.76,Compost,13.86,1.5,0.9,-21.02,1.15,0.31,0.47
Vegetables,14.43,92.16,99.86,7.12,94.81,Animal Feed,5.47,2.66,92.74,105.59,1.79,0.56,1.12
Grains,15.64,27.03,81.16,24.69,99.81,Compost,6.24,0.85,56.47,48.01,0.95,0.31,0.35
Grains,12.04,17.74,71.66,19.81,98.76,Compost,4.76,0.43,51.85,46.38,1.0,0.31,0.4
Fruits,14.04,59.88,19.45,7.12,96.45,Animal Feed,5.42,1.68,12.33,9.11,1.41,0.33,0.83
Mixed,11.98,79.14,5.27,28.36,81.41,Compost,3.9,1.9,-23.09,-50.4,1.27,0.38,0.84
Vegetables,24.98,72.63,63.03,23.83,90.33,Biogas,9.02,3.63,39.2,27.97,1.19,0.4,1.18
Vegetables,31.0,90.39,93.0,28.13,94.39,Biogas,11.7,5.6,64.86,55.33,1.28,0.43,1.41
Grains,33.5,16.98,30.72,26.38,98.04,Compost,13.14,1.14,4.34,-15.9,0.97,0.35,0.36
Vegetables,29.02,83.02,29.88,27.39,92.64,Biogas,10.75,4.82,2.49,-18.92,1.44,0.41,0.86
Mixed,1.93,69.25,64.95,14.07,81.34,Compost,0.63,0.27,50.89,49.81,0.4,0.5,0.85
Mixed,37.58,51.22,84.73,28.6,86.96,Compost,13.07,3.85,56.13,44.48,1.23,0.37,0.99
Vegetables,21.72,84.35,20.18,14.87,99.16,Biogas,8.61,3.66,5.31,-5.52,1.39,0.47,1.17
Grains,34.84,11.49,26.21,28.2,98.81,Compost,13.77,0.8,-1.99,-24.95,0.9,0.39,0.47
Vegetables,45.21,88.52,88.48,7.33,96.61,Animal Feed,17.47,8.0,81.15,91.52,1.58,0.6,1.03
Mixed,30.99,69.66,6.15,5.41,96.46,Animal Feed,11.96,4.32,0.73,-3.45,0.42,0.52,0.97
Vegetables,6.3,88.25,93.78,9.81,90.05,Animal Feed,2.27,1.11,83.97,92.92,1.91,0.45,0.83
Meat,21.03,52.46,70.25,5.57,85.99,Compost,7.23,2.21,64.68,73.17,2.67,0.98,0.48
Grains,9.55,24.44,48.82,5.77,96.54,Animal Feed,3.69,0.47,43.05,47.05,1.28,0.35,0.41
Fruits,18.57,72.86,30.54,23.55,85.76,Biogas,6.37,2.71,6.99,-10.45,1.49,0.26,0.76
Fruits,28.83,53.23,38.54,16.19,89.5,Compost,10.32,3.07,22.35,13.87,1.18,0.35,0.98
Fruits,29.53,49.34,12.73,18.63,81.6,Compost,9.64,2.91,-5.89,-21.97,1.36,0.47,1.21
Fruits,4.04,53.33,33.2,20.69,81.99,Compost,1.33,0.43,12.51,-1.54,1.19,0.48,0.65
Meat,41.02,71.83,91.07,13.27,90.98,Biogas,14.93,5.89,77.8,82.74,2.63,0.91,0.4
Fruits,35.75,78.57,41.67,18.37,95.91,Biogas,13.72,5.62,23.3,13.26,1.2,0.38,0.88
Mixed,46.44,65.36,52.78,23.2,85.7,Biogas,15.92,6.07,29.58,16.93,0.95,0.26,0.91
Vegetables,20.6,76.0,31.57,21.81,95.35,Biogas,7.86,3.13,9.76,-5.73,1.3,0.25,0.89
Grains,10.91,20.95,26.27,26.52,97.98,Compost,4.28,0.46,-0.25,-21.52,0.92,0.26,0.36
Vegetables,18.14,76.65,73.55,10.01,99.68,Biogas,7.23,2.78,63.54,68.24,1.32,0.73,1.35
Mixed,8.46,60.6,45.27,8.41,82.62,Animal Feed,2.8,1.03,36.86,37.5,1.13,0.42,0.61
Mixed,3.6,69.25,53.76,11.01,92.51,Biogas,1.33,0.5,42.74,42.48,1.24,0.33,0.49
Meat,1.42,50.44,20.1,16.46,92.16,Compost,0.52,0.14,3.64,-8.8,3.14,1.08,0.67
Vegetables,48.76,81.85,54.29,16.21,97.56,Biogas,19.03,7.98,38.09,32.74,1.53,0.42,1.24
Meat,16.77,71.52,17.14,18.04,91.23,Biogas,6.12,2.4,-0.9,-15.51,3.14,1.12,0.63
Grains,2.28,16.44,83.42,20.93,95.96,Compost,0.88,0.08,62.49,58.25,0.83,0.23,0.37
Meat,18.68,50.09,7.57,23.55,87.19,Compost,6.52,1.87,-15.97,-38.0,3.29,1.29,0.32
Vegetables,3.9,77.37,82.31,20.69,95.73,Biogas,1.49,0.6,61.62,57.4,1.56,0.74,1.07
Fruits,26.6,59.53,59.61,18.83,91.14,Compost,9.7,3.17,40.78,33.87,1.23,0.49,0.47
Meat,29.04,54.94,82.54,1.98,90.82,Donation,10.55,3.19,80.56,95.09,3.53,0.9,0.47
Grains,49.44,11.75,7.49,4.05,96.1,Animal Feed,19.0,1.16,3.43,0.88,0.97,0.31,0.48
Vegetables,27.34,91.71,87.76,23.3,95.43,Biogas,10.43,5.01,64.45,58.7,1.54,0.62,1.43
Mixed,1.98,49.35,66.92,29.11,96.75,Compost,0.77,0.2,37.82,22.1,1.0,0.48,0.67
Grains,40.87,11.99,54.67,27.95,98.64,Compost,16.13,0.98,26.73,9.71,1.07,0.38,0.42
Grains,6.76,28.69,10.19,14.82,95.76,Compost,2.59,0.39,-4.63,-17.41,0.94,0.32,0.24
Vegetables,40.3,93.96,67.95,24.59,98.08,Biogas,15.81,7.57,43.36,32.37,1.42,0.5,1.09
Grains,48.94,19.88,36.96,3.36,98.0,Animal Feed,19.18,1.95,33.61,37.64,0.93,0.24,0.45
Vegetables,3.16,84.52,58.13,17.65,93.23,Biogas,1.18,0.53,40.48,34.45,1.83,0.62,0.82
Grains,24.92,26.42,47.32,24.92,97.34,Compost,9.7,1.32,22.4,6.95,1.03,0.3,0.43
Grains,15.85,14.16,71.35,1.05,99.36,Animal Feed,6.3,0.45,70.3,83.52,0.92,0.28,0.41
Vegetables,30.05,81.59,83.42,26.1,98.4,Biogas,11.83,4.9,57.32,47.9,1.58,0.51,1.12
Mixed,1.62,79.36,91.99,12.15,81.26,Compost,0.53,0.26,79.83,86.08,1.47,0.15,0.96
Grains,34.9,10.38,35.65,13.02,97.95,Compost,13.68,0.72,22.63,16.73,1.25,0.32,0.41
Vegetables,36.0,76.49,91.5,1.52,90.68,Donation,13.06,5.51,89.97,106.75,1.46,0.64,1.05
Fruits,4.24,54.88,63.98,2.69,80.4,Animal Feed,1.36,0.47,61.29,71.4,1.28,0.45,0.52
Vegetables,42.51,75.06,90.0,27.05,97.27,Biogas,16.54,6.38,62.95,53.9,1.2,0.48,1.18
Grains,23.64,21.06,80.13,4.67,97.04,Donation,9.18,1.0,75.46,86.82,1.08,0.34,0.4
Vegetables,32.75,72.64,4.39,26.61,95.51,Biogas,12.51,4.76,-22.23,-47.96,1.77,0.43,1.52
Vegetables,45.33,71.32,83.82,23.49,97.35,Biogas,17.65,6.47,60.33,53.6,2.08,0.55,1.37
Grains,31.3,28.45,85.06,25.49,95.96,Compost,12.01,1.78,59.57,51.09,1.03,0.26,0.54
Vegetables,9.51,89.88,98.57,15.58,97.86,Biogas,3.72,1.71,82.99,87.13,1.61,0.45,0.66
Vegetables,14.73,78.34,74.96,8.22,99.58,Animal Feed,5.87,2.31,66.74,73.51,1.14,0.45,0.88
Meat,11.17,56.06,35.72,23.19,94.86,Compost,4.24,1.25,12.52,-3.52,3.69,0.84,0.46
Grains,18.73,24.99,91.53,25.89,99.32,Compost,7.44,0.94,65.63,58.05,1.1,0.35,0.34
Vegetables,44.17,90.27,12.18,21.66,97.34,Biogas,17.2,7.97,-9.48,-28.71,1.7,0.56,1.25
Fruits,10.1,49.62,37.72,6.38,94.15,Animal Feed,3.8,1.0,31.33,32.49,1.29,0.29,0.46
Mixed,40.49,51.27,80.58,21.99,81.91,Compost,13.27,4.15,58.59,52.71,0.84,0.22,0.83
Grains,48.05,24.23,96.71,0.57,98.15,Donation,18.87,2.33,96.14,114.91,1.01,0.27,0.44
Grains,4.78,27.07,27.66,9.06,99.84,Animal Feed,1.91,0.26,18.61,15.09,1.11,0.29,0.35
Grains,40.01,14.1,27.98,6.6,95.44,Animal Feed,15.27,1.13,21.38,20.38,0.95,0.26,0.35
Grains,42.94,12.01,95.42,2.51,99.31,Donation,17.06,1.03,92.91,109.48,1.21,0.3,0.37
Grains,13.49,18.16,69.79,28.55,97.24,Compost,5.25,0.49,41.24,26.65,1.09,0.29,0.44
Grains,21.01,29.46,86.58,27.99,99.14,Compost,8.33,1.24,58.59,47.91,0.99,0.33,0.35
Vegetables,6.14,75.02,35.02,27.51,96.33,Biogas,2.37,0.92,7.51,-12.99,1.67,0.58,0.93
Grains,25.38,16.96,82.28,10.26,95.37,Compost,9.68,0.86,72.02,78.22,1.15,0.3,0.37
Vegetables,30.99,92.35,5.98,26.71,91.82,Biogas,11.38,5.72,-20.73,-46.25,1.67,0.59,1.32
Grains,44.98,11.3,59.78,21.79,99.42,Compost,17.89,1.02,37.99,28.16,1.06,0.4,0.41
Meat,22.74,55.12,86.12,2.95,94.19,Donation,8.57,2.51,83.18,97.45,2.8,0.76,0.55
Mixed,30.93,41.03,91.44,19.05,95.87,Compost,11.86,2.54,72.39,71.63,1.54,0.51,0.62
Vegetables,17.04,84.96,37.37,1.8,91.48,Animal Feed,6.24,2.9,35.57,41.24,1.25,0.35,1.41
Meat,38.57,70.74,5.34,8.75,91.52,Biogas,14.12,5.46,-3.42,-11.1,3.2,1.29,0.33
Grains,46.41,15.12,0.16,3.68,98.35,Animal Feed,18.26,1.4,-3.52,-7.16,0.99,0.41,0.38
Vegetables,44.78,71.01,62.42,14.41,95.7,Biogas,17.14,6.36,48.01,46.08,1.54,0.56,0.72
Meat,31.27,64.19,53.87,21.72,94.57,Biogas,11.83,4.01,32.15,21.2,2.84,1.07,0.61
Fruits,15.47,70.01,14.61,11.81,82.43,Compost,5.1,2.17,2.8,-6.09,1.4,0.39,0.62
Vegetables,21.92,87.97,10.35,11.38,98.88,Biogas,8.67,3.86,-1.03,-10.35,1.41,0.53,1.12
Mixed,4.37,41.03,56.19,21.19,86.01,Compost,1.5,0.36,35.0,25.04,1.35,0.26,0.82
Vegetables,25.49,85.02,99.08,17.89,92.22,Biogas,9.4,4.33,81.19,83.12,1.37,0.68,1.28
Fruits,41.85,82.31,25.13,19.7,93.02,Biogas,15.57,6.89,5.43,-9.24,0.99,0.3,0.82
Mixed,18.53,66.83,28.76,28.27,90.47,Biogas,6.7,2.48,0.5,-22.02,1.65,0.38,0.96
Fruits,41.17,55.04,76.68,7.2,91.5,Animal Feed,15.07,4.53,69.48,77.62,1.34,0.55,1.09
Vegetables,39.28,76.54,10.06,16.68,99.16,Biogas,15.58,6.01,-6.62,-21.28,1.61,0.44,1.14
Vegetables,13.91,75.56,3.71,4.58,95.62,Animal Feed,5.32,2.1,-0.87,-4.71,1.06,0.64,1.0
Vegetables,31.87,94.27,49.11,26.9,92.72,Biogas,11.82,6.01,22.21,5.13,1.46,0.36,1.07
Vegetables,24.84,88.94,35.62,15.52,96.01,Biogas,9.54,4.42,20.1,11.7,2.1,0.49,1.51
Vegetables,49.22,74.68,65.89,13.68,91.51,Biogas,18.01,7.35,52.21,51.71,1.7,0.54,1.16
Mixed,45.11,58.07,69.86,1.46,90.15,Animal Feed,16.26,5.24,68.4,80.92,1.12,0.46,1.07
Vegetables,42.47,70.74,56.46,11.89,99.2,Biogas,16.85,6.01,44.57,43.97,1.42,0.57,0.89
Vegetables,10.43,85.37,7.77,2.0,94.46,Animal Feed,3.94,1.78,5.77,5.32,1.33,0.48,1.27
Grains,28.5,15.15,32.52,10.67,96.63,Compost,11.02,0.86,21.85,17.68,0.79,0.32,0.41
Fruits,48.72,54.43,26.82,3.22,94.2,Animal Feed,18.36,5.3,23.6,25.75,0.68,0.39,0.72
Fruits,44.05,43.37,90.76,7.81,91.94,Animal Feed,16.2,3.82,82.96,93.3,1.79,0.44,0.6
Vegetables,39.96,88.38,22.0,2.98,94.09,Animal Feed,15.04,7.06,19.02,20.44,1.39,0.49,1.54
Vegetables,1.57,87.89,99.21,15.95,91.46,Biogas,0.57,0.28,83.25,87.14,1.51,0.41,1.36
Vegetables,38.86,80.25,71.45,2.98,96.07,Animal Feed,14.93,6.24,68.47,79.78,1.5,0.56,1.08
Fruits,10.79,53.59,58.02,29.42,97.25,Compost,4.2,1.16,28.6,10.78,1.49,0.35,0.67
Grains,6.6,24.96,7.83,3.92,97.13,Animal Feed,2.56,0.33,3.91,1.56,1.25,0.37,0.47
Vegetables,24.42,77.78,31.97,13.07,92.14,Biogas,9.0,3.8,18.9,12.23,1.66,0.62,1.25
Vegetables,2.87,71.82,88.8,4.19,90.21,Donation,1.03,0.41,84.61,98.18,1.96,0.55,1.38
Vegetables,16.65,87.82,35.15,28.77,95.07,Biogas,6.33,2.92,6.38,-15.36,1.39,0.38,1.19
Vegetables,29.98,71.46,73.6,4.2,90.64,Animal Feed,10.87,4.28,69.39,79.91,1.88,0.36,0.97
Grains,47.88,19.41,92.32,21.62,96.0,Compost,18.39,1.86,70.7,67.55,0.96,0.3,0.46
Grains,31.25,13.4,10.57,2.21,96.94,Animal Feed,12.12,0.84,8.36,8.26,1.16,0.38,0.48
Vegetables,39.83,71.62,40.16,5.97,92.25,Animal Feed,14.7,5.7,34.19,36.26,1.61,0.58,0.94
Grains,34.59,25.72,76.45,2.15,95.62,Animal Feed,13.23,1.78,74.3,87.44,1.09,0.36,0.34
Fruits,38.9,73.34,71.94,22.18,93.58,Biogas,14.56,5.71,49.76,41.97,1.17,0.4,1.03
Fruits,13.51,56.74,41.5,22.92,94.39,Compost,5.1,1.53,18.58,3.96,1.24,0.56,0.88
Grains,16.18,22.82,10.77,23.83,99.04,Compost,6.41,0.74,-13.06,-34.73,0.99,0.3,0.45
Vegetables,43.54,73.95,39.15,1.85,97.11,Animal Feed,16.91,6.44,37.3,43.28,1.29,0.41,1.19
Vegetables,24.88,90.21,95.48,28.89,99.29,Biogas,9.88,4.49,66.59,56.8,1.37,0.25,1.28
Vegetables,27.04,90.52,22.57,12.85,98.22,Biogas,10.62,4.9,9.72,1.38,1.44,0.7,1.45
Grains,41.76,17.48,78.55,24.6,97.74,Compost,16.33,1.46,53.95,45.06,0.96,0.34,0.37
Vegetables,24.86,73.4,12.37,16.74,96.74,Biogas,9.62,3.65,-4.37,-18.63,1.71,0.43,1.2
Grains,23.65,15.59,73.36,26.79,95.16,Compost,9.0,0.74,46.57,34.46,0.93,0.34,0.42
Mixed,23.03,71.41,25.7,0.43,87.15,Animal Feed,8.03,3.29,25.27,29.98,1.24,0.48,1.11
Meat,17.57,60.72,25.55,1.43,90.62,Biogas,6.37,2.13,24.12,27.8,3.25,0.98,0.53
Vegetables,22.11,78.55,85.73,17.72,94.25,Biogas,8.34,3.47,68.01,67.43,1.69,0.64,1.47
Vegetables,20.9,85.86,44.51,5.81,90.63,Animal Feed,7.58,3.59,38.71,41.8,1.49,0.43,1.29
Vegetables,20.19,86.21,19.13,24.99,99.54,Biogas,8.04,3.48,-5.86,-27.02,1.35,0.57,1.25
Vegetables,15.21,84.44,69.15,24.38,91.23,Biogas,5.55,2.57,44.77,34.22,1.08,0.55,1.23
Grains,18.9,16.57,72.54,5.89,98.3,Animal Feed,7.43,0.63,66.65,75.27,0.73,0.39,0.41
Meat,44.09,54.37,81.53,6.47,89.52,Compost,15.79,4.79,75.05,84.89,2.66,0.99,0.61
Vegetables,3.91,94.31,92.22,27.0,91.65,Biogas,1.43,0.74,65.22,56.67,1.42,0.58,1.0
Vegetables,37.12,81.52,28.55,21.79,99.82,Biogas,14.82,6.05,6.76,-9.33,1.5,0.5,1.06
Vegetables,31.78,93.7,46.32,29.94,94.54,Biogas,12.02,5.96,16.38,-4.3,1.44,0.19,0.93
Vegetables,14.98,75.27,34.5,4.5,95.44,Animal Feed,5.72,2.26,30.0,32.4,1.07,0.6,1.22
Vegetables,24.07,71.01,47.93,15.88,97.82,Biogas,9.42,3.42,32.06,25.77,1.63,0.6,1.22
Vegetables,26.1,83.54,59.75,23.64,97.65,Biogas,10.2,4.36,36.11,24.42,1.69,0.43,1.15
Mixed,5.42,73.59,11.49,1.53,90.73,Animal Feed,1.97,0.8,9.96,10.72,1.49,0.51,0.77
Vegetables,28.87,78.04,88.23,21.56,95.8,Biogas,11.06,4.51,66.67,62.76,1.05,0.58,1.24
Fruits,1.15,40.7,81.5,3.08,88.25,Donation,0.41,0.09,78.42,91.63,1.54,0.46,0.94
Grains,49.75,18.2,72.99,1.42,96.93,Animal Feed,19.29,1.81,71.56,84.73,0.99,0.29,0.31
Fruits,45.96,75.15,53.54,8.93,96.48,Animal Feed,17.74,6.91,44.61,46.39,1.17,0.31,0.78
Vegetables,24.35,89.77,5.32,19.3,91.47,Biogas,8.91,4.37,-13.99,-32.23,1.53,0.46,1.11
Vegetables,22.44,87.14,89.44,11.91,94.49,Biogas,8.48,3.91,77.54,83.52,1.54,0.53,1.07
Vegetables,40.69,70.23,88.52,13.97,94.51,Biogas,15.38,5.72,74.55,78.28,1.42,0.58,1.29
Fruits,2.75,53.74,41.4,3.69,80.19,Animal Feed,0.88,0.3,37.71,42.31,1.36,0.32,0.8
Grains,34.96,24.53,97.08,6.73,98.83,Animal Feed,13.82,1.72,90.35,103.03,0.98,0.31,0.37
Vegetables,29.22,89.53,61.74,10.73,93.29,Biogas,10.9,5.23,51.01,52.62,1.4,0.56,1.13
Vegetables,18.35,82.48,28.22,25.63,98.45,Biogas,7.22,3.03,2.59,-17.4,1.61,0.47,1.51
Fruits,23.23,71.31,85.17,0.53,86.65,Donation,8.05,3.31,84.63,101.14,1.07,0.31,1.02
Grains,14.42,23.68,77.01,8.08,96.23,Animal Feed,5.55,0.68,68.92,76.24,1.07,0.39,0.43
Vegetables,11.72,84.98,32.53,15.91,90.4,Biogas,4.24,1.99,16.62,7.22,1.49,0.26,1.21
Grains,48.41,15.37,5.56,20.65,97.85,Compost,18.95,1.49,-15.1,-34.64,0.99,0.24,0.31
Vegetables,23.96,80.86,24.23,23.55,94.68,Biogas,9.07,3.87,0.69,-18.01,1.23,0.43,1.08
Fruits,36.05,68.47,11.63,23.34,94.6,Biogas,13.64,4.94,-11.7,-32.71,1.18,0.41,0.58
Grains,40.69,25.98,23.37,29.6,97.33,Compost,15.84,2.11,-6.23,-31.15,0.95,0.3,0.5
Mixed,14.86,72.08,82.22,9.13,80.54,Animal Feed,4.79,2.14,73.09,80.4,1.28,0.51,1.1
Fruits,43.04,70.13,40.92,20.17,88.5,Biogas,15.24,6.04,20.74,8.75,1.63,0.47,1.01
Vegetables,35.75,86.85,82.93,3.83,95.86,Donation,13.71,6.21,79.1,91.86,1.36,0.55,1.26
Meat,23.04,58.35,85.8,3.09,93.8,Donation,8.64,2.69,82.71,96.79,3.03,1.58,0.53
Meat,9.03,55.63,65.53,6.89,86.79,Compost,3.13,1.0,58.64,64.85,3.73,1.16,0.41
Vegetables,5.87,80.36,87.0,2.15,93.79,Donation,2.2,0.94,84.85,100.1,1.54,0.48,1.38
Mixed,4.02,68.52,64.88,5.54,80.4,Animal Feed,1.29,0.55,59.34,66.78,0.93,0.38,0.92
Vegetables,37.62,94.32,58.24,16.66,99.92,Biogas,15.04,7.1,41.58,36.57,1.58,0.54,1.32
Fruits,46.52,71.43,36.46,9.98,96.12,Animal Feed,17.88,6.65,26.48,23.8,1.2,0.4,0.54
Vegetables,44.81,81.26,70.86,27.97,95.3,Biogas,17.08,7.28,42.89,29.09,1.51,0.54,1.38
Grains,48.82,20.79,76.78,13.18,98.22,Compost,19.18,2.03,63.6,65.77,1.01,0.31,0.36
Grains,20.27,29.38,68.82,18.51,97.38,Compost,7.9,1.19,50.32,45.58,1.03,0.38,0.4
Meat,34.97,68.65,56.57,0.35,85.74,Biogas,11.99,4.8,56.21,67.17,2.97,1.3,0.55
Vegetables,48.18,87.62,44.43,24.35,96.89,Biogas,18.67,8.44,20.08,4.61,1.33,0.54,1.2
Vegetables,14.48,71.96,25.41,6.95,94.0,Animal Feed,5.44,2.08,18.46,16.6,1.49,0.41,1.02
Vegetables,27.3,80.94,56.64,9.49,90.63,Animal Feed,9.9,4.42,47.15,48.99,1.73,0.48,1.17
Fruits,36.9,61.09,13.94,11.3,90.09,Biogas,13.3,4.51,2.64,-5.87,1.17,0.25,0.94
Vegetables,16.43,83.82,39.64,2.6,95.4,Animal Feed,6.27,2.75,37.04,42.38,1.17,0.35,1.05
Vegetables,20.88,72.37,15.04,5.83,98.41,Animal Feed,8.22,3.02,9.21,6.4,1.36,0.4,1.51
Vegetables,8.84,80.56,5.8,28.81,92.46,Biogas,3.27,1.43,-23.01,-50.65,1.69,0.56,1.36
Grains,16.53,25.46,26.32,20.04,95.08,Compost,6.28,0.84,6.28,-8.49,0.88,0.34,0.39
Vegetables,20.23,88.65,46.78,24.17,99.1,Biogas,8.02,3.59,22.61,7.8,1.4,0.42,1.68
Meat,20.86,51.02,56.76,15.91,86.94,Compost,7.25,2.13,40.85,36.28,2.87,1.16,0.5
Meat,8.46,53.67,67.43,12.57,88.45,Compost,2.99,0.91,54.87,55.79,2.52,1.32,0.32
Vegetables,11.54,85.22,68.36,6.96,96.95,Animal Feed,4.47,1.97,61.4,68.12,1.6,0.56,1.36
Mixed,14.16,48.21,95.75,15.46,91.49,Compost,5.18,1.37,80.29,83.98,1.38,0.38,0.55
Grains,19.9,26.72,92.59,8.2,96.44,Animal Feed,7.68,1.06,84.39,94.71,0.99,0.3,0.38
Vegetables,37.17,89.39,31.28,6.53,94.36,Animal Feed,14.03,6.64,24.75,24.47,1.43,0.54,0.95
Vegetables,1.88,87.58,43.41,28.1,96.84,Biogas,0.73,0.33,15.31,-4.1,1.16,0.31,1.09
Grains,36.84,14.59,72.04,27.38,95.47,Compost,14.07,1.07,44.66,31.68,0.99,0.26,0.45
Vegetables,42.91,86.52,35.9,7.44,91.76,Animal Feed,15.75,7.43,28.47,28.21,1.65,0.51,1.6
Grains,12.72,11.66,31.98,11.41,99.23,Compost,5.05,0.3,20.58,15.57,0.83,0.36,0.45
Meat,10.83,66.48,99.31,24.95,89.34,Biogas,3.87,1.44,74.37,69.29,2.92,1.3,0.5
Vegetables,12.0,80.25,46.48,0.45,97.19,Animal Feed,4.67,1.93,46.03,54.87,1.69,0.5,1.34
Meat,18.73,56.51,41.77,17.06,86.83,Compost,6.5,2.12,24.71,16.01,2.59,1.27,0.62
Meat,47.57,68.13,77.83,0.35,86.1,Biogas,16.39,6.48,77.48,92.7,2.84,1.03,0.84
Fruits,33.53,41.4,49.55,7.39,82.88,Animal Feed,11.12,2.78,42.16,44.68,1.3,0.42,0.58
Mixed,42.89,54.15,41.26,22.88,88.54,Compost,15.19,4.64,18.37,3.74,1.69,0.41,1.09
Grains,41.56,11.07,14.03,7.9,99.52,Animal Feed,16.54,0.92,6.13,1.03,0.78,0.32,0.42
Mixed,47.56,50.19,99.22,15.46,87.79,Compost,16.7,4.77,83.76,88.14,1.06,0.33,0.5
Vegetables,45.74,85.52,76.51,20.81,91.27,Biogas,16.7,7.82,55.7,50.19,1.59,0.21,1.18
Vegetables,24.0,82.97,53.06,22.38,94.22,Biogas,9.05,3.98,30.67,18.91,1.43,0.7,0.92
Grains,24.55,19.25,24.62,18.54,98.81,Compost,9.7,0.95,6.08,-7.53,1.03,0.34,0.44
Meat,28.53,69.47,94.14,5.82,93.54,Biogas,10.68,3.96,88.31,101.32,2.73,0.82,0.34
Vegetables,49.72,74.73,30.41,4.84,94.49,Animal Feed,18.79,7.43,25.57,26.81,1.65,0.6,1.08
Mixed,16.55,73.38,78.01,15.36,85.23,Biogas,5.64,2.43,62.64,62.88,1.35,0.35,0.77
Grains,4.27,25.0,73.92,6.38,95.86,Animal Feed,1.64,0.21,67.53,75.93,0.96,0.31,0.47
Vegetables,40.3,92.77,94.51,8.9,92.27,Animal Feed,14.87,7.48,85.61,95.62,1.45,0.52,1.33
Vegetables,8.32,82.02,44.7,2.21,90.92,Animal Feed,3.03,1.37,42.49,49.21,1.48,0.54,1.15
Grains,47.83,19.27,96.21,15.11,98.12,Compost,18.77,1.84,81.1,85.23,0.98,0.34,0.37
Fruits,25.85,70.08,1.99,0.47,86.95,Animal Feed,8.99,3.62,1.52,1.45,1.78,0.42,0.93
Grains,6.6,24.32,66.55,4.67,96.61,Animal Feed,2.55,0.32,61.88,70.51,0.87,0.31,0.38
Vegetables,11.14,91.57,73.58,27.97,96.48,Biogas,4.3,2.04,45.62,32.37,1.19,0.57,1.19
Grains,7.76,23.51,1.54,3.28,96.01,Animal Feed,2.98,0.37,-1.75,-4.72,1.01,0.19,0.45
Fruits,15.99,82.22,6.18,26.45,86.84,Biogas,5.55,2.63,-20.26,-45.47,1.04,0.33,0.96
Mixed,35.7,74.65,27.12,20.89,80.13,Compost,11.44,5.33,6.23,-9.23,1.15,0.56,1.17
Vegetables,28.37,73.42,2.43,3.65,96.75,Animal Feed,10.98,4.17,-1.23,-4.39,1.06,0.45,1.11
Vegetables,11.89,78.19,24.32,23.4,90.54,Biogas,4.31,1.86,0.93,-17.61,1.56,0.69,1.01
Grains,23.4,20.92,31.7,24.36,97.17,Compost,9.09,0.98,7.34,-10.68,1.01,0.33,0.44
Grains,31.76,27.32,10.52,17.44,97.38,Compost,12.37,1.74,-6.92,-22.25,1.07,0.37,0.47
Vegetables,8.65,84.97,53.42,1.86,93.08,Animal Feed,3.22,1.47,51.56,60.39,1.43,0.6,0.8
Grains,26.13,17.63,20.53,26.72,95.33,Compost,9.96,0.92,-6.19,-28.81,1.06,0.28,0.37
Grains,44.21,28.27,82.89,9.96,99.64,Animal Feed,17.62,2.5,72.93,79.56,0.94,0.15,0.31
Vegetables,17.25,87.91,53.27,14.57,91.24,Biogas,6.29,3.03,38.71,34.8,1.62,0.55,1.09
Fruits,7.97,71.39,47.14,0.86,89.88,Animal Feed,2.87,1.14,46.28,54.85,0.86,0.32,1.05
Vegetables,19.37,82.03,73.37,13.03,90.86,Biogas,7.04,3.18,60.33,61.98,1.38,0.51,1.03
Vegetables,14.66,80.68,8.35,18.47,97.36,Biogas,5.71,2.37,-10.12,-26.92,1.64,0.46,1.06
Grains,46.52,24.81,87.01,23.33,98.89,Compost,18.4,2.31,63.68,57.75,0.95,0.26,0.38
Vegetables,42.6,70.11,78.4,5.36,91.14,Animal Feed,15.53,5.97,73.05,83.37,1.5,0.5,1.06
Meat,10.06,74.76,46.03,12.08,93.53,Biogas,3.76,1.5,33.95,31.08,3.3,1.31,0.45
Grains,9.33,21.24,43.18,4.88,98.47,Animal Feed,3.68,0.4,38.31,42.06,0.97,0.35,0.36
Vegetables,14.67,73.95,90.53,29.92,95.63,Biogas,5.61,2.17,60.61,48.79,1.67,0.46,1.19
Meat,20.12,65.21,95.75,25.86,88.64,Biogas,7.13,2.62,69.9,63.19,3.05,0.93,0.59
Mixed,30.16,83.12,57.97,24.03,94.57,Biogas,11.41,5.01,33.94,21.5,1.16,0.42,1.02
Mixed,40.42,54.19,1.09,5.69,82.14,Animal Feed,13.28,4.38,-4.6,-10.07,1.23,0.49,0.55
Vegetables,43.89,71.28,58.16,1.67,90.5,Animal Feed,15.89,6.26,56.49,66.46,1.24,0.52,1.06
Mixed,7.03,82.82,66.96,24.51,94.01,Biogas,2.64,1.17,42.45,31.33,1.03,0.36,0.88
Grains,28.0,13.19,9.56,19.95,97.07,Compost,10.87,0.74,-10.39,-28.42,0.97,0.31,0.51
Vegetables,20.99,85.64,30.93,19.66,93.65,Biogas,7.86,3.59,11.27,-2.2,1.43,0.61,1.13
Fruits,8.48,42.07,9.53,26.5,94.86,Compost,3.22,0.71,-16.97,-41.55,1.58,0.42,0.91
Fruits,28.8,67.38,65.75,29.95,86.23,Biogas,9.93,3.88,35.79,18.99,1.06,0.38,0.52
Fruits,22.28,73.45,86.89,14.49,81.94,Compost,7.3,3.27,72.4,75.29,0.72,0.22,0.58
Vegetables,38.2,80.44,85.71,25.45,97.37,Biogas,14.88,6.14,60.26,51.95,1.7,0.6,1.39
Grains,47.89,10.41,42.53,7.84,99.65,Animal Feed,19.09,1.0,34.69,35.36,0.96,0.28,0.38
Vegetables,6.21,74.92,37.01,27.66,95.67,Biogas,2.37,0.93,9.35,-10.9,1.74,0.6,1.38
Vegetables,6.45,93.63,85.41,5.12,95.41,Animal Feed,2.46,1.21,80.29,92.25,1.48,0.54,1.11
Vegetables,5.79,83.93,89.07,25.96,92.92,Biogas,2.15,0.97,63.11,54.97,1.56,0.55,1.31
Mixed,46.78,53.42,64.93,19.53,83.95,Compost,15.71,5.0,45.41,38.87,0.94,0.43,0.93
Mixed,33.71,59.39,3.5,7.85,85.05,Animal Feed,11.47,4.0,-4.35,-11.5,0.99,0.27,0.62
Fruits,36.68,67.98,23.93,25.45,96.24,Biogas,14.12,4.99,-1.52,-22.18,1.36,0.24,0.54
Vegetables,46.33,79.34,54.81,17.6,92.51,Biogas,17.15,7.35,37.21,30.57,1.46,0.41,0.86
Grains,22.87,15.71,68.06,8.96,96.92,Animal Feed,8.87,0.72,59.09,63.74,1.24,0.26,0.42
Grains,47.4,10.41,68.45,13.68,99.06,Compost,18.78,0.99,54.77,54.78,0.95,0.42,0.41
Vegetables,45.57,88.5,67.82,2.57,95.6,Animal Feed,17.43,8.07,65.26,76.26,1.49,0.2,0.89
Grains,42.91,19.89,6.95,2.14,95.42,Animal Feed,16.38,1.71,4.81,4.07,1.11,0.31,0.38
Grains,11.27,14.08,8.02,20.48,97.4,Compost,4.39,0.32,-12.46,-31.34,0.91,0.26,0.31
Grains,11.39,21.64,9.8,13.75,99.78,Compost,4.55,0.49,-3.94,-15.73,1.01,0.3,0.43
Vegetables,21.34,92.74,57.13,22.36,94.67,Biogas,8.08,3.96,34.77,23.83,1.26,0.52,0.95
Vegetables,26.68,78.32,4.73,25.2,94.81,Biogas,10.12,4.18,-20.47,-44.72,1.32,0.5,0.95
Grains,47.13,21.99,16.27,23.31,95.91,Compost,18.08,2.07,-7.04,-27.1,1.21,0.29,0.44
Mixed,16.43,75.7,38.64,18.59,81.66,Compost,5.37,2.49,20.05,9.19,0.57,0.38,0.48
Grains,5.28,12.63,19.38,18.8,95.26,Compost,2.01,0.13,0.59,-14.34,1.01,0.32,0.41
Grains,21.0,17.44,81.62,19.08,98.25,Compost,8.25,0.73,62.54,59.78,1.11,0.25,0.42
Grains,37.7,13.07,83.07,9.84,99.6,Animal Feed,15.02,0.99,73.23,80.0,0.91,0.26,0.37
Grains,12.31,24.63,47.16,0.72,95.83,Animal Feed,4.72,0.61,46.44,55.15,1.1,0.29,0.44
Mixed,40.85,60.12,32.48,13.44,96.56,Biogas,15.78,4.91,19.04,12.1,1.22,0.48,0.78
Mixed,14.81,77.75,56.4,24.59,96.84,Biogas,5.74,2.3,31.81,18.5,0.72,0.41,1.08
Vegetables,37.06,83.22,61.02,15.69,93.97,Biogas,13.93,6.17,45.32,41.83,1.35,0.59,1.26
Vegetables,31.23,88.12,63.22,18.46,90.12,Biogas,11.26,5.5,44.76,38.95,1.63,0.61,1.11
Vegetables,31.97,89.65,56.86,4.68,94.02,Animal Feed,12.02,5.73,52.19,58.89,1.9,0.51,1.15
Vegetables,30.81,88.13,83.58,24.8,96.36,Biogas,11.88,5.43,58.78,50.7,1.26,0.56,1.53
Meat,29.2,74.85,87.27,12.68,85.39,Biogas,9.97,4.37,74.59,79.37,3.27,0.89,0.54
Mixed,11.25,82.16,29.59,6.61,90.02,Animal Feed,4.05,1.85,22.97,22.28,1.33,0.45,0.65
Vegetables,2.44,89.12,83.8,11.0,94.87,Biogas,0.93,0.44,72.79,78.55,1.49,0.54,1.37
Vegetables,40.31,84.92,98.94,27.47,90.32,Biogas,14.56,6.85,71.47,63.79,1.43,0.53,1.45
Vegetables,34.03,86.33,23.88,16.7,91.11,Biogas,12.4,5.88,7.18,-4.74,1.53,0.42,1.41
Vegetables,44.49,77.65,28.64,24.27,98.71,Biogas,17.57,6.91,4.37,-14.18,1.05,0.63,0.83
Fruits,40.64,68.79,30.46,25.38,85.49,Biogas,13.9,5.59,5.08,-14.21,1.32,0.41,0.88
Meat,41.14,67.77,41.75,28.55,89.8,Biogas,14.78,5.58,13.2,-7.0,3.06,1.09,0.52
Vegetables,1.69,82.35,28.58,2.2,98.49,Animal Feed,0.67,0.28,26.38,29.9,1.66,0.39,0.84
Grains,23.06,15.79,52.17,5.81,99.85,Animal Feed,9.21,0.73,46.36,50.99,1.04,0.31,0.47
Grains,47.73,27.97,5.66,4.7,95.42,Animal Feed,18.22,2.67,0.96,-2.6,1.02,0.23,0.42
Grains,3.24,13.91,35.82,1.28,95.68,Animal Feed,1.24,0.09,34.54,40.43,0.92,0.36,0.39
Grains,2.9,21.06,53.27,1.15,95.7,Animal Feed,1.11,0.12,52.12,61.63,1.07,0.32,0.4
Meat,47.85,60.96,75.87,6.45,92.94,Biogas,17.79,5.83,69.42,78.14,3.3,1.12,0.56
Meat,8.08,67.81,68.8,29.28,85.04,Biogas,2.75,1.1,39.52,24.01,2.69,1.06,0.51
Vegetables,35.72,83.12,16.47,23.8,91.46,Biogas,13.07,5.94,-7.33,-27.84,1.52,0.61,1.32
Vegetables,29.98,89.96,25.09,7.61,91.46,Animal Feed,10.97,5.39,17.48,14.88,1.14,0.67,0.93
Fruits,8.67,45.54,26.97,3.72,81.75,Animal Feed,2.83,0.79,23.25,24.92,1.77,0.36,0.71
Vegetables,27.53,87.97,62.74,1.83,96.3,Animal Feed,10.61,4.84,60.92,71.64,1.11,0.69,1.35
Grains,26.69,19.04,48.02,24.52,97.84,Compost,10.44,1.02,23.5,8.59,1.03,0.29,0.4
Grains,4.33,25.5,71.58,19.98,99.71,Compost,1.72,0.22,51.6,45.93,0.96,0.35,0.52
Vegetables,42.31,91.23,35.73,22.24,94.04,Biogas,15.92,7.72,13.48,-1.61,1.68,0.53,1.0
Vegetables,13.89,91.69,96.77,11.19,96.16,Biogas,5.34,2.55,85.58,93.75,1.55,0.44,1.04
Mixed,15.39,67.41,4.2,26.55,89.32,Biogas,5.5,2.07,-22.34,-48.05,1.43,0.44,0.72
Vegetables,29.03,87.84,11.2,19.21,93.36,Biogas,10.84,5.1,-8.01,-24.98,1.56,0.61,0.88
Vegetables,16.71,93.75,35.33,29.75,92.73,Biogas,6.2,3.13,5.58,-17.1,1.3,0.47,1.28
Grains,33.09,16.21,2.63,6.06,96.85,Animal Feed,12.82,1.07,-3.44,-8.97,1.06,0.31,0.35
Vegetables,4.08,84.09,93.57,9.21,91.27,Animal Feed,1.49,0.69,84.36,93.86,1.33,0.36,1.21
Vegetables,41.97,80.05,40.17,14.9,98.2,Biogas,16.49,6.72,25.26,18.39,1.5,0.3,1.59
Grains,21.32,23.69,0.38,22.61,98.57,Compost,8.41,1.01,-22.23,-44.76,0.81,0.29,0.48
Mixed,32.98,63.6,74.21,19.42,90.07,Biogas,11.88,4.2,54.79,50.22,1.18,0.45,1.08
Grains,29.23,24.59,39.76,19.96,99.25,Compost,11.6,1.44,19.79,7.78,1.06,0.28,0.37
Vegetables,12.71,70.83,39.74,22.55,98.43,Biogas,5.0,1.8,17.18,2.58,1.14,0.42,0.99
Meat,38.82,61.69,72.51,26.64,88.69,Biogas,13.77,4.79,45.88,33.74,3.04,0.92,0.54
Vegetables,10.69,82.81,20.56,26.54,92.16,Biogas,3.94,1.77,-5.98,-28.41,1.43,0.55,1.34
Vegetables,45.68,77.94,20.17,10.15,92.46,Biogas,16.89,7.12,10.02,3.91,1.43,0.27,1.12
Meat,41.76,70.52,81.46,26.71,92.57,Biogas,15.46,5.89,54.75,44.34,3.0,1.0,0.58
Grains,49.91,19.67,7.53,5.88,99.42,Animal Feed,19.85,1.96,1.65,-2.73,1.07,0.25,0.41
Meat,46.45,58.34,84.88,10.9,94.75,Compost,17.6,5.42,73.98,80.05,2.71,1.13,0.53
Vegetables,41.14,83.73,15.32,20.96,91.63,Biogas,15.08,6.89,-5.65,-23.54,1.51,0.62,0.95
Meat,14.27,59.95,59.13,23.16,94.35,Compost,5.38,1.71,35.96,24.62,3.39,1.14,0.35
Vegetables,6.58,81.86,61.24,16.85,94.37,Biogas,2.48,1.08,44.39,39.79,1.52,0.6,1.09
Meat,2.96,73.69,4.99,1.72,86.91,Biogas,1.03,0.44,3.26,2.54,2.88,0.88,0.4
Vegetables,7.63,79.31,74.25,6.82,91.73,Animal Feed,2.8,1.21,67.43,75.46,1.65,0.43,0.8
Grains,40.95,29.73,45.94,29.37,97.79,Compost,16.02,2.43,16.57,-3.61,1.2,0.25,0.34
Grains,14.89,28.94,56.9,8.71,96.94,Animal Feed,5.77,0.86,48.18,50.85,0.99,0.38,0.33
Grains,17.29,24.76,99.04,17.69,95.61,Compost,6.61,0.86,81.35,83.46,0.93,0.32,0.35
Meat,28.21,74.58,62.86,26.91,86.77,Biogas,9.79,4.21,35.95,21.61,2.38,1.26,0.55
Grains,41.5,13.52,39.58,24.17,96.31,Compost,15.99,1.12,15.41,-0.85,1.12,0.29,0.5
Vegetables,30.09,84.45,79.3,9.15,94.03,Animal Feed,11.32,5.08,70.15,76.86,1.28,0.46,1.4
Vegetables,20.08,89.93,14.47,2.11,97.04,Animal Feed,7.8,3.61,12.36,13.15,1.63,0.49,0.85
Vegetables,5.51,81.57,25.34,4.99,98.6,Animal Feed,2.17,0.9,20.36,20.44,1.29,0.29,0.68
Vegetables,28.83,84.79,27.14,21.91,92.2,Biogas,10.63,4.89,5.22,-11.27,1.77,0.3,1.05
Grains,42.98,14.22,28.36,3.03,98.85,Animal Feed,17.0,1.22,25.33,27.97,1.11,0.31,0.34
Grains,25.83,19.72,57.98,14.59,97.96,Compost,10.12,1.02,43.39,40.39,1.15,0.24,0.42
Vegetables,14.63,77.38,91.11,22.48,92.34,Biogas,5.41,2.26,68.63,64.37,1.36,0.36,1.24
Vegetables,25.04,85.12,47.92,20.58,90.66,Biogas,9.08,4.26,27.34,16.34,1.49,0.44,1.14
Grains,4.13,24.77,11.74,21.2,95.29,Compost,1.58,0.2,-9.46,-28.31,1.15,0.36,0.4
Vegetables,49.66,87.05,57.59,12.87,99.69,Biogas,19.8,8.65,44.72,43.37,1.27,0.58,1.24
Vegetables,26.97,79.15,83.66,0.83,98.54,Donation,10.63,4.27,82.83,98.73,1.63,0.5,1.1
Vegetables,3.52,84.88,22.36,16.87,93.17,Biogas,1.31,0.6,5.49,-6.91,1.52,0.54,1.36
Grains,5.02,28.64,57.76,29.31,98.5,Compost,1.98,0.29,28.44,10.68,1.01,0.37,0.4
Vegetables,1.68,74.65,48.68,8.0,91.28,Animal Feed,0.61,0.25,40.67,42.4,1.34,0.49,1.16
Grains,5.36,20.34,87.44,23.66,95.65,Compost,2.05,0.22,63.79,57.62,0.98,0.29,0.37
Mixed,23.55,54.06,6.79,26.66,97.48,Compost,9.18,2.55,-19.87,-45.17,1.08,0.44,0.79
Meat,17.08,64.94,89.88,28.25,92.16,Biogas,6.3,2.22,61.63,51.35,2.5,0.88,0.64
Vegetables,45.65,87.82,58.17,14.43,98.88,Biogas,18.06,8.02,43.74,40.95,1.87,0.41,1.35
Grains,28.06,25.31,97.61,19.49,99.29,Compost,11.15,1.42,78.12,78.15,0.92,0.27,0.45
Vegetables,3.09,94.7,49.27,14.54,95.99,Biogas,1.19,0.58,34.73,30.04,1.49,0.34,1.31
Meat,20.15,54.91,28.91,1.18,92.68,Compost,7.47,2.21,27.74,32.35,2.94,0.96,0.61
Vegetables,17.31,71.77,4.3,14.06,91.89,Biogas,6.36,2.48,-9.75,-22.95,1.68,0.61,1.08
Vegetables,39.06,83.47,40.52,3.78,99.31,Animal Feed,15.52,6.52,36.75,41.08,1.6,0.48,1.09
Grains,2.97,24.25,77.43,22.18,95.19,Compost,1.13,0.14,55.25,48.56,0.88,0.29,0.42
Grains,49.55,16.8,23.85,15.63,96.23,Compost,19.07,1.66,8.22,-2.63,0.93,0.23,0.42
Meat,4.8,67.19,54.24,3.43,86.03,Biogas,1.65,0.64,50.81,58.22,3.06,1.24,0.38
Mixed,12.27,78.94,70.76,15.76,85.47,Biogas,4.2,1.94,55.0,53.39,1.2,0.33,0.6
Vegetables,7.72,79.46,84.71,23.48,93.39,Biogas,2.88,1.23,61.23,54.7,1.55,0.61,1.26
Meat,13.79,74.73,5.33,11.83,85.86,Biogas,4.74,2.06,-6.49,-17.25,2.7,0.99,0.33
Vegetables,32.71,87.95,19.62,20.42,90.9,Biogas,11.89,5.75,-0.8,-17.3,1.98,0.7,1.19
Fruits,25.62,71.13,17.37,14.39,89.25,Biogas,9.14,3.64,2.98,-7.94,1.3,0.36,0.78
Vegetables,42.3,72.71,15.69,15.49,90.5,Biogas,15.31,6.15,0.2,-12.15,1.55,0.44,1.55
Meat,34.51,60.97,88.97,13.16,86.04,Biogas,11.88,4.21,75.81,80.44,3.62,1.02,0.61
Vegetables,16.06,80.45,93.45,4.92,96.14,Donation,6.18,2.58,88.53,102.3,1.35,0.58,1.09
Vegetables,24.81,83.91,37.38,11.76,98.58,Biogas,9.78,4.16,25.62,21.34,1.39,0.42,0.86
Fruits,42.0,76.25,91.14,19.05,93.6,Biogas,15.72,6.4,72.08,71.26,1.39,0.55,1.04
Vegetables,5.07,80.8,99.87,12.57,97.1,Biogas,1.97,0.82,87.31,94.72,1.69,0.44,1.13
Vegetables,9.06,91.57,41.86,11.53,98.2,Biogas,3.56,1.66,30.33,27.18,1.68,0.72,1.13
Mixed,18.55,77.57,1.17,20.98,93.8,Biogas,6.96,2.88,-19.81,-40.55,1.18,0.53,1.14
Vegetables,10.08,72.47,46.08,0.98,93.78,Animal Feed,3.78,1.46,45.11,53.34,1.63,0.59,1.23
Vegetables,39.47,88.33,50.21,29.96,91.88,Biogas,14.51,6.97,20.24,0.32,1.46,0.42,1.23
Mixed,49.67,71.47,77.67,15.48,87.67,Biogas,17.42,7.1,62.19,62.24,1.32,0.35,0.87
Vegetables,13.69,83.52,59.06,19.86,94.56,Biogas,5.18,2.29,39.2,31.15,1.87,0.33,1.23
Fruits,29.91,74.02,45.53,22.86,83.05,Compost,9.94,4.43,22.67,8.91,1.17,0.39,0.84
Vegetables,1.3,77.77,65.57,11.93,92.49,Biogas,0.48,0.2,53.64,54.82,1.74,0.69,1.5
Mixed,48.69,74.62,95.57,3.19,83.81,Animal Feed,16.32,7.27,92.38,108.3,0.99,0.62,0.69
Grains,24.79,13.04,31.82,12.54,99.43,Compost,9.86,0.65,19.28,13.1,0.9,0.31,0.35
Vegetables,31.61,94.72,56.7,26.86,98.34,Biogas,12.43,5.99,29.84,14.32,1.72,0.58,1.18
Grains,7.67,25.59,83.07,0.71,95.11,Donation,2.92,0.39,82.37,98.27,1.12,0.32,0.42
Mixed,31.09,76.0,14.36,17.03,90.2,Biogas,11.22,4.73,-2.67,-16.82,0.82,0.3,0.82
Grains,22.66,13.13,34.27,18.89,97.16,Compost,8.81,0.59,15.38,3.34,0.92,0.29,0.45
Grains,5.44,14.73,34.75,23.21,97.47,Compost,2.12,0.16,11.54,-4.72,0.86,0.25,0.31
Grains,43.77,28.97,53.51,25.57,99.61,Compost,17.44,2.54,27.94,13.07,0.95,0.29,0.32
Grains,13.38,20.95,55.81,15.92,95.22,Compost,5.1,0.56,39.89,35.14,1.02,0.36,0.34
Grains,42.52,25.29,49.26,19.48,97.73,Compost,16.62,2.15,29.77,20.14,1.06,0.29,0.44
Grains,18.71,12.25,13.84,29.29,98.18,Compost,7.35,0.46,-15.45,-41.97,0.97,0.29,0.43
Meat,20.24,64.83,7.19,22.74,85.08,Biogas,6.89,2.62,-15.56,-36.86,2.53,0.9,0.57
Vegetables,28.81,91.1,61.25,2.13,97.76,Animal Feed,11.27,5.25,59.12,69.24,1.67,0.46,1.2
Grains,29.29,27.47,68.73,16.86,96.77,Compost,11.34,1.61,51.88,48.77,0.75,0.29,0.32
Vegetables,18.05,71.59,71.04,14.51,97.39,Biogas,7.03,2.58,56.52,56.22,2.02,0.6,1.23
Mixed,27.5,43.23,52.69,22.23,97.16,Compost,10.69,2.38,30.46,18.78,0.33,0.44,0.7
Grains,3.89,17.5,4.34,23.65,98.1,Compost,1.53,0.14,-19.31,-42.09,1.03,0.3,0.32
Fruits,31.07,61.71,50.77,1.48,95.5,Animal Feed,11.87,3.83,49.28,57.96,1.43,0.34,0.52
Grains,10.24,16.66,0.15,20.75,97.07,Compost,3.98,0.34,-20.6,-41.32,0.94,0.31,0.34
Vegetables,9.16,89.95,17.17,10.5,90.39,Biogas,3.31,1.65,6.67,-0.4,1.32,0.53,1.33
Mixed,31.32,67.39,88.39,9.01,91.76,Animal Feed,11.5,4.22,79.39,88.06,0.82,0.39,0.89
Grains,49.62,15.14,50.95,6.26,96.95,Animal Feed,19.24,1.5,44.69,48.62,0.91,0.28,0.4
Vegetables,35.81,89.14,12.41,19.6,98.89,Biogas,14.17,6.38,-7.19,-24.31,1.44,0.46,1.13
Meat,8.82,65.54,99.85,27.68,85.23,Biogas,3.01,1.16,72.17,64.45,2.57,0.66,0.45
Vegetables,45.95,80.47,41.76,16.34,95.77,Biogas,17.6,7.4,25.43,17.44,1.85,0.53,1.09
Grains,39.84,10.88,37.33,14.63,99.94,Compost,15.93,0.87,22.7,15.54,0.98,0.35,0.31
Vegetables,35.89,79.1,31.89,12.59,94.3,Biogas,13.54,5.68,19.3,13.09,1.59,0.51,1.05
Meat,22.9,66.48,74.56,24.59,93.39,Biogas,8.55,3.04,49.97,40.29,3.13,1.05,0.46
Mixed,16.17,59.31,76.52,20.92,84.73,Compost,5.48,1.92,55.6,49.98,0.84,0.28,0.89
Vegetables,23.24,74.61,32.48,20.81,99.88,Biogas,9.28,3.47,11.67,-2.64,1.25,0.6,1.31
Vegetables,7.27,93.13,88.17,0.47,96.43,Donation,2.8,1.35,87.7,104.86,1.53,0.63,1.13
Vegetables,13.41,76.57,82.97,10.65,90.99,Biogas,4.88,2.05,72.32,78.26,1.29,0.48,1.25
Grains,23.68,24.26,52.4,7.18,98.66,Animal Feed,9.34,1.15,45.22,48.52,1.12,0.33,0.4
Grains,23.89,19.44,41.0,14.62,95.59,Compost,9.14,0.93,26.37,19.95,0.97,0.38,0.38
Mixed,43.72,81.79,57.89,15.17,81.4,Compost,14.23,7.15,42.72,39.13,0.81,0.46,1.13
Fruits,34.45,76.95,21.28,8.13,96.77,Animal Feed,13.33,5.3,13.15,9.28,0.93,0.32,1.11
Vegetables,37.26,71.0,28.97,3.29,98.14,Animal Feed,14.63,5.29,25.68,28.19,1.5,0.66,1.02
Fruits,25.96,51.11,76.65,6.43,80.33,Animal Feed,8.34,2.65,70.22,79.11,1.13,0.56,0.83
Mixed,28.87,54.94,86.69,14.3,87.07,Compost,10.05,3.17,72.38,75.42,1.19,0.29,0.69
Mixed,35.46,42.48,18.92,25.96,81.21,Compost,11.52,3.01,-7.04,-29.21,1.64,0.34,1.03
Mixed,40.63,72.63,74.09,12.56,80.02,Compost,13.0,5.9,61.52,63.78,1.29,0.33,0.74
Grains,23.95,10.53,89.11,5.45,98.18,Animal Feed,9.4,0.5,83.66,96.04,0.99,0.27,0.42
Grains,26.83,16.28,40.05,7.2,97.5,Animal Feed,10.46,0.87,32.85,33.66,1.1,0.35,0.4
Vegetables,8.4,88.17,55.23,2.07,96.54,Animal Feed,3.24,1.48,53.16,62.13,1.54,0.56,1.14
Vegetables,8.02,75.28,87.15,9.5,98.87,Animal Feed,3.17,1.21,77.65,85.58,1.37,0.56,1.34
Grains,44.63,25.41,11.4,18.49,99.46,Compost,17.75,2.27,-7.08,-23.29,0.87,0.35,0.34
Vegetables,35.37,73.55,78.42,8.53,96.66,Animal Feed,13.68,5.2,69.88,77.03,1.65,0.54,1.25
Grains,36.5,17.85,30.35,2.98,99.94,Animal Feed,14.59,1.3,27.36,30.45,1.2,0.27,0.39
Vegetables,7.27,80.99,76.92,17.79,97.78,Biogas,2.84,1.18,59.14,56.73,1.52,0.43,1.2
Vegetables,13.01,88.96,53.69,26.04,94.3,Biogas,4.91,2.32,27.65,12.35,1.67,0.53,0.92
Grains,30.76,23.58,0.9,13.79,96.95,Compost,11.93,1.45,-12.89,-26.5,0.99,0.28,0.41
Vegetables,10.92,81.12,49.89,27.95,98.55,Biogas,4.3,1.77,21.94,3.96,1.26,0.4,1.29
Grains,24.06,28.83,92.3,3.39,95.68,Donation,9.21,1.39,88.91,103.98,0.91,0.35,0.45
Mixed,18.65,40.29,96.14,12.21,82.02,Compost,6.12,1.5,83.94,90.96,0.96,0.39,0.99
Vegetables,17.71,94.96,20.11,0.58,96.26,Animal Feed,6.82,3.36,19.54,22.98,1.73,0.35,1.08
Vegetables,37.24,74.83,1.54,10.9,95.28,Biogas,14.19,5.57,-9.36,-19.96,1.48,0.54,1.56
Grains,17.79,20.93,75.63,20.92,97.57,Compost,6.94,0.74,54.71,48.92,1.06,0.26,0.39
Grains,39.66,24.28,87.3,9.68,96.92,Animal Feed,15.37,1.93,77.62,85.4,0.88,0.37,0.35
Grains,1.58,17.42,26.33,29.23,96.65,Compost,0.61,0.06,-2.89,-26.85,0.99,0.27,0.34
Grains,5.3,10.99,83.29,11.04,95.21,Compost,2.02,0.12,72.26,77.88,0.97,0.35,0.38
Meat,37.86,62.07,55.3,6.03,89.04,Biogas,13.48,4.7,49.27,54.3,2.71,0.83,0.61
Vegetables,25.34,86.66,44.78,25.97,98.19,Biogas,9.95,4.39,18.82,1.8,1.39,0.55,1.3
Grains,9.24,17.95,31.59,17.86,96.7,Compost,3.57,0.33,13.73,2.19,1.16,0.24,0.34
Vegetables,34.74,74.47,66.78,16.62,98.51,Biogas,13.69,5.18,50.16,46.9,1.63,0.36,1.1
Vegetables,41.53,81.33,72.82,13.56,91.52,Biogas,15.2,6.76,59.26,60.27,1.42,0.53,1.19
Vegetables,38.15,77.23,45.74,24.49,96.82,Biogas,14.77,5.89,21.26,5.92,1.6,0.41,1.04
Grains,4.17,24.68,8.15,25.33,97.9,Compost,1.63,0.21,-17.18,-40.89,0.85,0.36,0.3
Grains,33.85,13.87,33.35,4.73,98.32,Animal Feed,13.31,0.94,28.63,30.57,1.09,0.34,0.35
Mixed,6.13,74.28,86.66,12.04,81.83,Compost,2.01,0.91,74.61,79.9,0.99,0.43,0.53
Vegetables,31.78,81.13,45.41,25.8,98.6,Biogas,12.53,5.16,19.61,2.9,1.51,0.3,0.91
Grains,33.8,24.41,83.06,19.51,99.69,Compost,13.48,1.65,63.55,60.65,0.89,0.27,0.42
Vegetables,16.58,88.36,26.27,28.03,92.49,Biogas,6.14,2.93,-1.76,-24.54,1.43,0.58,1.64
Vegetables,44.84,83.52,71.16,27.21,90.92,Biogas,16.31,7.49,43.95,30.97,1.59,0.55,1.29
Vegetables,5.07,73.13,14.17,13.36,98.7,Biogas,2.0,0.74,0.81,-9.72,1.71,0.37,1.25
Fruits,40.45,78.31,48.43,14.51,93.84,Biogas,15.18,6.34,33.92,29.1,1.24,0.38,1.15
Vegetables,45.36,79.37,87.06,6.29,95.82,Animal Feed,17.38,7.2,80.77,91.89,1.53,0.45,0.96
Vegetables,13.76,84.37,32.89,18.53,95.21,Biogas,5.24,2.32,14.36,2.4,1.61,0.41,1.37
Vegetables,41.86,70.56,49.94,24.07,95.67,Biogas,16.02,5.91,25.86,11.77,1.85,0.57,1.13
Mixed,17.38,79.62,90.38,3.38,93.07,Animal Feed,6.47,2.77,87.0,101.69,1.16,0.53,1.0
Vegetables,44.87,90.5,58.19,5.02,97.21,Animal Feed,17.45,8.12,53.17,59.79,1.5,0.52,1.04
Meat,16.29,65.52,19.85,18.57,88.62,Biogas,5.77,2.13,1.29,-13.31,3.03,0.83,0.45
Vegetables,5.29,93.6,93.93,14.43,91.08,Biogas,1.93,0.99,79.49,83.84,1.46,0.4,1.14
Vegetables,38.67,89.52,74.86,17.73,99.01,Biogas,15.32,6.92,57.13,54.37,1.45,0.51,0.77
Meat,9.84,60.93,70.08,20.35,89.32,Biogas,3.52,1.2,49.72,43.39,3.47,0.95,0.44
Grains,38.95,14.65,91.43,29.28,98.17,Compost,15.3,1.14,62.15,51.16,1.14,0.36,0.33
Grains,22.76,20.74,54.77,16.82,95.54,Compost,8.7,0.94,37.95,32.09,1.05,0.31,0.4
Mixed,44.43,65.59,36.75,4.74,84.84,Animal Feed,15.08,5.83,32.01,34.62,1.2,0.48,0.84
Mixed,12.73,72.0,12.32,13.49,87.73,Biogas,4.47,1.83,-1.17,-12.2,0.96,0.45,0.97
Vegetables,35.97,83.62,60.99,10.67,93.4,Biogas,13.44,6.01,50.32,51.85,1.35,0.47,1.34
Fruits,24.74,75.75,67.91,22.48,94.06,Biogas,9.31,3.75,45.42,36.52,0.92,0.42,0.83
Meat,9.29,57.51,88.6,9.54,86.04,Compost,3.2,1.07,79.07,87.25,3.28,0.87,0.51
Fruits,17.6,80.24,87.43,17.14,94.36,Biogas,6.64,2.82,70.29,70.64,1.31,0.31,0.75
Fruits,19.97,41.3,56.31,24.04,80.94,Compost,6.47,1.65,32.27,19.5,0.97,0.43,0.7
Vegetables,21.23,88.24,95.12,19.47,99.18,Biogas,8.42,3.75,75.66,75.21,1.81,0.59,0.91
Fruits,47.05,81.82,3.33,3.06,93.65,Animal Feed,17.62,7.7,0.27,-2.12,0.93,0.41,0.65
Vegetables,5.45,74.24,81.22,27.15,90.54,Biogas,1.97,0.81,54.08,43.18,1.33,0.62,1.14
Meat,12.98,67.56,47.99,24.16,92.54,Biogas,4.8,1.75,23.83,9.27,3.68,1.04,0.52
Vegetables,11.42,83.97,20.54,3.16,99.47,Animal Feed,4.54,1.92,17.38,18.32,1.36,0.52,1.14
Vegetables,29.57,90.68,11.41,4.39,96.35,Animal Feed,11.4,5.36,7.01,4.9,1.13,0.49,1.4
Meat,48.09,53.01,2.39,26.86,91.09,Compost,17.52,5.1,-24.47,-50.86,2.62,1.01,0.63
Grains,37.12,18.47,9.41,11.91,95.92,Compost,14.24,1.37,-2.5,-12.53,0.82,0.29,0.45
Grains,35.78,22.66,3.54,16.0,99.43,Compost,14.23,1.62,-12.46,-27.76,0.86,0.34,0.45
Grains,21.23,17.7,18.6,25.05,97.71,Compost,8.3,0.75,-6.45,-27.77,0.98,0.32,0.48
Grains,18.26,24.44,81.67,22.58,96.4,Compost,7.04,0.89,59.09,52.84,0.89,0.22,0.38
Fruits,32.93,75.79,28.64,8.19,87.9,Animal Feed,11.58,4.99,20.45,17.99,1.31,0.47,0.87
Meat,10.05,52.77,80.17,14.54,85.15,Compost,3.42,1.06,65.63,67.13,3.25,0.88,0.47
Vegetables,30.5,71.76,18.81,28.86,97.26,Biogas,11.87,4.38,-10.04,-35.14,1.45,0.5,1.43
Fruits,39.13,43.53,99.96,4.42,86.37,Donation,13.52,3.41,95.55,111.12,0.96,0.32,0.72
Vegetables,44.13,73.61,69.96,12.99,94.7,Biogas,16.71,6.5,56.97,57.97,1.41,0.52,0.87
Vegetables,27.75,73.49,36.7,27.46,98.14,Biogas,10.9,4.08,9.25,-10.87,1.71,0.53,1.52
Grains,14.96,26.13,55.65,6.93,98.18,Animal Feed,5.87,0.78,48.72,52.91,0.99,0.31,0.39
Vegetables,38.9,90.24,75.55,18.84,97.15,Biogas,15.12,7.02,56.72,52.99,1.52,0.64,1.0
Meat,21.94,63.55,23.85,7.13,85.64,Biogas,7.52,2.79,16.72,14.36,2.14,0.63,0.34
Vegetables,35.35,85.56,76.87,27.66,95.79,Biogas,13.55,6.05,49.21,36.92,1.78,0.28,1.3
Grains,21.05,13.25,56.29,29.54,98.35,Compost,8.28,0.56,26.75,8.47,1.03,0.3,0.32
Meat,7.3,58.58,81.01,5.29,87.99,Compost,2.57,0.86,75.72,86.64,3.33,1.06,0.6
Mixed,3.86,56.87,78.5,14.78,80.25,Compost,1.24,0.44,63.72,64.64,1.26,0.44,0.66
Vegetables,18.68,82.63,76.71,21.88,95.51,Biogas,7.14,3.09,54.83,48.29,1.47,0.55,1.33
Meat,34.2,71.7,93.62,8.89,90.57,Biogas,12.39,4.9,84.73,94.56,3.95,1.04,0.55
Grains,2.6,25.32,80.95,7.68,97.8,Animal Feed,1.02,0.13,73.27,81.78,0.94,0.26,0.42
Grains,30.06,23.08,34.25,27.84,95.25,Compost,11.45,1.39,6.42,-14.57,1.08,0.33,0.28
Meat,35.23,73.14,99.62,12.82,88.49,Biogas,12.47,5.15,86.81,93.92,2.66,1.29,0.6
Grains,5.14,11.97,22.37,3.89,97.56,Animal Feed,2.01,0.12,18.48,19.06,1.11,0.27,0.39
Vegetables,40.05,79.61,12.38,10.0,96.94,Biogas,15.53,6.38,2.38,-5.15,1.71,0.27,1.37
Fruits,40.76,41.28,65.21,1.61,82.52,Animal Feed,13.45,3.36,63.6,75.03,0.97,0.52,0.97
Mixed,2.03,40.36,84.67,23.77,84.07,Compost,0.68,0.16,60.9,54.07,1.79,0.42,0.73
Vegetables,44.11,71.8,99.22,18.65,93.42,Biogas,16.48,6.33,80.57,81.76,1.35,0.49,1.5
Vegetables,39.72,78.37,52.81,21.07,95.33,Biogas,15.15,6.23,31.74,21.23,1.91,0.48,1.12
Vegetables,40.06,92.5,38.65,0.79,92.81,Animal Feed,14.87,7.41,37.86,44.8,1.37,0.55,1.49
Grains,42.39,12.17,36.43,2.61,95.15,Animal Feed,16.13,1.03,33.82,38.5,1.01,0.27,0.44
Vegetables,31.11,83.81,76.51,0.13,92.92,Animal Feed,11.56,5.21,76.38,91.55,1.06,0.41,1.36
Vegetables,22.04,91.29,32.6,4.43,92.37,Animal Feed,8.14,4.02,28.17,30.26,1.58,0.49,0.95
Grains,48.22,23.16,36.0,22.19,96.77,Compost,18.66,2.23,13.81,-1.18,0.93,0.32,0.35
Vegetables,27.11,91.36,77.26,8.5,92.02,Animal Feed,9.98,4.95,68.76,75.71,2.0,0.58,0.95
Vegetables,37.26,77.13,1.92,12.19,96.66,Biogas,14.4,5.75,-10.27,-22.07,1.44,0.39,1.12
Vegetables,5.96,70.23,2.68,13.99,90.46,Biogas,2.16,0.84,-11.31,-24.76,1.88,0.42,1.23
Grains,4.11,17.3,58.46,9.99,95.45,Animal Feed,1.57,0.14,48.47,50.17,0.95,0.19,0.44
Vegetables,22.61,79.39,88.38,26.62,97.61,Biogas,8.83,3.59,61.75,52.81,1.13,0.62,1.02
Grains,13.57,22.12,55.74,3.08,95.92,Animal Feed,5.21,0.6,52.66,60.73,1.07,0.35,0.38
Grains,24.86,20.18,35.51,13.39,99.23,Compost,9.87,1.0,22.12,15.83,1.14,0.31,0.48
Vegetables,8.43,86.14,51.53,25.37,96.92,Biogas,3.27,1.45,26.16,11.1,1.49,0.55,1.06
Mixed,23.24,74.76,99.54,10.6,96.81,Biogas,9.0,3.48,88.94,98.24,1.83,0.39,0.44
Grains,33.19,13.08,32.51,16.39,99.03,Compost,13.15,0.87,16.12,6.22,1.0,0.17,0.34
Vegetables,22.27,72.71,79.0,0.59,98.45,Animal Feed,8.77,3.24,78.41,93.63,1.85,0.42,1.17
Grains,35.43,13.82,45.77,8.14,95.66,Animal Feed,13.56,0.98,37.63,38.64,0.92,0.35,0.46
Vegetables,39.41,92.21,7.35,13.65,92.06,Biogas,14.51,7.27,-6.3,-18.48,1.23,0.33,1.06
Vegetables,4.28,86.45,77.87,7.25,95.73,Animal Feed,1.64,0.74,70.62,78.94,1.39,0.59,1.13
Vegetables,8.23,94.66,76.66,17.52,99.67,Biogas,3.28,1.56,59.14,56.95,1.31,0.39,1.33
Meat,43.16,57.96,65.51,16.47,94.14,Compost,16.25,5.0,49.04,45.67,3.06,1.19,0.42
Vegetables,16.82,86.29,80.57,3.69,99.57,Donation,6.7,2.9,76.88,89.3,1.84,0.45,0.95
Mixed,34.23,80.99,10.71,10.79,95.08,Biogas,13.02,5.54,-0.08,-8.73,0.81,0.36,0.88
Vegetables,37.26,80.46,25.73,5.26,92.34,Animal Feed,13.76,6.0,20.47,20.36,1.66,0.44,1.2
Mixed,19.48,66.3,23.6,13.02,89.05,Biogas,6.94,2.58,10.58,2.28,0.82,0.49,0.78
Vegetables,31.75,91.95,28.72,1.21,90.48,Animal Feed,11.49,5.84,27.51,32.05,1.22,0.43,0.99
Vegetables,45.71,87.78,3.92,19.58,99.58,Biogas,18.21,8.03,-15.66,-34.45,1.7,0.48,1.24
Grains,27.72,20.09,69.06,12.47,98.98,Compost,10.97,1.11,56.59,57.94,1.02,0.3,0.45
Vegetables,44.87,92.63,39.81,1.2,96.82,Animal Feed,17.38,8.31,38.61,45.37,1.41,0.6,1.45
Vegetables,20.51,73.87,15.18,22.58,93.44,Biogas,7.67,3.03,-7.39,-26.93,1.45,0.68,1.11
Grains,36.41,22.88,61.54,8.76,96.16,Animal Feed,14.0,1.67,52.78,56.33,1.03,0.36,0.39
Fruits,47.53,42.51,25.16,21.83,93.04,Compost,17.69,4.04,3.33,-13.48,1.23,0.38,0.74
Vegetables,30.21,84.3,88.02,15.56,94.02,Biogas,11.36,5.09,72.46,74.5,1.3,0.51,1.15
Grains,13.61,14.45,44.02,8.13,97.45,Animal Feed,5.3,0.39,35.89,36.57,1.03,0.27,0.32
Vegetables,48.67,84.69,13.94,29.36,98.32,Biogas,19.14,8.24,-15.42,-41.99,1.76,0.51,1.51
Grains,6.03,18.28,32.35,9.39,95.36,Animal Feed,2.3,0.22,22.96,20.04,1.14,0.38,0.37
Grains,25.43,19.34,32.99,5.75,97.58,Animal Feed,9.92,0.98,27.24,28.1,1.0,0.27,0.45
Meat,11.27,71.47,65.27,6.38,88.8,Biogas,4.0,1.61,58.9,65.58,2.41,0.84,0.59
Vegetables,40.92,91.4,44.01,25.4,98.81,Biogas,16.17,7.48,18.61,2.01,1.4,0.59,0.71
Grains,15.82,12.61,19.91,28.72,98.37,Compost,6.22,0.4,-8.81,-33.54,0.92,0.36,0.45
Meat,34.63,68.86,32.57,18.21,89.12,Biogas,12.35,4.77,14.36,2.66,3.54,0.97,0.34
Grains,8.88,21.31,42.96,15.87,97.32,Compost,3.46,0.38,27.09,19.81,0.76,0.31,0.47
Grains,46.82,16.24,45.57,23.98,95.19,Compost,17.83,1.52,21.59,6.72,1.11,0.38,0.34
Fruits,41.86,64.63,88.52,6.28,91.41,Animal Feed,15.31,5.41,82.24,93.66,1.22,0.61,1.15
Grains,30.89,25.31,0.27,5.99,98.81,Animal Feed,12.21,1.56,-5.72,-11.66,0.97,0.28,0.39
Mixed,16.18,67.62,43.04,25.14,93.08,Biogas,6.02,2.19,17.9,1.37,1.41,0.27,1.1
Grains,2.15,14.07,47.38,15.07,96.43,Compost,0.83,0.06,32.32,26.73,1.11,0.21,0.45
Grains,16.21,24.5,10.23,0.54,96.15,Animal Feed,6.24,0.79,9.69,11.19,0.95,0.32,0.5
Vegetables,38.29,79.61,63.08,17.04,98.05,Biogas,15.02,6.1,46.04,41.62,1.4,0.5,1.52
Vegetables,33.76,88.21,54.47,3.85,95.76,Animal Feed,12.93,5.96,50.62,57.67,1.71,0.35,1.2
Vegetables,39.11,86.91,46.53,15.39,96.49,Biogas,15.1,6.8,31.14,25.06,1.46,0.57,0.9
Meat,11.67,60.85,5.63,17.58,90.05,Biogas,4.2,1.42,-11.95,-28.4,2.13,1.11,0.41
Vegetables,1.41,77.89,24.38,10.79,94.29,Biogas,0.53,0.22,13.59,7.68,1.43,0.62,1.12
Grains,7.08,20.64,82.52,19.25,97.9,Compost,2.77,0.29,63.27,60.53,0.96,0.33,0.5
Mixed,35.35,59.62,32.45,1.57,83.77,Animal Feed,11.84,4.21,30.88,35.8,1.03,0.34,0.67
Grains,31.03,27.56,77.06,3.24,97.51,Animal Feed,12.1,1.71,73.82,86.0,1.14,0.27,0.38
Vegetables,33.67,75.99,33.64,11.3,99.69,Biogas,13.43,5.12,22.34,17.76,1.58,0.56,1.11
Vegetables,6.91,86.7,90.15,23.92,92.32,Biogas,2.55,1.2,66.23,60.35,1.47,0.55,1.59
Vegetables,30.9,86.33,91.19,26.75,98.62,Biogas,12.19,5.33,64.45,55.94,1.31,0.54,1.35
Vegetables,41.7,82.78,59.96,11.24,94.64,Biogas,15.79,6.9,48.72,49.47,1.23,0.63,0.98
Meat,19.59,64.61,33.65,17.93,88.92,Biogas,6.97,2.53,15.72,4.52,3.54,1.11,0.3
Grains,1.04,25.43,57.8,25.65,95.71,Compost,0.4,0.05,32.15,18.05,0.96,0.24,0.47
Vegetables,39.1,70.96,63.35,19.76,99.21,Biogas,15.52,5.55,43.59,36.5,1.62,0.44,1.16
Grains,18.19,23.32,16.81,25.4,97.14,Compost,7.07,0.85,-8.58,-30.62,0.95,0.38,0.51
Fruits,10.98,58.74,14.22,26.9,88.37,Compost,3.88,1.29,-12.68,-36.73,1.08,0.4,0.91
Fruits,27.57,52.36,65.19,24.05,83.73,Compost,9.23,2.89,41.14,30.13,1.32,0.61,0.16
Mixed,40.02,80.91,85.05,29.55,88.99,Biogas,14.24,6.48,55.5,42.96,1.42,0.25,0.61
Vegetables,5.38,82.48,6.85,16.35,93.38,Biogas,2.01,0.89,-9.5,-24.47,1.4,0.56,1.43
Vegetables,48.29,81.88,28.35,3.34,99.28,Animal Feed,19.18,7.91,25.01,27.33,1.68,0.47,1.46
Vegetables,32.62,91.79,19.69,17.11,94.55,Biogas,12.34,5.99,2.58,-10.59,1.54,0.55,0.97
Vegetables,40.75,90.13,69.49,20.9,95.41,Biogas,15.55,7.34,48.59,41.6,1.51,0.39,1.16
Vegetables,8.5,73.3,86.59,17.79,97.39,Biogas,3.31,1.25,68.8,68.32,1.54,0.55,0.93
Mixed,32.63,54.16,63.95,20.06,95.34,Compost,12.44,3.53,43.89,36.62,1.39,0.4,0.62
Grains,41.8,12.98,35.32,13.59,95.25,Compost,15.93,1.09,21.73,15.21,1.09,0.32,0.4
Fruits,46.01,83.71,5.57,27.58,94.88,Biogas,17.46,7.7,-22.01,-48.47,0.73,0.4,0.54
Grains,25.9,22.18,81.65,6.38,97.26,Animal Feed,10.08,1.15,75.28,85.23,1.04,0.34,0.39
Vegetables,33.37,84.28,24.28,26.19,97.66,Biogas,13.04,5.62,-1.9,-23.23,1.69,0.6,1.26
Vegetables,45.63,90.61,97.71,13.75,90.74,Biogas,16.56,8.27,83.96,89.75,1.59,0.5,1.51
Vegetables,15.36,80.76,30.24,13.49,95.92,Biogas,5.89,2.48,16.75,9.32,1.51,0.38,1.45
Vegetables,31.98,90.9,32.22,4.32,96.76,Animal Feed,12.38,5.81,27.9,30.02,1.49,0.72,1.09
Vegetables,22.74,80.98,17.89,17.83,97.38,Biogas,8.86,3.68,0.06,-14.19,1.47,0.56,1.48
Fruits,43.05,71.79,19.28,13.62,81.47,Compost,14.03,6.18,5.66,-4.1,0.85,0.43,0.78
Vegetables,11.07,78.09,95.26,18.01,91.9,Biogas,4.07,1.73,77.25,78.29,1.48,0.51,1.31
Vegetables,13.15,88.69,56.66,8.92,99.81,Animal Feed,5.25,2.33,47.75,50.16,1.53,0.46,1.06
Grains,21.44,14.38,30.1,11.19,97.65,Compost,8.38,0.62,18.9,13.73,1.07,0.3,0.41
Vegetables,18.54,80.77,61.39,15.2,90.21,Biogas,6.69,3.0,46.19,43.27,1.4,0.35,1.38
Grains,24.29,25.46,7.45,0.63,95.23,Animal Feed,9.25,1.24,6.82,7.68,1.07,0.2,0.34
Grains,17.19,21.36,62.15,19.38,97.25,Compost,6.69,0.73,42.77,35.82,1.03,0.35,0.38
Vegetables,39.07,73.8,2.66,21.22,94.02,Biogas,14.69,5.77,-18.56,-39.24,1.48,0.42,0.99
Vegetables,36.41,70.18,75.41,13.49,93.12,Biogas,13.56,5.11,61.92,63.52,1.73,0.59,1.26
Meat,27.34,70.33,20.38,12.65,92.72,Biogas,10.14,3.85,7.73,-0.84,2.46,0.89,0.65
Grains,33.29,12.05,44.6,20.85,99.61,Compost,13.26,0.8,23.75,11.83,1.12,0.24,0.34
Vegetables,13.49,94.04,36.58,10.87,98.77,Biogas,5.33,2.54,25.7,22.15,1.57,0.36,1.25
Grains,13.34,18.09,23.03,19.77,99.63,Compost,5.32,0.48,3.26,-11.91,0.86,0.27,0.47
Fruits,43.18,65.39,31.07,1.06,89.3,Animal Feed,15.42,5.65,30.01,35.16,0.95,0.46,1.1
Meat,2.18,54.49,66.94,28.59,90.44,Compost,0.79,0.24,38.35,23.16,3.86,0.64,0.58
Vegetables,47.84,91.77,81.26,9.41,96.07,Animal Feed,18.38,8.78,71.85,78.7,1.61,0.54,1.08
Fruits,13.52,65.75,92.54,5.59,92.47,Animal Feed,5.0,1.78,86.95,99.87,1.51,0.54,0.73
Vegetables,31.7,85.05,64.2,10.28,93.41,Biogas,11.84,5.39,53.92,56.48,1.61,0.55,1.45
Mixed,17.97,67.91,44.21,17.66,86.84,Biogas,6.24,2.44,26.55,17.73,0.86,0.47,0.68
Mixed,8.2,78.78,76.14,0.58,86.83,Animal Feed,2.85,1.29,75.56,90.21,1.55,0.25,0.74
Grains,31.9,21.12,45.64,23.77,99.69,Compost,12.72,1.35,21.87,7.22,1.07,0.29,0.42
Fruits,21.48,55.71,32.64,17.72,94.77,Compost,8.14,2.39,14.93,3.74,0.8,0.23,0.83
Grains,37.66,15.56,56.36,28.23,95.86,Compost,14.44,1.17,28.13,11.17,0.89,0.26,0.48
Grains,8.47,18.53,70.2,22.32,97.39,Compost,3.3,0.31,47.88,39.6,0.93,0.33,0.38
Grains,27.38,25.0,65.8,2.34,96.34,Animal Feed,10.55,1.37,63.45,74.27,0.99,0.32,0.4
Vegetables,26.44,71.82,18.2,0.09,96.77,Animal Feed,10.23,3.8,18.12,21.67,1.67,0.53,1.59
Vegetables,4.05,80.69,21.47,23.95,94.68,Biogas,1.53,0.65,-2.48,-22.13,1.5,0.41,1.28
Grains,2.44,26.97,80.52,10.76,98.15,Compost,0.96,0.13,69.76,75.11,0.94,0.26,0.5
Grains,29.54,21.17,99.28,13.97,95.36,Compost,11.27,1.25,85.31,91.19,1.18,0.21,0.35
Grains,24.7,28.39,39.34,28.99,98.06,Compost,9.69,1.4,10.35,-10.78,1.08,0.29,0.39
Grains,22.16,13.91,8.33,0.16,96.92,Animal Feed,8.59,0.62,8.17,9.67,1.02,0.28,0.41
Vegetables,9.97,91.27,40.87,25.7,91.85,Biogas,3.66,1.82,15.17,-2.35,1.34,0.53,0.92
Vegetables,30.17,90.55,0.25,13.96,97.14,Biogas,11.72,5.46,-13.72,-27.63,1.9,0.53,1.38
Meat,9.94,66.96,21.34,6.73,86.4,Biogas,3.44,1.33,14.62,12.16,3.15,1.27,0.56
Meat,15.26,50.96,92.52,22.99,92.21,Compost,5.63,1.56,69.53,65.05,2.12,0.56,0.64
Grains,44.11,22.03,70.09,5.14,99.87,Animal Feed,17.62,1.94,64.95,73.83,1.02,0.36,0.39
Fruits,13.15,82.71,77.08,14.76,80.31,Compost,4.23,2.18,62.32,62.98,1.38,0.31,0.89
Mixed,36.04,74.57,92.87,25.19,82.17,Compost,11.84,5.37,67.68,61.07,1.34,0.36,0.71
Vegetables,22.96,92.75,10.5,13.47,90.15,Biogas,8.28,4.26,-2.97,-14.33,1.34,0.53,1.04
Grains,43.15,29.15,39.81,6.64,97.56,Animal Feed,16.84,2.52,33.17,34.49,1.18,0.3,0.33
Grains,41.57,23.98,73.02,19.93,95.47,Compost,15.88,1.99,53.08,47.75,1.12,0.3,0.37
Fruits,7.53,67.26,86.11,28.52,93.79,Biogas,2.82,1.01,57.6,46.3,0.99,0.27,0.34
Vegetables,35.28,72.86,58.63,11.83,98.98,Biogas,13.97,5.14,46.8,46.69,1.71,0.31,0.96
Vegetables,31.83,88.21,3.43,10.67,99.45,Biogas,12.66,5.62,-7.24,-17.23,1.83,0.43,1.27
Vegetables,28.39,91.63,4.63,5.17,98.15,Animal Feed,11.15,5.2,-0.54,-4.79,1.57,0.45,1.42
Grains,7.56,12.51,26.11,29.47,96.77,Compost,2.93,0.19,-3.35,-27.6,0.97,0.27,0.43
Fruits,44.35,45.87,1.25,28.52,95.66,Compost,16.97,4.07,-27.27,-55.54,1.17,0.54,0.61
Grains,18.56,21.22,70.64,9.72,98.58,Animal Feed,7.32,0.79,60.92,65.32,0.91,0.25,0.5
Vegetables,24.87,83.55,29.69,9.24,96.49,Animal Feed,9.6,4.16,20.45,17.15,1.42,0.35,1.48
Grains,22.22,12.69,84.15,29.81,95.03,Compost,8.45,0.56,54.34,41.36,1.2,0.27,0.49
Meat,32.45,73.01,18.15,22.54,93.37,Biogas,12.12,4.74,-4.4,-23.31,1.86,1.3,0.51
Vegetables,29.18,91.28,47.58,25.25,94.31,Biogas,11.01,5.33,22.33,6.6,1.54,0.67,1.25
Vegetables,29.65,72.87,36.97,15.61,95.63,Biogas,11.34,4.32,21.36,13.14,1.94,0.63,1.13
Vegetables,11.93,87.16,98.29,2.48,98.29,Donation,4.69,2.08,95.8,112.98,1.7,0.54,1.45
Grains,10.3,19.3,32.47,1.3,97.5,Animal Feed,4.02,0.4,31.18,36.38,1.04,0.25,0.5
Vegetables,9.58,81.22,79.7,29.68,94.18,Biogas,3.61,1.56,50.02,36.28,1.6,0.45,0.98
Vegetables,18.77,94.82,46.84,2.35,91.38,Animal Feed,6.86,3.56,44.49,51.51,1.76,0.5,1.04
Vegetables,21.53,90.56,0.75,6.22,97.08,Animal Feed,8.36,3.9,-5.47,-11.54,1.45,0.56,1.13
Vegetables,3.99,81.38,80.4,3.34,99.06,Donation,1.58,0.65,77.06,89.8,1.12,0.52,1.18
Fruits,27.57,76.72,83.07,19.9,91.12,Biogas,10.05,4.23,63.17,59.89,1.65,0.24,1.06
Mixed,39.15,80.98,43.97,28.84,85.75,Biogas,13.43,6.34,15.13,-4.92,1.4,0.29,0.52
Vegetables,25.42,74.03,37.67,24.27,98.11,Biogas,9.98,3.76,13.4,-3.34,1.49,0.45,1.04
Vegetables,49.19,71.46,48.04,5.6,92.89,Animal Feed,18.28,7.03,42.44,46.44,1.46,0.44,1.45
Meat,9.8,71.22,85.8,2.75,90.39,Donation,3.54,1.4,83.05,97.46,3.37,1.02,0.57
Meat,12.43,57.02,13.93,9.84,85.15,Compost,4.23,1.42,4.09,-2.96,3.42,1.06,0.55
Grains,25.2,21.91,21.96,3.64,97.36,Animal Feed,9.81,1.1,18.32,19.07,1.08,0.32,0.45
Vegetables,11.12,94.63,44.52,6.71,93.81,Animal Feed,4.17,2.11,37.81,40.01,1.45,0.63,1.4
Grains,24.21,29.08,79.23,12.65,97.84,Compost,9.48,1.41,66.58,69.78,1.01,0.32,0.38
Vegetables,5.71,75.93,74.61,19.37,95.65,Biogas,2.18,0.87,55.24,50.79,1.29,0.51,1.45
Grains,11.53,27.66,32.75,15.66,96.38,Compost,4.44,0.64,17.09,7.99,0.92,0.26,0.4
Grains,26.47,15.95,90.18,3.28,99.08,Donation,10.49,0.84,86.9,101.65,0.91,0.23,0.41
Meat,34.24,51.82,97.23,18.32,94.02,Compost,12.88,3.55,78.91,80.03,3.56,0.83,0.52
Vegetables,23.46,86.9,94.24,9.51,94.45,Animal Feed,8.86,4.08,84.73,94.08,1.14,0.54,1.1
Vegetables,1.47,72.89,50.88,21.7,99.61,Biogas,0.59,0.21,29.18,17.66,1.19,0.35,1.05
Grains,2.74,26.07,22.99,9.06,99.66,Animal Feed,1.09,0.14,13.93,9.47,0.95,0.2,0.35
Grains,38.74,16.64,43.36,3.67,96.7,Animal Feed,14.98,1.29,39.69,44.69,0.87,0.29,0.41
Fruits,24.7,75.86,48.79,8.85,80.6,Animal Feed,7.96,3.75,39.94,40.85,1.32,0.48,0.51
Vegetables,15.79,88.56,27.01,11.96,91.84,Biogas,5.8,2.8,15.05,8.49,1.2,0.68,1.06
Vegetables,23.6,80.4,45.99,26.36,99.9,Biogas,9.43,3.79,19.64,2.48,1.63,0.43,1.23
Fruits,48.13,80.24,43.5,23.94,83.17,Compost,16.01,7.72,19.56,4.31,0.98,0.44,0.89
Vegetables,37.08,79.92,52.18,19.47,98.99,Biogas,14.68,5.93,32.71,23.68,1.44,0.53,0.79
Vegetables,32.49,73.53,32.74,28.98,98.94,Biogas,12.86,4.78,3.76,-18.67,1.53,0.48,0.99
Vegetables,36.42,74.59,87.91,16.48,99.05,Biogas,14.43,5.43,71.43,72.52,1.76,0.52,1.22
Vegetables,11.85,75.05,29.75,11.48,92.21,Biogas,4.37,1.78,18.27,12.75,1.72,0.49,1.4
Vegetables,15.39,87.47,18.57,6.66,96.56,Animal Feed,5.94,2.69,11.9,8.95,1.55,0.51,1.39
Grains,46.0,20.61,44.81,3.07,99.68,Animal Feed,18.34,1.9,41.73,47.62,0.96,0.29,0.42
Vegetables,4.07,80.98,45.81,18.6,92.35,Biogas,1.5,0.66,27.21,17.78,1.55,0.41,0.59
Grains,20.4,16.74,71.44,29.66,96.84,Compost,7.9,0.68,41.78,26.42,0.98,0.28,0.37
Mixed,41.26,73.17,60.14,9.17,97.01,Animal Feed,16.01,6.04,50.96,53.82,0.92,0.38,1.13
Vegetables,18.33,80.12,3.4,15.95,97.33,Biogas,7.14,2.94,-12.54,-27.81,1.58,0.49,0.86
Grains,13.36,28.8,49.91,14.2,98.05,Compost,5.24,0.77,35.72,31.5,1.12,0.33,0.36
Fruits,7.77,62.09,32.09,22.05,94.05,Biogas,2.92,0.97,10.04,-5.59,1.41,0.44,0.52
Mixed,44.38,46.76,89.95,9.64,91.27,Animal Feed,16.2,4.15,80.31,88.66,0.81,0.47,0.85
Vegetables,32.65,93.67,38.86,11.31,95.08,Biogas,12.42,6.12,27.55,24.01,1.72,0.49,1.56
Vegetables,5.33,92.13,54.6,17.03,91.81,Biogas,1.96,0.98,37.57,31.45,1.35,0.51,1.07
Grains,7.95,10.42,65.22,11.3,95.23,Compost,3.03,0.17,53.92,55.66,1.0,0.33,0.32
Meat,13.74,59.18,36.46,14.14,94.35,Compost,5.18,1.63,22.32,15.48,2.14,1.17,0.38
Vegetables,9.19,72.55,73.68,23.92,98.45,Biogas,3.62,1.33,49.76,40.58,1.52,0.42,1.64
Vegetables,2.85,92.23,51.0,18.69,94.7,Biogas,1.08,0.53,32.31,23.82,1.51,0.5,1.3
Vegetables,13.45,92.65,86.56,25.19,92.12,Biogas,4.96,2.49,61.37,53.49,1.51,0.34,0.75
Mixed,42.26,75.4,68.36,27.69,95.46,Biogas,16.14,6.37,40.67,26.65,0.91,0.35,0.6
Grains,11.19,28.89,42.45,27.23,98.8,Compost,4.42,0.65,15.22,-3.51,1.1,0.34,0.45
Grains,31.96,14.79,82.0,6.17,95.29,Animal Feed,12.18,0.95,75.83,86.06,0.92,0.32,0.49
Grains,31.09,11.49,88.8,13.7,98.69,Compost,12.28,0.71,75.1,79.15,0.9,0.29,0.36
Vegetables,13.35,88.12,19.33,3.69,97.86,Animal Feed,5.23,2.35,15.64,15.82,1.45,0.48,1.32
Grains,38.78,20.42,96.53,17.94,95.1,Compost,14.75,1.58,78.59,79.95,0.8,0.29,0.41
Grains,26.49,16.22,23.68,11.03,98.15,Compost,10.4,0.86,12.65,6.36,1.2,0.36,0.35
Grains,31.8,23.37,27.37,5.97,98.5,Animal Feed,12.53,1.49,21.39,20.89,1.07,0.28,0.41
Grains,31.33,22.38,56.93,2.12,97.79,Animal Feed,12.26,1.4,54.81,64.08,0.95,0.34,0.36
Vegetables,40.18,83.62,9.93,17.51,95.71,Biogas,15.38,6.72,-7.59,-23.11,1.61,0.48,1.28
Grains,7.17,16.93,31.53,19.93,96.07,Compost,2.76,0.24,11.59,-2.04,1.02,0.3,0.42
Grains,18.02,29.88,87.82,24.78,99.04,Compost,7.14,1.08,63.03,55.82,1.17,0.25,0.36
Meat,11.91,53.41,1.73,8.77,86.81,Compost,4.14,1.27,-7.04,-15.47,3.27,0.77,0.58
Grains,1.98,16.47,54.11,6.93,98.5,Animal Feed,0.78,0.07,47.19,51.09,0.99,0.22,0.37
Grains,36.8,14.03,29.32,13.55,96.72,Compost,14.24,1.03,15.76,8.08,1.13,0.2,0.48
Vegetables,15.79,85.27,86.69,26.88,94.77,Biogas,5.99,2.69,59.82,50.28,1.68,0.55,1.44
Meat,30.18,54.98,18.4,27.34,87.77,Compost,10.59,3.32,-8.95,-32.61,3.92,0.79,0.53
Mixed,1.26,78.81,64.12,9.7,96.88,Animal Feed,0.49,0.2,54.42,57.55,0.41,0.53,0.7
Grains,40.61,13.63,76.77,13.41,98.32,Compost,15.97,1.11,63.36,65.31,1.08,0.3,0.45
Grains,14.91,15.7,34.7,26.97,95.19,Compost,5.68,0.47,7.73,-12.3,0.81,0.32,0.39
Grains,28.29,11.09,98.36,27.45,97.6,Compost,11.04,0.63,70.9,63.12,0.98,0.25,0.42
Mixed,18.66,77.0,66.66,15.67,85.92,Biogas,6.41,2.87,50.99,48.66,1.18,0.39,0.82
Meat,42.65,73.74,46.13,14.63,87.01,Biogas,14.84,6.29,31.5,26.1,2.92,1.16,0.49
Mixed,37.0,64.84,53.26,11.92,86.43,Biogas,12.79,4.8,41.34,40.07,1.31,0.39,1.27
Grains,38.56,17.29,74.77,17.56,97.95,Compost,15.11,1.33,57.22,54.62,1.0,0.3,0.36
Fruits,15.02,62.13,99.74,23.16,81.57,Compost,4.9,1.87,76.58,73.37,1.05,0.58,0.58
Grains,28.93,22.37,97.77,9.05,99.8,Animal Feed,11.55,1.29,88.72,99.22,1.01,0.27,0.46
Grains,35.33,15.42,22.16,1.04,99.78,Animal Feed,14.1,1.09,21.12,24.51,0.97,0.23,0.41
Vegetables,21.27,83.07,56.26,2.21,90.42,Animal Feed,7.69,3.53,54.05,63.09,1.47,0.38,1.41
Fruits,15.92,75.02,49.63,26.39,94.88,Biogas,6.04,2.39,23.24,6.78,0.85,0.38,1.12
Meat,5.19,68.8,68.46,0.46,87.67,Biogas,1.82,0.71,67.99,81.22,2.83,0.83,0.56
Grains,41.78,22.84,79.92,20.75,95.33,Compost,15.93,1.91,59.17,54.4,0.93,0.29,0.37
Grains,43.33,29.96,64.43,0.4,96.92,Animal Feed,16.8,2.6,64.03,76.52,0.92,0.37,0.37
Grains,36.26,29.72,54.69,3.0,97.93,Animal Feed,14.2,2.16,51.68,59.62,1.1,0.33,0.41
Grains,12.49,20.76,43.88,14.82,96.4,Compost,4.82,0.52,29.06,23.01,0.95,0.29,0.38
Vegetables,16.73,91.48,99.36,22.36,99.1,Biogas,6.63,3.06,77.0,74.51,1.33,0.81,0.92
Vegetables,14.34,86.21,26.69,21.16,93.23,Biogas,5.35,2.47,5.54,-10.28,1.58,0.62,1.08
Mixed,7.08,46.49,91.77,23.23,96.97,Compost,2.75,0.66,68.53,63.65,1.08,0.47,0.6
Grains,23.21,12.87,94.75,28.06,99.63,Compost,9.25,0.6,66.69,57.59,0.93,0.26,0.45
Grains,49.27,13.74,76.31,4.29,98.66,Animal Feed,19.44,1.35,72.01,82.98,1.05,0.26,0.4
Grains,4.1,10.74,51.29,20.53,98.17,Compost,1.61,0.09,30.76,20.49,1.08,0.21,0.44
Grains,4.61,23.56,98.0,22.56,98.3,Compost,1.81,0.22,75.45,72.49,1.09,0.32,0.43
Vegetables,8.01,90.5,96.3,21.22,91.47,Biogas,2.93,1.45,75.08,73.12,1.52,0.32,1.3
Grains,17.14,23.53,85.01,18.74,98.65,Compost,6.77,0.81,66.26,64.52,0.91,0.33,0.44
Vegetables,16.61,88.6,1.53,9.95,97.4,Animal Feed,6.47,2.94,-8.42,-18.06,1.84,0.44,0.96
Vegetables,43.77,86.67,29.84,6.71,99.69,Animal Feed,17.45,7.59,23.14,22.4,1.55,0.59,1.41
Grains,3.61,16.04,70.82,16.1,95.42,Compost,1.38,0.12,54.72,52.78,1.0,0.3,0.37
Vegetables,20.35,72.77,21.14,9.51,96.5,Animal Feed,7.86,2.96,11.63,6.35,1.47,0.43,0.99
Mixed,43.03,67.06,88.34,6.93,94.41,Animal Feed,16.25,5.77,81.41,92.14,0.94,0.49,0.53
Vegetables,42.55,80.23,28.77,27.08,97.0,Biogas,16.51,6.83,1.69,-19.63,1.24,0.52,1.07
Vegetables,20.84,77.51,83.79,7.2,90.54,Animal Feed,7.55,3.23,76.59,86.14,1.84,0.32,1.21
Meat,11.31,51.06,45.23,29.2,87.65,Compost,3.96,1.15,16.03,-4.13,3.27,1.03,0.63
Meat,3.17,52.72,67.46,17.3,89.7,Compost,1.14,0.33,50.17,46.37,2.06,0.72,0.59
Grains,29.53,28.33,37.99,17.95,96.22,Compost,11.37,1.67,20.04,9.69,1.1,0.37,0.35
Grains,9.31,18.91,58.06,22.96,97.83,Compost,3.64,0.35,35.1,23.76,0.95,0.3,0.43
Grains,19.81,21.82,52.37,10.19,98.92,Compost,7.84,0.86,42.19,42.47,0.89,0.32,0.42
Grains,33.98,19.36,42.24,29.88,97.26,Compost,13.22,1.32,12.36,-9.07,0.75,0.33,0.44
Vegetables,16.97,70.92,35.53,26.06,98.39,Biogas,6.68,2.41,9.47,-9.48,1.66,0.61,1.34
Vegetables,11.67,94.01,83.12,10.58,95.17,Biogas,4.44,2.2,72.54,78.58,1.31,0.3,1.05
Vegetables,7.04,83.02,80.62,25.06,99.24,Biogas,2.8,1.17,55.56,46.63,1.81,0.48,1.58
Vegetables,47.2,90.57,77.33,17.96,97.21,Biogas,18.35,8.55,59.37,56.87,1.91,0.51,1.43
Grains,11.37,26.95,45.56,21.78,99.42,Compost,4.52,0.61,23.78,11.11,1.1,0.24,0.42
Vegetables,33.46,70.2,5.96,14.46,90.48,Biogas,12.11,4.7,-8.5,-21.77,1.62,0.49,1.52
Vegetables,17.96,73.93,40.71,25.2,92.19,Biogas,6.62,2.66,15.51,-1.54,1.4,0.38,1.21
Fruits,41.39,61.13,52.98,18.73,85.23,Biogas,14.11,5.06,34.25,26.12,0.91,0.57,0.64
Grains,46.0,28.88,62.65,8.36,99.2,Animal Feed,18.25,2.66,54.29,58.47,1.1,0.36,0.4
Vegetables,27.09,81.16,42.46,8.11,90.44,Animal Feed,9.8,4.4,34.34,34.72,1.41,0.4,1.21
Mixed,2.7,65.2,77.22,18.78,82.73,Compost,0.89,0.35,58.44,55.1,0.91,0.34,1.25
Vegetables,30.3,94.37,13.29,17.1,98.48,Biogas,11.94,5.72,-3.81,-18.25,1.67,0.37,0.66
Vegetables,6.3,81.86,51.89,19.47,90.45,Biogas,2.28,1.03,32.42,23.33,1.44,0.46,0.89
Vegetables,49.41,85.67,46.15,0.28,99.88,Animal Feed,19.74,8.47,45.86,54.81,1.55,0.73,1.09
Fruits,23.0,61.19,97.47,11.73,86.48,Biogas,7.96,2.81,85.73,93.49,1.7,0.35,0.99
Vegetables,25.18,73.86,86.4,18.57,97.58,Biogas,9.83,3.72,67.83,66.54,1.62,0.36,1.28
Vegetables,10.63,92.28,10.24,24.23,93.81,Biogas,3.99,1.96,-13.99,-36.17,1.5,0.53,1.29
Grains,48.23,23.8,91.68,12.97,95.25,Compost,18.38,2.3,78.7,84.07,0.87,0.43,0.3
Grains,10.11,14.89,69.81,0.16,97.74,Animal Feed,3.95,0.3,69.65,83.45,0.94,0.39,0.32
Grains,1.17,21.87,68.4,25.61,95.15,Compost,0.45,0.05,42.79,30.87,0.96,0.3,0.44
Vegetables,27.46,91.59,4.57,12.46,95.38,Biogas,10.48,5.03,-7.9,-19.44,1.18,0.37,1.5
Grains,39.53,20.6,1.76,7.15,99.63,Animal Feed,15.75,1.63,-5.4,-12.2,0.85,0.4,0.36
Fruits,29.72,82.58,4.71,25.97,93.55,Biogas,11.12,4.91,-21.26,-46.29,1.65,0.37,0.39
Grains,34.57,13.06,67.21,15.64,99.14,Compost,13.71,0.9,51.57,49.37,0.96,0.3,0.47
Grains,44.55,29.34,4.38,2.65,96.84,Animal Feed,17.26,2.61,1.73,-0.05,0.88,0.25,0.44
Grains,14.47,11.83,69.56,27.02,97.07,Compost,5.62,0.34,42.55,29.44,1.09,0.28,0.44
Vegetables,30.88,92.69,48.96,19.31,91.93,Biogas,11.35,5.72,29.65,20.14,1.61,0.45,1.6
Vegetables,18.16,86.43,47.9,22.75,93.51,Biogas,6.79,3.14,25.15,11.97,1.42,0.51,1.33
Mixed,12.39,57.21,97.79,0.47,87.52,Animal Feed,4.34,1.42,97.33,116.42,0.75,0.52,0.73
Vegetables,23.41,76.41,97.04,13.68,97.37,Biogas,9.12,3.58,83.36,89.09,1.66,0.56,1.38
Mixed,7.11,78.07,44.11,26.87,80.69,Compost,2.29,1.11,17.24,-0.81,0.77,0.69,0.89
Fruits,2.21,79.2,15.11,21.67,89.48,Biogas,0.79,0.35,-6.56,-25.2,1.43,0.36,0.88
Vegetables,28.38,87.22,85.53,25.38,96.1,Biogas,10.91,4.95,60.15,51.88,1.68,0.65,1.05
Vegetables,42.2,73.77,9.24,24.8,93.33,Biogas,15.75,6.23,-15.56,-38.51,1.46,0.67,1.03
Mixed,47.68,44.13,45.67,15.75,96.55,Compost,18.41,4.21,29.92,23.3,1.7,0.45,0.84
Grains,47.29,27.8,36.18,8.68,97.89,Animal Feed,18.52,2.63,27.51,26.07,1.05,0.27,0.34
Meat,41.96,58.0,56.1,13.29,93.46,Compost,15.69,4.87,42.81,40.74,2.79,1.33,0.6
Vegetables,1.07,93.43,81.83,3.68,92.67,Donation,0.4,0.2,78.15,90.84,1.65,0.54,1.23
Fruits,36.59,54.82,72.8,5.25,92.41,Animal Feed,13.53,4.01,67.56,76.87,1.04,0.49,0.49
Vegetables,7.24,90.3,14.24,16.98,91.32,Biogas,2.65,1.31,-2.74,-16.88,1.53,0.6,1.41
Grains,30.13,28.74,70.21,16.46,95.4,Compost,11.5,1.73,53.75,51.33,1.03,0.31,0.42
Grains,16.57,23.78,8.95,15.85,96.43,Compost,6.39,0.79,-6.9,-20.96,0.92,0.36,0.39
Grains,19.55,21.95,20.76,19.42,95.08,Compost,7.43,0.86,1.34,-13.92,0.67,0.21,0.33
Vegetables,15.99,90.77,14.16,9.37,91.04,Animal Feed,5.82,2.9,4.79,-1.75,1.52,0.7,1.12
Grains,17.03,12.2,49.81,21.81,96.16,Compost,6.55,0.42,27.99,16.14,1.02,0.22,0.49
Fruits,14.98,48.26,89.48,20.12,97.72,Compost,5.86,1.45,69.36,67.14,0.65,0.37,0.99
Grains,43.8,23.51,43.55,12.16,99.13,Compost,17.37,2.06,31.4,27.95,1.13,0.28,0.47
Meat,7.13,73.21,64.59,21.3,90.09,Biogas,2.57,1.04,43.29,34.91,2.61,0.76,0.67
Fruits,42.86,56.1,80.74,25.14,91.09,Compost,15.62,4.81,55.61,46.62,1.41,0.47,0.99
Vegetables,39.31,93.73,86.7,26.33,92.33,Biogas,14.52,7.37,60.38,51.39,1.67,0.54,1.09
Grains,25.27,16.46,40.34,25.54,95.74,Compost,9.68,0.83,14.8,-2.66,0.96,0.28,0.34
Grains,33.47,26.24,34.59,9.24,95.21,Animal Feed,12.75,1.76,25.35,23.03,0.97,0.27,0.43
Vegetables,9.51,93.91,58.54,18.42,96.0,Biogas,3.65,1.79,40.12,33.4,1.82,0.48,1.24
Fruits,34.29,84.79,36.57,26.49,85.09,Biogas,11.67,5.82,10.08,-9.1,1.23,0.43,1.01
Mixed,3.83,81.65,12.01,22.54,83.66,Compost,1.28,0.63,-10.53,-30.67,1.23,0.42,0.83
Grains,3.54,26.59,43.44,20.96,97.86,Compost,1.38,0.19,22.48,10.21,0.95,0.34,0.46
Vegetables,17.65,89.45,50.05,5.92,97.63,Animal Feed,6.89,3.16,44.13,48.22,1.55,0.59,1.22
Meat,34.91,61.52,86.08,26.98,85.87,Biogas,11.99,4.3,59.1,49.34,3.34,0.79,0.46
Fruits,30.83,66.84,54.95,4.77,96.04,Animal Feed,11.84,4.12,50.18,56.39,1.0,0.39,1.31
Meat,36.87,55.75,84.5,23.97,90.51,Compost,13.35,4.11,60.53,53.47,2.3,0.96,0.32
Vegetables,23.67,77.62,15.12,16.97,94.01,Biogas,8.9,3.68,-1.85,-15.8,1.49,0.82,1.18
Vegetables,11.24,94.97,92.24,12.3,93.41,Biogas,4.2,2.13,79.93,86.08,1.42,0.59,1.27
Mixed,36.5,66.25,76.88,7.53,92.48,Animal Feed,13.5,4.84,69.35,77.19,0.89,0.21,0.45
Meat,8.46,55.43,78.39,7.72,92.53,Compost,3.13,0.94,70.67,78.63,3.43,1.16,0.43
Vegetables,9.15,88.81,44.79,21.06,98.47,Biogas,3.6,1.63,23.73,11.63,1.28,0.46,1.34
Grains,21.8,14.68,69.27,19.17,99.21,Compost,8.65,0.64,50.1,44.79,1.23,0.31,0.34
Grains,33.46,27.51,65.48,12.73,96.83,Compost,12.96,1.84,52.75,53.11,1.15,0.35,0.44
Fruits,24.99,63.86,9.81,26.07,90.48,Biogas,9.04,3.19,-16.25,-40.36,1.26,0.52,0.61
Meat,18.33,55.66,69.79,10.74,88.88,Compost,6.52,2.04,59.05,62.27,2.17,0.96,0.48
Vegetables,16.97,86.95,26.54,16.48,99.64,Biogas,6.76,2.95,10.06,-1.11,1.7,0.56,0.96
Grains,23.05,19.97,59.2,21.85,99.4,Compost,9.17,0.92,37.35,27.34,0.8,0.28,0.42
Vegetables,20.26,92.84,69.44,17.62,99.61,Biogas,8.07,3.76,51.82,48.1,1.41,0.59,1.37
Grains,48.23,25.02,5.18,26.0,98.28,Compost,18.96,2.41,-20.82,-45.79,1.07,0.3,0.45
Grains,3.18,17.47,11.37,1.63,95.15,Animal Feed,1.21,0.11,9.74,10.38,1.01,0.26,0.45
Mixed,31.65,47.23,92.57,26.52,92.27,Compost,11.68,2.99,66.05,58.04,1.6,0.38,0.73
Grains,25.9,14.55,17.01,6.41,99.17,Animal Feed,10.27,0.75,10.59,7.58,1.02,0.39,0.32
Mixed,25.21,76.71,82.17,27.41,94.94,Biogas,9.57,3.87,54.76,43.78,1.39,0.39,1.06
Grains,21.48,24.57,84.11,7.63,97.28,Animal Feed,8.36,1.06,76.48,85.68,0.84,0.35,0.43
Grains,2.23,25.96,20.03,11.83,95.63,Compost,0.85,0.12,8.2,0.37,0.97,0.35,0.42
Grains,18.64,13.58,17.15,14.47,97.03,Compost,7.24,0.51,2.68,-8.36,0.95,0.32,0.36
Grains,47.31,11.57,52.36,18.88,99.65,Compost,18.86,1.09,33.48,25.07,1.05,0.28,0.41
Grains,36.97,16.97,42.69,19.77,95.88,Compost,14.18,1.25,22.92,11.68,0.85,0.3,0.39
Fruits,12.76,62.19,28.18,6.01,84.21,Animal Feed,4.3,1.59,22.17,21.79,1.24,0.44,0.87
Grains,46.16,14.26,58.78,8.18,97.86,Animal Feed,18.07,1.32,50.6,54.17,1.2,0.41,0.42
Grains,14.36,23.06,79.88,29.77,96.5,Compost,5.54,0.66,50.11,36.31,0.88,0.25,0.41
Mixed,3.42,51.59,57.03,19.79,87.42,Compost,1.19,0.35,37.24,28.86,1.02,0.37,0.98
Vegetables,29.52,71.27,88.19,26.64,94.8,Biogas,11.19,4.21,61.55,52.54,1.2,0.37,1.33
Vegetables,13.7,72.46,37.14,16.64,96.72,Biogas,5.3,1.99,20.5,11.29,1.39,0.38,1.02
Vegetables,48.11,88.32,71.8,21.56,90.47,Biogas,17.41,8.5,50.24,43.03,1.45,0.49,1.05
Vegetables,29.82,94.02,45.98,14.86,96.28,Biogas,11.48,5.61,31.11,25.44,1.31,0.49,1.29
Mixed,19.63,84.25,73.79,23.47,89.78,Biogas,7.05,3.31,50.32,41.62,1.12,0.38,0.83
Mixed,6.73,48.37,84.34,27.47,89.87,Compost,2.42,0.65,56.87,46.26,1.78,0.52,0.98
Grains,49.01,10.76,42.55,11.44,99.35,Compost,19.48,1.05,31.1,28.17,1.05,0.29,0.44
Vegetables,35.59,74.38,23.11,17.83,94.63,Biogas,13.47,5.29,5.27,-7.94,1.33,0.53,0.99
Mixed,46.13,49.02,97.89,22.66,81.79,Compost,15.09,4.52,75.23,72.16,0.95,0.3,0.91
Fruits,31.4,63.79,48.88,23.46,92.99,Biogas,11.68,4.01,25.42,11.74,1.06,0.29,1.05
Grains,40.46,18.38,38.18,17.75,96.44,Compost,15.61,1.49,20.43,10.32,0.95,0.28,0.35
Meat,10.69,68.98,95.06,24.8,86.39,Biogas,3.69,1.47,70.27,64.48,2.52,0.92,0.54
Vegetables,21.65,70.1,66.85,11.14,92.51,Biogas,8.01,3.04,55.71,57.94,1.42,0.32,1.19
Vegetables,27.84,70.73,34.54,25.45,93.41,Biogas,10.4,3.94,9.09,-9.45,1.27,0.29,1.27
Mixed,41.54,44.45,47.81,20.16,85.22,Compost,14.16,3.69,27.65,17.05,1.32,0.38,0.76
Grains,45.41,26.77,99.71,12.82,95.28,Compost,17.31,2.43,86.9,94.02,0.92,0.17,0.38
Grains,14.94,22.29,98.24,4.78,96.03,Donation,5.74,0.67,93.46,108.33,1.1,0.31,0.4
Vegetables,24.07,91.77,96.2,10.41,95.63,Biogas,9.21,4.42,85.79,94.61,1.42,0.41,1.2
Vegetables,21.18,80.35,41.4,0.33,94.59,Animal Feed,8.01,3.4,41.07,49.02,1.66,0.54,1.2
Fruits,6.11,45.16,34.79,19.78,80.87,Compost,1.98,0.55,15.01,2.19,0.99,0.35,0.7
Vegetables,43.15,78.16,18.9,3.48,96.07,Animal Feed,16.58,6.75,15.43,15.73,1.82,0.26,1.29
Vegetables,28.02,94.72,76.58,5.45,94.19,Animal Feed,10.56,5.31,71.13,80.99,1.37,0.43,1.18
Meat,45.62,69.21,47.73,18.77,91.42,Biogas,16.68,6.31,28.96,19.74,2.5,1.44,0.54
Vegetables,10.84,90.16,85.5,15.58,93.42,Biogas,4.05,1.95,69.92,71.44,1.4,0.49,1.22
Vegetables,5.56,76.96,96.28,25.32,91.37,Biogas,2.03,0.86,70.97,64.91,1.61,0.57,1.54
Fruits,12.69,46.99,90.3,9.22,84.46,Animal Feed,4.29,1.19,81.08,89.92,1.17,0.43,0.72
Fruits,3.7,70.48,70.99,10.15,89.49,Biogas,1.32,0.52,60.84,64.89,1.48,0.32,0.72
Fruits,43.41,49.11,50.2,2.23,87.93,Animal Feed,15.27,4.26,47.97,55.77,0.79,0.21,0.51
Fruits,15.21,40.08,82.12,10.07,92.33,Compost,5.62,1.22,72.05,78.41,0.92,0.52,0.77
Vegetables,36.96,78.76,11.8,12.14,93.39,Biogas,13.8,5.82,-0.33,-10.11,1.59,0.4,1.44
Fruits,7.38,64.95,44.57,14.74,82.38,Compost,2.43,0.96,29.83,24.01,1.16,0.35,0.55
Fruits,41.13,40.11,4.89,18.85,87.45,Compost,14.39,3.3,-13.96,-31.83,1.47,0.49,0.88
Fruits,13.5,49.24,18.57,15.0,88.42,Compost,4.77,1.33,3.57,-7.72,1.1,0.39,0.4
Vegetables,2.9,88.14,20.32,8.59,97.33,Animal Feed,1.13,0.51,11.73,7.21,1.65,0.61,1.28
Grains,3.95,27.67,44.8,14.46,97.45,Compost,1.54,0.22,30.34,24.85,0.97,0.2,0.34
Grains,27.85,25.67,25.21,17.98,95.29,Compost,10.61,1.43,7.23,-5.72,0.9,0.27,0.43
Mixed,1.85,70.29,7.81,20.88,92.54,Biogas,0.69,0.26,-13.08,-32.4,1.15,0.4,0.62
Meat,44.61,50.08,35.59,21.76,88.79,Compost,15.84,4.47,13.83,-0.81,3.13,1.64,0.41
Grains,26.34,26.0,7.28,29.66,95.87,Compost,10.1,1.37,-22.39,-50.6,1.02,0.2,0.38
Meat,36.41,61.63,57.34,2.11,90.47,Biogas,13.18,4.49,55.22,64.57,3.74,0.92,0.5
Grains,41.44,20.78,10.09,8.16,96.87,Animal Feed,16.06,1.72,1.93,-4.22,1.0,0.19,0.37
Grains,12.2,23.73,56.74,24.75,96.74,Compost,4.72,0.58,32.0,18.6,0.83,0.31,0.39
Vegetables,1.95,71.17,48.63,15.18,97.95,Biogas,0.76,0.28,33.44,27.98,1.57,0.49,1.14
Vegetables,7.16,80.58,37.91,18.91,96.43,Biogas,2.76,1.15,19.0,7.67,1.58,0.52,0.86
Grains,42.73,29.67,35.72,16.49,99.57,Compost,17.02,2.54,19.23,9.89,0.98,0.24,0.46
Grains,6.46,21.16,9.94,2.09,96.23,Animal Feed,2.49,0.27,7.84,7.74,0.99,0.27,0.36
Grains,47.11,23.76,46.85,14.97,96.56,Compost,18.19,2.24,31.88,26.28,1.05,0.2,0.38
Mixed,27.27,75.14,67.76,26.56,81.58,Compost,8.9,4.1,41.21,28.2,1.31,0.5,0.48
Grains,15.19,20.78,14.28,23.19,98.56,Compost,5.99,0.63,-8.91,-29.25,1.06,0.25,0.37
Mixed,2.47,76.61,50.69,6.94,84.35,Animal Feed,0.83,0.38,43.75,46.95,0.89,0.57,0.78
Mixed,30.09,81.91,75.53,21.75,95.24,Biogas,11.46,4.93,53.78,47.13,1.1,0.49,0.95
Vegetables,2.11,87.37,83.79,14.12,92.79,Biogas,0.78,0.37,69.67,72.31,1.44,0.49,1.15
Grains,40.22,16.47,76.04,3.45,95.06,Animal Feed,15.29,1.32,72.59,84.36,1.03,0.29,0.53
Meat,15.59,59.7,9.46,25.34,87.69,Compost,5.47,1.86,-15.88,-39.33,2.66,0.92,0.4
Vegetables,33.03,77.42,0.5,5.31,92.11,Animal Feed,12.17,5.11,-4.81,-10.01,1.67,0.65,1.3
Meat,21.1,55.09,7.25,24.58,90.06,Compost,7.6,2.32,-17.33,-40.46,2.34,1.44,0.44
Vegetables,23.24,87.76,4.34,24.05,93.45,Biogas,8.69,4.08,-19.71,-42.89,1.54,0.53,0.94
Vegetables,14.21,70.26,78.08,23.1,90.18,Biogas,5.13,2.0,54.99,47.51,1.44,0.55,1.13
Fruits,10.14,84.06,73.86,11.15,84.18,Compost,3.42,1.71,62.72,66.34,1.06,0.32,0.59
Grains,36.98,28.04,52.97,16.08,99.1,Compost,14.66,2.07,36.89,31.41,1.01,0.31,0.4
Vegetables,8.29,74.22,37.8,18.62,95.92,Biogas,3.18,1.23,19.17,8.11,1.14,0.37,1.14
Vegetables,21.52,76.81,20.37,9.75,91.32,Animal Feed,7.86,3.31,10.62,4.95,1.31,0.49,1.19
Vegetables,33.58,77.02,26.25,0.64,96.16,Animal Feed,12.92,5.17,25.61,30.22,1.35,0.7,1.64
Grains,30.82,19.53,71.35,28.87,99.38,Compost,12.25,1.2,42.48,27.88,0.86,0.2,0.4
Meat,45.53,52.82,26.19,22.08,86.21,Compost,15.7,4.81,4.11,-12.74,3.24,0.84,0.45
Fruits,8.85,48.67,75.26,23.8,86.11,Compost,3.05,0.86,51.46,42.71,0.48,0.43,0.44
Vegetables,9.6,79.09,72.33,6.68,91.48,Animal Feed,3.51,1.52,65.64,73.42,1.46,0.47,1.49
Fruits,2.65,59.98,86.71,2.68,91.4,Donation,0.97,0.32,84.02,98.68,0.68,0.5,0.57
Grains,1.92,15.59,24.38,6.75,95.68,Animal Feed,0.73,0.06,17.63,15.75,0.86,0.33,0.36
Grains,47.83,19.8,30.2,28.53,98.0,Compost,18.75,1.89,1.67,-20.82,0.93,0.29,0.47
Mixed,11.8,71.64,84.61,7.95,91.65,Animal Feed,4.32,1.69,76.66,85.64,1.51,0.45,0.84
Grains,35.37,27.41,60.07,19.76,99.99,Compost,14.15,1.94,40.31,32.56,1.2,0.26,0.54
Meat,14.78,62.18,71.24,6.87,88.71,Biogas,5.24,1.84,64.37,71.76,3.05,0.91,0.66
Vegetables,37.64,77.07,64.46,25.41,95.49,Biogas,14.38,5.8,39.05,26.53,1.52,0.63,1.22
Meat,49.99,71.6,21.42,25.72,87.11,Biogas,17.42,7.16,-4.3,-25.74,2.95,1.06,0.56
Mixed,42.83,76.86,11.82,26.65,84.76,Compost,14.52,6.58,-14.83,-39.12,1.24,0.55,0.7
Vegetables,28.68,72.63,54.96,25.22,91.85,Biogas,10.54,4.17,29.74,15.51,1.86,0.61,1.08
Vegetables,34.89,79.65,92.28,24.67,99.43,Biogas,13.88,5.56,67.6,61.38,1.43,0.53,1.12
Meat,3.82,55.35,89.29,19.69,94.35,Compost,1.44,0.42,69.6,67.77,2.71,1.45,0.39
Grains,23.41,26.45,8.11,15.24,96.54,Compost,9.04,1.24,-7.12,-20.74,1.05,0.29,0.38
Grains,46.77,25.02,99.74,13.92,97.92,Compost,18.32,2.34,85.81,91.84,0.98,0.31,0.35
Meat,40.88,66.33,24.89,2.6,85.18,Biogas,13.93,5.42,22.29,24.66,2.37,1.05,0.67
Vegetables,29.44,83.65,75.24,13.12,99.41,Biogas,11.71,4.92,62.12,64.04,1.52,0.55,1.28
Vegetables,13.94,93.43,58.13,12.41,98.34,Biogas,5.48,2.61,45.72,44.94,1.58,0.44,1.06
Vegetables,39.77,70.04,92.94,25.33,93.43,Biogas,14.86,5.57,67.61,60.88,1.64,0.48,1.14
Vegetables,26.1,88.01,27.41,11.78,92.76,Biogas,9.69,4.59,15.63,9.33,1.31,0.42,1.48
Mixed,45.36,81.13,39.85,13.0,96.51,Biogas,17.51,7.36,26.85,21.82,1.36,0.36,0.48
Meat,30.7,70.42,6.31,11.27,88.97,Biogas,10.92,4.32,-4.95,-14.96,3.13,1.16,0.57
Fruits,35.54,58.83,17.69,4.38,83.29,Animal Feed,11.84,4.18,13.31,12.47,1.14,0.37,0.66
Fruits,13.23,65.27,8.68,29.47,83.59,Compost,4.42,1.73,-20.79,-48.51,0.8,0.22,0.79
Grains,20.26,13.98,52.77,23.62,97.48,Compost,7.9,0.57,29.15,16.09,0.86,0.35,0.32
Vegetables,26.37,79.98,27.11,15.82,90.74,Biogas,9.57,4.22,11.3,0.91,1.48,0.3,1.4
Grains,39.49,22.68,31.72,13.39,97.63,Compost,15.42,1.79,18.33,11.29,1.01,0.38,0.4
Grains,14.89,13.17,36.18,22.73,97.16,Compost,5.79,0.39,13.45,-2.05,1.05,0.29,0.42
Vegetables,41.43,88.01,52.76,28.52,95.5,Biogas,15.83,7.29,24.24,6.27,1.65,0.42,1.22
Fruits,33.14,41.71,38.94,28.18,85.18,Compost,11.29,2.76,10.76,-9.64,1.26,0.29,0.54
Meat,34.9,60.66,15.64,10.32,88.38,Biogas,12.34,4.23,5.32,-1.87,2.94,0.8,0.45
Vegetables,1.3,91.75,72.67,22.08,96.41,Biogas,0.5,0.24,50.59,43.04,1.24,0.54,1.72
Mixed,12.98,75.33,1.37,17.96,97.84,Biogas,5.08,1.96,-16.58,-34.27,1.18,0.37,1.05
Fruits,8.23,45.2,39.9,25.62,98.0,Compost,3.23,0.74,14.28,-3.36,1.12,0.45,0.98
Mixed,36.89,57.91,39.88,15.67,90.5,Compost,13.35,4.27,24.22,16.52,1.2,0.34,0.69
Vegetables,24.69,79.27,60.94,17.09,90.81,Biogas,8.97,3.91,43.84,38.94,1.33,0.46,1.34
